<?xml version="1.0" encoding="UTF-8" standalone="no"?><document setID="01b388a0-7dfb-11de-bc4e-0002a5d5c51b"><labelDrug name="Demadex"><Normalization><mmtx cui="C0243946" preferredWord="Demadex" semType="phsu, orch"/></Normalization></labelDrug><generic name="Torsemide"/><sentence id="Dailymed.01b388a0-7dfb-11de-bc4e-0002a5d5c51b.s.1" text="DEMADEX (torsemide) tablet" type="negative"><entity charOffset="9:18" id="Dailymed.01b388a0-7dfb-11de-bc4e-0002a5d5c51b.s.1.e.0" text="torsemide" type="Biomedical_Entity"><Normalization><mmtx cui="C0076840" phraseText="(torsemide" preferredWord="torsemide" semType="phsu, orch"/><RxNorm RxCui="38413"/></Normalization></entity><entity charOffset="0:7" id="Dailymed.01b388a0-7dfb-11de-bc4e-0002a5d5c51b.s.1.e.1" text="demadex" type="Biomedical_Entity"><Normalization><mmtx cui="C0243946" phraseText="DEMADEX" preferredWord="Demadex" semType="phsu, orch"/><RxNorm RxCui="71974"/></Normalization></entity><pair ddi="false" e1="Dailymed.01b388a0-7dfb-11de-bc4e-0002a5d5c51b.s.1.e.1" e2="Dailymed.01b388a0-7dfb-11de-bc4e-0002a5d5c51b.s.1.e.0"/></sentence><sentence id="Dailymed.01b388a0-7dfb-11de-bc4e-0002a5d5c51b.s.3" text="DEMADEX is contraindicated in patients with known hypersensitivity to DEMADEX or to sulfonylureas." type="negative"><entity charOffset="70:77" id="Dailymed.01b388a0-7dfb-11de-bc4e-0002a5d5c51b.s.3.e.0" text="demadex" type="Biomedical_Entity"><Normalization><mmtx cui="C0243946" phraseText="to DEMADEX" preferredWord="Demadex" semType="phsu, orch"/><RxNorm RxCui="71974"/></Normalization></entity><entity charOffset="0:7" id="Dailymed.01b388a0-7dfb-11de-bc4e-0002a5d5c51b.s.3.e.1" text="demadex" type="Biomedical_Entity"><Normalization><mmtx cui="C0243946" phraseText="DEMADEX" preferredWord="Demadex" semType="phsu, orch"/><RxNorm RxCui="71974"/></Normalization></entity><entity charOffset="84:97" id="Dailymed.01b388a0-7dfb-11de-bc4e-0002a5d5c51b.s.3.e.2" text="sulfonylureas" type="Biomedical_Entity"><Normalization><mmtx cui="C0038766" phraseText="or to sulfonylureas." preferredWord="Sulfonylurea Compounds" semType="phsu, orch"/><RxNorm RxCui="10219"/></Normalization></entity><pair ddi="false" e1="Dailymed.01b388a0-7dfb-11de-bc4e-0002a5d5c51b.s.3.e.0" e2="Dailymed.01b388a0-7dfb-11de-bc4e-0002a5d5c51b.s.3.e.2"/><pair ddi="false" e1="Dailymed.01b388a0-7dfb-11de-bc4e-0002a5d5c51b.s.3.e.1" e2="Dailymed.01b388a0-7dfb-11de-bc4e-0002a5d5c51b.s.3.e.2"/></sentence><sentence id="Dailymed.01b388a0-7dfb-11de-bc4e-0002a5d5c51b.s.8" text="In these patients, diuresis with DEMADEX (or any other diuretic) is best initiated in the hospital. " type="negative"><entity charOffset="55:63" id="Dailymed.01b388a0-7dfb-11de-bc4e-0002a5d5c51b.s.8.e.0" text="diuretic" type="Biomedical_Entity"><Normalization><mmtx cui="C0012798" phraseText="any other diuretic" preferredWord="Diuretics" semType="phsu"/><RxNorm RxCui="3567"/></Normalization></entity><entity charOffset="33:40" id="Dailymed.01b388a0-7dfb-11de-bc4e-0002a5d5c51b.s.8.e.1" text="demadex" type="Biomedical_Entity"><Normalization><mmtx cui="C0243946" phraseText="diuresis with DEMADEX" preferredWord="Demadex" semType="phsu, orch"/><RxNorm RxCui="71974"/></Normalization></entity><pair ddi="false" e1="Dailymed.01b388a0-7dfb-11de-bc4e-0002a5d5c51b.s.8.e.1" e2="Dailymed.01b388a0-7dfb-11de-bc4e-0002a5d5c51b.s.8.e.0"/></sentence><sentence id="Dailymed.01b388a0-7dfb-11de-bc4e-0002a5d5c51b.s.9" text="To prevent hypokalemia and metabolic alkalosis, an aldosterone antagonist or potassium-sparing drug should be used concomitantly with DEMADEX." type="negative"><entity charOffset="77:86" id="Dailymed.01b388a0-7dfb-11de-bc4e-0002a5d5c51b.s.9.e.0" text="potassium" type="Biomedical_Entity"><Normalization><mmtx cui="C0597277" phraseText="potassium-sparing drug" preferredWord="Potassium Ion" semType="phsu, elii"/><RxNorm RxCui="8588"/></Normalization></entity><entity charOffset="51:73" id="Dailymed.01b388a0-7dfb-11de-bc4e-0002a5d5c51b.s.9.e.1" text="aldosterone antagonist" type="Biomedical_Entity"><Normalization><mmtx cui="C0002007" phraseText="an aldosterone antagonist" preferredWord="Aldosterone Antagonists" semType="phsu"/><RxNorm RxCui="1312358"/></Normalization></entity><entity charOffset="134:141" id="Dailymed.01b388a0-7dfb-11de-bc4e-0002a5d5c51b.s.9.e.2" text="demadex" type="Biomedical_Entity"><Normalization><mmtx cui="C0243946" phraseText="concomitantly with DEMADEX." preferredWord="Demadex" semType="phsu, orch"/><RxNorm RxCui="71974"/></Normalization></entity><pair ddi="false" e1="Dailymed.01b388a0-7dfb-11de-bc4e-0002a5d5c51b.s.9.e.1" e2="Dailymed.01b388a0-7dfb-11de-bc4e-0002a5d5c51b.s.9.e.0"/><pair ddi="false" e1="Dailymed.01b388a0-7dfb-11de-bc4e-0002a5d5c51b.s.9.e.0" e2="Dailymed.01b388a0-7dfb-11de-bc4e-0002a5d5c51b.s.9.e.2"/><pair ddi="false" e1="Dailymed.01b388a0-7dfb-11de-bc4e-0002a5d5c51b.s.9.e.1" e2="Dailymed.01b388a0-7dfb-11de-bc4e-0002a5d5c51b.s.9.e.2"/></sentence><sentence id="Dailymed.01b388a0-7dfb-11de-bc4e-0002a5d5c51b.s.11" text="Tinnitus and hearing loss (usually reversible) have been observed after rapid intravenous injection of other loop diuretics and have also been observed after oral DEMADEX. " type="negative"><entity charOffset="163:170" id="Dailymed.01b388a0-7dfb-11de-bc4e-0002a5d5c51b.s.11.e.0" text="demadex" type="Biomedical_Entity"><Normalization><mmtx cui="C0243946" phraseText="observed after oral DEMADEX." preferredWord="Demadex" semType="phsu, orch"/><RxNorm RxCui="71974"/></Normalization></entity><entity charOffset="109:123" id="Dailymed.01b388a0-7dfb-11de-bc4e-0002a5d5c51b.s.11.e.1" text="loop diuretics" type="Biomedical_Entity"><Normalization><mmtx cui="C0354100" phraseText="observed after rapid intravenous injection of other loop diuretics" preferredWord="Loop Diuretics" semType="phsu"/><RxNorm RxCui="104215"/></Normalization></entity><pair ddi="false" e1="Dailymed.01b388a0-7dfb-11de-bc4e-0002a5d5c51b.s.11.e.1" e2="Dailymed.01b388a0-7dfb-11de-bc4e-0002a5d5c51b.s.11.e.0"/></sentence><sentence id="Dailymed.01b388a0-7dfb-11de-bc4e-0002a5d5c51b.s.15" text="Patients receiving diuretics should be observed for clinical evidence of electrolyte imbalance, hypovolemia, or prerenal azotemia. " type="negative"><entity charOffset="73:84" id="Dailymed.01b388a0-7dfb-11de-bc4e-0002a5d5c51b.s.15.e.0" text="electrolyte" type="Biomedical_Entity"><Normalization><mmtx cui="C0013832" phraseText="observed for clinical evidence of electrolyte imbalance," preferredWord="Electrolytes" semType="inch, phsu"/><RxNorm RxCui="3793"/></Normalization></entity><entity charOffset="19:28" id="Dailymed.01b388a0-7dfb-11de-bc4e-0002a5d5c51b.s.15.e.1" text="diuretics" type="Biomedical_Entity"><Normalization><mmtx cui="C0012798" phraseText="diuretics" preferredWord="Diuretics" semType="phsu"/><RxNorm RxCui="3567"/></Normalization></entity><pair ddi="false" e1="Dailymed.01b388a0-7dfb-11de-bc4e-0002a5d5c51b.s.15.e.1" e2="Dailymed.01b388a0-7dfb-11de-bc4e-0002a5d5c51b.s.15.e.0"/></sentence><sentence id="Dailymed.01b388a0-7dfb-11de-bc4e-0002a5d5c51b.s.18" text="In patients who develop fluid and electrolyte imbalances, hypovolemia, or prerenal azotemia, the observed laboratory changes may include hyper- or hyponatremia, hyper- or hypochloremia, hyper- or hypokalemia, acid-base abnormalities, and increased blood urea nitrogen (BUN). " type="negative"><entity charOffset="254:258" id="Dailymed.01b388a0-7dfb-11de-bc4e-0002a5d5c51b.s.18.e.0" text="urea" type="Biomedical_Entity"><Normalization><mmtx cui="C0041942" phraseText="increased blood urea nitrogen (BUN)." preferredWord="Urea" semType="bacs, phsu, orch"/><RxNorm RxCui="11002"/></Normalization></entity><entity charOffset="34:45" id="Dailymed.01b388a0-7dfb-11de-bc4e-0002a5d5c51b.s.18.e.1" text="electrolyte" type="Biomedical_Entity"><Normalization><mmtx cui="C0013832" phraseText="electrolyte imbalances," preferredWord="Electrolytes" semType="inch, phsu"/><RxNorm RxCui="3793"/></Normalization></entity><pair ddi="false" e1="Dailymed.01b388a0-7dfb-11de-bc4e-0002a5d5c51b.s.18.e.1" e2="Dailymed.01b388a0-7dfb-11de-bc4e-0002a5d5c51b.s.18.e.0"/></sentence><sentence id="Dailymed.01b388a0-7dfb-11de-bc4e-0002a5d5c51b.s.23" text="The percentage of patients who had a serum potassium level below 3.5 mEq/L at any time during the studies was essentially the same in patients who received DEMADEX (1.5%) as in those who received placebo (3%). " type="negative"><entity charOffset="156:163" id="Dailymed.01b388a0-7dfb-11de-bc4e-0002a5d5c51b.s.23.e.0" text="demadex" type="Biomedical_Entity"><Normalization><mmtx cui="C0243946" phraseText="DEMADEX" preferredWord="Demadex" semType="phsu, orch"/><RxNorm RxCui="71974"/></Normalization></entity><entity charOffset="43:52" id="Dailymed.01b388a0-7dfb-11de-bc4e-0002a5d5c51b.s.23.e.1" text="potassium" type="Biomedical_Entity"><Normalization><mmtx cui="C0597277" phraseText="a serum potassium level below 3.5 mEq/L" preferredWord="Potassium Ion" semType="phsu, elii"/><RxNorm RxCui="8588"/></Normalization></entity><pair ddi="false" e1="Dailymed.01b388a0-7dfb-11de-bc4e-0002a5d5c51b.s.23.e.1" e2="Dailymed.01b388a0-7dfb-11de-bc4e-0002a5d5c51b.s.23.e.0"/></sentence><sentence id="Dailymed.01b388a0-7dfb-11de-bc4e-0002a5d5c51b.s.25" text="In patients with congestive heart failure, hepatic cirrhosis, or renal disease treated with DEMADEX at doses higher than those studied in United States antihypertensive trials, hypokalemia was observed with greater frequency, in a dose-related manner." type="negative"><entity charOffset="152:168" id="Dailymed.01b388a0-7dfb-11de-bc4e-0002a5d5c51b.s.25.e.0" text="antihypertensive" type="Biomedical_Entity"><Normalization><mmtx cui="C0003364" phraseText="studied in United States antihypertensive trials," preferredWord="Antihypertensive Agents" semType="phsu"/><RxNorm RxCui="968"/></Normalization></entity><entity charOffset="92:99" id="Dailymed.01b388a0-7dfb-11de-bc4e-0002a5d5c51b.s.25.e.1" text="demadex" type="Biomedical_Entity"><Normalization><mmtx cui="C0243946" phraseText="treated with DEMADEX" preferredWord="Demadex" semType="phsu, orch"/><RxNorm RxCui="71974"/></Normalization></entity><pair ddi="false" e1="Dailymed.01b388a0-7dfb-11de-bc4e-0002a5d5c51b.s.25.e.1" e2="Dailymed.01b388a0-7dfb-11de-bc4e-0002a5d5c51b.s.25.e.0"/></sentence><sentence biomedicalEntities="2" id="Dailymed.01b388a0-7dfb-11de-bc4e-0002a5d5c51b.s.26" lineNumber="22" text="In patients with cardiovascular disease, especially those receiving digitalis glycosides, diuretic-induced hypokalemia may be a risk factor for the development of arrhythmias. " type="regular"><entity charOffset="68:88" id="Dailymed.01b388a0-7dfb-11de-bc4e-0002a5d5c51b.s.26.e.0" text="digitalis glycosides" type="Drug_Class"><Normalization><mmtx cui="C0012253" phraseText="those receiving digitalis glycosides," preferredWord="Digitalis Glycosides" semType="phsu, carb"/><RxNorm RxCui="91235"/></Normalization></entity><entity charOffset="17:39" id="Dailymed.01b388a0-7dfb-11de-bc4e-0002a5d5c51b.s.26.e.1" text="cardiovascular disease" type="SPAN"><Normalization><mmtx cui="C0007222" phraseText="with cardiovascular disease," preferredWord="Cardiovascular Diseases" semType="dsyn"/></Normalization></entity><entity charOffset="163:174" id="Dailymed.01b388a0-7dfb-11de-bc4e-0002a5d5c51b.s.26.e.2" text="arrhythmias" type="Specific_Interaction"/><entity charOffset="90:98" id="Dailymed.01b388a0-7dfb-11de-bc4e-0002a5d5c51b.s.26.e.4" text="diuretic" type="Drug_Class"><Normalization><mmtx cui="C0012798" phraseText="diuretic-induced hypokalemia" preferredWord="Diuretics" semType="phsu"/><RxNorm RxCui="3567"/></Normalization></entity><drugInteraction id="Dailymed.01b388a0-7dfb-11de-bc4e-0002a5d5c51b.s.26.ddi.1"><interaction trigger="Dailymed.01b388a0-7dfb-11de-bc4e-0002a5d5c51b.s.26.e.2"><relations><relation type="hasPrecipitant"><entity id="Dailymed.01b388a0-7dfb-11de-bc4e-0002a5d5c51b.s.26.e.4"/></relation><relation type="hasContext"><entity id="Dailymed.01b388a0-7dfb-11de-bc4e-0002a5d5c51b.s.26.e.1"/></relation><relation type="hasObject"><entity id="Dailymed.01b388a0-7dfb-11de-bc4e-0002a5d5c51b.s.26.e.0"/></relation></relations></interaction></drugInteraction><pair context="Dailymed.01b388a0-7dfb-11de-bc4e-0002a5d5c51b.s.26.e.1" ddi="true" e1="Dailymed.01b388a0-7dfb-11de-bc4e-0002a5d5c51b.s.26.e.0" e2="Dailymed.01b388a0-7dfb-11de-bc4e-0002a5d5c51b.s.26.e.4" trigger="Dailymed.01b388a0-7dfb-11de-bc4e-0002a5d5c51b.s.26.e.2" type="Specific_Interaction"/></sentence><sentence biomedicalEntities="2" id="Dailymed.01b388a0-7dfb-11de-bc4e-0002a5d5c51b.s.27" lineNumber="22" text="The risk of hypokalemia is greatest in patients with cirrhosis of the liver, in patients experiencing a brisk diuresis, in patients who are receiving inadequate oral intake of electrolytes, and in patients receiving concomitant therapy with corticosteroids or ACTH." type="irregular"><entity charOffset="12:23" id="Dailymed.01b388a0-7dfb-11de-bc4e-0002a5d5c51b.s.27.e.0" text="hypokalemia" type="Specific_Interaction"/><entity charOffset="241:256" id="Dailymed.01b388a0-7dfb-11de-bc4e-0002a5d5c51b.s.27.e.2" text="corticosteroids" type="Drug_Class"><Normalization><mmtx cui="C0001617" phraseText="concomitant therapy with corticosteroids" preferredWord="Adrenal Cortex Hormones" semType="strd, phsu, horm"/><RxNorm RxCui="1427675"/></Normalization></entity><entity charOffset="260:264" id="Dailymed.01b388a0-7dfb-11de-bc4e-0002a5d5c51b.s.27.e.3" text="ACTH" type="Drug"><Normalization><RxNorm RxCui="376"/></Normalization></entity><drugInteraction id="Dailymed.01b388a0-7dfb-11de-bc4e-0002a5d5c51b.s.27.ddi.1"><interaction trigger="Dailymed.01b388a0-7dfb-11de-bc4e-0002a5d5c51b.s.27.e.0"><relations><relation type="hasPrecipitant"><entity id="Dailymed.01b388a0-7dfb-11de-bc4e-0002a5d5c51b.s.27.e.2"/></relation><relation type="hasObject"><ellipsisSentence id="Dailymed.01b388a0-7dfb-11de-bc4e-0002a5d5c51b.s.26" text="In patients with cardiovascular disease, especially those receiving digitalis glycosides, diuretic-induced hypokalemia may be a risk factor for the development of arrhythmias. "><entity id="Dailymed.01b388a0-7dfb-11de-bc4e-0002a5d5c51b.s.26.e.4"/></ellipsisSentence></relation><relation type="hasPrecipitant"><entity id="Dailymed.01b388a0-7dfb-11de-bc4e-0002a5d5c51b.s.27.e.3"/></relation></relations></interaction></drugInteraction><pair ddi="false" e1="Dailymed.01b388a0-7dfb-11de-bc4e-0002a5d5c51b.s.27.e.2" e2="Dailymed.01b388a0-7dfb-11de-bc4e-0002a5d5c51b.s.27.e.3"/><pair ddi="true" e1="labelDrug" e2="Dailymed.01b388a0-7dfb-11de-bc4e-0002a5d5c51b.s.27.e.2"/><pair ddi="true" e1="labelDrug" e2="Dailymed.01b388a0-7dfb-11de-bc4e-0002a5d5c51b.s.27.e.3"/></sentence><sentence id="Dailymed.01b388a0-7dfb-11de-bc4e-0002a5d5c51b.s.28" text="Periodic monitoring of serum potassium and other electrolytes is advised in patients treated with DEMADEX." type="negative"><entity charOffset="29:38" id="Dailymed.01b388a0-7dfb-11de-bc4e-0002a5d5c51b.s.28.e.0" text="potassium" type="Biomedical_Entity"><Normalization><mmtx cui="C0597277" phraseText="Periodic monitoring of serum potassium" preferredWord="Potassium Ion" semType="phsu, elii"/><RxNorm RxCui="8588"/></Normalization></entity><entity charOffset="98:105" id="Dailymed.01b388a0-7dfb-11de-bc4e-0002a5d5c51b.s.28.e.1" text="demadex" type="Biomedical_Entity"><Normalization><mmtx cui="C0243946" phraseText="treated with DEMADEX." preferredWord="Demadex" semType="phsu, orch"/><RxNorm RxCui="71974"/></Normalization></entity><entity charOffset="49:61" id="Dailymed.01b388a0-7dfb-11de-bc4e-0002a5d5c51b.s.28.e.2" text="electrolytes" type="Biomedical_Entity"><Normalization><mmtx cui="C0013832" phraseText="other electrolytes" preferredWord="Electrolytes" semType="inch, phsu"/><RxNorm RxCui="3793"/></Normalization></entity><pair ddi="false" e1="Dailymed.01b388a0-7dfb-11de-bc4e-0002a5d5c51b.s.28.e.0" e2="Dailymed.01b388a0-7dfb-11de-bc4e-0002a5d5c51b.s.28.e.1"/><pair ddi="false" e1="Dailymed.01b388a0-7dfb-11de-bc4e-0002a5d5c51b.s.28.e.0" e2="Dailymed.01b388a0-7dfb-11de-bc4e-0002a5d5c51b.s.28.e.2"/><pair ddi="false" e1="Dailymed.01b388a0-7dfb-11de-bc4e-0002a5d5c51b.s.28.e.2" e2="Dailymed.01b388a0-7dfb-11de-bc4e-0002a5d5c51b.s.28.e.1"/></sentence><sentence id="Dailymed.01b388a0-7dfb-11de-bc4e-0002a5d5c51b.s.33" text="Single doses of DEMADEX increased the urinary excretion of calcium by normal subjects, but serum calcium levels were slightly increased in 4- to 6-week hypertension trials. " type="negative"><entity charOffset="59:66" id="Dailymed.01b388a0-7dfb-11de-bc4e-0002a5d5c51b.s.33.e.0" text="calcium" type="Biomedical_Entity"><Normalization><mmtx cui="C0006675" phraseText="the urinary excretion of calcium" preferredWord="Calcium" semType="bacs, phsu, elii"/><RxNorm RxCui="1895"/></Normalization></entity><entity charOffset="97:104" id="Dailymed.01b388a0-7dfb-11de-bc4e-0002a5d5c51b.s.33.e.1" text="calcium" type="Biomedical_Entity"><Normalization><mmtx cui="C0006675" phraseText="serum calcium levels" preferredWord="Calcium" semType="bacs, phsu, elii"/><RxNorm RxCui="1895"/></Normalization></entity><entity charOffset="16:23" id="Dailymed.01b388a0-7dfb-11de-bc4e-0002a5d5c51b.s.33.e.2" text="demadex" type="Biomedical_Entity"><Normalization><mmtx cui="C0243946" phraseText="Single doses of DEMADEX" preferredWord="Demadex" semType="phsu, orch"/><RxNorm RxCui="71974"/></Normalization></entity><pair ddi="false" e1="Dailymed.01b388a0-7dfb-11de-bc4e-0002a5d5c51b.s.33.e.2" e2="Dailymed.01b388a0-7dfb-11de-bc4e-0002a5d5c51b.s.33.e.0"/><pair ddi="false" e1="Dailymed.01b388a0-7dfb-11de-bc4e-0002a5d5c51b.s.33.e.2" e2="Dailymed.01b388a0-7dfb-11de-bc4e-0002a5d5c51b.s.33.e.1"/></sentence><sentence id="Dailymed.01b388a0-7dfb-11de-bc4e-0002a5d5c51b.s.40" text="In a long-term clinical study of DEMADEX in patients with congestive heart failure, the estimated annual change in serum magnesium was an increase of 0.2 mg/dL (0.08 mmol/L), but these data are confounded by the fact that many of these patients received magnesium supplements. " type="negative"><entity charOffset="254:275" id="Dailymed.01b388a0-7dfb-11de-bc4e-0002a5d5c51b.s.40.e.0" text="magnesium supplements" type="Biomedical_Entity"><Normalization><mmtx cui="C1268858" phraseText="magnesium supplements." preferredWord="Magnesium supplement" semType="inch, phsu"/><RxNorm RxCui="6574"/></Normalization></entity><entity charOffset="33:40" id="Dailymed.01b388a0-7dfb-11de-bc4e-0002a5d5c51b.s.40.e.1" text="demadex" type="Biomedical_Entity"><Normalization><mmtx cui="C0243946" phraseText="of DEMADEX" preferredWord="Demadex" semType="phsu, orch"/><RxNorm RxCui="71974"/></Normalization></entity><pair ddi="false" e1="Dailymed.01b388a0-7dfb-11de-bc4e-0002a5d5c51b.s.40.e.1" e2="Dailymed.01b388a0-7dfb-11de-bc4e-0002a5d5c51b.s.40.e.0"/></sentence><sentence id="Dailymed.01b388a0-7dfb-11de-bc4e-0002a5d5c51b.s.44" text="In hypertensive patients who received 10 mg of DEMADEX daily for 6 weeks, the mean increase in blood urea nitrogen was 1.8 mg/dL (0.6 mmol/L), the mean increase in serum creatinine was 0.05 mg/dL (4 mmol/L), and the mean increase in serum uric acid was 1.2 mg/dL (70 mmol/L). " type="negative"><entity charOffset="101:105" id="Dailymed.01b388a0-7dfb-11de-bc4e-0002a5d5c51b.s.44.e.0" text="urea" type="Biomedical_Entity"><Normalization><mmtx cui="C0041942" phraseText="the mean increase in blood urea nitrogen" preferredWord="Urea" semType="bacs, phsu, orch"/><RxNorm RxCui="11002"/></Normalization></entity><entity charOffset="47:54" id="Dailymed.01b388a0-7dfb-11de-bc4e-0002a5d5c51b.s.44.e.1" text="demadex" type="Biomedical_Entity"><Normalization><mmtx cui="C0243946" phraseText="10 mg of DEMADEX daily" preferredWord="Demadex" semType="phsu, orch"/><RxNorm RxCui="71974"/></Normalization></entity><pair ddi="false" e1="Dailymed.01b388a0-7dfb-11de-bc4e-0002a5d5c51b.s.44.e.1" e2="Dailymed.01b388a0-7dfb-11de-bc4e-0002a5d5c51b.s.44.e.0"/></sentence><sentence id="Dailymed.01b388a0-7dfb-11de-bc4e-0002a5d5c51b.s.48" text="Hypertensive patients who received 10 mg of daily DEMADEX experienced a mean increase in serum glucose concentration of 5.5 mg/dL (0.3 mmol/L) after 6 weeks of therapy, with a further increase of 1.8 mg/dL (0.1 mmol/L) during the subsequent year. " type="negative"><entity charOffset="50:57" id="Dailymed.01b388a0-7dfb-11de-bc4e-0002a5d5c51b.s.48.e.0" text="demadex" type="Biomedical_Entity"><Normalization><mmtx cui="C0243946" phraseText="10 mg of daily DEMADEX" preferredWord="Demadex" semType="phsu, orch"/><RxNorm RxCui="71974"/></Normalization></entity><entity charOffset="95:102" id="Dailymed.01b388a0-7dfb-11de-bc4e-0002a5d5c51b.s.48.e.1" text="glucose" type="Biomedical_Entity"><Normalization><mmtx cui="C0017725" phraseText="a mean increase in serum glucose concentration" preferredWord="Glucose" semType="bacs, phsu, carb"/><RxNorm RxCui="4850"/></Normalization></entity><pair ddi="false" e1="Dailymed.01b388a0-7dfb-11de-bc4e-0002a5d5c51b.s.48.e.0" e2="Dailymed.01b388a0-7dfb-11de-bc4e-0002a5d5c51b.s.48.e.1"/></sentence><sentence id="Dailymed.01b388a0-7dfb-11de-bc4e-0002a5d5c51b.s.61" text="In patients with essential hypertension, DEMADEX has been administered together with beta-blockers, ACE inhibitors, and calcium-channel blockers. " type="negative"><entity charOffset="100:114" id="Dailymed.01b388a0-7dfb-11de-bc4e-0002a5d5c51b.s.61.e.0" text="ace inhibitors" type="Biomedical_Entity"><Normalization><mmtx cui="C0003015" phraseText="ACE inhibitors," preferredWord="Angiotensin-Converting Enzyme Inhibitors" semType="phsu"/><RxNorm RxCui="221294"/></Normalization></entity><entity charOffset="120:144" id="Dailymed.01b388a0-7dfb-11de-bc4e-0002a5d5c51b.s.61.e.1" text="calcium-channel blockers" type="Biomedical_Entity"><Normalization><mmtx cui="C0006684" phraseText="calcium-channel blockers." preferredWord="Calcium Channel Blockers" semType="phsu"/><RxNorm RxCui="1900"/></Normalization></entity><entity charOffset="41:48" id="Dailymed.01b388a0-7dfb-11de-bc4e-0002a5d5c51b.s.61.e.2" text="demadex" type="Biomedical_Entity"><Normalization><mmtx cui="C0243946" phraseText="DEMADEX" preferredWord="Demadex" semType="phsu, orch"/><RxNorm RxCui="71974"/></Normalization></entity><entity charOffset="85:98" id="Dailymed.01b388a0-7dfb-11de-bc4e-0002a5d5c51b.s.61.e.3" text="beta-blockers" type="Biomedical_Entity"><Normalization><mmtx cui="C0001645" phraseText="administered together with beta-blockers," preferredWord="Adrenergic beta-Antagonists" semType="phsu"/><RxNorm RxCui="371"/></Normalization></entity><pair ddi="false" e1="Dailymed.01b388a0-7dfb-11de-bc4e-0002a5d5c51b.s.61.e.0" e2="Dailymed.01b388a0-7dfb-11de-bc4e-0002a5d5c51b.s.61.e.1"/><pair ddi="false" e1="Dailymed.01b388a0-7dfb-11de-bc4e-0002a5d5c51b.s.61.e.2" e2="Dailymed.01b388a0-7dfb-11de-bc4e-0002a5d5c51b.s.61.e.0"/><pair ddi="false" e1="Dailymed.01b388a0-7dfb-11de-bc4e-0002a5d5c51b.s.61.e.3" e2="Dailymed.01b388a0-7dfb-11de-bc4e-0002a5d5c51b.s.61.e.0"/><pair ddi="false" e1="Dailymed.01b388a0-7dfb-11de-bc4e-0002a5d5c51b.s.61.e.2" e2="Dailymed.01b388a0-7dfb-11de-bc4e-0002a5d5c51b.s.61.e.1"/><pair ddi="false" e1="Dailymed.01b388a0-7dfb-11de-bc4e-0002a5d5c51b.s.61.e.3" e2="Dailymed.01b388a0-7dfb-11de-bc4e-0002a5d5c51b.s.61.e.1"/><pair ddi="false" e1="Dailymed.01b388a0-7dfb-11de-bc4e-0002a5d5c51b.s.61.e.2" e2="Dailymed.01b388a0-7dfb-11de-bc4e-0002a5d5c51b.s.61.e.3"/></sentence><sentence id="Dailymed.01b388a0-7dfb-11de-bc4e-0002a5d5c51b.s.62" text="In patients with congestive heart failure, DEMADEX has been administered together with digitalis glycosides, ACE inhibitors, and organic nitrates. " type="negative"><entity charOffset="109:123" id="Dailymed.01b388a0-7dfb-11de-bc4e-0002a5d5c51b.s.62.e.0" text="ace inhibitors" type="Biomedical_Entity"><Normalization><mmtx cui="C0003015" phraseText="ACE inhibitors," preferredWord="Angiotensin-Converting Enzyme Inhibitors" semType="phsu"/><RxNorm RxCui="221294"/></Normalization></entity><entity charOffset="87:107" id="Dailymed.01b388a0-7dfb-11de-bc4e-0002a5d5c51b.s.62.e.1" text="digitalis glycosides" type="Biomedical_Entity"><Normalization><mmtx cui="C0012253" phraseText="administered together with digitalis glycosides," preferredWord="Digitalis Glycosides" semType="phsu, carb"/><RxNorm RxCui="91235"/></Normalization></entity><entity charOffset="43:50" id="Dailymed.01b388a0-7dfb-11de-bc4e-0002a5d5c51b.s.62.e.2" text="demadex" type="Biomedical_Entity"><Normalization><mmtx cui="C0243946" phraseText="DEMADEX" preferredWord="Demadex" semType="phsu, orch"/><RxNorm RxCui="71974"/></Normalization></entity><pair ddi="false" e1="Dailymed.01b388a0-7dfb-11de-bc4e-0002a5d5c51b.s.62.e.1" e2="Dailymed.01b388a0-7dfb-11de-bc4e-0002a5d5c51b.s.62.e.0"/><pair ddi="false" e1="Dailymed.01b388a0-7dfb-11de-bc4e-0002a5d5c51b.s.62.e.2" e2="Dailymed.01b388a0-7dfb-11de-bc4e-0002a5d5c51b.s.62.e.0"/><pair ddi="false" e1="Dailymed.01b388a0-7dfb-11de-bc4e-0002a5d5c51b.s.62.e.2" e2="Dailymed.01b388a0-7dfb-11de-bc4e-0002a5d5c51b.s.62.e.1"/></sentence><sentence id="Dailymed.01b388a0-7dfb-11de-bc4e-0002a5d5c51b.s.64" text="Torsemide does not affect the protein binding of glyburide or of warfarin, the anticoagulant effect of phenprocoumon (a related coumarin derivative), or the pharmacokinetics of digoxin or carvedilol (a vasodilator/beta-blocker). " type="negative"><entity charOffset="214:226" id="Dailymed.01b388a0-7dfb-11de-bc4e-0002a5d5c51b.s.64.e.0" text="beta-blocker" type="Biomedical_Entity"><Normalization><mmtx cui="C0001645" phraseText="a vasodilator/beta-blocker" preferredWord="Adrenergic beta-Antagonists" semType="phsu"/><RxNorm RxCui="371"/></Normalization></entity><entity charOffset="128:136" id="Dailymed.01b388a0-7dfb-11de-bc4e-0002a5d5c51b.s.64.e.1" text="coumarin" type="Biomedical_Entity"><Normalization><mmtx cui="C0010206" phraseText="a related coumarin derivative" preferredWord="coumarin" semType="phsu, orch"/><RxNorm RxCui="2898"/></Normalization></entity><entity charOffset="0:9" id="Dailymed.01b388a0-7dfb-11de-bc4e-0002a5d5c51b.s.64.e.2" text="torsemide" type="Biomedical_Entity"><Normalization><mmtx cui="C0076840" phraseText="Torsemide" preferredWord="torsemide" semType="phsu, orch"/><RxNorm RxCui="38413"/></Normalization></entity><entity charOffset="202:213" id="Dailymed.01b388a0-7dfb-11de-bc4e-0002a5d5c51b.s.64.e.3" text="vasodilator" type="Biomedical_Entity"><Normalization><mmtx cui="C3537240" phraseText="a vasodilator/beta-blocker" preferredWord="Vasodilator [EPC]" semType="phsu"/><RxNorm RxCui="11146"/></Normalization></entity><entity charOffset="188:198" id="Dailymed.01b388a0-7dfb-11de-bc4e-0002a5d5c51b.s.64.e.4" text="carvedilol" type="Biomedical_Entity"><Normalization><mmtx cui="C0054836" phraseText="carvedilol" preferredWord="carvedilol" semType="phsu, orch"/><RxNorm RxCui="20352"/></Normalization></entity><entity charOffset="49:58" id="Dailymed.01b388a0-7dfb-11de-bc4e-0002a5d5c51b.s.64.e.5" text="glyburide" type="Biomedical_Entity"><Normalization><mmtx cui="C0017628" phraseText="the protein binding of glyburide" preferredWord="Glyburide" semType="phsu, orch"/><RxNorm RxCui="4815"/></Normalization></entity><entity charOffset="103:116" id="Dailymed.01b388a0-7dfb-11de-bc4e-0002a5d5c51b.s.64.e.6" text="phenprocoumon" type="Biomedical_Entity"><Normalization><mmtx cui="C0031444" phraseText="the anticoagulant effect of phenprocoumon" preferredWord="Phenprocoumon" semType="phsu, orch"/><RxNorm RxCui="8150"/></Normalization></entity><entity charOffset="177:184" id="Dailymed.01b388a0-7dfb-11de-bc4e-0002a5d5c51b.s.64.e.7" text="digoxin" type="Biomedical_Entity"><Normalization><mmtx cui="C0012265" phraseText="the pharmacokinetics of digoxin" preferredWord="Digoxin" semType="strd, phsu, carb"/><RxNorm RxCui="3407"/></Normalization></entity><entity charOffset="65:73" id="Dailymed.01b388a0-7dfb-11de-bc4e-0002a5d5c51b.s.64.e.8" text="warfarin" type="Biomedical_Entity"><Normalization><mmtx cui="C0043031" phraseText="or of warfarin," preferredWord="Warfarin" semType="phsu, orch, hops"/><RxNorm RxCui="11289"/></Normalization></entity><pair ddi="false" e1="Dailymed.01b388a0-7dfb-11de-bc4e-0002a5d5c51b.s.64.e.1" e2="Dailymed.01b388a0-7dfb-11de-bc4e-0002a5d5c51b.s.64.e.0"/><pair ddi="false" e1="Dailymed.01b388a0-7dfb-11de-bc4e-0002a5d5c51b.s.64.e.2" e2="Dailymed.01b388a0-7dfb-11de-bc4e-0002a5d5c51b.s.64.e.0"/><pair ddi="false" e1="Dailymed.01b388a0-7dfb-11de-bc4e-0002a5d5c51b.s.64.e.3" e2="Dailymed.01b388a0-7dfb-11de-bc4e-0002a5d5c51b.s.64.e.0"/><pair ddi="false" e1="Dailymed.01b388a0-7dfb-11de-bc4e-0002a5d5c51b.s.64.e.4" e2="Dailymed.01b388a0-7dfb-11de-bc4e-0002a5d5c51b.s.64.e.0"/><pair ddi="false" e1="Dailymed.01b388a0-7dfb-11de-bc4e-0002a5d5c51b.s.64.e.5" e2="Dailymed.01b388a0-7dfb-11de-bc4e-0002a5d5c51b.s.64.e.0"/><pair ddi="false" e1="Dailymed.01b388a0-7dfb-11de-bc4e-0002a5d5c51b.s.64.e.6" e2="Dailymed.01b388a0-7dfb-11de-bc4e-0002a5d5c51b.s.64.e.0"/><pair ddi="false" e1="Dailymed.01b388a0-7dfb-11de-bc4e-0002a5d5c51b.s.64.e.7" e2="Dailymed.01b388a0-7dfb-11de-bc4e-0002a5d5c51b.s.64.e.0"/><pair ddi="false" e1="Dailymed.01b388a0-7dfb-11de-bc4e-0002a5d5c51b.s.64.e.8" e2="Dailymed.01b388a0-7dfb-11de-bc4e-0002a5d5c51b.s.64.e.0"/><pair ddi="false" e1="Dailymed.01b388a0-7dfb-11de-bc4e-0002a5d5c51b.s.64.e.2" e2="Dailymed.01b388a0-7dfb-11de-bc4e-0002a5d5c51b.s.64.e.1"/><pair ddi="false" e1="Dailymed.01b388a0-7dfb-11de-bc4e-0002a5d5c51b.s.64.e.1" e2="Dailymed.01b388a0-7dfb-11de-bc4e-0002a5d5c51b.s.64.e.3"/><pair ddi="false" e1="Dailymed.01b388a0-7dfb-11de-bc4e-0002a5d5c51b.s.64.e.1" e2="Dailymed.01b388a0-7dfb-11de-bc4e-0002a5d5c51b.s.64.e.4"/><pair ddi="false" e1="Dailymed.01b388a0-7dfb-11de-bc4e-0002a5d5c51b.s.64.e.5" e2="Dailymed.01b388a0-7dfb-11de-bc4e-0002a5d5c51b.s.64.e.1"/><pair ddi="false" e1="Dailymed.01b388a0-7dfb-11de-bc4e-0002a5d5c51b.s.64.e.6" e2="Dailymed.01b388a0-7dfb-11de-bc4e-0002a5d5c51b.s.64.e.1"/><pair ddi="false" e1="Dailymed.01b388a0-7dfb-11de-bc4e-0002a5d5c51b.s.64.e.1" e2="Dailymed.01b388a0-7dfb-11de-bc4e-0002a5d5c51b.s.64.e.7"/><pair ddi="false" e1="Dailymed.01b388a0-7dfb-11de-bc4e-0002a5d5c51b.s.64.e.8" e2="Dailymed.01b388a0-7dfb-11de-bc4e-0002a5d5c51b.s.64.e.1"/><pair ddi="false" e1="Dailymed.01b388a0-7dfb-11de-bc4e-0002a5d5c51b.s.64.e.2" e2="Dailymed.01b388a0-7dfb-11de-bc4e-0002a5d5c51b.s.64.e.3"/><pair ddi="false" e1="Dailymed.01b388a0-7dfb-11de-bc4e-0002a5d5c51b.s.64.e.2" e2="Dailymed.01b388a0-7dfb-11de-bc4e-0002a5d5c51b.s.64.e.4"/><pair ddi="false" e1="Dailymed.01b388a0-7dfb-11de-bc4e-0002a5d5c51b.s.64.e.2" e2="Dailymed.01b388a0-7dfb-11de-bc4e-0002a5d5c51b.s.64.e.5"/><pair ddi="false" e1="Dailymed.01b388a0-7dfb-11de-bc4e-0002a5d5c51b.s.64.e.2" e2="Dailymed.01b388a0-7dfb-11de-bc4e-0002a5d5c51b.s.64.e.6"/><pair ddi="false" e1="Dailymed.01b388a0-7dfb-11de-bc4e-0002a5d5c51b.s.64.e.2" e2="Dailymed.01b388a0-7dfb-11de-bc4e-0002a5d5c51b.s.64.e.7"/><pair ddi="false" e1="Dailymed.01b388a0-7dfb-11de-bc4e-0002a5d5c51b.s.64.e.2" e2="Dailymed.01b388a0-7dfb-11de-bc4e-0002a5d5c51b.s.64.e.8"/><pair ddi="false" e1="Dailymed.01b388a0-7dfb-11de-bc4e-0002a5d5c51b.s.64.e.4" e2="Dailymed.01b388a0-7dfb-11de-bc4e-0002a5d5c51b.s.64.e.3"/><pair ddi="false" e1="Dailymed.01b388a0-7dfb-11de-bc4e-0002a5d5c51b.s.64.e.5" e2="Dailymed.01b388a0-7dfb-11de-bc4e-0002a5d5c51b.s.64.e.3"/><pair ddi="false" e1="Dailymed.01b388a0-7dfb-11de-bc4e-0002a5d5c51b.s.64.e.6" e2="Dailymed.01b388a0-7dfb-11de-bc4e-0002a5d5c51b.s.64.e.3"/><pair ddi="false" e1="Dailymed.01b388a0-7dfb-11de-bc4e-0002a5d5c51b.s.64.e.7" e2="Dailymed.01b388a0-7dfb-11de-bc4e-0002a5d5c51b.s.64.e.3"/><pair ddi="false" e1="Dailymed.01b388a0-7dfb-11de-bc4e-0002a5d5c51b.s.64.e.8" e2="Dailymed.01b388a0-7dfb-11de-bc4e-0002a5d5c51b.s.64.e.3"/><pair ddi="false" e1="Dailymed.01b388a0-7dfb-11de-bc4e-0002a5d5c51b.s.64.e.5" e2="Dailymed.01b388a0-7dfb-11de-bc4e-0002a5d5c51b.s.64.e.4"/><pair ddi="false" e1="Dailymed.01b388a0-7dfb-11de-bc4e-0002a5d5c51b.s.64.e.6" e2="Dailymed.01b388a0-7dfb-11de-bc4e-0002a5d5c51b.s.64.e.4"/><pair ddi="false" e1="Dailymed.01b388a0-7dfb-11de-bc4e-0002a5d5c51b.s.64.e.7" e2="Dailymed.01b388a0-7dfb-11de-bc4e-0002a5d5c51b.s.64.e.4"/><pair ddi="false" e1="Dailymed.01b388a0-7dfb-11de-bc4e-0002a5d5c51b.s.64.e.8" e2="Dailymed.01b388a0-7dfb-11de-bc4e-0002a5d5c51b.s.64.e.4"/><pair ddi="false" e1="Dailymed.01b388a0-7dfb-11de-bc4e-0002a5d5c51b.s.64.e.5" e2="Dailymed.01b388a0-7dfb-11de-bc4e-0002a5d5c51b.s.64.e.6"/><pair ddi="false" e1="Dailymed.01b388a0-7dfb-11de-bc4e-0002a5d5c51b.s.64.e.5" e2="Dailymed.01b388a0-7dfb-11de-bc4e-0002a5d5c51b.s.64.e.7"/><pair ddi="false" e1="Dailymed.01b388a0-7dfb-11de-bc4e-0002a5d5c51b.s.64.e.5" e2="Dailymed.01b388a0-7dfb-11de-bc4e-0002a5d5c51b.s.64.e.8"/><pair ddi="false" e1="Dailymed.01b388a0-7dfb-11de-bc4e-0002a5d5c51b.s.64.e.6" e2="Dailymed.01b388a0-7dfb-11de-bc4e-0002a5d5c51b.s.64.e.7"/><pair ddi="false" e1="Dailymed.01b388a0-7dfb-11de-bc4e-0002a5d5c51b.s.64.e.8" e2="Dailymed.01b388a0-7dfb-11de-bc4e-0002a5d5c51b.s.64.e.6"/><pair ddi="false" e1="Dailymed.01b388a0-7dfb-11de-bc4e-0002a5d5c51b.s.64.e.8" e2="Dailymed.01b388a0-7dfb-11de-bc4e-0002a5d5c51b.s.64.e.7"/></sentence><sentence biomedicalEntities="2" id="Dailymed.01b388a0-7dfb-11de-bc4e-0002a5d5c51b.s.65" lineNumber="62" text="In healthy subjects, coadministration of DEMADEX was associated with significant reduction in the renal clearance of spironolactone, with corresponding increases in the AUC. " type="regular"><entity charOffset="41:48" id="Dailymed.01b388a0-7dfb-11de-bc4e-0002a5d5c51b.s.65.e.0" text="DEMADEX" type="Drug"><Normalization><mmtx cui="C0243946" phraseText="coadministration of DEMADEX" preferredWord="Demadex" semType="phsu, orch"/><RxNorm RxCui="71974"/></Normalization></entity><entity charOffset="81:113" id="Dailymed.01b388a0-7dfb-11de-bc4e-0002a5d5c51b.s.65.e.1" text="reduction in the renal clearance" type="Increase_Interaction"/><entity charOffset="117:131" id="Dailymed.01b388a0-7dfb-11de-bc4e-0002a5d5c51b.s.65.e.3" text="spironolactone" type="Drug"><Normalization><mmtx cui="C0037982" phraseText="of spironolactone," preferredWord="Spironolactone" semType="strd, phsu"/><RxNorm RxCui="9997"/></Normalization></entity><entity charOffset="152:172" id="Dailymed.01b388a0-7dfb-11de-bc4e-0002a5d5c51b.s.65.e.4" text="increases in the AUC" type="Increase_Interaction"/><drugInteraction id="Dailymed.01b388a0-7dfb-11de-bc4e-0002a5d5c51b.s.65.ddi.1"><interaction trigger="Dailymed.01b388a0-7dfb-11de-bc4e-0002a5d5c51b.s.65.e.1"><relations><relation type="hasObject"><entity id="Dailymed.01b388a0-7dfb-11de-bc4e-0002a5d5c51b.s.65.e.3"/></relation><relation type="hasPrecipitant"><entity id="Dailymed.01b388a0-7dfb-11de-bc4e-0002a5d5c51b.s.65.e.0"/></relation></relations></interaction></drugInteraction><drugInteraction id="Dailymed.01b388a0-7dfb-11de-bc4e-0002a5d5c51b.s.65.ddi.2"><interaction trigger="Dailymed.01b388a0-7dfb-11de-bc4e-0002a5d5c51b.s.65.e.4"><relations><relation type="hasPrecipitant"><entity id="Dailymed.01b388a0-7dfb-11de-bc4e-0002a5d5c51b.s.65.e.0"/></relation><relation type="hasObject"><entity id="Dailymed.01b388a0-7dfb-11de-bc4e-0002a5d5c51b.s.65.e.3"/></relation></relations></interaction></drugInteraction><pair ddi="true" e1="Dailymed.01b388a0-7dfb-11de-bc4e-0002a5d5c51b.s.65.e.0" e2="Dailymed.01b388a0-7dfb-11de-bc4e-0002a5d5c51b.s.65.e.3" trigger="Dailymed.01b388a0-7dfb-11de-bc4e-0002a5d5c51b.s.65.e.1" type="Increase_Interaction"/><pair ddi="true" e1="Dailymed.01b388a0-7dfb-11de-bc4e-0002a5d5c51b.s.65.e.0" e2="Dailymed.01b388a0-7dfb-11de-bc4e-0002a5d5c51b.s.65.e.3" trigger="Dailymed.01b388a0-7dfb-11de-bc4e-0002a5d5c51b.s.65.e.4" type="Increase_Interaction"/></sentence><sentence biomedicalEntities="2" id="Dailymed.01b388a0-7dfb-11de-bc4e-0002a5d5c51b.s.67" lineNumber="64" text="Because DEMADEX and salicylates compete for secretion by renal tubules, patients receiving high doses of salicylates may experience salicylate toxicity when DEMADEX is concomitantly administered. " type="regular"><entity charOffset="132:142" id="Dailymed.01b388a0-7dfb-11de-bc4e-0002a5d5c51b.s.67.e.0" text="salicylate" type="Drug_Class"><Normalization><mmtx cui="C0036075" phraseText="salicylate toxicity" preferredWord="salicylate" semType="phsu, orch"/><mmtx cui="C0036077" phraseText="salicylate toxicity" preferredWord="Salicylates" semType="phsu, orch"/><RxNorm RxCui="9522"/></Normalization></entity><entity charOffset="143:151" id="Dailymed.01b388a0-7dfb-11de-bc4e-0002a5d5c51b.s.67.e.1" text="toxicity" type="Increase_Interaction"/><entity charOffset="157:164" id="Dailymed.01b388a0-7dfb-11de-bc4e-0002a5d5c51b.s.67.e.3" text="DEMADEX" type="Drug"><Normalization><mmtx cui="C0243946" phraseText="DEMADEX" preferredWord="Demadex" semType="phsu, orch"/><RxNorm RxCui="71974"/></Normalization></entity><drugInteraction id="Dailymed.01b388a0-7dfb-11de-bc4e-0002a5d5c51b.s.67.ddi.1"><interaction trigger="Dailymed.01b388a0-7dfb-11de-bc4e-0002a5d5c51b.s.67.e.1"><relations><relation type="hasObject"><entity id="Dailymed.01b388a0-7dfb-11de-bc4e-0002a5d5c51b.s.67.e.0"/></relation><relation type="hasPrecipitant"><entity id="Dailymed.01b388a0-7dfb-11de-bc4e-0002a5d5c51b.s.67.e.3"/></relation></relations></interaction></drugInteraction><pair ddi="true" e1="Dailymed.01b388a0-7dfb-11de-bc4e-0002a5d5c51b.s.67.e.0" e2="Dailymed.01b388a0-7dfb-11de-bc4e-0002a5d5c51b.s.67.e.3" trigger="Dailymed.01b388a0-7dfb-11de-bc4e-0002a5d5c51b.s.67.e.1" type="Increase_Interaction"/></sentence><sentence biomedicalEntities="4" id="Dailymed.01b388a0-7dfb-11de-bc4e-0002a5d5c51b.s.68" lineNumber="64" text="Also, although possible interactions between torsemide and nonsteroidal anti-inflammatory agents (including aspirin) have not been studied, coadministration of these agents with another loop diuretic (furosemide) has occasionally been associated with renal dysfunction." type="regular"><anaphoraRelation><anaphoraEntity charOffset="160:172" id="Dailymed.01b388a0-7dfb-11de-bc4e-0002a5d5c51b.s.68.e.0" text="these agents" type="Expression"/><antecedentEntity charOffset="59-96" id="Dailymed.01b388a0-7dfb-11de-bc4e-0002a5d5c51b.s.68.e.1" text="nonsteroidal anti-inflammatory agents" type="Drug_Class"/></anaphoraRelation><entity charOffset="59:96" id="Dailymed.01b388a0-7dfb-11de-bc4e-0002a5d5c51b.s.68.e.1" text="nonsteroidal anti-inflammatory agents" type="Drug_Class"><Normalization><mmtx cui="C0003211" phraseText="nonsteroidal anti-inflammatory agents" preferredWord="Anti-Inflammatory Agents, Non-Steroidal" semType="phsu"/><RxNorm RxCui="402125"/></Normalization></entity><entity charOffset="186:199" id="Dailymed.01b388a0-7dfb-11de-bc4e-0002a5d5c51b.s.68.e.3" text="loop diuretic" type="Drug_Class"><Normalization><mmtx cui="C0354100" phraseText="with another loop diuretic" preferredWord="Loop Diuretics" semType="phsu"/><mmtx cui="C3536704" phraseText="with another loop diuretic" preferredWord="Loop Diuretic [EPC]" semType="phsu"/><RxNorm RxCui="104215"/></Normalization></entity><entity charOffset="201:211" id="Dailymed.01b388a0-7dfb-11de-bc4e-0002a5d5c51b.s.68.e.4" text="furosemide" type="Drug"><Normalization><mmtx cui="C0016860" phraseText="(furosemide" preferredWord="Furosemide" semType="phsu, orch"/><RxNorm RxCui="4603"/></Normalization></entity><entity charOffset="251:268" id="Dailymed.01b388a0-7dfb-11de-bc4e-0002a5d5c51b.s.68.e.6" text="renal dysfunction" type="Specific_Interaction"/><entity charOffset="108:115" id="Dailymed.01b388a0-7dfb-11de-bc4e-0002a5d5c51b.s.68.e.8" text="aspirin" type="Drug"><Normalization><mmtx cui="C0004057" phraseText="aspirin" preferredWord="Aspirin" semType="phsu, orch"/><RxNorm RxCui="1191"/></Normalization></entity><drugClassMembership drug="Dailymed.01b388a0-7dfb-11de-bc4e-0002a5d5c51b.s.68.e.4" drugClass="Dailymed.01b388a0-7dfb-11de-bc4e-0002a5d5c51b.s.68.e.3"/><drugClassMembership drug="Dailymed.01b388a0-7dfb-11de-bc4e-0002a5d5c51b.s.68.e.8" drugClass="Dailymed.01b388a0-7dfb-11de-bc4e-0002a5d5c51b.s.68.e.1"/><drugInteraction id="Dailymed.01b388a0-7dfb-11de-bc4e-0002a5d5c51b.s.68.ddi.1"><interaction trigger="Dailymed.01b388a0-7dfb-11de-bc4e-0002a5d5c51b.s.68.e.6"><relations><relation type="hasPrecipitant"><entity id="Dailymed.01b388a0-7dfb-11de-bc4e-0002a5d5c51b.s.68.e.0"/></relation><relation type="hasObject"><entity id="Dailymed.01b388a0-7dfb-11de-bc4e-0002a5d5c51b.s.68.e.4"/></relation></relations></interaction></drugInteraction><pair ddi="true" e1="Dailymed.01b388a0-7dfb-11de-bc4e-0002a5d5c51b.s.68.e.0" e2="Dailymed.01b388a0-7dfb-11de-bc4e-0002a5d5c51b.s.68.e.4" trigger="Dailymed.01b388a0-7dfb-11de-bc4e-0002a5d5c51b.s.68.e.6" type="Specific_Interaction"/></sentence><sentence biomedicalEntities="2" id="Dailymed.01b388a0-7dfb-11de-bc4e-0002a5d5c51b.s.69" lineNumber="66" text="The natriuretic effect of DEMADEX (like that of many other diuretics) is partially inhibited by the concomitant administration of indomethacin. " type="regular"><entity charOffset="26:33" id="Dailymed.01b388a0-7dfb-11de-bc4e-0002a5d5c51b.s.69.e.0" text="DEMADEX" type="Drug"><Normalization><mmtx cui="C0243946" phraseText="The natriuretic effect of DEMADEX" preferredWord="Demadex" semType="phsu, orch"/><RxNorm RxCui="71974"/></Normalization></entity><entity charOffset="130:142" id="Dailymed.01b388a0-7dfb-11de-bc4e-0002a5d5c51b.s.69.e.1" text="indomethacin" type="Drug"><Normalization><mmtx cui="C0021246" phraseText="inhibited by the concomitant administration of indomethacin." preferredWord="Indomethacin" semType="phsu, orch"/><RxNorm RxCui="5781"/></Normalization></entity><entity charOffset="83:92" id="Dailymed.01b388a0-7dfb-11de-bc4e-0002a5d5c51b.s.69.e.2" text="inhibited" type="Specific_Interaction"><Normalization><mmtx cui="C0018790" phraseText="inhibited by the concomitant administration of indomethacin." preferredWord="Cardiac Arrest" semType="dsyn"/></Normalization></entity><drugInteraction id="Dailymed.01b388a0-7dfb-11de-bc4e-0002a5d5c51b.s.69.ddi.1"><interaction trigger="Dailymed.01b388a0-7dfb-11de-bc4e-0002a5d5c51b.s.69.e.2"><relations><relation type="hasObject"><entity id="Dailymed.01b388a0-7dfb-11de-bc4e-0002a5d5c51b.s.69.e.0"/></relation><relation type="hasPrecipitant"><entity id="Dailymed.01b388a0-7dfb-11de-bc4e-0002a5d5c51b.s.69.e.1"/></relation></relations></interaction></drugInteraction><pair ddi="true" e1="Dailymed.01b388a0-7dfb-11de-bc4e-0002a5d5c51b.s.69.e.0" e2="Dailymed.01b388a0-7dfb-11de-bc4e-0002a5d5c51b.s.69.e.1" trigger="Dailymed.01b388a0-7dfb-11de-bc4e-0002a5d5c51b.s.69.e.2" type="Specific_Interaction"/></sentence><sentence id="Dailymed.01b388a0-7dfb-11de-bc4e-0002a5d5c51b.s.70" text="This effect has been demonstrated for DEMADEX under conditions of dietary sodium restriction (50 mEq/day) but not in the presence of normal sodium intake (150 mEq/day)." type="negative"><entity charOffset="140:146" id="Dailymed.01b388a0-7dfb-11de-bc4e-0002a5d5c51b.s.70.e.0" text="sodium" type="Biomedical_Entity"><Normalization><mmtx cui="C0597484" phraseText="not in the presence of normal sodium intake" preferredWord="Sodium Cation" semType="phsu, elii"/><RxNorm RxCui="1444874"/></Normalization></entity><entity charOffset="38:45" id="Dailymed.01b388a0-7dfb-11de-bc4e-0002a5d5c51b.s.70.e.1" text="demadex" type="Biomedical_Entity"><Normalization><mmtx cui="C0243946" phraseText="demonstrated for DEMADEX" preferredWord="Demadex" semType="phsu, orch"/><RxNorm RxCui="71974"/></Normalization></entity><entity charOffset="74:80" id="Dailymed.01b388a0-7dfb-11de-bc4e-0002a5d5c51b.s.70.e.2" text="sodium" type="Biomedical_Entity"><Normalization><mmtx cui="C0597484" phraseText="of dietary sodium restriction" preferredWord="Sodium Cation" semType="phsu, elii"/><RxNorm RxCui="1444874"/></Normalization></entity><pair ddi="false" e1="Dailymed.01b388a0-7dfb-11de-bc4e-0002a5d5c51b.s.70.e.1" e2="Dailymed.01b388a0-7dfb-11de-bc4e-0002a5d5c51b.s.70.e.0"/><pair ddi="false" e1="Dailymed.01b388a0-7dfb-11de-bc4e-0002a5d5c51b.s.70.e.1" e2="Dailymed.01b388a0-7dfb-11de-bc4e-0002a5d5c51b.s.70.e.2"/></sentence><sentence id="Dailymed.01b388a0-7dfb-11de-bc4e-0002a5d5c51b.s.71" text="The pharmacokinetic profile and diuretic activity of torsemide are not altered by cimetidine or spironolactone. " type="negative"><entity charOffset="53:62" id="Dailymed.01b388a0-7dfb-11de-bc4e-0002a5d5c51b.s.71.e.0" text="torsemide" type="Biomedical_Entity"><Normalization><mmtx cui="C0076840" phraseText="diuretic activity of torsemide" preferredWord="torsemide" semType="phsu, orch"/><RxNorm RxCui="38413"/></Normalization></entity><entity charOffset="82:92" id="Dailymed.01b388a0-7dfb-11de-bc4e-0002a5d5c51b.s.71.e.1" text="cimetidine" type="Biomedical_Entity"><Normalization><mmtx cui="C0008783" phraseText="altered by cimetidine" preferredWord="Cimetidine" semType="phsu, orch"/><RxNorm RxCui="2541"/></Normalization></entity><entity charOffset="32:40" id="Dailymed.01b388a0-7dfb-11de-bc4e-0002a5d5c51b.s.71.e.2" text="diuretic" type="Biomedical_Entity"><Normalization><mmtx cui="C0012798" phraseText="diuretic activity of torsemide" preferredWord="Diuretics" semType="phsu"/><RxNorm RxCui="3567"/></Normalization></entity><entity charOffset="96:110" id="Dailymed.01b388a0-7dfb-11de-bc4e-0002a5d5c51b.s.71.e.3" text="spironolactone" type="Biomedical_Entity"><Normalization><mmtx cui="C0037982" phraseText="spironolactone." preferredWord="Spironolactone" semType="strd, phsu"/><RxNorm RxCui="9997"/></Normalization></entity><pair ddi="false" e1="Dailymed.01b388a0-7dfb-11de-bc4e-0002a5d5c51b.s.71.e.0" e2="Dailymed.01b388a0-7dfb-11de-bc4e-0002a5d5c51b.s.71.e.1"/><pair ddi="false" e1="Dailymed.01b388a0-7dfb-11de-bc4e-0002a5d5c51b.s.71.e.2" e2="Dailymed.01b388a0-7dfb-11de-bc4e-0002a5d5c51b.s.71.e.0"/><pair ddi="false" e1="Dailymed.01b388a0-7dfb-11de-bc4e-0002a5d5c51b.s.71.e.0" e2="Dailymed.01b388a0-7dfb-11de-bc4e-0002a5d5c51b.s.71.e.3"/><pair ddi="false" e1="Dailymed.01b388a0-7dfb-11de-bc4e-0002a5d5c51b.s.71.e.2" e2="Dailymed.01b388a0-7dfb-11de-bc4e-0002a5d5c51b.s.71.e.1"/><pair ddi="false" e1="Dailymed.01b388a0-7dfb-11de-bc4e-0002a5d5c51b.s.71.e.1" e2="Dailymed.01b388a0-7dfb-11de-bc4e-0002a5d5c51b.s.71.e.3"/><pair ddi="false" e1="Dailymed.01b388a0-7dfb-11de-bc4e-0002a5d5c51b.s.71.e.2" e2="Dailymed.01b388a0-7dfb-11de-bc4e-0002a5d5c51b.s.71.e.3"/></sentence><sentence biomedicalEntities="2" id="Dailymed.01b388a0-7dfb-11de-bc4e-0002a5d5c51b.s.72" lineNumber="68" text="Coadministration of digoxin is reported to increase the area under the curve for torsemide by 50%, but dose adjustment of DEMADEX is not necessary." type="regular"><entity charOffset="20:27" id="Dailymed.01b388a0-7dfb-11de-bc4e-0002a5d5c51b.s.72.e.0" text="digoxin" type="Drug"><Normalization><mmtx cui="C0012265" phraseText="Coadministration of digoxin" preferredWord="Digoxin" semType="strd, phsu, carb"/><RxNorm RxCui="3407"/></Normalization></entity><entity charOffset="81:90" id="Dailymed.01b388a0-7dfb-11de-bc4e-0002a5d5c51b.s.72.e.1" text="torsemide" type="Drug"><Normalization><mmtx cui="C0076840" phraseText="for torsemide" preferredWord="torsemide" semType="phsu, orch"/><RxNorm RxCui="38413"/></Normalization></entity><entity charOffset="43:76" id="Dailymed.01b388a0-7dfb-11de-bc4e-0002a5d5c51b.s.72.e.2" text="increase the area under the curve" type="Increase_Interaction"/><drugInteraction id="Dailymed.01b388a0-7dfb-11de-bc4e-0002a5d5c51b.s.72.ddi.1"><interaction trigger="Dailymed.01b388a0-7dfb-11de-bc4e-0002a5d5c51b.s.72.e.2"><relations><relation type="hasObject"><entity id="Dailymed.01b388a0-7dfb-11de-bc4e-0002a5d5c51b.s.72.e.1"/></relation><relation type="hasPrecipitant"><entity id="Dailymed.01b388a0-7dfb-11de-bc4e-0002a5d5c51b.s.72.e.0"/></relation></relations></interaction></drugInteraction><pair ddi="true" e1="Dailymed.01b388a0-7dfb-11de-bc4e-0002a5d5c51b.s.72.e.0" e2="Dailymed.01b388a0-7dfb-11de-bc4e-0002a5d5c51b.s.72.e.1" trigger="Dailymed.01b388a0-7dfb-11de-bc4e-0002a5d5c51b.s.72.e.2" type="Increase_Interaction"/></sentence><sentence biomedicalEntities="2" id="Dailymed.01b388a0-7dfb-11de-bc4e-0002a5d5c51b.s.73" lineNumber="70" text="Concomitant use of torsemide and cholestyramine has not been studied in humans but, in a study in animals, coadministration of cholestyramine decreased the absorption of orally administered torsemide. " type="regular"><entity charOffset="127:141" id="Dailymed.01b388a0-7dfb-11de-bc4e-0002a5d5c51b.s.73.e.0" text="cholestyramine" type="Drug"><Normalization><mmtx cui="C0008402" phraseText="coadministration of cholestyramine" preferredWord="Cholestyramine Resin" semType="phsu, orch"/><RxNorm RxCui="2447"/></Normalization></entity><entity charOffset="170:199" id="Dailymed.01b388a0-7dfb-11de-bc4e-0002a5d5c51b.s.73.e.1" text="orally administered torsemide" type="Drug"><Normalization><mmtx cui="C0076840" phraseText="the absorption of orally administered torsemide." preferredWord="torsemide" semType="phsu, orch"/><RxNorm RxCui="855648"/></Normalization></entity><entity charOffset="142:166" id="Dailymed.01b388a0-7dfb-11de-bc4e-0002a5d5c51b.s.73.e.2" text="decreased the absorption" type="Decrease_Interaction"/><entity charOffset="87:105" id="Dailymed.01b388a0-7dfb-11de-bc4e-0002a5d5c51b.s.73.e.4" text="a study in animals" type="SPAN"/><drugInteraction id="Dailymed.01b388a0-7dfb-11de-bc4e-0002a5d5c51b.s.73.ddi.1"><interaction trigger="Dailymed.01b388a0-7dfb-11de-bc4e-0002a5d5c51b.s.73.e.2"><relations><relation type="hasObject"><entity id="Dailymed.01b388a0-7dfb-11de-bc4e-0002a5d5c51b.s.73.e.1"/></relation><relation type="hasPrecipitant"><entity id="Dailymed.01b388a0-7dfb-11de-bc4e-0002a5d5c51b.s.73.e.0"/></relation><relation type="hasEvidence"><entity id="Dailymed.01b388a0-7dfb-11de-bc4e-0002a5d5c51b.s.73.e.4"/></relation></relations></interaction></drugInteraction><pair ddi="true" e1="Dailymed.01b388a0-7dfb-11de-bc4e-0002a5d5c51b.s.73.e.0" e2="Dailymed.01b388a0-7dfb-11de-bc4e-0002a5d5c51b.s.73.e.1" evidence="Dailymed.01b388a0-7dfb-11de-bc4e-0002a5d5c51b.s.73.e.4" trigger="Dailymed.01b388a0-7dfb-11de-bc4e-0002a5d5c51b.s.73.e.2" type="Decrease_Interaction"/></sentence><sentence biomedicalEntities="2" id="Dailymed.01b388a0-7dfb-11de-bc4e-0002a5d5c51b.s.74" lineNumber="70" text="If DEMADEX and cholestyramine are used concomitantly, simultaneous administration is not recommended." type="regular"><entity charOffset="85:100" id="Dailymed.01b388a0-7dfb-11de-bc4e-0002a5d5c51b.s.74.e.0" text="not recommended" type="Caution_Interaction"/><entity charOffset="3:10" id="Dailymed.01b388a0-7dfb-11de-bc4e-0002a5d5c51b.s.74.e.2" text="DEMADEX" type="Drug"><Normalization><mmtx cui="C0243946" phraseText="DEMADEX" preferredWord="Demadex" semType="phsu, orch"/><RxNorm RxCui="71974"/></Normalization></entity><entity charOffset="15:29" id="Dailymed.01b388a0-7dfb-11de-bc4e-0002a5d5c51b.s.74.e.3" text="cholestyramine" type="Drug"><Normalization><mmtx cui="C0008402" phraseText="cholestyramine" preferredWord="Cholestyramine Resin" semType="phsu, orch"/><RxNorm RxCui="2447"/></Normalization></entity><drugInteraction id="Dailymed.01b388a0-7dfb-11de-bc4e-0002a5d5c51b.s.74.ddi.1"><interaction trigger="Dailymed.01b388a0-7dfb-11de-bc4e-0002a5d5c51b.s.74.e.0"><relations><relation type="hasObject"><entity id="Dailymed.01b388a0-7dfb-11de-bc4e-0002a5d5c51b.s.74.e.2"/></relation><relation type="hasPrecipitant"><entity id="Dailymed.01b388a0-7dfb-11de-bc4e-0002a5d5c51b.s.74.e.3"/></relation></relations></interaction></drugInteraction><pair ddi="true" e1="Dailymed.01b388a0-7dfb-11de-bc4e-0002a5d5c51b.s.74.e.2" e2="Dailymed.01b388a0-7dfb-11de-bc4e-0002a5d5c51b.s.74.e.3" trigger="Dailymed.01b388a0-7dfb-11de-bc4e-0002a5d5c51b.s.74.e.0" type="Caution_Interaction"/></sentence><sentence biomedicalEntities="2" id="Dailymed.01b388a0-7dfb-11de-bc4e-0002a5d5c51b.s.75" lineNumber="72" text="Coadministration of probenecid reduces secretion of DEMADEX into the proximal tubule and thereby decreases the diuretic activity of DEMADEX." type="regular"><entity charOffset="20:30" id="Dailymed.01b388a0-7dfb-11de-bc4e-0002a5d5c51b.s.75.e.0" text="probenecid" type="Drug"><Normalization><mmtx cui="C0033209" phraseText="Coadministration of probenecid" preferredWord="Probenecid" semType="phsu, orch"/><RxNorm RxCui="8698"/></Normalization></entity><entity charOffset="97:128" id="Dailymed.01b388a0-7dfb-11de-bc4e-0002a5d5c51b.s.75.e.1" text="decreases the diuretic activity" type="Specific_Interaction"/><entity charOffset="132:139" id="Dailymed.01b388a0-7dfb-11de-bc4e-0002a5d5c51b.s.75.e.3" text="DEMADEX" type="Drug"><Normalization><mmtx cui="C0243946" phraseText="the diuretic activity of DEMADEX." preferredWord="Demadex" semType="phsu, orch"/><RxNorm RxCui="71974"/></Normalization></entity><drugInteraction id="Dailymed.01b388a0-7dfb-11de-bc4e-0002a5d5c51b.s.75.ddi.1"><interaction trigger="Dailymed.01b388a0-7dfb-11de-bc4e-0002a5d5c51b.s.75.e.1"><relations><relation type="hasPrecipitant"><entity id="Dailymed.01b388a0-7dfb-11de-bc4e-0002a5d5c51b.s.75.e.0"/></relation><relation type="hasObject"><entity id="Dailymed.01b388a0-7dfb-11de-bc4e-0002a5d5c51b.s.75.e.3"/></relation></relations></interaction></drugInteraction><pair ddi="true" e1="Dailymed.01b388a0-7dfb-11de-bc4e-0002a5d5c51b.s.75.e.0" e2="Dailymed.01b388a0-7dfb-11de-bc4e-0002a5d5c51b.s.75.e.3" trigger="Dailymed.01b388a0-7dfb-11de-bc4e-0002a5d5c51b.s.75.e.1" type="Specific_Interaction"/></sentence><sentence biomedicalEntities="5" id="Dailymed.01b388a0-7dfb-11de-bc4e-0002a5d5c51b.s.76" lineNumber="74" text="Other diuretics are known to reduce the renal clearance of lithium, inducing a high risk of lithium toxicity, so coadministration of lithium and diuretics should be undertaken with great caution, if at all. " type="regular"><entity charOffset="6:15" id="Dailymed.01b388a0-7dfb-11de-bc4e-0002a5d5c51b.s.76.e.0" text="diuretics" type="Drug_Class"><Normalization><mmtx cui="C0012798" phraseText="Other diuretics" preferredWord="Diuretics" semType="phsu"/><RxNorm RxCui="3567"/></Normalization></entity><entity charOffset="29:55" id="Dailymed.01b388a0-7dfb-11de-bc4e-0002a5d5c51b.s.76.e.1" text="reduce the renal clearance" type="Increase_Interaction"/><entity charOffset="59:66" id="Dailymed.01b388a0-7dfb-11de-bc4e-0002a5d5c51b.s.76.e.3" text="lithium" type="Drug"><Normalization><mmtx cui="C0023870" phraseText="the renal clearance of lithium," preferredWord="Lithium" semType="phsu, elii"/><RxNorm RxCui="1428998"/></Normalization></entity><entity charOffset="100:108" id="Dailymed.01b388a0-7dfb-11de-bc4e-0002a5d5c51b.s.76.e.4" text="toxicity" type="Increase_Interaction"/><entity charOffset="92:99" id="Dailymed.01b388a0-7dfb-11de-bc4e-0002a5d5c51b.s.76.e.6" text="lithium" type="Drug"><Normalization><mmtx cui="C0023870" phraseText="a high risk of lithium toxicity," preferredWord="Lithium" semType="phsu, elii"/><RxNorm RxCui="1428998"/></Normalization></entity><entity charOffset="133:140" id="Dailymed.01b388a0-7dfb-11de-bc4e-0002a5d5c51b.s.76.e.7" text="lithium" type="Drug"><Normalization><mmtx cui="C0023870" phraseText="coadministration of lithium" preferredWord="Lithium" semType="phsu, elii"/><RxNorm RxCui="1428998"/></Normalization></entity><entity charOffset="145:154" id="Dailymed.01b388a0-7dfb-11de-bc4e-0002a5d5c51b.s.76.e.8" text="diuretics" type="Drug_Class"><Normalization><mmtx cui="C0012798" phraseText="diuretics" preferredWord="Diuretics" semType="phsu"/><RxNorm RxCui="3567"/></Normalization></entity><entity charOffset="187:194" id="Dailymed.01b388a0-7dfb-11de-bc4e-0002a5d5c51b.s.76.e.9" text="caution" type="Caution_Interaction"/><drugInteraction id="Dailymed.01b388a0-7dfb-11de-bc4e-0002a5d5c51b.s.76.ddi.1"><interaction trigger="Dailymed.01b388a0-7dfb-11de-bc4e-0002a5d5c51b.s.76.e.1"><relations><relation type="hasObject"><entity id="Dailymed.01b388a0-7dfb-11de-bc4e-0002a5d5c51b.s.76.e.3"/></relation><relation type="hasPrecipitant"><entity id="Dailymed.01b388a0-7dfb-11de-bc4e-0002a5d5c51b.s.76.e.0"/></relation></relations></interaction></drugInteraction><drugInteraction id="Dailymed.01b388a0-7dfb-11de-bc4e-0002a5d5c51b.s.76.ddi.2"><interaction trigger="Dailymed.01b388a0-7dfb-11de-bc4e-0002a5d5c51b.s.76.e.4"><relations><relation type="hasPrecipitant"><entity id="Dailymed.01b388a0-7dfb-11de-bc4e-0002a5d5c51b.s.76.e.0"/></relation><relation type="hasObject"><entity id="Dailymed.01b388a0-7dfb-11de-bc4e-0002a5d5c51b.s.76.e.6"/></relation></relations></interaction></drugInteraction><drugInteraction id="Dailymed.01b388a0-7dfb-11de-bc4e-0002a5d5c51b.s.76.ddi.3"><interaction trigger="Dailymed.01b388a0-7dfb-11de-bc4e-0002a5d5c51b.s.76.e.9"><relations><relation type="hasObject"><entity id="Dailymed.01b388a0-7dfb-11de-bc4e-0002a5d5c51b.s.76.e.8"/></relation><relation type="hasPrecipitant"><entity id="Dailymed.01b388a0-7dfb-11de-bc4e-0002a5d5c51b.s.76.e.7"/></relation></relations></interaction></drugInteraction><pair ddi="true" e1="Dailymed.01b388a0-7dfb-11de-bc4e-0002a5d5c51b.s.76.e.0" e2="Dailymed.01b388a0-7dfb-11de-bc4e-0002a5d5c51b.s.76.e.3" trigger="Dailymed.01b388a0-7dfb-11de-bc4e-0002a5d5c51b.s.76.e.1" type="Increase_Interaction"/><pair ddi="true" e1="Dailymed.01b388a0-7dfb-11de-bc4e-0002a5d5c51b.s.76.e.0" e2="Dailymed.01b388a0-7dfb-11de-bc4e-0002a5d5c51b.s.76.e.6" trigger="Dailymed.01b388a0-7dfb-11de-bc4e-0002a5d5c51b.s.76.e.4" type="Increase_Interaction"/><pair ddi="true" e1="Dailymed.01b388a0-7dfb-11de-bc4e-0002a5d5c51b.s.76.e.7" e2="Dailymed.01b388a0-7dfb-11de-bc4e-0002a5d5c51b.s.76.e.8" trigger="Dailymed.01b388a0-7dfb-11de-bc4e-0002a5d5c51b.s.76.e.9" type="Caution_Interaction"/></sentence><sentence id="Dailymed.01b388a0-7dfb-11de-bc4e-0002a5d5c51b.s.77" text="Coadministration of lithium and DEMADEX has not been studied." type="negative"><entity charOffset="20:27" id="Dailymed.01b388a0-7dfb-11de-bc4e-0002a5d5c51b.s.77.e.0" text="lithium" type="Biomedical_Entity"><Normalization><mmtx cui="C0023870" phraseText="Coadministration of lithium" preferredWord="Lithium" semType="phsu, elii"/><RxNorm RxCui="1428998"/></Normalization></entity><entity charOffset="32:39" id="Dailymed.01b388a0-7dfb-11de-bc4e-0002a5d5c51b.s.77.e.1" text="demadex" type="Biomedical_Entity"><Normalization><mmtx cui="C0243946" phraseText="DEMADEX" preferredWord="Demadex" semType="phsu, orch"/><RxNorm RxCui="71974"/></Normalization></entity><pair ddi="false" e1="Dailymed.01b388a0-7dfb-11de-bc4e-0002a5d5c51b.s.77.e.0" e2="Dailymed.01b388a0-7dfb-11de-bc4e-0002a5d5c51b.s.77.e.1"/></sentence><sentence biomedicalEntities="3" id="Dailymed.01b388a0-7dfb-11de-bc4e-0002a5d5c51b.s.78" lineNumber="76" text="Other diuretics have been reported to increase the ototoxic potential of aminoglycoside antibiotics and of ethacrynic acid, especially in the presence of impaired renal function. " type="regular"><entity charOffset="6:15" id="Dailymed.01b388a0-7dfb-11de-bc4e-0002a5d5c51b.s.78.e.0" text="diuretics" type="Drug_Class"><Normalization><mmtx cui="C0012798" phraseText="Other diuretics" preferredWord="Diuretics" semType="phsu"/><RxNorm RxCui="3567"/></Normalization></entity><entity charOffset="73:99" id="Dailymed.01b388a0-7dfb-11de-bc4e-0002a5d5c51b.s.78.e.1" text="aminoglycoside antibiotics" type="Drug_Class"><Normalization><mmtx cui="C0003233" phraseText="the ototoxic potential of aminoglycoside antibiotics" preferredWord="Antibiotics, Aminoglycoside" semType="carb, antb"/><RxNorm RxCui="678"/></Normalization></entity><entity charOffset="107:122" id="Dailymed.01b388a0-7dfb-11de-bc4e-0002a5d5c51b.s.78.e.2" text="ethacrynic acid" type="Drug"><Normalization><mmtx cui="C0014963" phraseText="and of ethacrynic acid," preferredWord="Ethacrynic Acid" semType="phsu, orch"/><RxNorm RxCui="4109"/></Normalization></entity><entity charOffset="51:59" id="Dailymed.01b388a0-7dfb-11de-bc4e-0002a5d5c51b.s.78.e.3" text="ototoxic" type="Specific_Interaction"/><entity charOffset="154:177" id="Dailymed.01b388a0-7dfb-11de-bc4e-0002a5d5c51b.s.78.e.5" text="impaired renal function" type="SPAN"><Normalization><mmtx cui="C0035078" phraseText="especially in the presence of impaired renal function." preferredWord="Kidney Failure" semType="dsyn"/><mmtx cui="C0341697" phraseText="especially in the presence of impaired renal function." preferredWord="Renal impairment" semType="dsyn"/></Normalization></entity><drugInteraction id="Dailymed.01b388a0-7dfb-11de-bc4e-0002a5d5c51b.s.78.ddi.1"><interaction trigger="Dailymed.01b388a0-7dfb-11de-bc4e-0002a5d5c51b.s.78.e.3"><relations><relation type="hasPrecipitant"><entity id="Dailymed.01b388a0-7dfb-11de-bc4e-0002a5d5c51b.s.78.e.2"/></relation><relation type="hasPrecipitant"><entity id="Dailymed.01b388a0-7dfb-11de-bc4e-0002a5d5c51b.s.78.e.1"/></relation><relation type="hasObject"><entity id="Dailymed.01b388a0-7dfb-11de-bc4e-0002a5d5c51b.s.78.e.0"/></relation><relation type="hasContext"><entity id="Dailymed.01b388a0-7dfb-11de-bc4e-0002a5d5c51b.s.78.e.5"/></relation></relations></interaction></drugInteraction><pair context="Dailymed.01b388a0-7dfb-11de-bc4e-0002a5d5c51b.s.78.e.5" ddi="true" e1="Dailymed.01b388a0-7dfb-11de-bc4e-0002a5d5c51b.s.78.e.0" e2="Dailymed.01b388a0-7dfb-11de-bc4e-0002a5d5c51b.s.78.e.2" trigger="Dailymed.01b388a0-7dfb-11de-bc4e-0002a5d5c51b.s.78.e.3" type="Specific_Interaction"/><pair context="Dailymed.01b388a0-7dfb-11de-bc4e-0002a5d5c51b.s.78.e.5" ddi="true" e1="Dailymed.01b388a0-7dfb-11de-bc4e-0002a5d5c51b.s.78.e.0" e2="Dailymed.01b388a0-7dfb-11de-bc4e-0002a5d5c51b.s.78.e.1" trigger="Dailymed.01b388a0-7dfb-11de-bc4e-0002a5d5c51b.s.78.e.3" type="Specific_Interaction"/><pair ddi="false" e1="Dailymed.01b388a0-7dfb-11de-bc4e-0002a5d5c51b.s.78.e.1" e2="Dailymed.01b388a0-7dfb-11de-bc4e-0002a5d5c51b.s.78.e.2"/></sentence><sentence id="Dailymed.01b388a0-7dfb-11de-bc4e-0002a5d5c51b.s.86" text="Similar signs of chronic non-neoplastic renal injury have been reported in high-dose animal studies of other diuretics such as furosemide and hydrochlorothiazide." type="negative"><entity charOffset="142:161" id="Dailymed.01b388a0-7dfb-11de-bc4e-0002a5d5c51b.s.86.e.0" text="hydrochlorothiazide" type="Biomedical_Entity"><Normalization><mmtx cui="C0020261" phraseText="hydrochlorothiazide." preferredWord="Hydrochlorothiazide" semType="phsu, orch"/><RxNorm RxCui="5487"/></Normalization></entity><entity charOffset="127:137" id="Dailymed.01b388a0-7dfb-11de-bc4e-0002a5d5c51b.s.86.e.1" text="furosemide" type="Biomedical_Entity"><Normalization><mmtx cui="C0016860" phraseText="such as furosemide" preferredWord="Furosemide" semType="phsu, orch"/><RxNorm RxCui="4603"/></Normalization></entity><entity charOffset="109:118" id="Dailymed.01b388a0-7dfb-11de-bc4e-0002a5d5c51b.s.86.e.2" text="diuretics" type="Biomedical_Entity"><Normalization><mmtx cui="C0012798" phraseText="reported in high-dose animal studies of other diuretics" preferredWord="Diuretics" semType="phsu"/><RxNorm RxCui="3567"/></Normalization></entity><pair ddi="false" e1="Dailymed.01b388a0-7dfb-11de-bc4e-0002a5d5c51b.s.86.e.1" e2="Dailymed.01b388a0-7dfb-11de-bc4e-0002a5d5c51b.s.86.e.0"/><pair ddi="false" e1="Dailymed.01b388a0-7dfb-11de-bc4e-0002a5d5c51b.s.86.e.2" e2="Dailymed.01b388a0-7dfb-11de-bc4e-0002a5d5c51b.s.86.e.0"/><pair ddi="false" e1="Dailymed.01b388a0-7dfb-11de-bc4e-0002a5d5c51b.s.86.e.2" e2="Dailymed.01b388a0-7dfb-11de-bc4e-0002a5d5c51b.s.86.e.1"/></sentence><sentence id="Dailymed.01b388a0-7dfb-11de-bc4e-0002a5d5c51b.s.89" text="In doses up to 25 mg/kg/day (75 times a human dose of 20 mg on a body-weight basis; 13 times this dose on a body-surface-area basis), torsemide had no adverse effect on the reproductive performance of male or female rats." type="negative"><entity charOffset="77:82" id="Dailymed.01b388a0-7dfb-11de-bc4e-0002a5d5c51b.s.89.e.0" text="basis" type="Biomedical_Entity"><Normalization><mmtx cui="C1874451" phraseText="on a body-weight basis" preferredWord="Basis" semType="phsu"/><RxNorm RxCui="1046801"/></Normalization></entity><entity charOffset="134:143" id="Dailymed.01b388a0-7dfb-11de-bc4e-0002a5d5c51b.s.89.e.1" text="torsemide" type="Biomedical_Entity"><Normalization><mmtx cui="C0076840" phraseText="torsemide" preferredWord="torsemide" semType="phsu, orch"/><RxNorm RxCui="38413"/></Normalization></entity><entity charOffset="126:131" id="Dailymed.01b388a0-7dfb-11de-bc4e-0002a5d5c51b.s.89.e.2" text="basis" type="Biomedical_Entity"><Normalization><mmtx cui="C1874451" phraseText="this dose on a body-surface-area basis" preferredWord="Basis" semType="phsu"/><RxNorm RxCui="1046801"/></Normalization></entity><pair ddi="false" e1="Dailymed.01b388a0-7dfb-11de-bc4e-0002a5d5c51b.s.89.e.0" e2="Dailymed.01b388a0-7dfb-11de-bc4e-0002a5d5c51b.s.89.e.1"/><pair ddi="false" e1="Dailymed.01b388a0-7dfb-11de-bc4e-0002a5d5c51b.s.89.e.2" e2="Dailymed.01b388a0-7dfb-11de-bc4e-0002a5d5c51b.s.89.e.1"/></sentence><positiveExamples number="17"/><negativeExamples number="81"/></document>