<?xml version="1.0" encoding="UTF-8" standalone="no"?><document setID="08f23f6e-150d-45ea-098e-f2edf64c21a1"><labelDrug name="Dopamine Hydrochloride and Dextrose"><Normalization/></labelDrug><generic name="DOPAMINE HYDROCHLORIDE"/><sentence id="Dailymed.08f23f6e-150d-45ea-098e-f2edf64c21a1.s.1" text="Drug Label for drug brand Dopamine Hydrochloride and Dextrose, containing DOPAMINE HYDROCHLORIDE." type="negative"><entity charOffset="74:96" id="Dailymed.08f23f6e-150d-45ea-098e-f2edf64c21a1.s.1.e.0" text="dopamine hydrochloride" type="Biomedical_Entity"><Normalization><mmtx cui="C0282151" phraseText="DOPAMINE HYDROCHLORIDE." preferredWord="Dopamine Hydrochloride" semType="phsu, orch, nsba"/><RxNorm RxCui="82010"/></Normalization></entity><entity charOffset="26:48" id="Dailymed.08f23f6e-150d-45ea-098e-f2edf64c21a1.s.1.e.1" text="dopamine hydrochloride" type="Biomedical_Entity"><Normalization><mmtx cui="C0282151" phraseText="Drug Label for drug brand Dopamine Hydrochloride" preferredWord="Dopamine Hydrochloride" semType="phsu, orch, nsba"/><RxNorm RxCui="82010"/></Normalization></entity><entity charOffset="53:61" id="Dailymed.08f23f6e-150d-45ea-098e-f2edf64c21a1.s.1.e.2" text="dextrose" type="Biomedical_Entity"><Normalization><mmtx cui="C0017725" phraseText="Dextrose," preferredWord="Glucose" semType="bacs, phsu, carb"/><RxNorm RxCui="4850"/></Normalization></entity><entity charOffset="0:19" id="Dailymed.08f23f6e-150d-45ea-098e-f2edf64c21a1.s.1.e.3" text="drug drug" type="Biomedical_Entity"><Normalization><mmtx cui="C0013231" phraseText="Drug Label for drug brand Dopamine Hydrochloride" preferredWord="Drugs, Non-Prescription" semType="phsu"/><RxNorm RxCui="NA"/></Normalization></entity><pair ddi="false" e1="Dailymed.08f23f6e-150d-45ea-098e-f2edf64c21a1.s.1.e.2" e2="Dailymed.08f23f6e-150d-45ea-098e-f2edf64c21a1.s.1.e.0"/><pair ddi="false" e1="Dailymed.08f23f6e-150d-45ea-098e-f2edf64c21a1.s.1.e.3" e2="Dailymed.08f23f6e-150d-45ea-098e-f2edf64c21a1.s.1.e.0"/><pair ddi="false" e1="Dailymed.08f23f6e-150d-45ea-098e-f2edf64c21a1.s.1.e.1" e2="Dailymed.08f23f6e-150d-45ea-098e-f2edf64c21a1.s.1.e.2"/><pair ddi="false" e1="Dailymed.08f23f6e-150d-45ea-098e-f2edf64c21a1.s.1.e.3" e2="Dailymed.08f23f6e-150d-45ea-098e-f2edf64c21a1.s.1.e.1"/><pair ddi="false" e1="Dailymed.08f23f6e-150d-45ea-098e-f2edf64c21a1.s.1.e.3" e2="Dailymed.08f23f6e-150d-45ea-098e-f2edf64c21a1.s.1.e.2"/></sentence><sentence id="Dailymed.08f23f6e-150d-45ea-098e-f2edf64c21a1.s.7" text="Patients who have been treated with monoamine oxidase (MAO) inhibitors prior to administration of dopamine should receive substantially reduced dosage of the latter. " type="negative"><entity charOffset="36:70" id="Dailymed.08f23f6e-150d-45ea-098e-f2edf64c21a1.s.7.e.0" text="monoamine oxidase inhibitors" type="Biomedical_Entity"><Normalization><mmtx cui="C0026457" phraseText="treated with monoamine oxidase (MAO) inhibitors" preferredWord="Monoamine Oxidase Inhibitors" semType="phsu, orch"/><RxNorm RxCui="1565"/></Normalization></entity><entity charOffset="98:106" id="Dailymed.08f23f6e-150d-45ea-098e-f2edf64c21a1.s.7.e.1" text="dopamine" type="Biomedical_Entity"><Normalization><mmtx cui="C0013030" phraseText="of dopamine" preferredWord="Dopamine" semType="phsu, orch, nsba"/><RxNorm RxCui="82010"/></Normalization></entity><pair ddi="false" e1="Dailymed.08f23f6e-150d-45ea-098e-f2edf64c21a1.s.7.e.0" e2="Dailymed.08f23f6e-150d-45ea-098e-f2edf64c21a1.s.7.e.1"/></sentence><sentence id="Dailymed.08f23f6e-150d-45ea-098e-f2edf64c21a1.s.10" text="Dopamine Hydrochloride in 5% Dextrose Injection, USP contains sodium metabisulfite, a sulfite that may cause allergic-type reactions including anaphylactic symptoms and life-threatening or less severe asthmatic episodes in certain susceptible people. " type="negative"><entity charOffset="62:82" id="Dailymed.08f23f6e-150d-45ea-098e-f2edf64c21a1.s.10.e.0" text="sodium metabisulfite" type="Biomedical_Entity"><Normalization><mmtx cui="C0074744" phraseText="sodium metabisulfite," preferredWord="sodium metabisulfite" semType="inch, phsu"/><RxNorm RxCui="9853"/></Normalization></entity><entity charOffset="0:37" id="Dailymed.08f23f6e-150d-45ea-098e-f2edf64c21a1.s.10.e.1" text="dopamine hydrochloride dextrose" type="Biomedical_Entity"><Normalization><mmtx cui="C1579428" phraseText="Dopamine Hydrochloride in 5% Dextrose Injection," preferredWord="Dopamine/Dextrose Hydrochloride" semType="phsu"/><RxNorm RxCui="82010"/></Normalization></entity><pair ddi="false" e1="Dailymed.08f23f6e-150d-45ea-098e-f2edf64c21a1.s.10.e.1" e2="Dailymed.08f23f6e-150d-45ea-098e-f2edf64c21a1.s.10.e.0"/></sentence><sentence id="Dailymed.08f23f6e-150d-45ea-098e-f2edf64c21a1.s.17" text="&lt;item&gt;The intravenous administration of these solutions can cause fluid and/or solute overloading resulting in dilution of serum electrolyte concentrations, overhydration, congested states or pulmonary edema." type="negative"><entity charOffset="129:140" id="Dailymed.08f23f6e-150d-45ea-098e-f2edf64c21a1.s.17.e.0" text="electrolyte" type="Biomedical_Entity"><Normalization><mmtx cui="C3536863" phraseText="resulting in dilution of serum electrolyte concentrations," preferredWord="Electrolyte [EPC]" semType="phsu"/><RxNorm RxCui="3793"/></Normalization></entity><entity charOffset="172:181" id="Dailymed.08f23f6e-150d-45ea-098e-f2edf64c21a1.s.17.e.1" text="congested" type="Biomedical_Entity"><Normalization><mmtx cui="C0700150" phraseText="congested" preferredWord="Congest" semType="strd, phsu, horm"/><RxNorm RxCui="1096425"/></Normalization></entity><pair ddi="false" e1="Dailymed.08f23f6e-150d-45ea-098e-f2edf64c21a1.s.17.e.0" e2="Dailymed.08f23f6e-150d-45ea-098e-f2edf64c21a1.s.17.e.1"/></sentence><sentence id="Dailymed.08f23f6e-150d-45ea-098e-f2edf64c21a1.s.18" text="&lt;item&gt;Careful Monitoring Required: Close monitoring of the following indices urine flow, cardiac output and blood pressure during dopamine infusion is necessary as in the case of any adrenergic agent." type="negative"><entity charOffset="183:199" id="Dailymed.08f23f6e-150d-45ea-098e-f2edf64c21a1.s.18.e.0" text="adrenergic agent" type="Biomedical_Entity"><Normalization><mmtx cui="C0001637" phraseText="as in the case of any adrenergic agent." preferredWord="Adrenergic Agents" semType="phsu"/><RxNorm RxCui="1430615"/></Normalization></entity><entity charOffset="130:138" id="Dailymed.08f23f6e-150d-45ea-098e-f2edf64c21a1.s.18.e.1" text="dopamine" type="Biomedical_Entity"><Normalization><mmtx cui="C0013030" phraseText="blood pressure during dopamine infusion" preferredWord="Dopamine" semType="phsu, orch, nsba"/><RxNorm RxCui="82010"/></Normalization></entity><pair ddi="false" e1="Dailymed.08f23f6e-150d-45ea-098e-f2edf64c21a1.s.18.e.1" e2="Dailymed.08f23f6e-150d-45ea-098e-f2edf64c21a1.s.18.e.0"/></sentence><sentence id="Dailymed.08f23f6e-150d-45ea-098e-f2edf64c21a1.s.19" text="&lt;item&gt;Hypoxia, Hypercapnia, Acidosis: These conditions, which may also reduce the effectiveness and/or increase the incidence of adverse effects of dopamine, must be identified and corrected prior to, or concurrently with, administration of dopamine HCl." type="negative"><entity charOffset="148:156" id="Dailymed.08f23f6e-150d-45ea-098e-f2edf64c21a1.s.19.e.0" text="dopamine" type="Biomedical_Entity"><Normalization><mmtx cui="C0013030" phraseText="the incidence of adverse effects of dopamine," preferredWord="Dopamine" semType="phsu, orch, nsba"/><RxNorm RxCui="82010"/></Normalization></entity><entity charOffset="241:253" id="Dailymed.08f23f6e-150d-45ea-098e-f2edf64c21a1.s.19.e.1" text="dopamine hcl" type="Biomedical_Entity"><Normalization><mmtx cui="C0282151" phraseText="administration of dopamine HCl." preferredWord="Dopamine Hydrochloride" semType="phsu, orch, nsba"/><RxNorm RxCui="82010"/></Normalization></entity><pair ddi="false" e1="Dailymed.08f23f6e-150d-45ea-098e-f2edf64c21a1.s.19.e.0" e2="Dailymed.08f23f6e-150d-45ea-098e-f2edf64c21a1.s.19.e.1"/></sentence><sentence id="Dailymed.08f23f6e-150d-45ea-098e-f2edf64c21a1.s.22" text="If hypotension persists, dopamine HCl should be discontinued and a more potent vasoconstrictor agent such as norepinephrine should be administered." type="negative"><entity charOffset="25:37" id="Dailymed.08f23f6e-150d-45ea-098e-f2edf64c21a1.s.22.e.0" text="dopamine hcl" type="Biomedical_Entity"><Normalization><mmtx cui="C0282151" phraseText="dopamine HCl" preferredWord="Dopamine Hydrochloride" semType="phsu, orch, nsba"/><RxNorm RxCui="82010"/></Normalization></entity><entity charOffset="109:123" id="Dailymed.08f23f6e-150d-45ea-098e-f2edf64c21a1.s.22.e.1" text="norepinephrine" type="Biomedical_Entity"><Normalization><mmtx cui="C0028351" phraseText="a more potent vasoconstrictor agent such as norepinephrine" preferredWord="Norepinephrine" semType="phsu, orch, nsba"/><RxNorm RxCui="7508"/></Normalization></entity><entity charOffset="79:94" id="Dailymed.08f23f6e-150d-45ea-098e-f2edf64c21a1.s.22.e.2" text="vasoconstrictor" type="Biomedical_Entity"><Normalization><mmtx cui="C0042397" phraseText="a more potent vasoconstrictor agent such as norepinephrine" preferredWord="Vasoconstrictor Agents" semType="phsu"/><RxNorm RxCui="11143"/></Normalization></entity><pair ddi="false" e1="Dailymed.08f23f6e-150d-45ea-098e-f2edf64c21a1.s.22.e.0" e2="Dailymed.08f23f6e-150d-45ea-098e-f2edf64c21a1.s.22.e.1"/><pair ddi="false" e1="Dailymed.08f23f6e-150d-45ea-098e-f2edf64c21a1.s.22.e.0" e2="Dailymed.08f23f6e-150d-45ea-098e-f2edf64c21a1.s.22.e.2"/><pair ddi="false" e1="Dailymed.08f23f6e-150d-45ea-098e-f2edf64c21a1.s.22.e.2" e2="Dailymed.08f23f6e-150d-45ea-098e-f2edf64c21a1.s.22.e.1"/></sentence><sentence id="Dailymed.08f23f6e-150d-45ea-098e-f2edf64c21a1.s.32" text="&lt;item&gt;Laboratory Tests: Infusion of dopamine suppresses pituitary secretion of thyroid-stimulating hormone, growth hormone, and prolactin." type="negative"><entity charOffset="128:137" id="Dailymed.08f23f6e-150d-45ea-098e-f2edf64c21a1.s.32.e.0" text="prolactin" type="Biomedical_Entity"><Normalization><mmtx cui="C0033371" phraseText="prolactin." preferredWord="Prolactin" semType="phsu, aapp, horm"/><RxNorm RxCui="1426890"/></Normalization></entity><entity charOffset="36:44" id="Dailymed.08f23f6e-150d-45ea-098e-f2edf64c21a1.s.32.e.1" text="dopamine" type="Biomedical_Entity"><Normalization><mmtx cui="C0013030" phraseText="Infusion of dopamine" preferredWord="Dopamine" semType="phsu, orch, nsba"/><RxNorm RxCui="82010"/></Normalization></entity><entity charOffset="108:122" id="Dailymed.08f23f6e-150d-45ea-098e-f2edf64c21a1.s.32.e.2" text="growth hormone" type="Biomedical_Entity"><Normalization><mmtx cui="C0037663" phraseText="growth hormone," preferredWord="Growth Hormone" semType="phsu, aapp, horm"/><RxNorm RxCui="870808"/></Normalization></entity><pair ddi="false" e1="Dailymed.08f23f6e-150d-45ea-098e-f2edf64c21a1.s.32.e.1" e2="Dailymed.08f23f6e-150d-45ea-098e-f2edf64c21a1.s.32.e.0"/><pair ddi="false" e1="Dailymed.08f23f6e-150d-45ea-098e-f2edf64c21a1.s.32.e.2" e2="Dailymed.08f23f6e-150d-45ea-098e-f2edf64c21a1.s.32.e.0"/><pair ddi="false" e1="Dailymed.08f23f6e-150d-45ea-098e-f2edf64c21a1.s.32.e.1" e2="Dailymed.08f23f6e-150d-45ea-098e-f2edf64c21a1.s.32.e.2"/></sentence><sentence id="Dailymed.08f23f6e-150d-45ea-098e-f2edf64c21a1.s.35" text="&lt;item&gt;Drug Interactions: Cyclopropane or halogenated hydrocarbon anesthetics increase cardiac autonomic irritability and may sensitize the myocardium to the action of certain intravenously administered catecholamines, such as dopamine. " type="negative"><entity charOffset="226:234" id="Dailymed.08f23f6e-150d-45ea-098e-f2edf64c21a1.s.35.e.0" text="dopamine" type="Biomedical_Entity"><Normalization><mmtx cui="C0013030" phraseText="such as dopamine." preferredWord="Dopamine" semType="phsu, orch, nsba"/><RxNorm RxCui="82010"/></Normalization></entity><entity charOffset="65:76" id="Dailymed.08f23f6e-150d-45ea-098e-f2edf64c21a1.s.35.e.1" text="anesthetics" type="Biomedical_Entity"><Normalization><mmtx cui="C0002932" phraseText="halogenated hydrocarbon anesthetics" preferredWord="Anesthetics" semType="phsu"/><RxNorm RxCui="817"/></Normalization></entity><entity charOffset="25:37" id="Dailymed.08f23f6e-150d-45ea-098e-f2edf64c21a1.s.35.e.2" text="cyclopropane" type="Biomedical_Entity"><Normalization><mmtx cui="C0010587" phraseText="Cyclopropane" preferredWord="cyclopropane" semType="phsu, orch"/><RxNorm RxCui="3004"/></Normalization></entity><entity charOffset="202:216" id="Dailymed.08f23f6e-150d-45ea-098e-f2edf64c21a1.s.35.e.3" text="catecholamines" type="Biomedical_Entity"><Normalization><mmtx cui="C0007412" phraseText="the myocardium to the action of certain intravenously administered catecholamines," preferredWord="Catecholamines" semType="phsu, nsba"/><RxNorm RxCui="2146"/></Normalization></entity><pair ddi="false" e1="Dailymed.08f23f6e-150d-45ea-098e-f2edf64c21a1.s.35.e.1" e2="Dailymed.08f23f6e-150d-45ea-098e-f2edf64c21a1.s.35.e.0"/><pair ddi="false" e1="Dailymed.08f23f6e-150d-45ea-098e-f2edf64c21a1.s.35.e.2" e2="Dailymed.08f23f6e-150d-45ea-098e-f2edf64c21a1.s.35.e.0"/><pair ddi="false" e1="Dailymed.08f23f6e-150d-45ea-098e-f2edf64c21a1.s.35.e.3" e2="Dailymed.08f23f6e-150d-45ea-098e-f2edf64c21a1.s.35.e.0"/><pair ddi="false" e1="Dailymed.08f23f6e-150d-45ea-098e-f2edf64c21a1.s.35.e.2" e2="Dailymed.08f23f6e-150d-45ea-098e-f2edf64c21a1.s.35.e.1"/><pair ddi="false" e1="Dailymed.08f23f6e-150d-45ea-098e-f2edf64c21a1.s.35.e.1" e2="Dailymed.08f23f6e-150d-45ea-098e-f2edf64c21a1.s.35.e.3"/><pair ddi="false" e1="Dailymed.08f23f6e-150d-45ea-098e-f2edf64c21a1.s.35.e.2" e2="Dailymed.08f23f6e-150d-45ea-098e-f2edf64c21a1.s.35.e.3"/></sentence><sentence id="Dailymed.08f23f6e-150d-45ea-098e-f2edf64c21a1.s.36" text="This interaction appears to be related both to pressor activity and to the -adrenergic stimulating properties of these catecholamines, and may produce ventricular arrhythmias and hypertension. " type="negative"><entity charOffset="47:54" id="Dailymed.08f23f6e-150d-45ea-098e-f2edf64c21a1.s.36.e.0" text="pressor" type="Biomedical_Entity"><Normalization><mmtx cui="C0237795" phraseText="both to pressor activity" preferredWord="Pressors" semType="phsu"/><RxNorm RxCui="203344"/></Normalization></entity><entity charOffset="119:133" id="Dailymed.08f23f6e-150d-45ea-098e-f2edf64c21a1.s.36.e.1" text="catecholamines" type="Biomedical_Entity"><Normalization><mmtx cui="C0007412" phraseText="and to the -adrenergic stimulating properties of these catecholamines," preferredWord="Catecholamines" semType="phsu, nsba"/><RxNorm RxCui="2146"/></Normalization></entity><pair ddi="false" e1="Dailymed.08f23f6e-150d-45ea-098e-f2edf64c21a1.s.36.e.0" e2="Dailymed.08f23f6e-150d-45ea-098e-f2edf64c21a1.s.36.e.1"/></sentence><sentence id="Dailymed.08f23f6e-150d-45ea-098e-f2edf64c21a1.s.37" text="Therefore, EXTREME CAUTION should be exercised when administering dopamine HCl to patients receiving cyclopropane or halogenated hydrocarbon anesthetics. " type="negative"><entity charOffset="101:113" id="Dailymed.08f23f6e-150d-45ea-098e-f2edf64c21a1.s.37.e.0" text="cyclopropane" type="Biomedical_Entity"><Normalization><mmtx cui="C0010587" phraseText="cyclopropane" preferredWord="cyclopropane" semType="phsu, orch"/><RxNorm RxCui="3004"/></Normalization></entity><entity charOffset="66:78" id="Dailymed.08f23f6e-150d-45ea-098e-f2edf64c21a1.s.37.e.1" text="dopamine hcl" type="Biomedical_Entity"><Normalization><mmtx cui="C0282151" phraseText="administering dopamine HCl to patients" preferredWord="Dopamine Hydrochloride" semType="phsu, orch, nsba"/><RxNorm RxCui="82010"/></Normalization></entity><entity charOffset="141:152" id="Dailymed.08f23f6e-150d-45ea-098e-f2edf64c21a1.s.37.e.2" text="anesthetics" type="Biomedical_Entity"><Normalization><mmtx cui="C0002932" phraseText="halogenated hydrocarbon anesthetics." preferredWord="Anesthetics" semType="phsu"/><RxNorm RxCui="817"/></Normalization></entity><pair ddi="false" e1="Dailymed.08f23f6e-150d-45ea-098e-f2edf64c21a1.s.37.e.1" e2="Dailymed.08f23f6e-150d-45ea-098e-f2edf64c21a1.s.37.e.0"/><pair ddi="false" e1="Dailymed.08f23f6e-150d-45ea-098e-f2edf64c21a1.s.37.e.0" e2="Dailymed.08f23f6e-150d-45ea-098e-f2edf64c21a1.s.37.e.2"/><pair ddi="false" e1="Dailymed.08f23f6e-150d-45ea-098e-f2edf64c21a1.s.37.e.1" e2="Dailymed.08f23f6e-150d-45ea-098e-f2edf64c21a1.s.37.e.2"/></sentence><sentence id="Dailymed.08f23f6e-150d-45ea-098e-f2edf64c21a1.s.38" text="Results of studies in animals indicate that dopamine-induced ventricular arrhythmias during anesthesia can be reversed by propranolol." type="negative"><entity charOffset="44:52" id="Dailymed.08f23f6e-150d-45ea-098e-f2edf64c21a1.s.38.e.0" text="dopamine" type="Biomedical_Entity"><Normalization><mmtx cui="C0013030" phraseText="that dopamine-induced ventricular arrhythmias during anesthesia" preferredWord="Dopamine" semType="phsu, orch, nsba"/><RxNorm RxCui="82010"/></Normalization></entity><entity charOffset="92:102" id="Dailymed.08f23f6e-150d-45ea-098e-f2edf64c21a1.s.38.e.1" text="anesthesia" type="Biomedical_Entity"><Normalization><mmtx cui="C0002932" phraseText="that dopamine-induced ventricular arrhythmias during anesthesia" preferredWord="Anesthetics" semType="phsu"/><RxNorm RxCui="239756"/></Normalization></entity><entity charOffset="122:133" id="Dailymed.08f23f6e-150d-45ea-098e-f2edf64c21a1.s.38.e.2" text="propranolol" type="Biomedical_Entity"><Normalization><mmtx cui="C0033497" phraseText="reversed by propranolol." preferredWord="Propranolol" semType="phsu, orch"/><RxNorm RxCui="82084"/></Normalization></entity><pair ddi="false" e1="Dailymed.08f23f6e-150d-45ea-098e-f2edf64c21a1.s.38.e.0" e2="Dailymed.08f23f6e-150d-45ea-098e-f2edf64c21a1.s.38.e.1"/><pair ddi="false" e1="Dailymed.08f23f6e-150d-45ea-098e-f2edf64c21a1.s.38.e.0" e2="Dailymed.08f23f6e-150d-45ea-098e-f2edf64c21a1.s.38.e.2"/><pair ddi="false" e1="Dailymed.08f23f6e-150d-45ea-098e-f2edf64c21a1.s.38.e.1" e2="Dailymed.08f23f6e-150d-45ea-098e-f2edf64c21a1.s.38.e.2"/></sentence><sentence id="Dailymed.08f23f6e-150d-45ea-098e-f2edf64c21a1.s.40" text="Patients who have been treated with MAO inhibitors within two to three weeks prior to the administration of dopamine should receive initial doses of dopamine hydrochloride no greater than one-tenth (1/10) of the usual dose." type="negative"><entity charOffset="149:171" id="Dailymed.08f23f6e-150d-45ea-098e-f2edf64c21a1.s.40.e.0" text="dopamine hydrochloride" type="Biomedical_Entity"><Normalization><mmtx cui="C0282151" phraseText="initial doses of dopamine hydrochloride" preferredWord="Dopamine Hydrochloride" semType="phsu, orch, nsba"/><RxNorm RxCui="82010"/></Normalization></entity><entity charOffset="108:116" id="Dailymed.08f23f6e-150d-45ea-098e-f2edf64c21a1.s.40.e.1" text="dopamine" type="Biomedical_Entity"><Normalization><mmtx cui="C0013030" phraseText="of dopamine" preferredWord="Dopamine" semType="phsu, orch, nsba"/><RxNorm RxCui="82010"/></Normalization></entity><entity charOffset="36:50" id="Dailymed.08f23f6e-150d-45ea-098e-f2edf64c21a1.s.40.e.2" text="mao inhibitors" type="Biomedical_Entity"><Normalization><mmtx cui="C0026457" phraseText="treated with MAO inhibitors" preferredWord="Monoamine Oxidase Inhibitors" semType="phsu, orch"/><RxNorm RxCui="7029"/></Normalization></entity><pair ddi="false" e1="Dailymed.08f23f6e-150d-45ea-098e-f2edf64c21a1.s.40.e.1" e2="Dailymed.08f23f6e-150d-45ea-098e-f2edf64c21a1.s.40.e.0"/><pair ddi="false" e1="Dailymed.08f23f6e-150d-45ea-098e-f2edf64c21a1.s.40.e.2" e2="Dailymed.08f23f6e-150d-45ea-098e-f2edf64c21a1.s.40.e.0"/><pair ddi="false" e1="Dailymed.08f23f6e-150d-45ea-098e-f2edf64c21a1.s.40.e.2" e2="Dailymed.08f23f6e-150d-45ea-098e-f2edf64c21a1.s.40.e.1"/></sentence><sentence id="Dailymed.08f23f6e-150d-45ea-098e-f2edf64c21a1.s.41" text="&lt;item&gt;Concurrent administration of low-dose dopamine HCl and diuretic agents may produce an additive or potentiating effect on urine flow." type="negative"><entity charOffset="61:69" id="Dailymed.08f23f6e-150d-45ea-098e-f2edf64c21a1.s.41.e.0" text="diuretic" type="Biomedical_Entity"><Normalization><mmtx cui="C0012798" phraseText="diuretic agents" preferredWord="Diuretics" semType="phsu"/><RxNorm RxCui="3567"/></Normalization></entity><entity charOffset="44:56" id="Dailymed.08f23f6e-150d-45ea-098e-f2edf64c21a1.s.41.e.1" text="dopamine hcl" type="Biomedical_Entity"><Normalization><mmtx cui="C0282151" phraseText="&gt;Concurrent administration of low-dose dopamine HCl" preferredWord="Dopamine Hydrochloride" semType="phsu, orch, nsba"/><RxNorm RxCui="82010"/></Normalization></entity><pair ddi="false" e1="Dailymed.08f23f6e-150d-45ea-098e-f2edf64c21a1.s.41.e.1" e2="Dailymed.08f23f6e-150d-45ea-098e-f2edf64c21a1.s.41.e.0"/></sentence><sentence id="Dailymed.08f23f6e-150d-45ea-098e-f2edf64c21a1.s.42" text="&lt;item&gt;Tricyclic antidepressants may potentiate the cardiovascular effects of adrenergic agents." type="negative"><entity charOffset="6:31" id="Dailymed.08f23f6e-150d-45ea-098e-f2edf64c21a1.s.42.e.0" text="tricyclic antidepressants" type="Biomedical_Entity"><Normalization><mmtx cui="C0003290" phraseText="&gt;Tricyclic antidepressants" preferredWord="Tricyclic Antidepressive Agents" semType="phsu"/><RxNorm RxCui="928"/></Normalization></entity><entity charOffset="51:94" id="Dailymed.08f23f6e-150d-45ea-098e-f2edf64c21a1.s.42.e.1" text="cardiovascular agents" type="Biomedical_Entity"><Normalization><mmtx cui="C0007220" phraseText="the cardiovascular effects of adrenergic agents." preferredWord="Cardiovascular Agents" semType="phsu"/><RxNorm RxCui="1021827"/></Normalization></entity><pair ddi="false" e1="Dailymed.08f23f6e-150d-45ea-098e-f2edf64c21a1.s.42.e.0" e2="Dailymed.08f23f6e-150d-45ea-098e-f2edf64c21a1.s.42.e.1"/></sentence><sentence id="Dailymed.08f23f6e-150d-45ea-098e-f2edf64c21a1.s.43" text="&lt;item&gt;Cardiac effects of dopamine are antagonized by -adrenergic blocking agents, such as propranolol and metoprolol. " type="negative"><entity charOffset="106:116" id="Dailymed.08f23f6e-150d-45ea-098e-f2edf64c21a1.s.43.e.0" text="metoprolol" type="Biomedical_Entity"><Normalization><mmtx cui="C0025859" phraseText="metoprolol." preferredWord="Metoprolol" semType="phsu, orch"/><RxNorm RxCui="6918"/></Normalization></entity><entity charOffset="90:101" id="Dailymed.08f23f6e-150d-45ea-098e-f2edf64c21a1.s.43.e.1" text="propranolol" type="Biomedical_Entity"><Normalization><mmtx cui="C0033497" phraseText="such as propranolol" preferredWord="Propranolol" semType="phsu, orch"/><RxNorm RxCui="82084"/></Normalization></entity><entity charOffset="54:80" id="Dailymed.08f23f6e-150d-45ea-098e-f2edf64c21a1.s.43.e.2" text="adrenergic blocking agents" type="Biomedical_Entity"><Normalization><mmtx cui="C0242889" phraseText="antagonized by -adrenergic blocking agents," preferredWord="Adrenergic Antagonists" semType="phsu"/><RxNorm RxCui="1430615"/></Normalization></entity><entity charOffset="25:33" id="Dailymed.08f23f6e-150d-45ea-098e-f2edf64c21a1.s.43.e.3" text="dopamine" type="Biomedical_Entity"><Normalization><mmtx cui="C0013030" phraseText="&gt;Cardiac effects of dopamine" preferredWord="Dopamine" semType="phsu, orch, nsba"/><RxNorm RxCui="82010"/></Normalization></entity><pair ddi="false" e1="Dailymed.08f23f6e-150d-45ea-098e-f2edf64c21a1.s.43.e.1" e2="Dailymed.08f23f6e-150d-45ea-098e-f2edf64c21a1.s.43.e.0"/><pair ddi="false" e1="Dailymed.08f23f6e-150d-45ea-098e-f2edf64c21a1.s.43.e.2" e2="Dailymed.08f23f6e-150d-45ea-098e-f2edf64c21a1.s.43.e.0"/><pair ddi="false" e1="Dailymed.08f23f6e-150d-45ea-098e-f2edf64c21a1.s.43.e.3" e2="Dailymed.08f23f6e-150d-45ea-098e-f2edf64c21a1.s.43.e.0"/><pair ddi="false" e1="Dailymed.08f23f6e-150d-45ea-098e-f2edf64c21a1.s.43.e.2" e2="Dailymed.08f23f6e-150d-45ea-098e-f2edf64c21a1.s.43.e.1"/><pair ddi="false" e1="Dailymed.08f23f6e-150d-45ea-098e-f2edf64c21a1.s.43.e.3" e2="Dailymed.08f23f6e-150d-45ea-098e-f2edf64c21a1.s.43.e.1"/><pair ddi="false" e1="Dailymed.08f23f6e-150d-45ea-098e-f2edf64c21a1.s.43.e.3" e2="Dailymed.08f23f6e-150d-45ea-098e-f2edf64c21a1.s.43.e.2"/></sentence><sentence id="Dailymed.08f23f6e-150d-45ea-098e-f2edf64c21a1.s.44" text="The peripheral vasoconstriction caused by high doses of dopamine HCl is antagonized by -adrenergic blocking agents. " type="negative"><entity charOffset="56:68" id="Dailymed.08f23f6e-150d-45ea-098e-f2edf64c21a1.s.44.e.0" text="dopamine hcl" type="Biomedical_Entity"><Normalization><mmtx cui="C0282151" phraseText="caused by high doses of dopamine HCl" preferredWord="Dopamine Hydrochloride" semType="phsu, orch, nsba"/><RxNorm RxCui="82010"/></Normalization></entity><entity charOffset="88:114" id="Dailymed.08f23f6e-150d-45ea-098e-f2edf64c21a1.s.44.e.1" text="adrenergic blocking agents" type="Biomedical_Entity"><Normalization><mmtx cui="C0242889" phraseText="antagonized by -adrenergic blocking agents." preferredWord="Adrenergic Antagonists" semType="phsu"/><RxNorm RxCui="1430615"/></Normalization></entity><pair ddi="false" e1="Dailymed.08f23f6e-150d-45ea-098e-f2edf64c21a1.s.44.e.0" e2="Dailymed.08f23f6e-150d-45ea-098e-f2edf64c21a1.s.44.e.1"/></sentence><sentence id="Dailymed.08f23f6e-150d-45ea-098e-f2edf64c21a1.s.45" text="Dopamine-induced renal and mesenteric vasodilation is not antagonized by either - or -adrenergic blocking agents." type="negative"><entity charOffset="0:8" id="Dailymed.08f23f6e-150d-45ea-098e-f2edf64c21a1.s.45.e.0" text="dopamine" type="Biomedical_Entity"><Normalization><mmtx cui="C0013030" phraseText="Dopamine-induced renal" preferredWord="Dopamine" semType="phsu, orch, nsba"/><RxNorm RxCui="82010"/></Normalization></entity><entity charOffset="86:112" id="Dailymed.08f23f6e-150d-45ea-098e-f2edf64c21a1.s.45.e.1" text="adrenergic blocking agents" type="Biomedical_Entity"><Normalization><mmtx cui="C0242889" phraseText="antagonized by either - or -adrenergic blocking agents." preferredWord="Adrenergic Antagonists" semType="phsu"/><RxNorm RxCui="1430615"/></Normalization></entity><pair ddi="false" e1="Dailymed.08f23f6e-150d-45ea-098e-f2edf64c21a1.s.45.e.0" e2="Dailymed.08f23f6e-150d-45ea-098e-f2edf64c21a1.s.45.e.1"/></sentence><sentence id="Dailymed.08f23f6e-150d-45ea-098e-f2edf64c21a1.s.46" text="&lt;item&gt;Butyrophenones (such as haloperidol) and phenothiazines can suppress the dopaminergic renal and mesenteric vasodilation induced with low-dose dopamine infusion." type="negative"><entity charOffset="47:61" id="Dailymed.08f23f6e-150d-45ea-098e-f2edf64c21a1.s.46.e.0" text="phenothiazines" type="Biomedical_Entity"><Normalization><mmtx cui="C0304370" phraseText="phenothiazines" preferredWord="Phenothiazine derivatives" semType="phsu, orch"/><RxNorm RxCui="1437064"/></Normalization></entity><entity charOffset="79:91" id="Dailymed.08f23f6e-150d-45ea-098e-f2edf64c21a1.s.46.e.1" text="dopaminergic" type="Biomedical_Entity"><Normalization><mmtx cui="C0282151" phraseText="the dopaminergic renal" preferredWord="Dopamine Hydrochloride" semType="phsu, orch, nsba"/><RxNorm RxCui="3631"/></Normalization></entity><entity charOffset="30:41" id="Dailymed.08f23f6e-150d-45ea-098e-f2edf64c21a1.s.46.e.2" text="haloperidol" type="Biomedical_Entity"><Normalization><mmtx cui="C0018546" phraseText="such as haloperidol" preferredWord="Haloperidol" semType="phsu, orch"/><RxNorm RxCui="26420"/></Normalization></entity><entity charOffset="148:156" id="Dailymed.08f23f6e-150d-45ea-098e-f2edf64c21a1.s.46.e.3" text="dopamine" type="Biomedical_Entity"><Normalization><mmtx cui="C0013030" phraseText="induced with low-dose dopamine infusion." preferredWord="Dopamine" semType="phsu, orch, nsba"/><RxNorm RxCui="82010"/></Normalization></entity><entity charOffset="6:20" id="Dailymed.08f23f6e-150d-45ea-098e-f2edf64c21a1.s.46.e.4" text="butyrophenones" type="Biomedical_Entity"><Normalization><mmtx cui="C0006525" phraseText="&gt;Butyrophenones" preferredWord="Butyrophenones" semType="phsu, orch"/><RxNorm RxCui="1856"/></Normalization></entity><pair ddi="false" e1="Dailymed.08f23f6e-150d-45ea-098e-f2edf64c21a1.s.46.e.0" e2="Dailymed.08f23f6e-150d-45ea-098e-f2edf64c21a1.s.46.e.1"/><pair ddi="false" e1="Dailymed.08f23f6e-150d-45ea-098e-f2edf64c21a1.s.46.e.2" e2="Dailymed.08f23f6e-150d-45ea-098e-f2edf64c21a1.s.46.e.0"/><pair ddi="false" e1="Dailymed.08f23f6e-150d-45ea-098e-f2edf64c21a1.s.46.e.0" e2="Dailymed.08f23f6e-150d-45ea-098e-f2edf64c21a1.s.46.e.3"/><pair ddi="false" e1="Dailymed.08f23f6e-150d-45ea-098e-f2edf64c21a1.s.46.e.4" e2="Dailymed.08f23f6e-150d-45ea-098e-f2edf64c21a1.s.46.e.0"/><pair ddi="false" e1="Dailymed.08f23f6e-150d-45ea-098e-f2edf64c21a1.s.46.e.2" e2="Dailymed.08f23f6e-150d-45ea-098e-f2edf64c21a1.s.46.e.1"/><pair ddi="false" e1="Dailymed.08f23f6e-150d-45ea-098e-f2edf64c21a1.s.46.e.1" e2="Dailymed.08f23f6e-150d-45ea-098e-f2edf64c21a1.s.46.e.3"/><pair ddi="false" e1="Dailymed.08f23f6e-150d-45ea-098e-f2edf64c21a1.s.46.e.4" e2="Dailymed.08f23f6e-150d-45ea-098e-f2edf64c21a1.s.46.e.1"/><pair ddi="false" e1="Dailymed.08f23f6e-150d-45ea-098e-f2edf64c21a1.s.46.e.2" e2="Dailymed.08f23f6e-150d-45ea-098e-f2edf64c21a1.s.46.e.3"/><pair ddi="false" e1="Dailymed.08f23f6e-150d-45ea-098e-f2edf64c21a1.s.46.e.4" e2="Dailymed.08f23f6e-150d-45ea-098e-f2edf64c21a1.s.46.e.2"/><pair ddi="false" e1="Dailymed.08f23f6e-150d-45ea-098e-f2edf64c21a1.s.46.e.4" e2="Dailymed.08f23f6e-150d-45ea-098e-f2edf64c21a1.s.46.e.3"/></sentence><sentence id="Dailymed.08f23f6e-150d-45ea-098e-f2edf64c21a1.s.47" text="&lt;item&gt;The concomitant use of vasopressors, vasoconstricting agents (such as ergonovine) and some oxytocic drugs may result in severe hypertension." type="negative"><entity charOffset="97:111" id="Dailymed.08f23f6e-150d-45ea-098e-f2edf64c21a1.s.47.e.0" text="oxytocic drugs" type="Biomedical_Entity"><Normalization><mmtx cui="C0030094" phraseText="some oxytocic drugs" preferredWord="Oxytocics" semType="phsu"/><RxNorm RxCui="7823"/></Normalization></entity><entity charOffset="76:86" id="Dailymed.08f23f6e-150d-45ea-098e-f2edf64c21a1.s.47.e.1" text="ergonovine" type="Biomedical_Entity"><Normalization><mmtx cui="C0014704" phraseText="such as ergonovine" preferredWord="Ergonovine" semType="phsu, orch"/><RxNorm RxCui="4021"/></Normalization></entity><entity charOffset="29:41" id="Dailymed.08f23f6e-150d-45ea-098e-f2edf64c21a1.s.47.e.2" text="vasopressors" type="Biomedical_Entity"><Normalization><mmtx cui="C0042397" phraseText="The concomitant use of vasopressors," preferredWord="Vasoconstrictor Agents" semType="phsu"/><RxNorm RxCui="1098"/></Normalization></entity><pair ddi="false" e1="Dailymed.08f23f6e-150d-45ea-098e-f2edf64c21a1.s.47.e.1" e2="Dailymed.08f23f6e-150d-45ea-098e-f2edf64c21a1.s.47.e.0"/><pair ddi="false" e1="Dailymed.08f23f6e-150d-45ea-098e-f2edf64c21a1.s.47.e.2" e2="Dailymed.08f23f6e-150d-45ea-098e-f2edf64c21a1.s.47.e.0"/><pair ddi="false" e1="Dailymed.08f23f6e-150d-45ea-098e-f2edf64c21a1.s.47.e.2" e2="Dailymed.08f23f6e-150d-45ea-098e-f2edf64c21a1.s.47.e.1"/></sentence><sentence id="Dailymed.08f23f6e-150d-45ea-098e-f2edf64c21a1.s.48" text="&lt;item&gt;Administration of phenytoin to patients receiving dopamine HCl has been reported to lead to hypotension and bradycardia. " type="negative"><entity charOffset="56:68" id="Dailymed.08f23f6e-150d-45ea-098e-f2edf64c21a1.s.48.e.0" text="dopamine hcl" type="Biomedical_Entity"><Normalization><mmtx cui="C0282151" phraseText="dopamine HCl" preferredWord="Dopamine Hydrochloride" semType="phsu, orch, nsba"/><RxNorm RxCui="82010"/></Normalization></entity><entity charOffset="24:33" id="Dailymed.08f23f6e-150d-45ea-098e-f2edf64c21a1.s.48.e.1" text="phenytoin" type="Biomedical_Entity"><Normalization><mmtx cui="C0031507" phraseText="&gt;Administration of phenytoin" preferredWord="Phenytoin" semType="phsu, orch"/><RxNorm RxCui="8183"/></Normalization></entity><pair ddi="false" e1="Dailymed.08f23f6e-150d-45ea-098e-f2edf64c21a1.s.48.e.1" e2="Dailymed.08f23f6e-150d-45ea-098e-f2edf64c21a1.s.48.e.0"/></sentence><sentence id="Dailymed.08f23f6e-150d-45ea-098e-f2edf64c21a1.s.49" text="It is suggested that in patients receiving dopamine HCl, alternatives to phenytoin should be considered if anticonvulsant therapy is needed." type="negative"><entity charOffset="73:82" id="Dailymed.08f23f6e-150d-45ea-098e-f2edf64c21a1.s.49.e.0" text="phenytoin" type="Biomedical_Entity"><Normalization><mmtx cui="C0031507" phraseText="alternatives to phenytoin" preferredWord="Phenytoin" semType="phsu, orch"/><RxNorm RxCui="8183"/></Normalization></entity><entity charOffset="43:55" id="Dailymed.08f23f6e-150d-45ea-098e-f2edf64c21a1.s.49.e.1" text="dopamine hcl" type="Biomedical_Entity"><Normalization><mmtx cui="C0282151" phraseText="dopamine HCl," preferredWord="Dopamine Hydrochloride" semType="phsu, orch, nsba"/><RxNorm RxCui="82010"/></Normalization></entity><entity charOffset="107:121" id="Dailymed.08f23f6e-150d-45ea-098e-f2edf64c21a1.s.49.e.2" text="anticonvulsant" type="Biomedical_Entity"><Normalization><mmtx cui="C0003286" phraseText="anticonvulsant therapy" preferredWord="Anticonvulsants" semType="phsu"/><RxNorm RxCui="926"/></Normalization></entity><pair ddi="false" e1="Dailymed.08f23f6e-150d-45ea-098e-f2edf64c21a1.s.49.e.1" e2="Dailymed.08f23f6e-150d-45ea-098e-f2edf64c21a1.s.49.e.0"/><pair ddi="false" e1="Dailymed.08f23f6e-150d-45ea-098e-f2edf64c21a1.s.49.e.0" e2="Dailymed.08f23f6e-150d-45ea-098e-f2edf64c21a1.s.49.e.2"/><pair ddi="false" e1="Dailymed.08f23f6e-150d-45ea-098e-f2edf64c21a1.s.49.e.1" e2="Dailymed.08f23f6e-150d-45ea-098e-f2edf64c21a1.s.49.e.2"/></sentence><sentence id="Dailymed.08f23f6e-150d-45ea-098e-f2edf64c21a1.s.53" text="In the L5178Y TK+/- mouse lymphoma assay, dopamine HCl at the highest concentrations used of 750 g/mL without metabolic activation, and 3000 g/mL with activation, was toxic and associated with increases in mutant frequencies when compared to untreated and solvent controls, at the lower concentrations no increases over controls were noted." type="negative"><entity charOffset="136:145" id="Dailymed.08f23f6e-150d-45ea-098e-f2edf64c21a1.s.53.e.0" text="3000 ml" type="Biomedical_Entity"><Normalization><mmtx cui="C0256498" phraseText="3000 g/mL with activation," preferredWord="ML-3000" semType="phsu, orch"/><RxNorm RxCui="NA"/></Normalization></entity><entity charOffset="42:54" id="Dailymed.08f23f6e-150d-45ea-098e-f2edf64c21a1.s.53.e.1" text="dopamine hcl" type="Biomedical_Entity"><Normalization><mmtx cui="C0282151" phraseText="dopamine HCl at the highest concentrations" preferredWord="Dopamine Hydrochloride" semType="phsu, orch, nsba"/><RxNorm RxCui="82010"/></Normalization></entity><pair ddi="false" e1="Dailymed.08f23f6e-150d-45ea-098e-f2edf64c21a1.s.53.e.1" e2="Dailymed.08f23f6e-150d-45ea-098e-f2edf64c21a1.s.53.e.0"/></sentence><sentence id="Dailymed.08f23f6e-150d-45ea-098e-f2edf64c21a1.s.60" text="&lt;item&gt;Labor and Delivery: In obstetrics, if vasopressor drugs are used to correct hypotension or are added to a local anesthetic solution the interaction with some oxytocic drugs may cause severe hypertension." type="negative"><entity charOffset="112:128" id="Dailymed.08f23f6e-150d-45ea-098e-f2edf64c21a1.s.60.e.0" text="local anesthetic" type="Biomedical_Entity"><Normalization><mmtx cui="C3536836" phraseText="added to a local anesthetic solution" preferredWord="Local Anesthetic [EPC]" semType="phsu"/><RxNorm RxCui="992023"/></Normalization></entity><entity charOffset="44:55" id="Dailymed.08f23f6e-150d-45ea-098e-f2edf64c21a1.s.60.e.1" text="vasopressor" type="Biomedical_Entity"><Normalization><mmtx cui="C0042397" phraseText="vasopressor drugs" preferredWord="Vasoconstrictor Agents" semType="phsu"/><RxNorm RxCui="1098"/></Normalization></entity><entity charOffset="164:178" id="Dailymed.08f23f6e-150d-45ea-098e-f2edf64c21a1.s.60.e.2" text="oxytocic drugs" type="Biomedical_Entity"><Normalization><mmtx cui="C0030094" phraseText="the interaction with some oxytocic drugs" preferredWord="Oxytocics" semType="phsu"/><RxNorm RxCui="7823"/></Normalization></entity><pair ddi="false" e1="Dailymed.08f23f6e-150d-45ea-098e-f2edf64c21a1.s.60.e.1" e2="Dailymed.08f23f6e-150d-45ea-098e-f2edf64c21a1.s.60.e.0"/><pair ddi="false" e1="Dailymed.08f23f6e-150d-45ea-098e-f2edf64c21a1.s.60.e.0" e2="Dailymed.08f23f6e-150d-45ea-098e-f2edf64c21a1.s.60.e.2"/><pair ddi="false" e1="Dailymed.08f23f6e-150d-45ea-098e-f2edf64c21a1.s.60.e.1" e2="Dailymed.08f23f6e-150d-45ea-098e-f2edf64c21a1.s.60.e.2"/></sentence><positiveExamples number="0"/><negativeExamples number="63"/></document>