<?xml version="1.0" encoding="UTF-8" standalone="no"?><document setID="0a4b5599-eded-4f96-8a0b-09bf114efd3b"><labelDrug name="Moexipril hydrochloride"><Normalization/></labelDrug><generic name="Moexipril hydrochloride"/><sentence id="Dailymed.0a4b5599-eded-4f96-8a0b-09bf114efd3b.s.2" text="Moexipril Hydrochloride Tablets, the hydrochloride salt of moexipril, have the empirical formula C27H34N2O7-HCl and a molecular weight of 535.04." type="negative"><entity charOffset="59:68" id="Dailymed.0a4b5599-eded-4f96-8a0b-09bf114efd3b.s.2.e.0" text="moexipril" type="Biomedical_Entity"><Normalization><mmtx cui="C0066685" phraseText="the hydrochloride salt of moexipril," preferredWord="moexipril" semType="phsu, orch"/><RxNorm RxCui="236066"/></Normalization></entity><entity charOffset="0:23" id="Dailymed.0a4b5599-eded-4f96-8a0b-09bf114efd3b.s.2.e.1" text="moexipril hydrochloride" type="Biomedical_Entity"><Normalization><mmtx cui="C0771294" phraseText="Moexipril Hydrochloride Tablets," preferredWord="Moexipril hydrochloride" semType="phsu, orch"/><RxNorm RxCui="236066"/></Normalization></entity><entity charOffset="37:68" id="Dailymed.0a4b5599-eded-4f96-8a0b-09bf114efd3b.s.2.e.2" text="hydrochloride moexipril" type="Biomedical_Entity"><Normalization><mmtx cui="C0771294" phraseText="the hydrochloride salt of moexipril," preferredWord="Moexipril hydrochloride" semType="phsu, orch"/><RxNorm RxCui="1306114"/></Normalization></entity><entity charOffset="37:55" id="Dailymed.0a4b5599-eded-4f96-8a0b-09bf114efd3b.s.2.e.3" text="hydrochloride salt" type="Biomedical_Entity"><Normalization><mmtx cui="C1512523" phraseText="the hydrochloride salt of moexipril," preferredWord="hydrochloride" semType="inch, phsu"/><RxNorm RxCui="1306114"/></Normalization></entity><pair ddi="false" e1="Dailymed.0a4b5599-eded-4f96-8a0b-09bf114efd3b.s.2.e.1" e2="Dailymed.0a4b5599-eded-4f96-8a0b-09bf114efd3b.s.2.e.0"/><pair ddi="false" e1="Dailymed.0a4b5599-eded-4f96-8a0b-09bf114efd3b.s.2.e.2" e2="Dailymed.0a4b5599-eded-4f96-8a0b-09bf114efd3b.s.2.e.0"/><pair ddi="false" e1="Dailymed.0a4b5599-eded-4f96-8a0b-09bf114efd3b.s.2.e.3" e2="Dailymed.0a4b5599-eded-4f96-8a0b-09bf114efd3b.s.2.e.0"/><pair ddi="false" e1="Dailymed.0a4b5599-eded-4f96-8a0b-09bf114efd3b.s.2.e.1" e2="Dailymed.0a4b5599-eded-4f96-8a0b-09bf114efd3b.s.2.e.3"/><pair ddi="false" e1="Dailymed.0a4b5599-eded-4f96-8a0b-09bf114efd3b.s.2.e.3" e2="Dailymed.0a4b5599-eded-4f96-8a0b-09bf114efd3b.s.2.e.2"/></sentence><sentence id="Dailymed.0a4b5599-eded-4f96-8a0b-09bf114efd3b.s.4" text="Moexipril Hydrochloride Tablets are contraindicated in patients who are hypersensitive to this product and in patients with a history of angioedema related to previous treatment with an ACE inhibitor." type="negative"><entity charOffset="0:23" id="Dailymed.0a4b5599-eded-4f96-8a0b-09bf114efd3b.s.4.e.0" text="moexipril hydrochloride" type="Biomedical_Entity"><Normalization><mmtx cui="C0771294" phraseText="Moexipril Hydrochloride Tablets" preferredWord="Moexipril hydrochloride" semType="phsu, orch"/><RxNorm RxCui="236066"/></Normalization></entity><entity charOffset="186:199" id="Dailymed.0a4b5599-eded-4f96-8a0b-09bf114efd3b.s.4.e.1" text="ace inhibitor" type="Biomedical_Entity"><Normalization><mmtx cui="C0003015" phraseText="with an ACE inhibitor." preferredWord="Angiotensin-Converting Enzyme Inhibitors" semType="phsu"/><RxNorm RxCui="221294"/></Normalization></entity><pair ddi="false" e1="Dailymed.0a4b5599-eded-4f96-8a0b-09bf114efd3b.s.4.e.0" e2="Dailymed.0a4b5599-eded-4f96-8a0b-09bf114efd3b.s.4.e.1"/></sentence><sentence id="Dailymed.0a4b5599-eded-4f96-8a0b-09bf114efd3b.s.7" text="Presumably because angiotensin-converting enzyme inhibitors affect the metabolism of eicosanoids and polypeptides, including endogenous bradykinin, patients receiving ACE inhibitors, including moexipril, may be subject to a variety of adverse reactions, some of them serious." type="negative"><entity charOffset="19:59" id="Dailymed.0a4b5599-eded-4f96-8a0b-09bf114efd3b.s.7.e.0" text="angiotensin-converting enzyme inhibitors" type="Biomedical_Entity"><Normalization><mmtx cui="C0003015" phraseText="angiotensin-converting enzyme inhibitors" preferredWord="Angiotensin-Converting Enzyme Inhibitors" semType="phsu"/><RxNorm RxCui="6162"/></Normalization></entity><entity charOffset="167:181" id="Dailymed.0a4b5599-eded-4f96-8a0b-09bf114efd3b.s.7.e.1" text="ace inhibitors" type="Biomedical_Entity"><Normalization><mmtx cui="C0003015" phraseText="ACE inhibitors," preferredWord="Angiotensin-Converting Enzyme Inhibitors" semType="phsu"/><RxNorm RxCui="221294"/></Normalization></entity><entity charOffset="193:202" id="Dailymed.0a4b5599-eded-4f96-8a0b-09bf114efd3b.s.7.e.2" text="moexipril" type="Biomedical_Entity"><Normalization><mmtx cui="C0066685" phraseText="moexipril," preferredWord="moexipril" semType="phsu, orch"/><RxNorm RxCui="236066"/></Normalization></entity><pair ddi="false" e1="Dailymed.0a4b5599-eded-4f96-8a0b-09bf114efd3b.s.7.e.0" e2="Dailymed.0a4b5599-eded-4f96-8a0b-09bf114efd3b.s.7.e.2"/><pair ddi="false" e1="Dailymed.0a4b5599-eded-4f96-8a0b-09bf114efd3b.s.7.e.1" e2="Dailymed.0a4b5599-eded-4f96-8a0b-09bf114efd3b.s.7.e.2"/></sentence><sentence id="Dailymed.0a4b5599-eded-4f96-8a0b-09bf114efd3b.s.9" text="Angioedema involving the face, extremities, lips, tongue, glottis, and/or larynx has been reported in patients treated with ACE inhibitors, including moexipril. " type="negative"><entity charOffset="150:159" id="Dailymed.0a4b5599-eded-4f96-8a0b-09bf114efd3b.s.9.e.0" text="moexipril" type="Biomedical_Entity"><Normalization><mmtx cui="C0066685" phraseText="moexipril." preferredWord="moexipril" semType="phsu, orch"/><RxNorm RxCui="236066"/></Normalization></entity><entity charOffset="124:138" id="Dailymed.0a4b5599-eded-4f96-8a0b-09bf114efd3b.s.9.e.1" text="ace inhibitors" type="Biomedical_Entity"><Normalization><mmtx cui="C0003015" phraseText="treated with ACE inhibitors," preferredWord="Angiotensin-Converting Enzyme Inhibitors" semType="phsu"/><RxNorm RxCui="221294"/></Normalization></entity><pair ddi="false" e1="Dailymed.0a4b5599-eded-4f96-8a0b-09bf114efd3b.s.9.e.1" e2="Dailymed.0a4b5599-eded-4f96-8a0b-09bf114efd3b.s.9.e.0"/></sentence><sentence id="Dailymed.0a4b5599-eded-4f96-8a0b-09bf114efd3b.s.22" text="The angioedema was diagnosed by procedures including abdominal CT scan or ultrasound, or at surgery, and symptoms resolved after stopping the ACE inhibitor. " type="negative"><entity charOffset="129:137" id="Dailymed.0a4b5599-eded-4f96-8a0b-09bf114efd3b.s.22.e.0" text="stopping" type="Biomedical_Entity"><Normalization><mmtx cui="C0723457" phraseText="resolved after stopping" preferredWord="Stop brand of fluoride" semType="inch, phsu"/><RxNorm RxCui="220037"/></Normalization></entity><entity charOffset="142:155" id="Dailymed.0a4b5599-eded-4f96-8a0b-09bf114efd3b.s.22.e.1" text="ace inhibitor" type="Biomedical_Entity"><Normalization><mmtx cui="C0003015" phraseText="the ACE inhibitor." preferredWord="Angiotensin-Converting Enzyme Inhibitors" semType="phsu"/><RxNorm RxCui="221294"/></Normalization></entity><pair ddi="false" e1="Dailymed.0a4b5599-eded-4f96-8a0b-09bf114efd3b.s.22.e.0" e2="Dailymed.0a4b5599-eded-4f96-8a0b-09bf114efd3b.s.22.e.1"/></sentence><sentence biomedicalEntities="2" id="Dailymed.0a4b5599-eded-4f96-8a0b-09bf114efd3b.s.25" lineNumber="29" text="Two patients undergoing desensitizing treatment with hymenoptera venom while receiving ACE inhibitors sustained life-threatening anaphylactoid reactions. " type="regular"><entity charOffset="87:101" id="Dailymed.0a4b5599-eded-4f96-8a0b-09bf114efd3b.s.25.e.0" text="ACE inhibitors" type="Drug_Class"><Normalization><mmtx cui="C0003015" phraseText="receiving ACE inhibitors" preferredWord="Angiotensin-Converting Enzyme Inhibitors" semType="phsu"/><RxNorm RxCui="221294"/></Normalization></entity><entity charOffset="129:152" id="Dailymed.0a4b5599-eded-4f96-8a0b-09bf114efd3b.s.25.e.1" text="anaphylactoid reactions" type="Specific_Interaction"/><entity charOffset="0:12" id="Dailymed.0a4b5599-eded-4f96-8a0b-09bf114efd3b.s.25.e.3" text="Two patients" type="SPAN"/><entity charOffset="53:70" id="Dailymed.0a4b5599-eded-4f96-8a0b-09bf114efd3b.s.25.e.4" text="hymenoptera venom" type="Substance"><Normalization><mmtx cui="C1290000" phraseText="desensitizing treatment with hymenoptera venom" preferredWord="Hymenoptera venom" semType="phsu"/><RxNorm RxCui="390053"/></Normalization></entity><entity charOffset="112:128" id="Dailymed.0a4b5599-eded-4f96-8a0b-09bf114efd3b.s.25.e.5" text="life-threatening" type="SPAN"/><drugInteraction id="Dailymed.0a4b5599-eded-4f96-8a0b-09bf114efd3b.s.25.ddi.1"><interaction trigger="Dailymed.0a4b5599-eded-4f96-8a0b-09bf114efd3b.s.25.e.1"><relations><relation type="hasSeverity"><entity id="Dailymed.0a4b5599-eded-4f96-8a0b-09bf114efd3b.s.25.e.5"/></relation><relation type="hasEvidence"><entity id="Dailymed.0a4b5599-eded-4f96-8a0b-09bf114efd3b.s.25.e.3"/></relation><relation type="hasPrecipitant"><entity id="Dailymed.0a4b5599-eded-4f96-8a0b-09bf114efd3b.s.25.e.4"/></relation><relation type="hasObject"><entity id="Dailymed.0a4b5599-eded-4f96-8a0b-09bf114efd3b.s.25.e.0"/></relation></relations></interaction></drugInteraction><pair ddi="true" e1="Dailymed.0a4b5599-eded-4f96-8a0b-09bf114efd3b.s.25.e.4" e2="Dailymed.0a4b5599-eded-4f96-8a0b-09bf114efd3b.s.25.e.0" evidence="Dailymed.0a4b5599-eded-4f96-8a0b-09bf114efd3b.s.25.e.3" severity="Dailymed.0a4b5599-eded-4f96-8a0b-09bf114efd3b.s.25.e.5" trigger="Dailymed.0a4b5599-eded-4f96-8a0b-09bf114efd3b.s.25.e.1" type="Specific_Interaction"/></sentence><sentence id="Dailymed.0a4b5599-eded-4f96-8a0b-09bf114efd3b.s.31" text="Moexipril can cause symptomatic hypotension, although, as with other ACE inhibitors, this is unusual in uncomplicated hypertensive patients treated with moexipril alone. " type="negative"><entity charOffset="69:83" id="Dailymed.0a4b5599-eded-4f96-8a0b-09bf114efd3b.s.31.e.0" text="ace inhibitors" type="Biomedical_Entity"><Normalization><mmtx cui="C0003015" phraseText="as with other ACE inhibitors," preferredWord="Angiotensin-Converting Enzyme Inhibitors" semType="phsu"/><RxNorm RxCui="221294"/></Normalization></entity><entity charOffset="153:162" id="Dailymed.0a4b5599-eded-4f96-8a0b-09bf114efd3b.s.31.e.1" text="moexipril" type="Biomedical_Entity"><Normalization><mmtx cui="C0066685" phraseText="treated with moexipril" preferredWord="moexipril" semType="phsu, orch"/><RxNorm RxCui="236066"/></Normalization></entity><entity charOffset="0:9" id="Dailymed.0a4b5599-eded-4f96-8a0b-09bf114efd3b.s.31.e.2" text="moexipril" type="Biomedical_Entity"><Normalization><mmtx cui="C0066685" phraseText="Moexipril" preferredWord="moexipril" semType="phsu, orch"/><RxNorm RxCui="236066"/></Normalization></entity><pair ddi="false" e1="Dailymed.0a4b5599-eded-4f96-8a0b-09bf114efd3b.s.31.e.0" e2="Dailymed.0a4b5599-eded-4f96-8a0b-09bf114efd3b.s.31.e.1"/><pair ddi="false" e1="Dailymed.0a4b5599-eded-4f96-8a0b-09bf114efd3b.s.31.e.2" e2="Dailymed.0a4b5599-eded-4f96-8a0b-09bf114efd3b.s.31.e.0"/></sentence><sentence id="Dailymed.0a4b5599-eded-4f96-8a0b-09bf114efd3b.s.34" text="Volume- and salt-depletion should be corrected and, in general, diuretics stopped, before initiating therapy with moexipril (see PRECAUTIONS, Drug Interactions, and ADVERSE REACTIONS)." type="negative"><entity charOffset="64:73" id="Dailymed.0a4b5599-eded-4f96-8a0b-09bf114efd3b.s.34.e.0" text="diuretics" type="Biomedical_Entity"><Normalization><mmtx cui="C0012798" phraseText="in general, diuretics" preferredWord="Diuretics" semType="phsu"/><RxNorm RxCui="3567"/></Normalization></entity><entity charOffset="114:123" id="Dailymed.0a4b5599-eded-4f96-8a0b-09bf114efd3b.s.34.e.1" text="moexipril" type="Biomedical_Entity"><Normalization><mmtx cui="C0066685" phraseText="initiating therapy with moexipril" preferredWord="moexipril" semType="phsu, orch"/><RxNorm RxCui="236066"/></Normalization></entity><pair ddi="false" e1="Dailymed.0a4b5599-eded-4f96-8a0b-09bf114efd3b.s.34.e.0" e2="Dailymed.0a4b5599-eded-4f96-8a0b-09bf114efd3b.s.34.e.1"/></sentence><sentence id="Dailymed.0a4b5599-eded-4f96-8a0b-09bf114efd3b.s.36" text="In these patients, moexipril therapy should be started under close medical supervision, and patients should be followed closely for the first two weeks of treatment and whenever the dose of moexipril or an accompanying diuretic is increased. " type="negative"><entity charOffset="219:227" id="Dailymed.0a4b5599-eded-4f96-8a0b-09bf114efd3b.s.36.e.0" text="diuretic" type="Biomedical_Entity"><Normalization><mmtx cui="C0012798" phraseText="an accompanying diuretic" preferredWord="Diuretics" semType="phsu"/><RxNorm RxCui="3567"/></Normalization></entity><entity charOffset="19:28" id="Dailymed.0a4b5599-eded-4f96-8a0b-09bf114efd3b.s.36.e.1" text="moexipril" type="Biomedical_Entity"><Normalization><mmtx cui="C0066685" phraseText="moexipril therapy" preferredWord="moexipril" semType="phsu, orch"/><RxNorm RxCui="236066"/></Normalization></entity><entity charOffset="190:199" id="Dailymed.0a4b5599-eded-4f96-8a0b-09bf114efd3b.s.36.e.2" text="moexipril" type="Biomedical_Entity"><Normalization><mmtx cui="C0066685" phraseText="the dose of moexipril" preferredWord="moexipril" semType="phsu, orch"/><RxNorm RxCui="236066"/></Normalization></entity><pair ddi="false" e1="Dailymed.0a4b5599-eded-4f96-8a0b-09bf114efd3b.s.36.e.1" e2="Dailymed.0a4b5599-eded-4f96-8a0b-09bf114efd3b.s.36.e.0"/><pair ddi="false" e1="Dailymed.0a4b5599-eded-4f96-8a0b-09bf114efd3b.s.36.e.2" e2="Dailymed.0a4b5599-eded-4f96-8a0b-09bf114efd3b.s.36.e.0"/></sentence><sentence id="Dailymed.0a4b5599-eded-4f96-8a0b-09bf114efd3b.s.41" text="Another ACE inhibitor, captopril, has been shown to cause agranulocytosis and bone marrow depression, rarely in patients with uncomplicated hypertension, but more frequently in hypertensive patients with renal impairment, especially if they also have a collagen-vascular disease such as systemic lupus erythematosus or scleroderma. " type="negative"><entity charOffset="8:21" id="Dailymed.0a4b5599-eded-4f96-8a0b-09bf114efd3b.s.41.e.0" text="ace inhibitor" type="Biomedical_Entity"><Normalization><mmtx cui="C0003015" phraseText="Another ACE inhibitor," preferredWord="Angiotensin-Converting Enzyme Inhibitors" semType="phsu"/><RxNorm RxCui="221294"/></Normalization></entity><entity charOffset="23:32" id="Dailymed.0a4b5599-eded-4f96-8a0b-09bf114efd3b.s.41.e.1" text="captopril" type="Biomedical_Entity"><Normalization><mmtx cui="C0006938" phraseText="captopril," preferredWord="Captopril" semType="phsu, aapp"/><RxNorm RxCui="1998"/></Normalization></entity><pair ddi="false" e1="Dailymed.0a4b5599-eded-4f96-8a0b-09bf114efd3b.s.41.e.0" e2="Dailymed.0a4b5599-eded-4f96-8a0b-09bf114efd3b.s.41.e.1"/></sentence><sentence id="Dailymed.0a4b5599-eded-4f96-8a0b-09bf114efd3b.s.42" text="Although there were no instances of severe neutropenia (absolute neutrophil count &lt;500/mm3) among patients given moexipril, as with other ACE inhibitors, monitoring of white blood cell counts should be considered for patients who have collagen-vascular disease, especially if the disease is associated with impaired renal function. " type="negative"><entity charOffset="138:152" id="Dailymed.0a4b5599-eded-4f96-8a0b-09bf114efd3b.s.42.e.0" text="ace inhibitors" type="Biomedical_Entity"><Normalization><mmtx cui="C0003015" phraseText="as with other ACE inhibitors," preferredWord="Angiotensin-Converting Enzyme Inhibitors" semType="phsu"/><RxNorm RxCui="221294"/></Normalization></entity><entity charOffset="113:122" id="Dailymed.0a4b5599-eded-4f96-8a0b-09bf114efd3b.s.42.e.1" text="moexipril" type="Biomedical_Entity"><Normalization><mmtx cui="C0066685" phraseText="moexipril," preferredWord="moexipril" semType="phsu, orch"/><RxNorm RxCui="236066"/></Normalization></entity><pair ddi="false" e1="Dailymed.0a4b5599-eded-4f96-8a0b-09bf114efd3b.s.42.e.1" e2="Dailymed.0a4b5599-eded-4f96-8a0b-09bf114efd3b.s.42.e.0"/></sentence><sentence id="Dailymed.0a4b5599-eded-4f96-8a0b-09bf114efd3b.s.43" text="Available data from clinical trials of moexipril are insufficient to show that moexipril does not cause agranulocytosis at rates similar to captopril." type="negative"><entity charOffset="140:149" id="Dailymed.0a4b5599-eded-4f96-8a0b-09bf114efd3b.s.43.e.0" text="captopril" type="Biomedical_Entity"><Normalization><mmtx cui="C0006938" phraseText="similar to captopril." preferredWord="Captopril" semType="phsu, aapp"/><RxNorm RxCui="1998"/></Normalization></entity><entity charOffset="39:48" id="Dailymed.0a4b5599-eded-4f96-8a0b-09bf114efd3b.s.43.e.1" text="moexipril" type="Biomedical_Entity"><Normalization><mmtx cui="C0066685" phraseText="Available data from clinical trials of moexipril" preferredWord="moexipril" semType="phsu, orch"/><RxNorm RxCui="236066"/></Normalization></entity><entity charOffset="79:88" id="Dailymed.0a4b5599-eded-4f96-8a0b-09bf114efd3b.s.43.e.2" text="moexipril" type="Biomedical_Entity"><Normalization><mmtx cui="C0066685" phraseText="that moexipril" preferredWord="moexipril" semType="phsu, orch"/><RxNorm RxCui="236066"/></Normalization></entity><pair ddi="false" e1="Dailymed.0a4b5599-eded-4f96-8a0b-09bf114efd3b.s.43.e.1" e2="Dailymed.0a4b5599-eded-4f96-8a0b-09bf114efd3b.s.43.e.0"/><pair ddi="false" e1="Dailymed.0a4b5599-eded-4f96-8a0b-09bf114efd3b.s.43.e.2" e2="Dailymed.0a4b5599-eded-4f96-8a0b-09bf114efd3b.s.43.e.0"/></sentence><sentence id="Dailymed.0a4b5599-eded-4f96-8a0b-09bf114efd3b.s.53" text="Mothers who have used ACE inhibitors only during the first trimester should be informed of this. " type="negative"><entity charOffset="22:36" id="Dailymed.0a4b5599-eded-4f96-8a0b-09bf114efd3b.s.53.e.0" text="ace inhibitors" type="Biomedical_Entity"><Normalization><mmtx cui="C0003015" phraseText="used ACE inhibitors only during the first trimester" preferredWord="Angiotensin-Converting Enzyme Inhibitors" semType="phsu"/><RxNorm RxCui="221294"/></Normalization></entity><entity charOffset="79:87" id="Dailymed.0a4b5599-eded-4f96-8a0b-09bf114efd3b.s.53.e.1" text="informed" type="Biomedical_Entity"><Normalization><mmtx cui="C0537670" phraseText="informed of this." preferredWord="Oprelvekin" semType="phsu, aapp, imft"/><RxNorm RxCui="217731"/></Normalization></entity><pair ddi="false" e1="Dailymed.0a4b5599-eded-4f96-8a0b-09bf114efd3b.s.53.e.0" e2="Dailymed.0a4b5599-eded-4f96-8a0b-09bf114efd3b.s.53.e.1"/></sentence><sentence id="Dailymed.0a4b5599-eded-4f96-8a0b-09bf114efd3b.s.72" text="As a consequence of inhibition of the renin-angiotensin-aldosterone system, changes in renal function may be anticipated in susceptible individuals. " type="negative"><entity charOffset="44:55" id="Dailymed.0a4b5599-eded-4f96-8a0b-09bf114efd3b.s.72.e.0" text="angiotensin" type="Biomedical_Entity"><Normalization><mmtx cui="C0003018" phraseText="of the renin-angiotensin-aldosterone system," preferredWord="Angiotensins" semType="bacs, phsu, aapp"/><RxNorm RxCui="839"/></Normalization></entity><entity charOffset="56:67" id="Dailymed.0a4b5599-eded-4f96-8a0b-09bf114efd3b.s.72.e.1" text="aldosterone" type="Biomedical_Entity"><Normalization><mmtx cui="C0002006" phraseText="of the renin-angiotensin-aldosterone system," preferredWord="Aldosterone" semType="strd, phsu, horm"/><RxNorm RxCui="1312358"/></Normalization></entity><pair ddi="false" e1="Dailymed.0a4b5599-eded-4f96-8a0b-09bf114efd3b.s.72.e.0" e2="Dailymed.0a4b5599-eded-4f96-8a0b-09bf114efd3b.s.72.e.1"/></sentence><sentence biomedicalEntities="2" id="Dailymed.0a4b5599-eded-4f96-8a0b-09bf114efd3b.s.74" lineNumber="75" text="Some hypertensive patients with no apparent preexisting renal vascular disease have developed increases in blood urea nitrogen and serum creatinine, usually minor and transient, especially when moexipril has been given concomitantly with a thiazide diuretic. " type="regular"><entity charOffset="240:257" id="Dailymed.0a4b5599-eded-4f96-8a0b-09bf114efd3b.s.74.e.0" text="thiazide diuretic" type="Drug_Class"><Normalization><mmtx cui="C0012802" phraseText="concomitantly with a thiazide diuretic." preferredWord="Thiazide Diuretics" semType="phsu, orch"/><mmtx cui="C3536861" phraseText="concomitantly with a thiazide diuretic." preferredWord="Thiazide Diuretic [EPC]" semType="phsu"/><RxNorm RxCui="141801"/></Normalization></entity><entity charOffset="194:203" id="Dailymed.0a4b5599-eded-4f96-8a0b-09bf114efd3b.s.74.e.1" text="moexipril" type="Drug"><Normalization><mmtx cui="C0066685" phraseText="moexipril" preferredWord="moexipril" semType="phsu, orch"/><RxNorm RxCui="236066"/></Normalization></entity><entity charOffset="94:126" id="Dailymed.0a4b5599-eded-4f96-8a0b-09bf114efd3b.s.74.e.2" text="increases in blood urea nitrogen" type="Specific_Interaction"/><entity charOffset="94:106|131:147" id="Dailymed.0a4b5599-eded-4f96-8a0b-09bf114efd3b.s.74.e.4" text="increases in serum creatinine" type="Specific_Interaction"/><entity charOffset="5:26" id="Dailymed.0a4b5599-eded-4f96-8a0b-09bf114efd3b.s.74.e.6" text="hypertensive patients" type="SPAN"/><entity charOffset="94:147" id="Dailymed.0a4b5599-eded-4f96-8a0b-09bf114efd3b.s.74.e.7" text="increases in blood urea nitrogen and serum creatinine" type="SPAN"/><drugInteraction id="Dailymed.0a4b5599-eded-4f96-8a0b-09bf114efd3b.s.74.ddi.1"><interaction trigger="Dailymed.0a4b5599-eded-4f96-8a0b-09bf114efd3b.s.74.e.2"><relations><relation type="hasPrecipitant"><entity id="Dailymed.0a4b5599-eded-4f96-8a0b-09bf114efd3b.s.74.e.0"/></relation><relation type="hasObject"><entity id="Dailymed.0a4b5599-eded-4f96-8a0b-09bf114efd3b.s.74.e.1"/></relation><relation type="hasContext"><entity id="Dailymed.0a4b5599-eded-4f96-8a0b-09bf114efd3b.s.74.e.6"/></relation></relations></interaction></drugInteraction><drugInteraction id="Dailymed.0a4b5599-eded-4f96-8a0b-09bf114efd3b.s.74.ddi.2"><interaction trigger="Dailymed.0a4b5599-eded-4f96-8a0b-09bf114efd3b.s.74.e.4"><relations><relation type="hasPrecipitant"><entity id="Dailymed.0a4b5599-eded-4f96-8a0b-09bf114efd3b.s.74.e.0"/></relation><relation type="hasObject"><entity id="Dailymed.0a4b5599-eded-4f96-8a0b-09bf114efd3b.s.74.e.1"/></relation><relation type="hasContext"><entity id="Dailymed.0a4b5599-eded-4f96-8a0b-09bf114efd3b.s.74.e.6"/></relation></relations></interaction></drugInteraction><pair context="Dailymed.0a4b5599-eded-4f96-8a0b-09bf114efd3b.s.74.e.6" ddi="true" e1="Dailymed.0a4b5599-eded-4f96-8a0b-09bf114efd3b.s.74.e.1" e2="Dailymed.0a4b5599-eded-4f96-8a0b-09bf114efd3b.s.74.e.0" trigger="Dailymed.0a4b5599-eded-4f96-8a0b-09bf114efd3b.s.74.e.2" type="Specific_Interaction"/></sentence><sentence biomedicalEntities="0" id="Dailymed.0a4b5599-eded-4f96-8a0b-09bf114efd3b.s.75" lineNumber="75" text="This is more likely to occur in patients with preexisting renal impairment. " type="irregular"><anaphoraRelation><antecedentSentence ID="Dailymed.0a4b5599-eded-4f96-8a0b-09bf114efd3b.s.74" Text="Some hypertensive patients with no apparent preexisting renal vascular disease have developed increases in blood urea nitrogen and serum creatinine, usually minor and transient, especially when moexipril has been given concomitantly with a thiazide diuretic. "/><anaphoraEntity charOffset="0:4" id="Dailymed.0a4b5599-eded-4f96-8a0b-09bf114efd3b.s.75.e.0" text="This" type="Expression"/><antecedentEntity charOffset="94:147" id="Dailymed.0a4b5599-eded-4f96-8a0b-09bf114efd3b.s.74.e.4" text="increases in serum creatinine" type="Specific_Interaction"/></anaphoraRelation><anaphoraRelation><antecedentSentence ID="Dailymed.0a4b5599-eded-4f96-8a0b-09bf114efd3b.s.74" Text="Some hypertensive patients with no apparent preexisting renal vascular disease have developed increases in blood urea nitrogen and serum creatinine, usually minor and transient, especially when moexipril has been given concomitantly with a thiazide diuretic. "/><anaphoraEntity charOffset="0:4" id="Dailymed.0a4b5599-eded-4f96-8a0b-09bf114efd3b.s.75.e.0" text="This" type="Expression"/><antecedentEntity charOffset="94:147" id="Dailymed.0a4b5599-eded-4f96-8a0b-09bf114efd3b.s.74.e.7" text="increases in blood urea nitrogen and serum creatinine" type="SPAN"/></anaphoraRelation><entity charOffset="0:4" id="Dailymed.0a4b5599-eded-4f96-8a0b-09bf114efd3b.s.75.e.1" text="This" type="Specific_Interaction"/><entity charOffset="58:74" id="Dailymed.0a4b5599-eded-4f96-8a0b-09bf114efd3b.s.75.e.4" text="renal impairment" type="SPAN"><Normalization><mmtx cui="C0035078" phraseText="with preexisting renal impairment." preferredWord="Kidney Failure" semType="dsyn"/><mmtx cui="C0341697" phraseText="with preexisting renal impairment." preferredWord="Renal impairment" semType="dsyn"/></Normalization></entity><drugInteraction id="Dailymed.0a4b5599-eded-4f96-8a0b-09bf114efd3b.s.75.ddi.1"><interaction trigger="Dailymed.0a4b5599-eded-4f96-8a0b-09bf114efd3b.s.75.e.1"><relations><relation type="hasPrecipitant"><ellipsisSentence id="Dailymed.0a4b5599-eded-4f96-8a0b-09bf114efd3b.s.74" text="Some hypertensive patients with no apparent preexisting renal vascular disease have developed increases in blood urea nitrogen and serum creatinine, usually minor and transient, especially when moexipril has been given concomitantly with a thiazide diuretic. "><entity id="Dailymed.0a4b5599-eded-4f96-8a0b-09bf114efd3b.s.74.e.0"/></ellipsisSentence></relation><relation type="hasContext"><entity id="Dailymed.0a4b5599-eded-4f96-8a0b-09bf114efd3b.s.75.e.4"/></relation><relation type="hasObject"><ellipsisSentence id="Dailymed.0a4b5599-eded-4f96-8a0b-09bf114efd3b.s.74" text="Some hypertensive patients with no apparent preexisting renal vascular disease have developed increases in blood urea nitrogen and serum creatinine, usually minor and transient, especially when moexipril has been given concomitantly with a thiazide diuretic. "><entity id="Dailymed.0a4b5599-eded-4f96-8a0b-09bf114efd3b.s.74.e.1"/></ellipsisSentence></relation></relations></interaction></drugInteraction></sentence><sentence biomedicalEntities="2" id="Dailymed.0a4b5599-eded-4f96-8a0b-09bf114efd3b.s.76" lineNumber="75" text="There may be a need for dose adjustment of moexipril and/or the discontinuation of the thiazide diuretic." type="regular"><entity charOffset="24:39" id="Dailymed.0a4b5599-eded-4f96-8a0b-09bf114efd3b.s.76.e.0" text="dose adjustment" type="Caution_Interaction"/><entity charOffset="43:52" id="Dailymed.0a4b5599-eded-4f96-8a0b-09bf114efd3b.s.76.e.2" text="moexipril" type="Drug"><Normalization><mmtx cui="C0066685" phraseText="a need for dose adjustment of moexipril" preferredWord="moexipril" semType="phsu, orch"/><RxNorm RxCui="236066"/></Normalization></entity><entity charOffset="87:104" id="Dailymed.0a4b5599-eded-4f96-8a0b-09bf114efd3b.s.76.e.3" text="thiazide diuretic" type="Drug_Class"><Normalization><mmtx cui="C0012802" phraseText="the discontinuation of the thiazide diuretic." preferredWord="Thiazide Diuretics" semType="phsu, orch"/><mmtx cui="C3536861" phraseText="the discontinuation of the thiazide diuretic." preferredWord="Thiazide Diuretic [EPC]" semType="phsu"/><RxNorm RxCui="141801"/></Normalization></entity><entity charOffset="64:79" id="Dailymed.0a4b5599-eded-4f96-8a0b-09bf114efd3b.s.76.e.4" text="discontinuation" type="Caution_Interaction"/><drugInteraction id="Dailymed.0a4b5599-eded-4f96-8a0b-09bf114efd3b.s.76.ddi.1"><interaction trigger="Dailymed.0a4b5599-eded-4f96-8a0b-09bf114efd3b.s.76.e.0"><relations><relation type="hasPrecipitant"><entity id="Dailymed.0a4b5599-eded-4f96-8a0b-09bf114efd3b.s.76.e.3"/></relation><relation type="hasObject"><entity id="Dailymed.0a4b5599-eded-4f96-8a0b-09bf114efd3b.s.76.e.2"/></relation></relations></interaction></drugInteraction><drugInteraction id="Dailymed.0a4b5599-eded-4f96-8a0b-09bf114efd3b.s.76.ddi.2"><interaction trigger="Dailymed.0a4b5599-eded-4f96-8a0b-09bf114efd3b.s.76.e.4"><relations><relation type="hasPrecipitant"><entity id="Dailymed.0a4b5599-eded-4f96-8a0b-09bf114efd3b.s.76.e.2"/></relation><relation type="hasObject"><entity id="Dailymed.0a4b5599-eded-4f96-8a0b-09bf114efd3b.s.76.e.3"/></relation></relations></interaction></drugInteraction><pair ddi="true" e1="Dailymed.0a4b5599-eded-4f96-8a0b-09bf114efd3b.s.76.e.2" e2="Dailymed.0a4b5599-eded-4f96-8a0b-09bf114efd3b.s.76.e.3" trigger="Dailymed.0a4b5599-eded-4f96-8a0b-09bf114efd3b.s.76.e.0" type="Caution_Interaction"/><pair ddi="true" e1="Dailymed.0a4b5599-eded-4f96-8a0b-09bf114efd3b.s.76.e.2" e2="Dailymed.0a4b5599-eded-4f96-8a0b-09bf114efd3b.s.76.e.3" trigger="Dailymed.0a4b5599-eded-4f96-8a0b-09bf114efd3b.s.76.e.4" type="Caution_Interaction"/></sentence><sentence id="Dailymed.0a4b5599-eded-4f96-8a0b-09bf114efd3b.s.79" text="In hypertensive patients with severe congestive heart failure, whose renal function may depend on the activity of the renin-angiotensin-aldosterone system, treatment with ACE inhibitors, including moexipril, may be associated with oliguria and/or progressive azotemia and, rarely, acute renal failure and/or death." type="negative"><entity charOffset="197:206" id="Dailymed.0a4b5599-eded-4f96-8a0b-09bf114efd3b.s.79.e.0" text="moexipril" type="Biomedical_Entity"><Normalization><mmtx cui="C0066685" phraseText="moexipril," preferredWord="moexipril" semType="phsu, orch"/><RxNorm RxCui="236066"/></Normalization></entity><entity charOffset="136:147" id="Dailymed.0a4b5599-eded-4f96-8a0b-09bf114efd3b.s.79.e.1" text="aldosterone" type="Biomedical_Entity"><Normalization><mmtx cui="C0002006" phraseText="depend on the activity of the renin-angiotensin-aldosterone system," preferredWord="Aldosterone" semType="strd, phsu, horm"/><RxNorm RxCui="1312358"/></Normalization></entity><entity charOffset="171:185" id="Dailymed.0a4b5599-eded-4f96-8a0b-09bf114efd3b.s.79.e.2" text="ace inhibitors" type="Biomedical_Entity"><Normalization><mmtx cui="C0003015" phraseText="treatment with ACE inhibitors," preferredWord="Angiotensin-Converting Enzyme Inhibitors" semType="phsu"/><RxNorm RxCui="221294"/></Normalization></entity><entity charOffset="124:135" id="Dailymed.0a4b5599-eded-4f96-8a0b-09bf114efd3b.s.79.e.3" text="angiotensin" type="Biomedical_Entity"><Normalization><mmtx cui="C0003018" phraseText="depend on the activity of the renin-angiotensin-aldosterone system," preferredWord="Angiotensins" semType="bacs, phsu, aapp"/><RxNorm RxCui="839"/></Normalization></entity><pair ddi="false" e1="Dailymed.0a4b5599-eded-4f96-8a0b-09bf114efd3b.s.79.e.1" e2="Dailymed.0a4b5599-eded-4f96-8a0b-09bf114efd3b.s.79.e.0"/><pair ddi="false" e1="Dailymed.0a4b5599-eded-4f96-8a0b-09bf114efd3b.s.79.e.2" e2="Dailymed.0a4b5599-eded-4f96-8a0b-09bf114efd3b.s.79.e.0"/><pair ddi="false" e1="Dailymed.0a4b5599-eded-4f96-8a0b-09bf114efd3b.s.79.e.3" e2="Dailymed.0a4b5599-eded-4f96-8a0b-09bf114efd3b.s.79.e.0"/><pair ddi="false" e1="Dailymed.0a4b5599-eded-4f96-8a0b-09bf114efd3b.s.79.e.1" e2="Dailymed.0a4b5599-eded-4f96-8a0b-09bf114efd3b.s.79.e.2"/><pair ddi="false" e1="Dailymed.0a4b5599-eded-4f96-8a0b-09bf114efd3b.s.79.e.3" e2="Dailymed.0a4b5599-eded-4f96-8a0b-09bf114efd3b.s.79.e.1"/><pair ddi="false" e1="Dailymed.0a4b5599-eded-4f96-8a0b-09bf114efd3b.s.79.e.3" e2="Dailymed.0a4b5599-eded-4f96-8a0b-09bf114efd3b.s.79.e.2"/></sentence><sentence id="Dailymed.0a4b5599-eded-4f96-8a0b-09bf114efd3b.s.81" text="In hypertensive patients with unilateral or bilateral renal artery stenosis, increases in blood urea nitrogen and serum creatinine have been observed in some patients following ACE inhibitor therapy. " type="negative"><entity charOffset="177:190" id="Dailymed.0a4b5599-eded-4f96-8a0b-09bf114efd3b.s.81.e.0" text="ace inhibitor" type="Biomedical_Entity"><Normalization><mmtx cui="C0003015" phraseText="ACE inhibitor therapy." preferredWord="Angiotensin-Converting Enzyme Inhibitors" semType="phsu"/><RxNorm RxCui="221294"/></Normalization></entity><entity charOffset="96:100" id="Dailymed.0a4b5599-eded-4f96-8a0b-09bf114efd3b.s.81.e.1" text="urea" type="Biomedical_Entity"><Normalization><mmtx cui="C0041942" phraseText="increases in blood urea nitrogen" preferredWord="Urea" semType="bacs, phsu, orch"/><RxNorm RxCui="11002"/></Normalization></entity><pair ddi="false" e1="Dailymed.0a4b5599-eded-4f96-8a0b-09bf114efd3b.s.81.e.1" e2="Dailymed.0a4b5599-eded-4f96-8a0b-09bf114efd3b.s.81.e.0"/></sentence><sentence id="Dailymed.0a4b5599-eded-4f96-8a0b-09bf114efd3b.s.82" text="These increases were almost always reversible upon discontinuation of the ACE inhibitor and/or diuretic therapy. " type="negative"><entity charOffset="74:87" id="Dailymed.0a4b5599-eded-4f96-8a0b-09bf114efd3b.s.82.e.0" text="ace inhibitor" type="Biomedical_Entity"><Normalization><mmtx cui="C0003015" phraseText="almost always reversible upon discontinuation of the ACE inhibitor" preferredWord="Angiotensin-Converting Enzyme Inhibitors" semType="phsu"/><RxNorm RxCui="221294"/></Normalization></entity><entity charOffset="95:103" id="Dailymed.0a4b5599-eded-4f96-8a0b-09bf114efd3b.s.82.e.1" text="diuretic" type="Biomedical_Entity"><Normalization><mmtx cui="C0012798" phraseText="diuretic therapy." preferredWord="Diuretics" semType="phsu"/><RxNorm RxCui="3567"/></Normalization></entity><pair ddi="false" e1="Dailymed.0a4b5599-eded-4f96-8a0b-09bf114efd3b.s.82.e.0" e2="Dailymed.0a4b5599-eded-4f96-8a0b-09bf114efd3b.s.82.e.1"/></sentence><sentence id="Dailymed.0a4b5599-eded-4f96-8a0b-09bf114efd3b.s.85" text="In clinical trials, persistent hyperkalemia (serum potassium above 5.4 mEq/L) occurred in approximately 1.3% of hypertensive patients receiving moexipril. " type="negative"><entity charOffset="51:60" id="Dailymed.0a4b5599-eded-4f96-8a0b-09bf114efd3b.s.85.e.0" text="potassium" type="Biomedical_Entity"><Normalization><mmtx cui="C0597277" phraseText="(serum potassium above 5.4 mEq/" preferredWord="Potassium Ion" semType="phsu, elii"/><RxNorm RxCui="8588"/></Normalization></entity><entity charOffset="144:153" id="Dailymed.0a4b5599-eded-4f96-8a0b-09bf114efd3b.s.85.e.1" text="moexipril" type="Biomedical_Entity"><Normalization><mmtx cui="C0066685" phraseText="moexipril." preferredWord="moexipril" semType="phsu, orch"/><RxNorm RxCui="236066"/></Normalization></entity><pair ddi="false" e1="Dailymed.0a4b5599-eded-4f96-8a0b-09bf114efd3b.s.85.e.0" e2="Dailymed.0a4b5599-eded-4f96-8a0b-09bf114efd3b.s.85.e.1"/></sentence><sentence biomedicalEntities="5" id="Dailymed.0a4b5599-eded-4f96-8a0b-09bf114efd3b.s.86" lineNumber="89" text="Risk factors for the development of hyperkalemia with ACE inhibitors include renal insufficiency, diabetes mellitus, and the concomitant use of potassium-sparing diuretics, potassium supplements, and/or potassium-containing salt substitutes, which should be used cautiously, if at all, with moexipril (see PRECAUTIONS, Drug Interactions)." type="regular"><entity charOffset="54:68" id="Dailymed.0a4b5599-eded-4f96-8a0b-09bf114efd3b.s.86.e.0" text="ACE inhibitors" type="Drug_Class"><Normalization><mmtx cui="C0003015" phraseText="with ACE inhibitors" preferredWord="Angiotensin-Converting Enzyme Inhibitors" semType="phsu"/><RxNorm RxCui="221294"/></Normalization></entity><entity charOffset="36:48" id="Dailymed.0a4b5599-eded-4f96-8a0b-09bf114efd3b.s.86.e.1" text="hyperkalemia" type="Specific_Interaction"/><entity charOffset="144:171" id="Dailymed.0a4b5599-eded-4f96-8a0b-09bf114efd3b.s.86.e.3" text="potassium-sparing diuretics" type="Drug_Class"><Normalization><mmtx cui="C0304490" phraseText="the concomitant use of potassium-sparing diuretics," preferredWord="Potassium Sparing Diuretics" semType="phsu"/><RxNorm RxCui="1437061"/></Normalization></entity><entity charOffset="173:194" id="Dailymed.0a4b5599-eded-4f96-8a0b-09bf114efd3b.s.86.e.4" text="potassium supplements" type="Drug_Class"><Normalization><mmtx cui="C0304475" phraseText="potassium supplements," preferredWord="Potassium supplement" semType="inch, phsu"/><RxNorm RxCui="8588"/></Normalization></entity><entity charOffset="203:240" id="Dailymed.0a4b5599-eded-4f96-8a0b-09bf114efd3b.s.86.e.5" text="potassium-containing salt substitutes" type="Substance"><Normalization><mmtx cui="C0597277" phraseText="potassium-containing salt substitutes," preferredWord="Potassium Ion" semType="phsu, elii"/><mmtx cui="C0784217" phraseText="potassium-containing salt substitutes," preferredWord="Salt Substitute" semType="inch, phsu"/><RxNorm RxCui="8588"/></Normalization></entity><entity charOffset="291:300" id="Dailymed.0a4b5599-eded-4f96-8a0b-09bf114efd3b.s.86.e.6" text="moexipril" type="Drug"><Normalization><mmtx cui="C0066685" phraseText="with moexipril" preferredWord="moexipril" semType="phsu, orch"/><RxNorm RxCui="236066"/></Normalization></entity><entity charOffset="258:273" id="Dailymed.0a4b5599-eded-4f96-8a0b-09bf114efd3b.s.86.e.7" text="used cautiously" type="Caution_Interaction"/><drugInteraction id="Dailymed.0a4b5599-eded-4f96-8a0b-09bf114efd3b.s.86.ddi.1"><interaction trigger="Dailymed.0a4b5599-eded-4f96-8a0b-09bf114efd3b.s.86.e.1"><relations><relation type="hasObject"><entity id="Dailymed.0a4b5599-eded-4f96-8a0b-09bf114efd3b.s.86.e.0"/></relation><relation type="hasPrecipitant"><entity id="Dailymed.0a4b5599-eded-4f96-8a0b-09bf114efd3b.s.86.e.4"/></relation><relation type="hasPrecipitant"><entity id="Dailymed.0a4b5599-eded-4f96-8a0b-09bf114efd3b.s.86.e.3"/></relation><relation type="hasPrecipitant"><entity id="Dailymed.0a4b5599-eded-4f96-8a0b-09bf114efd3b.s.86.e.5"/></relation></relations></interaction></drugInteraction><drugInteraction id="Dailymed.0a4b5599-eded-4f96-8a0b-09bf114efd3b.s.86.ddi.2"><interaction trigger="Dailymed.0a4b5599-eded-4f96-8a0b-09bf114efd3b.s.86.e.7"><relations><relation type="hasPrecipitant"><entity id="Dailymed.0a4b5599-eded-4f96-8a0b-09bf114efd3b.s.86.e.4"/></relation><relation type="hasPrecipitant"><entity id="Dailymed.0a4b5599-eded-4f96-8a0b-09bf114efd3b.s.86.e.3"/></relation><relation type="hasObject"><entity id="Dailymed.0a4b5599-eded-4f96-8a0b-09bf114efd3b.s.86.e.6"/></relation><relation type="hasPrecipitant"><entity id="Dailymed.0a4b5599-eded-4f96-8a0b-09bf114efd3b.s.86.e.5"/></relation></relations></interaction></drugInteraction><pair ddi="true" e1="Dailymed.0a4b5599-eded-4f96-8a0b-09bf114efd3b.s.86.e.0" e2="Dailymed.0a4b5599-eded-4f96-8a0b-09bf114efd3b.s.86.e.4" trigger="Dailymed.0a4b5599-eded-4f96-8a0b-09bf114efd3b.s.86.e.1" type="Specific_Interaction"/><pair ddi="true" e1="Dailymed.0a4b5599-eded-4f96-8a0b-09bf114efd3b.s.86.e.0" e2="Dailymed.0a4b5599-eded-4f96-8a0b-09bf114efd3b.s.86.e.3" trigger="Dailymed.0a4b5599-eded-4f96-8a0b-09bf114efd3b.s.86.e.1" type="Specific_Interaction"/><pair ddi="true" e1="Dailymed.0a4b5599-eded-4f96-8a0b-09bf114efd3b.s.86.e.0" e2="Dailymed.0a4b5599-eded-4f96-8a0b-09bf114efd3b.s.86.e.5" trigger="Dailymed.0a4b5599-eded-4f96-8a0b-09bf114efd3b.s.86.e.1" type="Specific_Interaction"/><pair ddi="false" e1="Dailymed.0a4b5599-eded-4f96-8a0b-09bf114efd3b.s.86.e.3" e2="Dailymed.0a4b5599-eded-4f96-8a0b-09bf114efd3b.s.86.e.4"/><pair ddi="false" e1="Dailymed.0a4b5599-eded-4f96-8a0b-09bf114efd3b.s.86.e.4" e2="Dailymed.0a4b5599-eded-4f96-8a0b-09bf114efd3b.s.86.e.5"/><pair ddi="false" e1="Dailymed.0a4b5599-eded-4f96-8a0b-09bf114efd3b.s.86.e.3" e2="Dailymed.0a4b5599-eded-4f96-8a0b-09bf114efd3b.s.86.e.5"/><pair ddi="true" e1="Dailymed.0a4b5599-eded-4f96-8a0b-09bf114efd3b.s.86.e.4" e2="Dailymed.0a4b5599-eded-4f96-8a0b-09bf114efd3b.s.86.e.6" trigger="Dailymed.0a4b5599-eded-4f96-8a0b-09bf114efd3b.s.86.e.7" type="Caution_Interaction"/><pair ddi="true" e1="Dailymed.0a4b5599-eded-4f96-8a0b-09bf114efd3b.s.86.e.3" e2="Dailymed.0a4b5599-eded-4f96-8a0b-09bf114efd3b.s.86.e.6" trigger="Dailymed.0a4b5599-eded-4f96-8a0b-09bf114efd3b.s.86.e.7" type="Caution_Interaction"/><pair ddi="true" e1="Dailymed.0a4b5599-eded-4f96-8a0b-09bf114efd3b.s.86.e.5" e2="Dailymed.0a4b5599-eded-4f96-8a0b-09bf114efd3b.s.86.e.6" trigger="Dailymed.0a4b5599-eded-4f96-8a0b-09bf114efd3b.s.86.e.7" type="Caution_Interaction"/><pair ddi="false" e1="Dailymed.0a4b5599-eded-4f96-8a0b-09bf114efd3b.s.86.e.3" e2="Dailymed.0a4b5599-eded-4f96-8a0b-09bf114efd3b.s.86.e.4"/><pair ddi="false" e1="Dailymed.0a4b5599-eded-4f96-8a0b-09bf114efd3b.s.86.e.4" e2="Dailymed.0a4b5599-eded-4f96-8a0b-09bf114efd3b.s.86.e.5"/><pair ddi="false" e1="Dailymed.0a4b5599-eded-4f96-8a0b-09bf114efd3b.s.86.e.3" e2="Dailymed.0a4b5599-eded-4f96-8a0b-09bf114efd3b.s.86.e.5"/></sentence><sentence biomedicalEntities="2" id="Dailymed.0a4b5599-eded-4f96-8a0b-09bf114efd3b.s.88" lineNumber="93" text="In patients undergoing major surgery or during anesthesia with agents that produce hypotension, moexipril may block the effects of compensatory renin release. " type="regular"><entity charOffset="63:94" id="Dailymed.0a4b5599-eded-4f96-8a0b-09bf114efd3b.s.88.e.0" text="agents that produce hypotension" type="Drug_Class"><Normalization><mmtx cui="C1254351" phraseText="with agents" preferredWord="Pharmacologic Substance" semType="phsu"/><RxNorm RxCui="126263"/></Normalization></entity><entity charOffset="96:105" id="Dailymed.0a4b5599-eded-4f96-8a0b-09bf114efd3b.s.88.e.1" text="moexipril" type="Drug"><Normalization><mmtx cui="C0066685" phraseText="moexipril" preferredWord="moexipril" semType="phsu, orch"/><RxNorm RxCui="236066"/></Normalization></entity><entity charOffset="110:157" id="Dailymed.0a4b5599-eded-4f96-8a0b-09bf114efd3b.s.88.e.2" text="block the effects of compensatory renin release" type="Specific_Interaction"/><drugInteraction id="Dailymed.0a4b5599-eded-4f96-8a0b-09bf114efd3b.s.88.ddi.1"><interaction trigger="Dailymed.0a4b5599-eded-4f96-8a0b-09bf114efd3b.s.88.e.2"><relations><relation type="hasPrecipitant"><entity id="Dailymed.0a4b5599-eded-4f96-8a0b-09bf114efd3b.s.88.e.0"/></relation><relation type="hasObject"><entity id="Dailymed.0a4b5599-eded-4f96-8a0b-09bf114efd3b.s.88.e.1"/></relation></relations></interaction></drugInteraction><pair ddi="true" e1="Dailymed.0a4b5599-eded-4f96-8a0b-09bf114efd3b.s.88.e.0" e2="Dailymed.0a4b5599-eded-4f96-8a0b-09bf114efd3b.s.88.e.1" trigger="Dailymed.0a4b5599-eded-4f96-8a0b-09bf114efd3b.s.88.e.2" type="Specific_Interaction"/></sentence><sentence biomedicalEntities="2" id="Dailymed.0a4b5599-eded-4f96-8a0b-09bf114efd3b.s.107" lineNumber="117" text="Patients should be told not to use potassium supplements or salt substitutes containing potassium without consulting their physician." type="irregular"><entity charOffset="35:56" id="Dailymed.0a4b5599-eded-4f96-8a0b-09bf114efd3b.s.107.e.0" text="potassium supplements" type="Drug_Class"><Normalization><mmtx cui="C0304475" phraseText="potassium supplements" preferredWord="Potassium supplement" semType="inch, phsu"/><RxNorm RxCui="8588"/></Normalization></entity><entity charOffset="60:97" id="Dailymed.0a4b5599-eded-4f96-8a0b-09bf114efd3b.s.107.e.1" text="salt substitutes containing potassium" type="Substance"><Normalization><mmtx cui="C0784217" phraseText="salt substitutes" preferredWord="Salt Substitute" semType="inch, phsu"/><mmtx cui="C0597277" phraseText="potassium without consulting" preferredWord="Potassium Ion" semType="phsu, elii"/><RxNorm RxCui="9547"/></Normalization></entity><entity charOffset="24:34" id="Dailymed.0a4b5599-eded-4f96-8a0b-09bf114efd3b.s.107.e.2" text="not to use" type="Caution_Interaction"/><drugInteraction id="Dailymed.0a4b5599-eded-4f96-8a0b-09bf114efd3b.s.107.ddi.1"><interaction trigger="Dailymed.0a4b5599-eded-4f96-8a0b-09bf114efd3b.s.107.e.2"><relations><relation type="hasPrecipitant"><entity id="Dailymed.0a4b5599-eded-4f96-8a0b-09bf114efd3b.s.107.e.1"/></relation><relation type="hasPrecipitant"><entity id="Dailymed.0a4b5599-eded-4f96-8a0b-09bf114efd3b.s.107.e.0"/></relation><relation type="hasObject"><ellipsisSentence id="Dailymed.0a4b5599-eded-4f96-8a0b-09bf114efd3b.s.102" text="If fainting occurs, the patient should stop taking moexipril and consult the prescribing physician."><entity charOffset="51:59" id="Dailymed.0a4b5599-eded-4f96-8a0b-09bf114efd3b.s.102.e.0" text="moexipri" type="Drug"><Normalization><mmtx cui="C0066685" phraseText="moexipril" preferredWord="moexipril" semType="phsu, orch"/></Normalization></entity></ellipsisSentence><middleSentence id="Dailymed.0a4b5599-eded-4f96-8a0b-09bf114efd3b.s.103" text="All patients should be cautioned that excessive perspiration and dehydration may lead to an excessive fall in blood pressure because of reduction in fluid volume. "/><middleSentence id="Dailymed.0a4b5599-eded-4f96-8a0b-09bf114efd3b.s.104" text="Other causes of volume depletion such as vomiting or diarrhea may also lead to a fall in blood pressure; "/><middleSentence id="Dailymed.0a4b5599-eded-4f96-8a0b-09bf114efd3b.s.105" text="patients should be advised to consult their physician if they develop these conditions."/><middleSentence id="Dailymed.0a4b5599-eded-4f96-8a0b-09bf114efd3b.s.106" text="Hyperkalemia"/></relation></relations></interaction></drugInteraction><pair ddi="false" e1="Dailymed.0a4b5599-eded-4f96-8a0b-09bf114efd3b.s.107.e.0" e2="Dailymed.0a4b5599-eded-4f96-8a0b-09bf114efd3b.s.107.e.1"/><pair ddi="true" e1="labelDrug" e2="Dailymed.0a4b5599-eded-4f96-8a0b-09bf114efd3b.s.107.e.1"/><pair ddi="true" e1="labelDrug" e2="Dailymed.0a4b5599-eded-4f96-8a0b-09bf114efd3b.s.107.e.0"/></sentence><sentence biomedicalEntities="2" id="Dailymed.0a4b5599-eded-4f96-8a0b-09bf114efd3b.s.115" lineNumber="131" text="Excessive reductions in blood pressure may occur in patients on diuretic therapy when ACE inhibitors are started. " type="regular"><entity charOffset="64:72" id="Dailymed.0a4b5599-eded-4f96-8a0b-09bf114efd3b.s.115.e.0" text="diuretic" type="Drug_Class"><Normalization><mmtx cui="C0012798" phraseText="on diuretic therapy" preferredWord="Diuretics" semType="phsu"/><RxNorm RxCui="3567"/></Normalization></entity><entity charOffset="86:100" id="Dailymed.0a4b5599-eded-4f96-8a0b-09bf114efd3b.s.115.e.1" text="ACE inhibitors" type="Drug_Class"><Normalization><mmtx cui="C0003015" phraseText="ACE inhibitors" preferredWord="Angiotensin-Converting Enzyme Inhibitors" semType="phsu"/><RxNorm RxCui="221294"/></Normalization></entity><entity charOffset="0:38" id="Dailymed.0a4b5599-eded-4f96-8a0b-09bf114efd3b.s.115.e.2" text="Excessive reductions in blood pressure" type="Specific_Interaction"/><drugInteraction id="Dailymed.0a4b5599-eded-4f96-8a0b-09bf114efd3b.s.115.ddi.1"><interaction trigger="Dailymed.0a4b5599-eded-4f96-8a0b-09bf114efd3b.s.115.e.2"><relations><relation type="hasPrecipitant"><entity id="Dailymed.0a4b5599-eded-4f96-8a0b-09bf114efd3b.s.115.e.0"/></relation><relation type="hasObject"><entity id="Dailymed.0a4b5599-eded-4f96-8a0b-09bf114efd3b.s.115.e.1"/></relation></relations></interaction></drugInteraction><pair ddi="true" e1="Dailymed.0a4b5599-eded-4f96-8a0b-09bf114efd3b.s.115.e.0" e2="Dailymed.0a4b5599-eded-4f96-8a0b-09bf114efd3b.s.115.e.1" trigger="Dailymed.0a4b5599-eded-4f96-8a0b-09bf114efd3b.s.115.e.2" type="Specific_Interaction"/></sentence><sentence id="Dailymed.0a4b5599-eded-4f96-8a0b-09bf114efd3b.s.116" text="The possibility of hypotensive effects with moexipril can be minimized by discontinuing diuretic therapy for several days or cautiously increasing salt intake before initiation of treatment with moexipril. " type="negative"><entity charOffset="44:53" id="Dailymed.0a4b5599-eded-4f96-8a0b-09bf114efd3b.s.116.e.0" text="moexipril" type="Biomedical_Entity"><Normalization><mmtx cui="C0066685" phraseText="with moexipril" preferredWord="moexipril" semType="phsu, orch"/><RxNorm RxCui="236066"/></Normalization></entity><entity charOffset="195:204" id="Dailymed.0a4b5599-eded-4f96-8a0b-09bf114efd3b.s.116.e.1" text="moexipril" type="Biomedical_Entity"><Normalization><mmtx cui="C0066685" phraseText="with moexipril." preferredWord="moexipril" semType="phsu, orch"/><RxNorm RxCui="236066"/></Normalization></entity><entity charOffset="88:96" id="Dailymed.0a4b5599-eded-4f96-8a0b-09bf114efd3b.s.116.e.2" text="diuretic" type="Biomedical_Entity"><Normalization><mmtx cui="C0012798" phraseText="minimized by discontinuing diuretic therapy" preferredWord="Diuretics" semType="phsu"/><RxNorm RxCui="3567"/></Normalization></entity><pair ddi="false" e1="Dailymed.0a4b5599-eded-4f96-8a0b-09bf114efd3b.s.116.e.0" e2="Dailymed.0a4b5599-eded-4f96-8a0b-09bf114efd3b.s.116.e.2"/><pair ddi="false" e1="Dailymed.0a4b5599-eded-4f96-8a0b-09bf114efd3b.s.116.e.2" e2="Dailymed.0a4b5599-eded-4f96-8a0b-09bf114efd3b.s.116.e.1"/></sentence><sentence id="Dailymed.0a4b5599-eded-4f96-8a0b-09bf114efd3b.s.119" text="Potassium Supplements And Potassium-Sparing Diuretics" type="negative"><entity charOffset="0:21" id="Dailymed.0a4b5599-eded-4f96-8a0b-09bf114efd3b.s.119.e.0" text="potassium supplements" type="Biomedical_Entity"><Normalization><mmtx cui="C0304475" phraseText="Potassium Supplements" preferredWord="Potassium supplement" semType="inch, phsu"/><RxNorm RxCui="8588"/></Normalization></entity><entity charOffset="26:53" id="Dailymed.0a4b5599-eded-4f96-8a0b-09bf114efd3b.s.119.e.1" text="potassium-sparing diuretics" type="Biomedical_Entity"><Normalization><mmtx cui="C0304490" phraseText="Potassium-Sparing Diuretics" preferredWord="Potassium Sparing Diuretics" semType="phsu"/><RxNorm RxCui="1437061"/></Normalization></entity><pair ddi="false" e1="Dailymed.0a4b5599-eded-4f96-8a0b-09bf114efd3b.s.119.e.0" e2="Dailymed.0a4b5599-eded-4f96-8a0b-09bf114efd3b.s.119.e.1"/></sentence><sentence id="Dailymed.0a4b5599-eded-4f96-8a0b-09bf114efd3b.s.120" text="Moexipril can increase serum potassium because it decreases aldosterone secretion. " type="negative"><entity charOffset="29:38" id="Dailymed.0a4b5599-eded-4f96-8a0b-09bf114efd3b.s.120.e.0" text="potassium" type="Biomedical_Entity"><Normalization><mmtx cui="C0597277" phraseText="serum potassium" preferredWord="Potassium Ion" semType="phsu, elii"/><RxNorm RxCui="8588"/></Normalization></entity><entity charOffset="0:9" id="Dailymed.0a4b5599-eded-4f96-8a0b-09bf114efd3b.s.120.e.1" text="moexipril" type="Biomedical_Entity"><Normalization><mmtx cui="C0066685" phraseText="Moexipril" preferredWord="moexipril" semType="phsu, orch"/><RxNorm RxCui="236066"/></Normalization></entity><pair ddi="false" e1="Dailymed.0a4b5599-eded-4f96-8a0b-09bf114efd3b.s.120.e.1" e2="Dailymed.0a4b5599-eded-4f96-8a0b-09bf114efd3b.s.120.e.0"/></sentence><sentence biomedicalEntities="6" id="Dailymed.0a4b5599-eded-4f96-8a0b-09bf114efd3b.s.121" lineNumber="135" text="Use of potassium-sparing diuretics (spironolactone, triamterene, amiloride) or potassium supplements concomitantly with ACE inhibitors can increase the risk of hyperkalemia. " type="regular"><entity charOffset="7:34" id="Dailymed.0a4b5599-eded-4f96-8a0b-09bf114efd3b.s.121.e.0" text="potassium-sparing diuretics" type="Drug_Class"><Normalization><mmtx cui="C0304490" phraseText="Use of potassium-sparing diuretics" preferredWord="Potassium Sparing Diuretics" semType="phsu"/><RxNorm RxCui="1437061"/></Normalization></entity><entity charOffset="79:100" id="Dailymed.0a4b5599-eded-4f96-8a0b-09bf114efd3b.s.121.e.1" text="potassium supplements" type="Drug_Class"><Normalization><mmtx cui="C0597277" phraseText="potassium" preferredWord="Potassium Ion" semType="phsu, elii"/><RxNorm RxCui="8588"/></Normalization></entity><entity charOffset="120:134" id="Dailymed.0a4b5599-eded-4f96-8a0b-09bf114efd3b.s.121.e.2" text="ACE inhibitors" type="Drug_Class"><Normalization><mmtx cui="C0003015" phraseText="concomitantly with ACE inhibitors" preferredWord="Angiotensin-Converting Enzyme Inhibitors" semType="phsu"/><RxNorm RxCui="221294"/></Normalization></entity><entity charOffset="160:172" id="Dailymed.0a4b5599-eded-4f96-8a0b-09bf114efd3b.s.121.e.3" text="hyperkalemia" type="Specific_Interaction"/><entity charOffset="36:50" id="Dailymed.0a4b5599-eded-4f96-8a0b-09bf114efd3b.s.121.e.5" text="spironolactone" type="Drug"><Normalization><mmtx cui="C0037982" phraseText="(spironolactone," preferredWord="Spironolactone" semType="strd, phsu"/><RxNorm RxCui="9997"/></Normalization></entity><entity charOffset="52:63" id="Dailymed.0a4b5599-eded-4f96-8a0b-09bf114efd3b.s.121.e.6" text="triamterene" type="Drug"><Normalization><mmtx cui="C0040869" phraseText="triamterene," preferredWord="Triamterene" semType="phsu, orch"/><RxNorm RxCui="10763"/></Normalization></entity><entity charOffset="65:74" id="Dailymed.0a4b5599-eded-4f96-8a0b-09bf114efd3b.s.121.e.7" text="amiloride" type="Drug"><Normalization><mmtx cui="C0002502" phraseText="amiloride" preferredWord="Amiloride" semType="phsu, orch"/><RxNorm RxCui="142424"/></Normalization></entity><drugClassMembership drug="Dailymed.0a4b5599-eded-4f96-8a0b-09bf114efd3b.s.121.e.5" drugClass="Dailymed.0a4b5599-eded-4f96-8a0b-09bf114efd3b.s.121.e.0"/><drugClassMembership drug="Dailymed.0a4b5599-eded-4f96-8a0b-09bf114efd3b.s.121.e.6" drugClass="Dailymed.0a4b5599-eded-4f96-8a0b-09bf114efd3b.s.121.e.0"/><drugClassMembership drug="Dailymed.0a4b5599-eded-4f96-8a0b-09bf114efd3b.s.121.e.7" drugClass="Dailymed.0a4b5599-eded-4f96-8a0b-09bf114efd3b.s.121.e.0"/><drugInteraction id="Dailymed.0a4b5599-eded-4f96-8a0b-09bf114efd3b.s.121.ddi.1"><interaction trigger="Dailymed.0a4b5599-eded-4f96-8a0b-09bf114efd3b.s.121.e.3"><relations><relation type="hasPrecipitant"><entity id="Dailymed.0a4b5599-eded-4f96-8a0b-09bf114efd3b.s.121.e.1"/></relation><relation type="hasObject"><entity id="Dailymed.0a4b5599-eded-4f96-8a0b-09bf114efd3b.s.121.e.2"/></relation><relation type="hasPrecipitant"><entity id="Dailymed.0a4b5599-eded-4f96-8a0b-09bf114efd3b.s.121.e.0"/></relation></relations></interaction></drugInteraction><pair ddi="true" e1="Dailymed.0a4b5599-eded-4f96-8a0b-09bf114efd3b.s.121.e.1" e2="Dailymed.0a4b5599-eded-4f96-8a0b-09bf114efd3b.s.121.e.2" trigger="Dailymed.0a4b5599-eded-4f96-8a0b-09bf114efd3b.s.121.e.3" type="Specific_Interaction"/><pair ddi="true" e1="Dailymed.0a4b5599-eded-4f96-8a0b-09bf114efd3b.s.121.e.0" e2="Dailymed.0a4b5599-eded-4f96-8a0b-09bf114efd3b.s.121.e.2" trigger="Dailymed.0a4b5599-eded-4f96-8a0b-09bf114efd3b.s.121.e.3" type="Specific_Interaction"/><pair ddi="false" e1="Dailymed.0a4b5599-eded-4f96-8a0b-09bf114efd3b.s.121.e.0" e2="Dailymed.0a4b5599-eded-4f96-8a0b-09bf114efd3b.s.121.e.1"/></sentence><sentence biomedicalEntities="0" id="Dailymed.0a4b5599-eded-4f96-8a0b-09bf114efd3b.s.122" lineNumber="135" text="Therefore, if concomitant use of such agents is indicated, they should be given with caution and the patient's serum potassium should be monitored." type="irregular"><entity charOffset="74:92" id="Dailymed.0a4b5599-eded-4f96-8a0b-09bf114efd3b.s.122.e.0" text="given with caution" type="Caution_Interaction"/><drugInteraction id="Dailymed.0a4b5599-eded-4f96-8a0b-09bf114efd3b.s.122.ddi.1"><interaction trigger="Dailymed.0a4b5599-eded-4f96-8a0b-09bf114efd3b.s.122.e.0"><relations><relation type="hasPrecipitant"><ellipsisSentence id="Dailymed.0a4b5599-eded-4f96-8a0b-09bf114efd3b.s.121" text="Use of potassium-sparing diuretics (spironolactone, triamterene, amiloride) or potassium supplements concomitantly with ACE inhibitors can increase the risk of hyperkalemia. "><entity id="Dailymed.0a4b5599-eded-4f96-8a0b-09bf114efd3b.s.121.e.0"/></ellipsisSentence></relation><relation type="hasObject"><ellipsisSentence id="Dailymed.0a4b5599-eded-4f96-8a0b-09bf114efd3b.s.121" text="Use of potassium-sparing diuretics (spironolactone, triamterene, amiloride) or potassium supplements concomitantly with ACE inhibitors can increase the risk of hyperkalemia. "><entity id="Dailymed.0a4b5599-eded-4f96-8a0b-09bf114efd3b.s.121.e.2"/></ellipsisSentence></relation><relation type="hasPrecipitant"><ellipsisSentence id="Dailymed.0a4b5599-eded-4f96-8a0b-09bf114efd3b.s.121" text="Use of potassium-sparing diuretics (spironolactone, triamterene, amiloride) or potassium supplements concomitantly with ACE inhibitors can increase the risk of hyperkalemia. "><entity id="Dailymed.0a4b5599-eded-4f96-8a0b-09bf114efd3b.s.121.e.1"/></ellipsisSentence></relation></relations></interaction></drugInteraction></sentence><sentence biomedicalEntities="4" id="Dailymed.0a4b5599-eded-4f96-8a0b-09bf114efd3b.s.126" lineNumber="143" text="Increased serum lithium levels and symptoms of lithium toxicity have been reported in patients receiving ACE inhibitors during therapy with lithium. " type="regular"><entity charOffset="105:119" id="Dailymed.0a4b5599-eded-4f96-8a0b-09bf114efd3b.s.126.e.0" text="ACE inhibitors" type="Drug_Class"><Normalization><mmtx cui="C0003015" phraseText="ACE inhibitors during therapy" preferredWord="Angiotensin-Converting Enzyme Inhibitors" semType="phsu"/><RxNorm RxCui="221294"/></Normalization></entity><entity charOffset="140:147" id="Dailymed.0a4b5599-eded-4f96-8a0b-09bf114efd3b.s.126.e.1" text="lithium" type="Drug"><Normalization><mmtx cui="C0023870" phraseText="with lithium." preferredWord="Lithium" semType="phsu, elii"/><RxNorm RxCui="1428998"/></Normalization></entity><entity charOffset="0:15|24:30" id="Dailymed.0a4b5599-eded-4f96-8a0b-09bf114efd3b.s.126.e.2" text="Increased serum levels" type="Increase_Interaction"/><entity charOffset="55:63" id="Dailymed.0a4b5599-eded-4f96-8a0b-09bf114efd3b.s.126.e.4" text="toxicity" type="Increase_Interaction"><Normalization><mmtx cui="C0858786" phraseText="symptoms of lithium toxicity" preferredWord="toxic symptom" semType="sosy"/></Normalization></entity><entity charOffset="16:23" id="Dailymed.0a4b5599-eded-4f96-8a0b-09bf114efd3b.s.126.e.6" text="lithium" type="Drug"><Normalization><mmtx cui="C0023870" phraseText="Increased serum lithium levels" preferredWord="Lithium" semType="phsu, elii"/><mmtx cui="C0023870" phraseText="Increased serum lithium levels" preferredWord="Lithium" semType="phsu, elii"/><RxNorm RxCui="1428998"/></Normalization></entity><entity charOffset="47:54" id="Dailymed.0a4b5599-eded-4f96-8a0b-09bf114efd3b.s.126.e.7" text="lithium" type="Drug"><Normalization><mmtx cui="C0023870" phraseText="symptoms of lithium toxicity" preferredWord="Lithium" semType="phsu, elii"/><RxNorm RxCui="1428998"/></Normalization></entity><drugInteraction id="Dailymed.0a4b5599-eded-4f96-8a0b-09bf114efd3b.s.126.ddi.1"><interaction trigger="Dailymed.0a4b5599-eded-4f96-8a0b-09bf114efd3b.s.126.e.2"><relations><relation type="hasObject"><entity id="Dailymed.0a4b5599-eded-4f96-8a0b-09bf114efd3b.s.126.e.6"/></relation><relation type="hasPrecipitant"><entity id="Dailymed.0a4b5599-eded-4f96-8a0b-09bf114efd3b.s.126.e.0"/></relation></relations></interaction></drugInteraction><drugInteraction id="Dailymed.0a4b5599-eded-4f96-8a0b-09bf114efd3b.s.126.ddi.2"><interaction trigger="Dailymed.0a4b5599-eded-4f96-8a0b-09bf114efd3b.s.126.e.4"><relations><relation type="hasPrecipitant"><entity id="Dailymed.0a4b5599-eded-4f96-8a0b-09bf114efd3b.s.126.e.0"/></relation><relation type="hasObject"><entity id="Dailymed.0a4b5599-eded-4f96-8a0b-09bf114efd3b.s.126.e.7"/></relation></relations></interaction></drugInteraction><pair ddi="true" e1="Dailymed.0a4b5599-eded-4f96-8a0b-09bf114efd3b.s.126.e.6" e2="Dailymed.0a4b5599-eded-4f96-8a0b-09bf114efd3b.s.126.e.0" trigger="Dailymed.0a4b5599-eded-4f96-8a0b-09bf114efd3b.s.126.e.2" type="Increase_Interaction"/><pair ddi="true" e1="Dailymed.0a4b5599-eded-4f96-8a0b-09bf114efd3b.s.126.e.7" e2="Dailymed.0a4b5599-eded-4f96-8a0b-09bf114efd3b.s.126.e.0" trigger="Dailymed.0a4b5599-eded-4f96-8a0b-09bf114efd3b.s.126.e.4" type="Increase_Interaction"/></sentence><sentence biomedicalEntities="1" id="Dailymed.0a4b5599-eded-4f96-8a0b-09bf114efd3b.s.127" lineNumber="143" text="These drugs should be coadministered with caution, and frequent monitoring of serum lithium levels is recommended. " type="irregular"><entity charOffset="22:49" id="Dailymed.0a4b5599-eded-4f96-8a0b-09bf114efd3b.s.127.e.0" text="coadministered with caution" type="Caution_Interaction"/><entity charOffset="64:74" id="Dailymed.0a4b5599-eded-4f96-8a0b-09bf114efd3b.s.127.e.2" text="monitoring" type="Caution_Interaction"/><entity charOffset="84:91" id="Dailymed.0a4b5599-eded-4f96-8a0b-09bf114efd3b.s.127.e.4" text="lithium" type="Drug"><Normalization><mmtx cui="C1441405" phraseText="frequent monitoring of serum lithium levels" preferredWord="Lithium.serum" semType="phsu, elii"/><RxNorm RxCui="1428998"/></Normalization></entity><drugInteraction id="Dailymed.0a4b5599-eded-4f96-8a0b-09bf114efd3b.s.127.ddi.1"><interaction trigger="Dailymed.0a4b5599-eded-4f96-8a0b-09bf114efd3b.s.127.e.0"><relations><relation type="hasObject"><ellipsisSentence id="Dailymed.0a4b5599-eded-4f96-8a0b-09bf114efd3b.s.126" text="Increased serum lithium levels and symptoms of lithium toxicity have been reported in patients receiving ACE inhibitors during therapy with lithium. "><entity id="Dailymed.0a4b5599-eded-4f96-8a0b-09bf114efd3b.s.126.e.0"/></ellipsisSentence></relation><relation type="hasPrecipitant"><ellipsisSentence id="Dailymed.0a4b5599-eded-4f96-8a0b-09bf114efd3b.s.126" text="Increased serum lithium levels and symptoms of lithium toxicity have been reported in patients receiving ACE inhibitors during therapy with lithium. "><entity id="Dailymed.0a4b5599-eded-4f96-8a0b-09bf114efd3b.s.126.e.1"/></ellipsisSentence></relation></relations></interaction></drugInteraction><drugInteraction id="Dailymed.0a4b5599-eded-4f96-8a0b-09bf114efd3b.s.127.ddi.2"><interaction trigger="Dailymed.0a4b5599-eded-4f96-8a0b-09bf114efd3b.s.127.e.2"><relations><relation type="hasObject"><entity id="Dailymed.0a4b5599-eded-4f96-8a0b-09bf114efd3b.s.127.e.4"/></relation><relation type="hasPrecipitant"><ellipsisSentence id="Dailymed.0a4b5599-eded-4f96-8a0b-09bf114efd3b.s.126" text="Increased serum lithium levels and symptoms of lithium toxicity have been reported in patients receiving ACE inhibitors during therapy with lithium. "><entity id="Dailymed.0a4b5599-eded-4f96-8a0b-09bf114efd3b.s.126.e.0"/></ellipsisSentence></relation></relations></interaction></drugInteraction></sentence><sentence biomedicalEntities="2" id="Dailymed.0a4b5599-eded-4f96-8a0b-09bf114efd3b.s.128" lineNumber="143" text="If a diuretic is also used, the risk of lithium toxicity may be increased." type="irregular"><entity charOffset="5:13" id="Dailymed.0a4b5599-eded-4f96-8a0b-09bf114efd3b.s.128.e.0" text="diuretic" type="Drug_Class"><Normalization><mmtx cui="C0012798" phraseText="a diuretic" preferredWord="Diuretics" semType="phsu"/><RxNorm RxCui="3567"/></Normalization></entity><entity charOffset="40:47" id="Dailymed.0a4b5599-eded-4f96-8a0b-09bf114efd3b.s.128.e.1" text="lithium" type="Drug"><Normalization><mmtx cui="C0023870" phraseText="the risk of lithium toxicity" preferredWord="Lithium" semType="phsu, elii"/><RxNorm RxCui="1428998"/></Normalization></entity><entity charOffset="48:56" id="Dailymed.0a4b5599-eded-4f96-8a0b-09bf114efd3b.s.128.e.2" text="toxicity" type="Increase_Interaction"/><drugInteraction id="Dailymed.0a4b5599-eded-4f96-8a0b-09bf114efd3b.s.128.ddi.1"><interaction trigger="Dailymed.0a4b5599-eded-4f96-8a0b-09bf114efd3b.s.128.e.2"><relations><relation type="hasPrecipitant"><ellipsisSentence id="Dailymed.0a4b5599-eded-4f96-8a0b-09bf114efd3b.s.126" text="Increased serum lithium levels and symptoms of lithium toxicity have been reported in patients receiving ACE inhibitors during therapy with lithium. "><entity id="Dailymed.0a4b5599-eded-4f96-8a0b-09bf114efd3b.s.126.e.0"/></ellipsisSentence><middleSentence id="Dailymed.0a4b5599-eded-4f96-8a0b-09bf114efd3b.s.127" text="These drugs should be coadministered with caution, and frequent monitoring of serum lithium levels is recommended. "/></relation><relation type="hasObject"><entity id="Dailymed.0a4b5599-eded-4f96-8a0b-09bf114efd3b.s.128.e.1"/></relation><relation type="hasPrecipitant"><entity id="Dailymed.0a4b5599-eded-4f96-8a0b-09bf114efd3b.s.128.e.0"/></relation></relations></interaction></drugInteraction><pair ddi="true" e1="Dailymed.0a4b5599-eded-4f96-8a0b-09bf114efd3b.s.128.e.0" e2="Dailymed.0a4b5599-eded-4f96-8a0b-09bf114efd3b.s.128.e.1" trigger="Dailymed.0a4b5599-eded-4f96-8a0b-09bf114efd3b.s.128.e.2" type="Increase_Interaction"/></sentence><sentence biomedicalEntities="3" id="Dailymed.0a4b5599-eded-4f96-8a0b-09bf114efd3b.s.130" lineNumber="147" text="Nitritoid reactions (symptoms include facial flushing, nausea, vomiting, and hypotension) have been reported rarely in patients on therapy with injectable gold (sodium aurothiomalate) and concomitant ACE inhibitor therapy including Moexipril Hydrochloride Tablets." type="regular"><entity charOffset="232:263" id="Dailymed.0a4b5599-eded-4f96-8a0b-09bf114efd3b.s.130.e.0" text="Moexipril Hydrochloride Tablets" type="Drug"><Normalization><mmtx cui="C0771294" phraseText="Moexipril Hydrochloride Tablets." preferredWord="Moexipril hydrochloride" semType="phsu, orch"/><RxNorm RxCui="236066"/></Normalization></entity><entity charOffset="200:213" id="Dailymed.0a4b5599-eded-4f96-8a0b-09bf114efd3b.s.130.e.1" text="ACE inhibitor" type="Drug_Class"><Normalization><mmtx cui="C0003015" phraseText="concomitant ACE inhibitor therapy" preferredWord="Angiotensin-Converting Enzyme Inhibitors" semType="phsu"/><RxNorm RxCui="221294"/></Normalization></entity><entity charOffset="161:182" id="Dailymed.0a4b5599-eded-4f96-8a0b-09bf114efd3b.s.130.e.3" text="sodium aurothiomalate" type="Drug"><Normalization><mmtx cui="C0018034" phraseText="with injectable gold (sodium aurothiomalate" preferredWord="Gold Sodium Thiomalate" semType="phsu, orch"/><RxNorm RxCui="9853"/></Normalization></entity><entity charOffset="38:53" id="Dailymed.0a4b5599-eded-4f96-8a0b-09bf114efd3b.s.130.e.4" text="facial flushing" type="Specific_Interaction"><Normalization><mmtx cui="C0016382" phraseText="facial flushing," preferredWord="Flushing" semType="sosy"/></Normalization></entity><entity charOffset="55:61" id="Dailymed.0a4b5599-eded-4f96-8a0b-09bf114efd3b.s.130.e.6" text="nausea" type="Specific_Interaction"><Normalization><mmtx cui="C0027497" phraseText="nausea," preferredWord="Nausea" semType="sosy"/></Normalization></entity><entity charOffset="63:71" id="Dailymed.0a4b5599-eded-4f96-8a0b-09bf114efd3b.s.130.e.8" text="vomiting" type="Specific_Interaction"><Normalization><mmtx cui="C0042963" phraseText="vomiting" preferredWord="Vomiting" semType="sosy"/></Normalization></entity><entity charOffset="77:88" id="Dailymed.0a4b5599-eded-4f96-8a0b-09bf114efd3b.s.130.e.10" text="hypotension" type="Specific_Interaction"/><entity charOffset="0:19" id="Dailymed.0a4b5599-eded-4f96-8a0b-09bf114efd3b.s.130.e.12" text="Nitritoid reactions" type="Specific_Interaction"><Normalization><mmtx cui="C0948404" phraseText="Nitritoid reactions" preferredWord="Nitritoid reaction" semType="dsyn"/></Normalization></entity><drugClassMembership drug="Dailymed.0a4b5599-eded-4f96-8a0b-09bf114efd3b.s.130.e.0" drugClass="Dailymed.0a4b5599-eded-4f96-8a0b-09bf114efd3b.s.130.e.1"/><drugInteraction id="Dailymed.0a4b5599-eded-4f96-8a0b-09bf114efd3b.s.130.ddi.1"><interaction trigger="Dailymed.0a4b5599-eded-4f96-8a0b-09bf114efd3b.s.130.e.4"><relations><relation type="hasPrecipitant"><entity id="Dailymed.0a4b5599-eded-4f96-8a0b-09bf114efd3b.s.130.e.3"/></relation><relation type="hasObject"><entity id="Dailymed.0a4b5599-eded-4f96-8a0b-09bf114efd3b.s.130.e.1"/></relation></relations></interaction></drugInteraction><drugInteraction id="Dailymed.0a4b5599-eded-4f96-8a0b-09bf114efd3b.s.130.ddi.2"><interaction trigger="Dailymed.0a4b5599-eded-4f96-8a0b-09bf114efd3b.s.130.e.6"><relations><relation type="hasPrecipitant"><entity id="Dailymed.0a4b5599-eded-4f96-8a0b-09bf114efd3b.s.130.e.3"/></relation><relation type="hasObject"><entity id="Dailymed.0a4b5599-eded-4f96-8a0b-09bf114efd3b.s.130.e.1"/></relation></relations></interaction></drugInteraction><drugInteraction id="Dailymed.0a4b5599-eded-4f96-8a0b-09bf114efd3b.s.130.ddi.3"><interaction trigger="Dailymed.0a4b5599-eded-4f96-8a0b-09bf114efd3b.s.130.e.8"><relations><relation type="hasPrecipitant"><entity id="Dailymed.0a4b5599-eded-4f96-8a0b-09bf114efd3b.s.130.e.3"/></relation><relation type="hasObject"><entity id="Dailymed.0a4b5599-eded-4f96-8a0b-09bf114efd3b.s.130.e.1"/></relation></relations></interaction></drugInteraction><drugInteraction id="Dailymed.0a4b5599-eded-4f96-8a0b-09bf114efd3b.s.130.ddi.4"><interaction trigger="Dailymed.0a4b5599-eded-4f96-8a0b-09bf114efd3b.s.130.e.10"><relations><relation type="hasPrecipitant"><entity id="Dailymed.0a4b5599-eded-4f96-8a0b-09bf114efd3b.s.130.e.3"/></relation><relation type="hasObject"><entity id="Dailymed.0a4b5599-eded-4f96-8a0b-09bf114efd3b.s.130.e.1"/></relation></relations></interaction></drugInteraction><drugInteraction id="Dailymed.0a4b5599-eded-4f96-8a0b-09bf114efd3b.s.130.ddi.5"><interaction trigger="Dailymed.0a4b5599-eded-4f96-8a0b-09bf114efd3b.s.130.e.12"><relations><relation type="hasPrecipitant"><entity id="Dailymed.0a4b5599-eded-4f96-8a0b-09bf114efd3b.s.130.e.3"/></relation><relation type="hasObject"><entity id="Dailymed.0a4b5599-eded-4f96-8a0b-09bf114efd3b.s.130.e.1"/></relation></relations></interaction></drugInteraction><pair ddi="true" e1="Dailymed.0a4b5599-eded-4f96-8a0b-09bf114efd3b.s.130.e.3" e2="Dailymed.0a4b5599-eded-4f96-8a0b-09bf114efd3b.s.130.e.1" trigger="Dailymed.0a4b5599-eded-4f96-8a0b-09bf114efd3b.s.130.e.4" type="Specific_Interaction"/></sentence><sentence id="Dailymed.0a4b5599-eded-4f96-8a0b-09bf114efd3b.s.132" text="No clinically important pharmacokinetic interactions occurred when moexipril was administered concomitantly with hydrochlorothiazide, digoxin, or cimetidine." type="negative"><entity charOffset="67:76" id="Dailymed.0a4b5599-eded-4f96-8a0b-09bf114efd3b.s.132.e.0" text="moexipril" type="Biomedical_Entity"><Normalization><mmtx cui="C0066685" phraseText="moexipril" preferredWord="moexipril" semType="phsu, orch"/><RxNorm RxCui="236066"/></Normalization></entity><entity charOffset="134:141" id="Dailymed.0a4b5599-eded-4f96-8a0b-09bf114efd3b.s.132.e.1" text="digoxin" type="Biomedical_Entity"><Normalization><mmtx cui="C0012265" phraseText="digoxin," preferredWord="Digoxin" semType="strd, phsu, carb"/><RxNorm RxCui="3407"/></Normalization></entity><entity charOffset="113:132" id="Dailymed.0a4b5599-eded-4f96-8a0b-09bf114efd3b.s.132.e.2" text="hydrochlorothiazide" type="Biomedical_Entity"><Normalization><mmtx cui="C0020261" phraseText="concomitantly with hydrochlorothiazide," preferredWord="Hydrochlorothiazide" semType="phsu, orch"/><RxNorm RxCui="5487"/></Normalization></entity><entity charOffset="146:156" id="Dailymed.0a4b5599-eded-4f96-8a0b-09bf114efd3b.s.132.e.3" text="cimetidine" type="Biomedical_Entity"><Normalization><mmtx cui="C0008783" phraseText="cimetidine." preferredWord="Cimetidine" semType="phsu, orch"/><RxNorm RxCui="2541"/></Normalization></entity><pair ddi="false" e1="Dailymed.0a4b5599-eded-4f96-8a0b-09bf114efd3b.s.132.e.0" e2="Dailymed.0a4b5599-eded-4f96-8a0b-09bf114efd3b.s.132.e.1"/><pair ddi="false" e1="Dailymed.0a4b5599-eded-4f96-8a0b-09bf114efd3b.s.132.e.0" e2="Dailymed.0a4b5599-eded-4f96-8a0b-09bf114efd3b.s.132.e.2"/><pair ddi="false" e1="Dailymed.0a4b5599-eded-4f96-8a0b-09bf114efd3b.s.132.e.0" e2="Dailymed.0a4b5599-eded-4f96-8a0b-09bf114efd3b.s.132.e.3"/><pair ddi="false" e1="Dailymed.0a4b5599-eded-4f96-8a0b-09bf114efd3b.s.132.e.2" e2="Dailymed.0a4b5599-eded-4f96-8a0b-09bf114efd3b.s.132.e.1"/><pair ddi="false" e1="Dailymed.0a4b5599-eded-4f96-8a0b-09bf114efd3b.s.132.e.1" e2="Dailymed.0a4b5599-eded-4f96-8a0b-09bf114efd3b.s.132.e.3"/><pair ddi="false" e1="Dailymed.0a4b5599-eded-4f96-8a0b-09bf114efd3b.s.132.e.2" e2="Dailymed.0a4b5599-eded-4f96-8a0b-09bf114efd3b.s.132.e.3"/></sentence><sentence id="Dailymed.0a4b5599-eded-4f96-8a0b-09bf114efd3b.s.133" text="Moexipril has been used in clinical trials concomitantly with calcium-channel-blocking agents, diuretics, H2 blockers, digoxin, oral hypoglycemic agents, and cholesterol-lowering agents. " type="negative"><entity charOffset="0:9" id="Dailymed.0a4b5599-eded-4f96-8a0b-09bf114efd3b.s.133.e.0" text="moexipril" type="Biomedical_Entity"><Normalization><mmtx cui="C0066685" phraseText="Moexipril" preferredWord="moexipril" semType="phsu, orch"/><RxNorm RxCui="236066"/></Normalization></entity><entity charOffset="62:93" id="Dailymed.0a4b5599-eded-4f96-8a0b-09bf114efd3b.s.133.e.1" text="calcium-channel-blocking agents" type="Biomedical_Entity"><Normalization><mmtx cui="C0006684" phraseText="with calcium-channel-blocking agents," preferredWord="Calcium Channel Blockers" semType="phsu"/><RxNorm RxCui="1899"/></Normalization></entity><entity charOffset="128:152" id="Dailymed.0a4b5599-eded-4f96-8a0b-09bf114efd3b.s.133.e.2" text="oral hypoglycemic agents" type="Biomedical_Entity"><Normalization><mmtx cui="C0359086" phraseText="oral hypoglycemic agents," preferredWord="Oral hypoglycemic" semType="phsu"/><RxNorm RxCui="NA"/></Normalization></entity><entity charOffset="119:126" id="Dailymed.0a4b5599-eded-4f96-8a0b-09bf114efd3b.s.133.e.3" text="digoxin" type="Biomedical_Entity"><Normalization><mmtx cui="C0012265" phraseText="digoxin," preferredWord="Digoxin" semType="strd, phsu, carb"/><RxNorm RxCui="3407"/></Normalization></entity><entity charOffset="106:117" id="Dailymed.0a4b5599-eded-4f96-8a0b-09bf114efd3b.s.133.e.4" text="h2 blockers" type="Biomedical_Entity"><Normalization><mmtx cui="C0019593" phraseText="H2 blockers," preferredWord="Histamine H2 Antagonists" semType="phsu"/><RxNorm RxCui="34748"/></Normalization></entity><entity charOffset="95:104" id="Dailymed.0a4b5599-eded-4f96-8a0b-09bf114efd3b.s.133.e.5" text="diuretics" type="Biomedical_Entity"><Normalization><mmtx cui="C0012798" phraseText="diuretics," preferredWord="Diuretics" semType="phsu"/><RxNorm RxCui="3567"/></Normalization></entity><pair ddi="false" e1="Dailymed.0a4b5599-eded-4f96-8a0b-09bf114efd3b.s.133.e.0" e2="Dailymed.0a4b5599-eded-4f96-8a0b-09bf114efd3b.s.133.e.1"/><pair ddi="false" e1="Dailymed.0a4b5599-eded-4f96-8a0b-09bf114efd3b.s.133.e.0" e2="Dailymed.0a4b5599-eded-4f96-8a0b-09bf114efd3b.s.133.e.2"/><pair ddi="false" e1="Dailymed.0a4b5599-eded-4f96-8a0b-09bf114efd3b.s.133.e.0" e2="Dailymed.0a4b5599-eded-4f96-8a0b-09bf114efd3b.s.133.e.3"/><pair ddi="false" e1="Dailymed.0a4b5599-eded-4f96-8a0b-09bf114efd3b.s.133.e.0" e2="Dailymed.0a4b5599-eded-4f96-8a0b-09bf114efd3b.s.133.e.4"/><pair ddi="false" e1="Dailymed.0a4b5599-eded-4f96-8a0b-09bf114efd3b.s.133.e.0" e2="Dailymed.0a4b5599-eded-4f96-8a0b-09bf114efd3b.s.133.e.5"/><pair ddi="false" e1="Dailymed.0a4b5599-eded-4f96-8a0b-09bf114efd3b.s.133.e.1" e2="Dailymed.0a4b5599-eded-4f96-8a0b-09bf114efd3b.s.133.e.2"/><pair ddi="false" e1="Dailymed.0a4b5599-eded-4f96-8a0b-09bf114efd3b.s.133.e.1" e2="Dailymed.0a4b5599-eded-4f96-8a0b-09bf114efd3b.s.133.e.3"/><pair ddi="false" e1="Dailymed.0a4b5599-eded-4f96-8a0b-09bf114efd3b.s.133.e.1" e2="Dailymed.0a4b5599-eded-4f96-8a0b-09bf114efd3b.s.133.e.4"/><pair ddi="false" e1="Dailymed.0a4b5599-eded-4f96-8a0b-09bf114efd3b.s.133.e.1" e2="Dailymed.0a4b5599-eded-4f96-8a0b-09bf114efd3b.s.133.e.5"/><pair ddi="false" e1="Dailymed.0a4b5599-eded-4f96-8a0b-09bf114efd3b.s.133.e.3" e2="Dailymed.0a4b5599-eded-4f96-8a0b-09bf114efd3b.s.133.e.2"/><pair ddi="false" e1="Dailymed.0a4b5599-eded-4f96-8a0b-09bf114efd3b.s.133.e.4" e2="Dailymed.0a4b5599-eded-4f96-8a0b-09bf114efd3b.s.133.e.2"/><pair ddi="false" e1="Dailymed.0a4b5599-eded-4f96-8a0b-09bf114efd3b.s.133.e.5" e2="Dailymed.0a4b5599-eded-4f96-8a0b-09bf114efd3b.s.133.e.2"/><pair ddi="false" e1="Dailymed.0a4b5599-eded-4f96-8a0b-09bf114efd3b.s.133.e.4" e2="Dailymed.0a4b5599-eded-4f96-8a0b-09bf114efd3b.s.133.e.3"/><pair ddi="false" e1="Dailymed.0a4b5599-eded-4f96-8a0b-09bf114efd3b.s.133.e.5" e2="Dailymed.0a4b5599-eded-4f96-8a0b-09bf114efd3b.s.133.e.3"/><pair ddi="false" e1="Dailymed.0a4b5599-eded-4f96-8a0b-09bf114efd3b.s.133.e.5" e2="Dailymed.0a4b5599-eded-4f96-8a0b-09bf114efd3b.s.133.e.4"/></sentence><sentence id="Dailymed.0a4b5599-eded-4f96-8a0b-09bf114efd3b.s.137" text="The recommended initial dose of moexipril in patients not receiving diuretics is 7.5 mg, one hour prior to meals, once daily. " type="negative"><entity charOffset="32:41" id="Dailymed.0a4b5599-eded-4f96-8a0b-09bf114efd3b.s.137.e.0" text="moexipril" type="Biomedical_Entity"><Normalization><mmtx cui="C0066685" phraseText="The recommended initial dose of moexipril" preferredWord="moexipril" semType="phsu, orch"/><RxNorm RxCui="236066"/></Normalization></entity><entity charOffset="68:77" id="Dailymed.0a4b5599-eded-4f96-8a0b-09bf114efd3b.s.137.e.1" text="diuretics" type="Biomedical_Entity"><Normalization><mmtx cui="C0012798" phraseText="not receiving diuretics" preferredWord="Diuretics" semType="phsu"/><RxNorm RxCui="3567"/></Normalization></entity><pair ddi="false" e1="Dailymed.0a4b5599-eded-4f96-8a0b-09bf114efd3b.s.137.e.0" e2="Dailymed.0a4b5599-eded-4f96-8a0b-09bf114efd3b.s.137.e.1"/></sentence><sentence id="Dailymed.0a4b5599-eded-4f96-8a0b-09bf114efd3b.s.139" text="The antihypertensive effect of moexipril may diminish towards the end of the dosing interval. " type="negative"><entity charOffset="31:40" id="Dailymed.0a4b5599-eded-4f96-8a0b-09bf114efd3b.s.139.e.0" text="moexipril" type="Biomedical_Entity"><Normalization><mmtx cui="C0066685" phraseText="The antihypertensive effect of moexipril" preferredWord="moexipril" semType="phsu, orch"/><RxNorm RxCui="236066"/></Normalization></entity><entity charOffset="4:20" id="Dailymed.0a4b5599-eded-4f96-8a0b-09bf114efd3b.s.139.e.1" text="antihypertensive" type="Biomedical_Entity"><Normalization><mmtx cui="C0003364" phraseText="The antihypertensive effect of moexipril" preferredWord="Antihypertensive Agents" semType="phsu"/><RxNorm RxCui="968"/></Normalization></entity><pair ddi="false" e1="Dailymed.0a4b5599-eded-4f96-8a0b-09bf114efd3b.s.139.e.1" e2="Dailymed.0a4b5599-eded-4f96-8a0b-09bf114efd3b.s.139.e.0"/></sentence><sentence biomedicalEntities="2" id="Dailymed.0a4b5599-eded-4f96-8a0b-09bf114efd3b.s.144" lineNumber="161" text="In patients who are currently being treated with a diuretic, symptomatic hypotension may occasionally occur following the initial dose of moexipril. " type="regular"><entity charOffset="51:59" id="Dailymed.0a4b5599-eded-4f96-8a0b-09bf114efd3b.s.144.e.0" text="diuretic" type="Drug_Class"><Normalization><mmtx cui="C0012798" phraseText="treated with a diuretic, symptomatic hypotension" preferredWord="Diuretics" semType="phsu"/><RxNorm RxCui="3567"/></Normalization></entity><entity charOffset="138:147" id="Dailymed.0a4b5599-eded-4f96-8a0b-09bf114efd3b.s.144.e.1" text="moexipril" type="Drug"><Normalization><mmtx cui="C0066685" phraseText="the initial dose of moexipril." preferredWord="moexipril" semType="phsu, orch"/><RxNorm RxCui="236066"/></Normalization></entity><entity charOffset="61:84" id="Dailymed.0a4b5599-eded-4f96-8a0b-09bf114efd3b.s.144.e.2" text="symptomatic hypotension" type="Specific_Interaction"/><drugInteraction id="Dailymed.0a4b5599-eded-4f96-8a0b-09bf114efd3b.s.144.ddi.1"><interaction trigger="Dailymed.0a4b5599-eded-4f96-8a0b-09bf114efd3b.s.144.e.2"><relations><relation type="hasObject"><entity id="Dailymed.0a4b5599-eded-4f96-8a0b-09bf114efd3b.s.144.e.1"/></relation><relation type="hasPrecipitant"><entity id="Dailymed.0a4b5599-eded-4f96-8a0b-09bf114efd3b.s.144.e.0"/></relation></relations></interaction></drugInteraction><pair ddi="true" e1="Dailymed.0a4b5599-eded-4f96-8a0b-09bf114efd3b.s.144.e.0" e2="Dailymed.0a4b5599-eded-4f96-8a0b-09bf114efd3b.s.144.e.1" trigger="Dailymed.0a4b5599-eded-4f96-8a0b-09bf114efd3b.s.144.e.2" type="Specific_Interaction"/></sentence><sentence id="Dailymed.0a4b5599-eded-4f96-8a0b-09bf114efd3b.s.145" text="The diuretic should, if possible, be discontinued for 2 to 3 days before therapy with moexipril is begun, to reduce the likelihood of hypotension (see WARNINGS). " type="negative"><entity charOffset="86:95" id="Dailymed.0a4b5599-eded-4f96-8a0b-09bf114efd3b.s.145.e.0" text="moexipril" type="Biomedical_Entity"><Normalization><mmtx cui="C0066685" phraseText="with moexipril" preferredWord="moexipril" semType="phsu, orch"/><RxNorm RxCui="236066"/></Normalization></entity><entity charOffset="4:12" id="Dailymed.0a4b5599-eded-4f96-8a0b-09bf114efd3b.s.145.e.1" text="diuretic" type="Biomedical_Entity"><Normalization><mmtx cui="C0012798" phraseText="The diuretic" preferredWord="Diuretics" semType="phsu"/><RxNorm RxCui="3567"/></Normalization></entity><pair ddi="false" e1="Dailymed.0a4b5599-eded-4f96-8a0b-09bf114efd3b.s.145.e.1" e2="Dailymed.0a4b5599-eded-4f96-8a0b-09bf114efd3b.s.145.e.0"/></sentence><sentence id="Dailymed.0a4b5599-eded-4f96-8a0b-09bf114efd3b.s.146" text="If the patient's blood pressure is not controlled with moexipril alone, diuretic therapy may then be reinstituted. " type="negative"><entity charOffset="55:64" id="Dailymed.0a4b5599-eded-4f96-8a0b-09bf114efd3b.s.146.e.0" text="moexipril" type="Biomedical_Entity"><Normalization><mmtx cui="C0066685" phraseText="controlled with moexipril alone, diuretic therapy" preferredWord="moexipril" semType="phsu, orch"/><RxNorm RxCui="236066"/></Normalization></entity><entity charOffset="72:80" id="Dailymed.0a4b5599-eded-4f96-8a0b-09bf114efd3b.s.146.e.1" text="diuretic" type="Biomedical_Entity"><Normalization><mmtx cui="C0012798" phraseText="controlled with moexipril alone, diuretic therapy" preferredWord="Diuretics" semType="phsu"/><RxNorm RxCui="3567"/></Normalization></entity><pair ddi="false" e1="Dailymed.0a4b5599-eded-4f96-8a0b-09bf114efd3b.s.146.e.0" e2="Dailymed.0a4b5599-eded-4f96-8a0b-09bf114efd3b.s.146.e.1"/></sentence><sentence id="Dailymed.0a4b5599-eded-4f96-8a0b-09bf114efd3b.s.147" text="If diuretic therapy cannot be discontinued, an initial dose of 3.75 mg of moexipril should be used with medical supervision until blood pressure has stabilized (see WARNINGS and PRECAUTIONS, Drug Interactions)." type="negative"><entity charOffset="3:11" id="Dailymed.0a4b5599-eded-4f96-8a0b-09bf114efd3b.s.147.e.0" text="diuretic" type="Biomedical_Entity"><Normalization><mmtx cui="C0012798" phraseText="diuretic therapy" preferredWord="Diuretics" semType="phsu"/><RxNorm RxCui="3567"/></Normalization></entity><entity charOffset="74:83" id="Dailymed.0a4b5599-eded-4f96-8a0b-09bf114efd3b.s.147.e.1" text="moexipril" type="Biomedical_Entity"><Normalization><mmtx cui="C0066685" phraseText="an initial dose of 3.75 mg of moexipril" preferredWord="moexipril" semType="phsu, orch"/><RxNorm RxCui="236066"/></Normalization></entity><pair ddi="false" e1="Dailymed.0a4b5599-eded-4f96-8a0b-09bf114efd3b.s.147.e.0" e2="Dailymed.0a4b5599-eded-4f96-8a0b-09bf114efd3b.s.147.e.1"/></sentence><positiveExamples number="21"/><negativeExamples number="68"/></document>