<?xml version="1.0" encoding="UTF-8" standalone="no"?><document setID="0fed2822-3a03-4b64-9857-c682fcd462bc"><labelDrug name="Aldactone"><Normalization><mmtx cui="C0591054" preferredWord="Aldactone" semType="strd, phsu"/></Normalization></labelDrug><generic name="spironolactone"/><sentence id="Dailymed.0fed2822-3a03-4b64-9857-c682fcd462bc.s.1" text="ALDACTONE (spironolactone) tablet, film coated" type="negative"><entity charOffset="0:9" id="Dailymed.0fed2822-3a03-4b64-9857-c682fcd462bc.s.1.e.0" text="aldactone" type="Biomedical_Entity"><Normalization><mmtx cui="C0591054" phraseText="ALDACTONE" preferredWord="Aldactone" semType="strd, phsu"/><RxNorm RxCui="151317"/></Normalization></entity><entity charOffset="11:25" id="Dailymed.0fed2822-3a03-4b64-9857-c682fcd462bc.s.1.e.1" text="spironolactone" type="Biomedical_Entity"><Normalization><mmtx cui="C0037982" phraseText="(spironolactone" preferredWord="Spironolactone" semType="strd, phsu"/><RxNorm RxCui="9997"/></Normalization></entity><pair ddi="false" e1="Dailymed.0fed2822-3a03-4b64-9857-c682fcd462bc.s.1.e.0" e2="Dailymed.0fed2822-3a03-4b64-9857-c682fcd462bc.s.1.e.1"/></sentence><sentence id="Dailymed.0fed2822-3a03-4b64-9857-c682fcd462bc.s.3" text="ALDACTONE (spironolactone) is indicated in the management of Primary hyperaldosteronism." type="negative"><entity charOffset="0:9" id="Dailymed.0fed2822-3a03-4b64-9857-c682fcd462bc.s.3.e.0" text="aldactone" type="Biomedical_Entity"><Normalization><mmtx cui="C0591054" phraseText="ALDACTONE" preferredWord="Aldactone" semType="strd, phsu"/><RxNorm RxCui="151317"/></Normalization></entity><entity charOffset="11:25" id="Dailymed.0fed2822-3a03-4b64-9857-c682fcd462bc.s.3.e.1" text="spironolactone" type="Biomedical_Entity"><Normalization><mmtx cui="C0037982" phraseText="(spironolactone" preferredWord="Spironolactone" semType="strd, phsu"/><RxNorm RxCui="9997"/></Normalization></entity><pair ddi="false" e1="Dailymed.0fed2822-3a03-4b64-9857-c682fcd462bc.s.3.e.0" e2="Dailymed.0fed2822-3a03-4b64-9857-c682fcd462bc.s.3.e.1"/></sentence><sentence biomedicalEntities="4" id="Dailymed.0fed2822-3a03-4b64-9857-c682fcd462bc.s.8" lineNumber="15" text="Potassium supplementation, either in the form of medication or as a diet rich in potassium, should not ordinarily be given in association with ALDACTONE therapy. " type="regular"><anaphoraRelation><anaphoraEntity charOffset="49:59" id="Dailymed.0fed2822-3a03-4b64-9857-c682fcd462bc.s.8.e.2" text="medication" type="Expression"/><antecedentEntity charOffset="0-25" id="Dailymed.0fed2822-3a03-4b64-9857-c682fcd462bc.s.8.e.0" text="Potassium supplementation" type="Drug_Class"/></anaphoraRelation><anaphoraRelation><anaphoraEntity charOffset="68:90" id="Dailymed.0fed2822-3a03-4b64-9857-c682fcd462bc.s.8.e.4" text="diet rich in potassium" type="Expression"/><antecedentEntity charOffset="0-25" id="Dailymed.0fed2822-3a03-4b64-9857-c682fcd462bc.s.8.e.0" text="Potassium supplementation" type="Drug_Class"/></anaphoraRelation><entity charOffset="0:25" id="Dailymed.0fed2822-3a03-4b64-9857-c682fcd462bc.s.8.e.0" text="Potassium supplementation" type="Drug_Class"><Normalization><mmtx cui="C0561938" phraseText="Potassium supplementation," preferredWord="Potassium supplementation" semType="phsu"/><RxNorm RxCui="8588"/></Normalization></entity><entity charOffset="68:90" id="Dailymed.0fed2822-3a03-4b64-9857-c682fcd462bc.s.8.e.1" text="diet rich in potassium" type="Substance"><Normalization><mmtx cui="C0597277" phraseText="rich in potassium," preferredWord="Potassium Ion" semType="phsu, elii"/><RxNorm RxCui="465039"/></Normalization></entity><entity charOffset="143:152" id="Dailymed.0fed2822-3a03-4b64-9857-c682fcd462bc.s.8.e.6" text="ALDACTONE" type="Drug"><Normalization><mmtx cui="C0591054" phraseText="with ALDACTONE therapy." preferredWord="Aldactone" semType="strd, phsu"/><RxNorm RxCui="151317"/></Normalization></entity><entity charOffset="99:102|114:122" id="Dailymed.0fed2822-3a03-4b64-9857-c682fcd462bc.s.8.e.7" text="not be given" type="Caution_Interaction"/><entity charOffset="49:59" id="Dailymed.0fed2822-3a03-4b64-9857-c682fcd462bc.s.8.e.9" text="medication" type="Drug_Class"><Normalization><mmtx cui="C0013227" phraseText="either in the form of medication" preferredWord="Pharmaceutical Preparations" semType="phsu"/><RxNorm RxCui="691673"/></Normalization></entity><drugInteraction id="Dailymed.0fed2822-3a03-4b64-9857-c682fcd462bc.s.8.ddi.1"><interaction trigger="Dailymed.0fed2822-3a03-4b64-9857-c682fcd462bc.s.8.e.7"><relations><relation type="hasPrecipitant"><entity id="Dailymed.0fed2822-3a03-4b64-9857-c682fcd462bc.s.8.e.0"/></relation><relation type="hasObject"><entity id="Dailymed.0fed2822-3a03-4b64-9857-c682fcd462bc.s.8.e.6"/></relation></relations></interaction></drugInteraction><pair ddi="true" e1="Dailymed.0fed2822-3a03-4b64-9857-c682fcd462bc.s.8.e.0" e2="Dailymed.0fed2822-3a03-4b64-9857-c682fcd462bc.s.8.e.6" trigger="Dailymed.0fed2822-3a03-4b64-9857-c682fcd462bc.s.8.e.7" type="Caution_Interaction"/></sentence><sentence biomedicalEntities="2" id="Dailymed.0fed2822-3a03-4b64-9857-c682fcd462bc.s.9" lineNumber="15" text="Excessive potassium intake may cause hyperkalemia in patients receiving ALDACTONE (see Precautions: General)." type="regular"><entity charOffset="10:19" id="Dailymed.0fed2822-3a03-4b64-9857-c682fcd462bc.s.9.e.0" text="potassium" type="Substance"><Normalization><mmtx cui="C0597277" phraseText="Excessive potassium intake" preferredWord="Potassium Ion" semType="phsu, elii"/><RxNorm RxCui="8588"/></Normalization></entity><entity charOffset="37:49" id="Dailymed.0fed2822-3a03-4b64-9857-c682fcd462bc.s.9.e.1" text="hyperkalemia" type="Specific_Interaction"/><entity charOffset="72:81" id="Dailymed.0fed2822-3a03-4b64-9857-c682fcd462bc.s.9.e.3" text="ALDACTONE" type="Drug"><Normalization><mmtx cui="C0591054" phraseText="ALDACTONE" preferredWord="Aldactone" semType="strd, phsu"/><RxNorm RxCui="151317"/></Normalization></entity><drugInteraction id="Dailymed.0fed2822-3a03-4b64-9857-c682fcd462bc.s.9.ddi.1"><interaction trigger="Dailymed.0fed2822-3a03-4b64-9857-c682fcd462bc.s.9.e.1"><relations><relation type="hasPrecipitant"><entity id="Dailymed.0fed2822-3a03-4b64-9857-c682fcd462bc.s.9.e.0"/></relation><relation type="hasObject"><entity id="Dailymed.0fed2822-3a03-4b64-9857-c682fcd462bc.s.9.e.3"/></relation></relations></interaction></drugInteraction><pair ddi="true" e1="Dailymed.0fed2822-3a03-4b64-9857-c682fcd462bc.s.9.e.0" e2="Dailymed.0fed2822-3a03-4b64-9857-c682fcd462bc.s.9.e.3" trigger="Dailymed.0fed2822-3a03-4b64-9857-c682fcd462bc.s.9.e.1" type="Specific_Interaction"/></sentence><sentence biomedicalEntities="2" id="Dailymed.0fed2822-3a03-4b64-9857-c682fcd462bc.s.10" lineNumber="17" text="ALDACTONE should not be administered concurrently with other potassium-sparing diuretics. " type="regular"><entity charOffset="0:9" id="Dailymed.0fed2822-3a03-4b64-9857-c682fcd462bc.s.10.e.0" text="ALDACTONE" type="Drug"><Normalization><mmtx cui="C0591054" phraseText="ALDACTONE" preferredWord="Aldactone" semType="strd, phsu"/><RxNorm RxCui="151317"/></Normalization></entity><entity charOffset="61:88" id="Dailymed.0fed2822-3a03-4b64-9857-c682fcd462bc.s.10.e.1" text="potassium-sparing diuretics" type="Drug_Class"><Normalization><mmtx cui="C0304490" phraseText="concurrently with other potassium-sparing diuretics." preferredWord="Potassium Sparing Diuretics" semType="phsu"/><RxNorm RxCui="1437061"/></Normalization></entity><entity charOffset="17:36" id="Dailymed.0fed2822-3a03-4b64-9857-c682fcd462bc.s.10.e.2" text="not be administered" type="Caution_Interaction"/><drugInteraction id="Dailymed.0fed2822-3a03-4b64-9857-c682fcd462bc.s.10.ddi.1"><interaction trigger="Dailymed.0fed2822-3a03-4b64-9857-c682fcd462bc.s.10.e.2"><relations><relation type="hasPrecipitant"><entity id="Dailymed.0fed2822-3a03-4b64-9857-c682fcd462bc.s.10.e.1"/></relation><relation type="hasObject"><entity id="Dailymed.0fed2822-3a03-4b64-9857-c682fcd462bc.s.10.e.0"/></relation></relations></interaction></drugInteraction><pair ddi="true" e1="Dailymed.0fed2822-3a03-4b64-9857-c682fcd462bc.s.10.e.0" e2="Dailymed.0fed2822-3a03-4b64-9857-c682fcd462bc.s.10.e.1" trigger="Dailymed.0fed2822-3a03-4b64-9857-c682fcd462bc.s.10.e.2" type="Caution_Interaction"/></sentence><sentence biomedicalEntities="3" id="Dailymed.0fed2822-3a03-4b64-9857-c682fcd462bc.s.11" lineNumber="17" text="ALDACTONE, when used with ACE inhibitors or indomethacin, even in the presence of a diuretic, has been associated with severe hyperkalemia. " type="regular"><entity charOffset="0:9" id="Dailymed.0fed2822-3a03-4b64-9857-c682fcd462bc.s.11.e.0" text="ALDACTONE" type="Drug"><Normalization><mmtx cui="C0591054" phraseText="ALDACTONE," preferredWord="Aldactone" semType="strd, phsu"/><RxNorm RxCui="151317"/></Normalization></entity><entity charOffset="26:40" id="Dailymed.0fed2822-3a03-4b64-9857-c682fcd462bc.s.11.e.1" text="ACE inhibitors" type="Drug_Class"><Normalization><mmtx cui="C0003015" phraseText="used with ACE inhibitors" preferredWord="Angiotensin-Converting Enzyme Inhibitors" semType="phsu"/><RxNorm RxCui="221294"/></Normalization></entity><entity charOffset="44:56" id="Dailymed.0fed2822-3a03-4b64-9857-c682fcd462bc.s.11.e.2" text="indomethacin" type="Drug"><Normalization><mmtx cui="C0021246" phraseText="indomethacin," preferredWord="Indomethacin" semType="phsu, orch"/><RxNorm RxCui="5781"/></Normalization></entity><entity charOffset="119:138" id="Dailymed.0fed2822-3a03-4b64-9857-c682fcd462bc.s.11.e.3" text="severe hyperkalemia" type="Specific_Interaction"/><drugInteraction id="Dailymed.0fed2822-3a03-4b64-9857-c682fcd462bc.s.11.ddi.1"><interaction trigger="Dailymed.0fed2822-3a03-4b64-9857-c682fcd462bc.s.11.e.3"><relations><relation type="hasPrecipitant"><entity id="Dailymed.0fed2822-3a03-4b64-9857-c682fcd462bc.s.11.e.2"/></relation><relation type="hasObject"><entity id="Dailymed.0fed2822-3a03-4b64-9857-c682fcd462bc.s.11.e.0"/></relation><relation type="hasPrecipitant"><entity id="Dailymed.0fed2822-3a03-4b64-9857-c682fcd462bc.s.11.e.1"/></relation></relations></interaction></drugInteraction><pair ddi="true" e1="Dailymed.0fed2822-3a03-4b64-9857-c682fcd462bc.s.11.e.0" e2="Dailymed.0fed2822-3a03-4b64-9857-c682fcd462bc.s.11.e.2" trigger="Dailymed.0fed2822-3a03-4b64-9857-c682fcd462bc.s.11.e.3" type="Specific_Interaction"/><pair ddi="true" e1="Dailymed.0fed2822-3a03-4b64-9857-c682fcd462bc.s.11.e.0" e2="Dailymed.0fed2822-3a03-4b64-9857-c682fcd462bc.s.11.e.1" trigger="Dailymed.0fed2822-3a03-4b64-9857-c682fcd462bc.s.11.e.3" type="Specific_Interaction"/><pair ddi="false" e1="Dailymed.0fed2822-3a03-4b64-9857-c682fcd462bc.s.11.e.1" e2="Dailymed.0fed2822-3a03-4b64-9857-c682fcd462bc.s.11.e.2"/></sentence><sentence biomedicalEntities="1" id="Dailymed.0fed2822-3a03-4b64-9857-c682fcd462bc.s.12" lineNumber="17" text="Extreme caution should be exercised when ALDACTONE is given concomitantly with these drugs." type="irregular"><anaphoraRelation><antecedentSentence ID="Dailymed.0fed2822-3a03-4b64-9857-c682fcd462bc.s.11" Text="ALDACTONE, when used with ACE inhibitors or indomethacin, even in the presence of a diuretic, has been associated with severe hyperkalemia. "/><anaphoraEntity charOffset="79:90" id="Dailymed.0fed2822-3a03-4b64-9857-c682fcd462bc.s.12.e.3" text="these drugs" type="Expression"/><antecedentEntity charOffset="26:40" id="Dailymed.0fed2822-3a03-4b64-9857-c682fcd462bc.s.11.e.1" text="ACE inhibitors" type="Drug_Class"/></anaphoraRelation><anaphoraRelation><antecedentSentence ID="Dailymed.0fed2822-3a03-4b64-9857-c682fcd462bc.s.11" Text="ALDACTONE, when used with ACE inhibitors or indomethacin, even in the presence of a diuretic, has been associated with severe hyperkalemia. "/><anaphoraEntity charOffset="79:90" id="Dailymed.0fed2822-3a03-4b64-9857-c682fcd462bc.s.12.e.3" text="these drugs" type="Expression"/><antecedentEntity charOffset="44:56" id="Dailymed.0fed2822-3a03-4b64-9857-c682fcd462bc.s.11.e.2" text="indomethacin" type="Drug"/></anaphoraRelation><entity charOffset="0:15" id="Dailymed.0fed2822-3a03-4b64-9857-c682fcd462bc.s.12.e.0" text="Extreme caution" type="Caution_Interaction"/><entity charOffset="41:50" id="Dailymed.0fed2822-3a03-4b64-9857-c682fcd462bc.s.12.e.2" text="ALDACTONE" type="Drug"><Normalization><mmtx cui="C0591054" phraseText="ALDACTONE" preferredWord="Aldactone" semType="strd, phsu"/><RxNorm RxCui="151317"/></Normalization></entity><drugInteraction id="Dailymed.0fed2822-3a03-4b64-9857-c682fcd462bc.s.12.ddi.1"><interaction trigger="Dailymed.0fed2822-3a03-4b64-9857-c682fcd462bc.s.12.e.0"><relations><relation type="hasObject"><entity id="Dailymed.0fed2822-3a03-4b64-9857-c682fcd462bc.s.12.e.2"/></relation><relation type="hasPrecipitant"><entity id="Dailymed.0fed2822-3a03-4b64-9857-c682fcd462bc.s.12.e.3"/></relation></relations></interaction></drugInteraction><pair ddi="true" e1="Dailymed.0fed2822-3a03-4b64-9857-c682fcd462bc.s.12.e.2" e2="Dailymed.0fed2822-3a03-4b64-9857-c682fcd462bc.s.12.e.3" trigger="Dailymed.0fed2822-3a03-4b64-9857-c682fcd462bc.s.12.e.0" type="Caution_Interaction"/></sentence><sentence id="Dailymed.0fed2822-3a03-4b64-9857-c682fcd462bc.s.15" text="It is critical to monitor and manage serum potassium in patients with severe heart failure receiving ALDACTONE. " type="negative"><entity charOffset="101:110" id="Dailymed.0fed2822-3a03-4b64-9857-c682fcd462bc.s.15.e.0" text="aldactone" type="Biomedical_Entity"><Normalization><mmtx cui="C0591054" phraseText="with severe heart failure receiving ALDACTONE." preferredWord="Aldactone" semType="strd, phsu"/><RxNorm RxCui="151317"/></Normalization></entity><entity charOffset="43:52" id="Dailymed.0fed2822-3a03-4b64-9857-c682fcd462bc.s.15.e.1" text="potassium" type="Biomedical_Entity"><Normalization><mmtx cui="C0597277" phraseText="serum potassium in patients" preferredWord="Potassium Ion" semType="phsu, elii"/><RxNorm RxCui="8588"/></Normalization></entity><pair ddi="false" e1="Dailymed.0fed2822-3a03-4b64-9857-c682fcd462bc.s.15.e.1" e2="Dailymed.0fed2822-3a03-4b64-9857-c682fcd462bc.s.15.e.0"/></sentence><sentence biomedicalEntities="1" id="Dailymed.0fed2822-3a03-4b64-9857-c682fcd462bc.s.16" lineNumber="21" text="Avoid using other potassium-sparing diuretics. " type="irregular"><entity charOffset="18:45" id="Dailymed.0fed2822-3a03-4b64-9857-c682fcd462bc.s.16.e.0" text="potassium-sparing diuretics" type="Drug_Class"><Normalization><mmtx cui="C0304490" phraseText="other potassium-sparing diuretics." preferredWord="Potassium Sparing Diuretics" semType="phsu"/><RxNorm RxCui="1437061"/></Normalization></entity><entity charOffset="0:5" id="Dailymed.0fed2822-3a03-4b64-9857-c682fcd462bc.s.16.e.1" text="Avoid" type="Caution_Interaction"/><drugInteraction id="Dailymed.0fed2822-3a03-4b64-9857-c682fcd462bc.s.16.ddi.1"><interaction trigger="Dailymed.0fed2822-3a03-4b64-9857-c682fcd462bc.s.16.e.1"><relations><relation type="hasPrecipitant"><entity id="Dailymed.0fed2822-3a03-4b64-9857-c682fcd462bc.s.16.e.0"/></relation><relation type="hasObject"><ellipsisSentence id="Dailymed.0fed2822-3a03-4b64-9857-c682fcd462bc.s.15" text="It is critical to monitor and manage serum potassium in patients with severe heart failure receiving ALDACTONE. "><entity charOffset="101:110" id="Dailymed.0fed2822-3a03-4b64-9857-c682fcd462bc.s.15.e.0" text="ALDACTONE" type="Drug"><Normalization><mmtx cui="C0591054" phraseText="with severe heart failure receiving ALDACTONE." preferredWord="Aldactone" semType="strd, phsu"/><mmtx cui="C0591054" phraseText="with severe heart failure receiving ALDACTONE." preferredWord="Aldactone" semType="strd, phsu"/></Normalization></entity></ellipsisSentence></relation></relations></interaction></drugInteraction><pair ddi="true" e1="labelDrug" e2="Dailymed.0fed2822-3a03-4b64-9857-c682fcd462bc.s.16.e.0"/></sentence><sentence biomedicalEntities="1" id="Dailymed.0fed2822-3a03-4b64-9857-c682fcd462bc.s.17" lineNumber="21" text="Avoid using oral potassium supplements in patients with serum potassium &gt; 3.5 mEq/L. " type="irregular"><entity charOffset="0:5" id="Dailymed.0fed2822-3a03-4b64-9857-c682fcd462bc.s.17.e.0" text="Avoid" type="Caution_Interaction"/><entity charOffset="12:38" id="Dailymed.0fed2822-3a03-4b64-9857-c682fcd462bc.s.17.e.2" text="oral potassium supplements" type="Drug_Class"><Normalization><mmtx cui="C0597277" phraseText="oral potassium" preferredWord="Potassium Ion" semType="phsu, elii"/><RxNorm RxCui="NA"/></Normalization></entity><drugInteraction id="Dailymed.0fed2822-3a03-4b64-9857-c682fcd462bc.s.17.ddi.1"><interaction trigger="Dailymed.0fed2822-3a03-4b64-9857-c682fcd462bc.s.17.e.0"><relations><relation type="hasPrecipitant"><entity id="Dailymed.0fed2822-3a03-4b64-9857-c682fcd462bc.s.17.e.2"/></relation><relation type="hasObject"><ellipsisSentence id="Dailymed.0fed2822-3a03-4b64-9857-c682fcd462bc.s.15" text="It is critical to monitor and manage serum potassium in patients with severe heart failure receiving ALDACTONE. "><entity charOffset="101:110" id="Dailymed.0fed2822-3a03-4b64-9857-c682fcd462bc.s.15.e.0" text="ALDACTONE" type="Drug"><Normalization><mmtx cui="C0591054" phraseText="with severe heart failure receiving ALDACTONE." preferredWord="Aldactone" semType="strd, phsu"/><mmtx cui="C0591054" phraseText="with severe heart failure receiving ALDACTONE." preferredWord="Aldactone" semType="strd, phsu"/></Normalization></entity></ellipsisSentence><middleSentence id="Dailymed.0fed2822-3a03-4b64-9857-c682fcd462bc.s.16" text="Avoid using other potassium-sparing diuretics. "/></relation></relations></interaction></drugInteraction><pair ddi="true" e1="labelDrug" e2="Dailymed.0fed2822-3a03-4b64-9857-c682fcd462bc.s.17.e.2"/></sentence><sentence id="Dailymed.0fed2822-3a03-4b64-9857-c682fcd462bc.s.19" text="The recommended monitoring for potassium and creatinine is one week after initiation or increase in dose of ALDACTONE, monthly for the first 3 months, then quarterly for a year, and then every 6 months. " type="negative"><entity charOffset="108:117" id="Dailymed.0fed2822-3a03-4b64-9857-c682fcd462bc.s.19.e.0" text="aldactone" type="Biomedical_Entity"><Normalization><mmtx cui="C0591054" phraseText="increase in dose of ALDACTONE," preferredWord="Aldactone" semType="strd, phsu"/><RxNorm RxCui="151317"/></Normalization></entity><entity charOffset="31:40" id="Dailymed.0fed2822-3a03-4b64-9857-c682fcd462bc.s.19.e.1" text="potassium" type="Biomedical_Entity"><Normalization><mmtx cui="C0597277" phraseText="The recommended monitoring for potassium" preferredWord="Potassium Ion" semType="phsu, elii"/><RxNorm RxCui="8588"/></Normalization></entity><pair ddi="false" e1="Dailymed.0fed2822-3a03-4b64-9857-c682fcd462bc.s.19.e.1" e2="Dailymed.0fed2822-3a03-4b64-9857-c682fcd462bc.s.19.e.0"/></sentence><sentence biomedicalEntities="2" id="Dailymed.0fed2822-3a03-4b64-9857-c682fcd462bc.s.23" lineNumber="25" text="Lithium generally should not be given with diuretics (see Precautions: Drug interactions)." type="regular"><entity charOffset="0:7" id="Dailymed.0fed2822-3a03-4b64-9857-c682fcd462bc.s.23.e.0" text="Lithium" type="Drug"><Normalization><mmtx cui="C0023870" phraseText="Lithium generally" preferredWord="Lithium" semType="phsu, elii"/><RxNorm RxCui="1428998"/></Normalization></entity><entity charOffset="43:52" id="Dailymed.0fed2822-3a03-4b64-9857-c682fcd462bc.s.23.e.1" text="diuretics" type="Drug_Class"><Normalization><mmtx cui="C0012798" phraseText="given with diuretics" preferredWord="Diuretics" semType="phsu"/><RxNorm RxCui="3567"/></Normalization></entity><entity charOffset="25:37" id="Dailymed.0fed2822-3a03-4b64-9857-c682fcd462bc.s.23.e.2" text="not be given" type="Caution_Interaction"/><drugInteraction id="Dailymed.0fed2822-3a03-4b64-9857-c682fcd462bc.s.23.ddi.1"><interaction trigger="Dailymed.0fed2822-3a03-4b64-9857-c682fcd462bc.s.23.e.2"><relations><relation type="hasPrecipitant"><entity id="Dailymed.0fed2822-3a03-4b64-9857-c682fcd462bc.s.23.e.0"/></relation><relation type="hasObject"><entity id="Dailymed.0fed2822-3a03-4b64-9857-c682fcd462bc.s.23.e.1"/></relation></relations></interaction></drugInteraction><pair ddi="true" e1="Dailymed.0fed2822-3a03-4b64-9857-c682fcd462bc.s.23.e.0" e2="Dailymed.0fed2822-3a03-4b64-9857-c682fcd462bc.s.23.e.1" trigger="Dailymed.0fed2822-3a03-4b64-9857-c682fcd462bc.s.23.e.2" type="Caution_Interaction"/></sentence><sentence id="Dailymed.0fed2822-3a03-4b64-9857-c682fcd462bc.s.26" text="All patients receiving diuretic therapy should be observed for evidence of fluid or electrolyte imbalance, e.g., hypomagnesemia, hyponatremia, hypochloremic alkalosis, and hyperkalemia." type="negative"><entity charOffset="23:31" id="Dailymed.0fed2822-3a03-4b64-9857-c682fcd462bc.s.26.e.0" text="diuretic" type="Biomedical_Entity"><Normalization><mmtx cui="C0012798" phraseText="diuretic therapy" preferredWord="Diuretics" semType="phsu"/><RxNorm RxCui="3567"/></Normalization></entity><entity charOffset="84:95" id="Dailymed.0fed2822-3a03-4b64-9857-c682fcd462bc.s.26.e.1" text="electrolyte" type="Biomedical_Entity"><Normalization><mmtx cui="C0013832" phraseText="electrolyte imbalance," preferredWord="Electrolytes" semType="inch, phsu"/><RxNorm RxCui="3793"/></Normalization></entity><pair ddi="false" e1="Dailymed.0fed2822-3a03-4b64-9857-c682fcd462bc.s.26.e.0" e2="Dailymed.0fed2822-3a03-4b64-9857-c682fcd462bc.s.26.e.1"/></sentence><sentence biomedicalEntities="2" id="Dailymed.0fed2822-3a03-4b64-9857-c682fcd462bc.s.30" lineNumber="33" text="Consequently, no potassium supplement should ordinarily be given with ALDACTONE." type="regular"><entity charOffset="17:37" id="Dailymed.0fed2822-3a03-4b64-9857-c682fcd462bc.s.30.e.0" text="potassium supplement" type="Drug_Class"><Normalization><mmtx cui="C0304475" phraseText="no potassium supplement" preferredWord="Potassium supplement" semType="inch, phsu"/><RxNorm RxCui="8588"/></Normalization></entity><entity charOffset="70:79" id="Dailymed.0fed2822-3a03-4b64-9857-c682fcd462bc.s.30.e.1" text="ALDACTONE" type="Drug"><Normalization><mmtx cui="C0591054" phraseText="given with ALDACTONE." preferredWord="Aldactone" semType="strd, phsu"/><RxNorm RxCui="151317"/></Normalization></entity><entity charOffset="14:16|56:64" id="Dailymed.0fed2822-3a03-4b64-9857-c682fcd462bc.s.30.e.2" text="no be given" type="Caution_Interaction"/><drugInteraction id="Dailymed.0fed2822-3a03-4b64-9857-c682fcd462bc.s.30.ddi.1"><interaction trigger="Dailymed.0fed2822-3a03-4b64-9857-c682fcd462bc.s.30.e.2"><relations><relation type="hasObject"><entity id="Dailymed.0fed2822-3a03-4b64-9857-c682fcd462bc.s.30.e.1"/></relation><relation type="hasPrecipitant"><entity id="Dailymed.0fed2822-3a03-4b64-9857-c682fcd462bc.s.30.e.0"/></relation></relations></interaction></drugInteraction><pair ddi="true" e1="Dailymed.0fed2822-3a03-4b64-9857-c682fcd462bc.s.30.e.0" e2="Dailymed.0fed2822-3a03-4b64-9857-c682fcd462bc.s.30.e.1" trigger="Dailymed.0fed2822-3a03-4b64-9857-c682fcd462bc.s.30.e.2" type="Caution_Interaction"/></sentence><sentence biomedicalEntities="4" id="Dailymed.0fed2822-3a03-4b64-9857-c682fcd462bc.s.31" lineNumber="35" text="Concomitant administration of potassium-sparing diuretics and ACE inhibitors or nonsteroidal anti-inflammatory drugs (NSAIDs), e.g., indomethacin, has been associated with severe hyperkalemia." type="regular"><entity charOffset="30:57" id="Dailymed.0fed2822-3a03-4b64-9857-c682fcd462bc.s.31.e.0" text="potassium-sparing diuretics" type="Drug_Class"><Normalization><mmtx cui="C0304490" phraseText="Concomitant administration of potassium-sparing diuretics" preferredWord="Potassium Sparing Diuretics" semType="phsu"/><RxNorm RxCui="1437061"/></Normalization></entity><entity charOffset="62:76" id="Dailymed.0fed2822-3a03-4b64-9857-c682fcd462bc.s.31.e.1" text="ACE inhibitors" type="Drug_Class"><Normalization><mmtx cui="C0003015" phraseText="ACE inhibitors" preferredWord="Angiotensin-Converting Enzyme Inhibitors" semType="phsu"/><RxNorm RxCui="221294"/></Normalization></entity><entity charOffset="80:125" id="Dailymed.0fed2822-3a03-4b64-9857-c682fcd462bc.s.31.e.2" text="nonsteroidal anti-inflammatory drugs (NSAIDs)" type="Drug_Class"><Normalization><mmtx cui="C0003211" phraseText="nonsteroidal anti-inflammatory drugs (NSAIDs)," preferredWord="Anti-Inflammatory Agents, Non-Steroidal" semType="phsu"/><RxNorm RxCui="402125"/></Normalization></entity><entity charOffset="133:145" id="Dailymed.0fed2822-3a03-4b64-9857-c682fcd462bc.s.31.e.3" text="indomethacin" type="Drug"><Normalization><mmtx cui="C0021246" phraseText="indomethacin," preferredWord="Indomethacin" semType="phsu, orch"/><RxNorm RxCui="5781"/></Normalization></entity><entity charOffset="179:191" id="Dailymed.0fed2822-3a03-4b64-9857-c682fcd462bc.s.31.e.5" text="hyperkalemia" type="Specific_Interaction"/><drugClassMembership drug="Dailymed.0fed2822-3a03-4b64-9857-c682fcd462bc.s.31.e.3" drugClass="Dailymed.0fed2822-3a03-4b64-9857-c682fcd462bc.s.31.e.2"/><drugInteraction id="Dailymed.0fed2822-3a03-4b64-9857-c682fcd462bc.s.31.ddi.1"><interaction trigger="Dailymed.0fed2822-3a03-4b64-9857-c682fcd462bc.s.31.e.5"><relations><relation type="hasPrecipitant"><entity id="Dailymed.0fed2822-3a03-4b64-9857-c682fcd462bc.s.31.e.2"/></relation><relation type="hasObject"><entity id="Dailymed.0fed2822-3a03-4b64-9857-c682fcd462bc.s.31.e.0"/></relation><relation type="hasPrecipitant"><entity id="Dailymed.0fed2822-3a03-4b64-9857-c682fcd462bc.s.31.e.1"/></relation></relations></interaction></drugInteraction><pair ddi="true" e1="Dailymed.0fed2822-3a03-4b64-9857-c682fcd462bc.s.31.e.0" e2="Dailymed.0fed2822-3a03-4b64-9857-c682fcd462bc.s.31.e.2" trigger="Dailymed.0fed2822-3a03-4b64-9857-c682fcd462bc.s.31.e.5" type="Specific_Interaction"/><pair ddi="true" e1="Dailymed.0fed2822-3a03-4b64-9857-c682fcd462bc.s.31.e.0" e2="Dailymed.0fed2822-3a03-4b64-9857-c682fcd462bc.s.31.e.1" trigger="Dailymed.0fed2822-3a03-4b64-9857-c682fcd462bc.s.31.e.5" type="Specific_Interaction"/><pair ddi="false" e1="Dailymed.0fed2822-3a03-4b64-9857-c682fcd462bc.s.31.e.1" e2="Dailymed.0fed2822-3a03-4b64-9857-c682fcd462bc.s.31.e.2"/></sentence><sentence id="Dailymed.0fed2822-3a03-4b64-9857-c682fcd462bc.s.36" text="These may include the intravenous administration of calcium chloride solution, sodium bicarbonate solution and/or the oral or parenteral administration of glucose with a rapid-acting insulin preparation. " type="negative"><entity charOffset="79:106" id="Dailymed.0fed2822-3a03-4b64-9857-c682fcd462bc.s.36.e.0" text="sodium bicarbonate solution" type="Biomedical_Entity"><Normalization><mmtx cui="C2987686" phraseText="sodium bicarbonate solution" preferredWord="Sodium Bicarbonate Solution" semType="phsu"/><RxNorm RxCui="9853"/></Normalization></entity><entity charOffset="52:68" id="Dailymed.0fed2822-3a03-4b64-9857-c682fcd462bc.s.36.e.1" text="calcium chloride" type="Biomedical_Entity"><Normalization><mmtx cui="C0006686" phraseText="the intravenous administration of calcium chloride solution," preferredWord="Calcium Chloride" semType="inch, phsu"/><RxNorm RxCui="1895"/></Normalization></entity><entity charOffset="183:202" id="Dailymed.0fed2822-3a03-4b64-9857-c682fcd462bc.s.36.e.2" text="insulin preparation" type="Biomedical_Entity"><Normalization><mmtx cui="C0021641" phraseText="with a rapid-acting insulin preparation." preferredWord="Insulin" semType="phsu, aapp, horm"/><RxNorm RxCui="5856"/></Normalization></entity><entity charOffset="155:162" id="Dailymed.0fed2822-3a03-4b64-9857-c682fcd462bc.s.36.e.3" text="glucose" type="Biomedical_Entity"><Normalization><mmtx cui="C0017725" phraseText="parenteral administration of glucose" preferredWord="Glucose" semType="bacs, phsu, carb"/><RxNorm RxCui="4850"/></Normalization></entity><pair ddi="false" e1="Dailymed.0fed2822-3a03-4b64-9857-c682fcd462bc.s.36.e.1" e2="Dailymed.0fed2822-3a03-4b64-9857-c682fcd462bc.s.36.e.0"/><pair ddi="false" e1="Dailymed.0fed2822-3a03-4b64-9857-c682fcd462bc.s.36.e.0" e2="Dailymed.0fed2822-3a03-4b64-9857-c682fcd462bc.s.36.e.2"/><pair ddi="false" e1="Dailymed.0fed2822-3a03-4b64-9857-c682fcd462bc.s.36.e.0" e2="Dailymed.0fed2822-3a03-4b64-9857-c682fcd462bc.s.36.e.3"/><pair ddi="false" e1="Dailymed.0fed2822-3a03-4b64-9857-c682fcd462bc.s.36.e.1" e2="Dailymed.0fed2822-3a03-4b64-9857-c682fcd462bc.s.36.e.2"/><pair ddi="false" e1="Dailymed.0fed2822-3a03-4b64-9857-c682fcd462bc.s.36.e.1" e2="Dailymed.0fed2822-3a03-4b64-9857-c682fcd462bc.s.36.e.3"/><pair ddi="false" e1="Dailymed.0fed2822-3a03-4b64-9857-c682fcd462bc.s.36.e.3" e2="Dailymed.0fed2822-3a03-4b64-9857-c682fcd462bc.s.36.e.2"/></sentence><sentence biomedicalEntities="2" id="Dailymed.0fed2822-3a03-4b64-9857-c682fcd462bc.s.41" lineNumber="43" text="Dilutional hyponatremia, manifested by dryness of the mouth, thirst, lethargy, and drowsiness, and confirmed by a low serum sodium level, may be caused or aggravated, especially when ALDACTONE is administered in combination with other diuretics, and dilutional hyponatremia may occur in edematous patients in hot weather; " type="regular"><entity charOffset="183:192" id="Dailymed.0fed2822-3a03-4b64-9857-c682fcd462bc.s.41.e.0" text="ALDACTONE" type="Drug"><Normalization><mmtx cui="C0591054" phraseText="ALDACTONE" preferredWord="Aldactone" semType="strd, phsu"/><RxNorm RxCui="151317"/></Normalization></entity><entity charOffset="235:244" id="Dailymed.0fed2822-3a03-4b64-9857-c682fcd462bc.s.41.e.1" text="diuretics" type="Drug_Class"><Normalization><mmtx cui="C0012798" phraseText="with other diuretics," preferredWord="Diuretics" semType="phsu"/><RxNorm RxCui="3567"/></Normalization></entity><entity charOffset="0:23" id="Dailymed.0fed2822-3a03-4b64-9857-c682fcd462bc.s.41.e.2" text="Dilutional hyponatremia" type="Specific_Interaction"><Normalization><mmtx cui="C0857122" phraseText="Dilutional hyponatremia," preferredWord="hyponatremic" semType="dsyn"/></Normalization></entity><entity charOffset="39:59" id="Dailymed.0fed2822-3a03-4b64-9857-c682fcd462bc.s.41.e.4" text="dryness of the mouth" type="Specific_Interaction"><Normalization><mmtx cui="C0043352" phraseText="manifested by dryness of the mouth," preferredWord="Xerostomia" semType="sosy"/></Normalization></entity><entity charOffset="61:67" id="Dailymed.0fed2822-3a03-4b64-9857-c682fcd462bc.s.41.e.6" text="thirst" type="Specific_Interaction"><Normalization><mmtx cui="C0232471" phraseText="thirst," preferredWord="Thirsty" semType="sosy"/></Normalization></entity><entity charOffset="69:77" id="Dailymed.0fed2822-3a03-4b64-9857-c682fcd462bc.s.41.e.8" text="lethargy" type="Specific_Interaction"><Normalization><mmtx cui="C0023380" phraseText="lethargy," preferredWord="Lethargy" semType="sosy"/></Normalization></entity><entity charOffset="83:93" id="Dailymed.0fed2822-3a03-4b64-9857-c682fcd462bc.s.41.e.10" text="drowsiness" type="Specific_Interaction"/><entity charOffset="114:136" id="Dailymed.0fed2822-3a03-4b64-9857-c682fcd462bc.s.41.e.12" text="low serum sodium level" type="Specific_Interaction"/><drugInteraction id="Dailymed.0fed2822-3a03-4b64-9857-c682fcd462bc.s.41.ddi.1"><interaction trigger="Dailymed.0fed2822-3a03-4b64-9857-c682fcd462bc.s.41.e.2"><relations><relation type="hasPrecipitant"><entity id="Dailymed.0fed2822-3a03-4b64-9857-c682fcd462bc.s.41.e.1"/></relation><relation type="hasObject"><entity id="Dailymed.0fed2822-3a03-4b64-9857-c682fcd462bc.s.41.e.0"/></relation></relations></interaction></drugInteraction><drugInteraction id="Dailymed.0fed2822-3a03-4b64-9857-c682fcd462bc.s.41.ddi.2"><interaction trigger="Dailymed.0fed2822-3a03-4b64-9857-c682fcd462bc.s.41.e.4"><relations><relation type="hasPrecipitant"><entity id="Dailymed.0fed2822-3a03-4b64-9857-c682fcd462bc.s.41.e.1"/></relation><relation type="hasObject"><entity id="Dailymed.0fed2822-3a03-4b64-9857-c682fcd462bc.s.41.e.0"/></relation></relations></interaction></drugInteraction><drugInteraction id="Dailymed.0fed2822-3a03-4b64-9857-c682fcd462bc.s.41.ddi.3"><interaction trigger="Dailymed.0fed2822-3a03-4b64-9857-c682fcd462bc.s.41.e.6"><relations><relation type="hasPrecipitant"><entity id="Dailymed.0fed2822-3a03-4b64-9857-c682fcd462bc.s.41.e.1"/></relation><relation type="hasObject"><entity id="Dailymed.0fed2822-3a03-4b64-9857-c682fcd462bc.s.41.e.0"/></relation></relations></interaction></drugInteraction><drugInteraction id="Dailymed.0fed2822-3a03-4b64-9857-c682fcd462bc.s.41.ddi.4"><interaction trigger="Dailymed.0fed2822-3a03-4b64-9857-c682fcd462bc.s.41.e.8"><relations><relation type="hasPrecipitant"><entity id="Dailymed.0fed2822-3a03-4b64-9857-c682fcd462bc.s.41.e.1"/></relation><relation type="hasObject"><entity id="Dailymed.0fed2822-3a03-4b64-9857-c682fcd462bc.s.41.e.0"/></relation></relations></interaction></drugInteraction><drugInteraction id="Dailymed.0fed2822-3a03-4b64-9857-c682fcd462bc.s.41.ddi.5"><interaction trigger="Dailymed.0fed2822-3a03-4b64-9857-c682fcd462bc.s.41.e.10"><relations><relation type="hasPrecipitant"><entity id="Dailymed.0fed2822-3a03-4b64-9857-c682fcd462bc.s.41.e.1"/></relation><relation type="hasObject"><entity id="Dailymed.0fed2822-3a03-4b64-9857-c682fcd462bc.s.41.e.0"/></relation></relations></interaction></drugInteraction><drugInteraction id="Dailymed.0fed2822-3a03-4b64-9857-c682fcd462bc.s.41.ddi.6"><interaction trigger="Dailymed.0fed2822-3a03-4b64-9857-c682fcd462bc.s.41.e.12"><relations><relation type="hasPrecipitant"><entity id="Dailymed.0fed2822-3a03-4b64-9857-c682fcd462bc.s.41.e.1"/></relation><relation type="hasObject"><entity id="Dailymed.0fed2822-3a03-4b64-9857-c682fcd462bc.s.41.e.0"/></relation></relations></interaction></drugInteraction><pair ddi="true" e1="Dailymed.0fed2822-3a03-4b64-9857-c682fcd462bc.s.41.e.0" e2="Dailymed.0fed2822-3a03-4b64-9857-c682fcd462bc.s.41.e.1" trigger="Dailymed.0fed2822-3a03-4b64-9857-c682fcd462bc.s.41.e.2" type="Specific_Interaction"/></sentence><sentence biomedicalEntities="2" id="Dailymed.0fed2822-3a03-4b64-9857-c682fcd462bc.s.51" lineNumber="53" text="Concomitant administration of ACE inhibitors with potassium-sparing diuretics has been associated with severe hyperkalemia." type="regular"><entity charOffset="30:44" id="Dailymed.0fed2822-3a03-4b64-9857-c682fcd462bc.s.51.e.0" text="ACE inhibitors" type="Drug_Class"><Normalization><mmtx cui="C0003015" phraseText="Concomitant administration of ACE inhibitors" preferredWord="Angiotensin-Converting Enzyme Inhibitors" semType="phsu"/><RxNorm RxCui="221294"/></Normalization></entity><entity charOffset="50:77" id="Dailymed.0fed2822-3a03-4b64-9857-c682fcd462bc.s.51.e.1" text="potassium-sparing diuretics" type="Drug_Class"><Normalization><mmtx cui="C0304490" phraseText="with potassium-sparing diuretics" preferredWord="Potassium Sparing Diuretics" semType="phsu"/><RxNorm RxCui="1437061"/></Normalization></entity><entity charOffset="110:122" id="Dailymed.0fed2822-3a03-4b64-9857-c682fcd462bc.s.51.e.2" text="hyperkalemia" type="Specific_Interaction"/><drugInteraction id="Dailymed.0fed2822-3a03-4b64-9857-c682fcd462bc.s.51.ddi.1"><interaction trigger="Dailymed.0fed2822-3a03-4b64-9857-c682fcd462bc.s.51.e.2"><relations><relation type="hasObject"><entity id="Dailymed.0fed2822-3a03-4b64-9857-c682fcd462bc.s.51.e.1"/></relation><relation type="hasPrecipitant"><entity id="Dailymed.0fed2822-3a03-4b64-9857-c682fcd462bc.s.51.e.0"/></relation></relations></interaction></drugInteraction><pair ddi="true" e1="Dailymed.0fed2822-3a03-4b64-9857-c682fcd462bc.s.51.e.0" e2="Dailymed.0fed2822-3a03-4b64-9857-c682fcd462bc.s.51.e.1" trigger="Dailymed.0fed2822-3a03-4b64-9857-c682fcd462bc.s.51.e.2" type="Specific_Interaction"/></sentence><sentence id="Dailymed.0fed2822-3a03-4b64-9857-c682fcd462bc.s.52" text="Alcohol, barbiturates, or narcotics" type="negative"><entity charOffset="9:21" id="Dailymed.0fed2822-3a03-4b64-9857-c682fcd462bc.s.52.e.0" text="barbiturates" type="Biomedical_Entity"><Normalization><mmtx cui="C0004745" phraseText="barbiturates," preferredWord="Barbiturates" semType="phsu, orch"/><RxNorm RxCui="1437144"/></Normalization></entity><entity charOffset="26:35" id="Dailymed.0fed2822-3a03-4b64-9857-c682fcd462bc.s.52.e.1" text="narcotics" type="Biomedical_Entity"><Normalization><mmtx cui="C0027415" phraseText="narcotics" preferredWord="Narcotics" semType="phsu, hops"/><RxNorm RxCui="992359"/></Normalization></entity><pair ddi="false" e1="Dailymed.0fed2822-3a03-4b64-9857-c682fcd462bc.s.52.e.0" e2="Dailymed.0fed2822-3a03-4b64-9857-c682fcd462bc.s.52.e.1"/></sentence><sentence biomedicalEntities="0" id="Dailymed.0fed2822-3a03-4b64-9857-c682fcd462bc.s.53" lineNumber="57" text="Potentiation of orthostatic hypotension may occur." type="irregular"><entity charOffset="16:39" id="Dailymed.0fed2822-3a03-4b64-9857-c682fcd462bc.s.53.e.0" text="orthostatic hypotension" type="Specific_Interaction"><Normalization><mmtx cui="C0149746" phraseText="Potentiation of orthostatic hypotension" preferredWord="Orthostasis" semType="sosy"/></Normalization></entity><drugInteraction id="Dailymed.0fed2822-3a03-4b64-9857-c682fcd462bc.s.53.ddi.1"><interaction trigger="Dailymed.0fed2822-3a03-4b64-9857-c682fcd462bc.s.53.e.0"><relations><relation type="hasPrecipitant"><ellipsisSentence id="Dailymed.0fed2822-3a03-4b64-9857-c682fcd462bc.s.52" text="Alcohol, barbiturates, or narcotics"><entity charOffset="9:21" id="Dailymed.0fed2822-3a03-4b64-9857-c682fcd462bc.s.52.e.1" text="barbiturates" type="Drug_Class"><Normalization><mmtx cui="C0004745" phraseText="barbiturates," preferredWord="Barbiturates" semType="phsu, orch"/></Normalization></entity></ellipsisSentence></relation><relation type="hasPrecipitant"><ellipsisSentence id="Dailymed.0fed2822-3a03-4b64-9857-c682fcd462bc.s.52" text="Alcohol, barbiturates, or narcotics"><entity charOffset="26:35" id="Dailymed.0fed2822-3a03-4b64-9857-c682fcd462bc.s.52.e.2" text="narcotics" type="Drug_Class"><Normalization><mmtx cui="C0027415" phraseText="narcotics" preferredWord="Narcotics" semType="phsu, hops"/></Normalization></entity></ellipsisSentence></relation><relation type="hasPrecipitant"><ellipsisSentence id="Dailymed.0fed2822-3a03-4b64-9857-c682fcd462bc.s.52" text="Alcohol, barbiturates, or narcotics"><entity charOffset="0:7" id="Dailymed.0fed2822-3a03-4b64-9857-c682fcd462bc.s.52.e.0" text="Alcohol" type="Substance"><Normalization><mmtx cui="C0001975" phraseText="Alcohol," preferredWord="Alcohols" semType="phsu, orch"/></Normalization></entity></ellipsisSentence></relation><relation type="hasObject"><labelDrug text="Aldactone"/><normalization><mmtx><preferredWord>Aldactone</preferredWord><phraseText>with ALDACTONE therapy.</phraseText><cuiCode>C0591054</cuiCode><semType>strd</semType><semType>phsu</semType></mmtx></normalization></relation></relations></interaction></drugInteraction></sentence><sentence biomedicalEntities="0" id="Dailymed.0fed2822-3a03-4b64-9857-c682fcd462bc.s.55" lineNumber="61" text="Intensified electrolyte depletion, particularly hypokalemia, may occur." type="irregular"><entity charOffset="12:33" id="Dailymed.0fed2822-3a03-4b64-9857-c682fcd462bc.s.55.e.0" text="electrolyte depletion" type="Specific_Interaction"/><entity charOffset="48:59" id="Dailymed.0fed2822-3a03-4b64-9857-c682fcd462bc.s.55.e.2" text="hypokalemia" type="Specific_Interaction"/><drugInteraction id="Dailymed.0fed2822-3a03-4b64-9857-c682fcd462bc.s.55.ddi.1"><interaction trigger="Dailymed.0fed2822-3a03-4b64-9857-c682fcd462bc.s.55.e.0"><relations><relation type="hasPrecipitant"><ellipsisSentence id="Dailymed.0fed2822-3a03-4b64-9857-c682fcd462bc.s.54" text="Corticosteroids, ACTH"><entity charOffset="0:15" id="Dailymed.0fed2822-3a03-4b64-9857-c682fcd462bc.s.54.e.0" text="Corticosteroids" type="Drug_Class"><Normalization><mmtx cui="C0001617" phraseText="Corticosteroids," preferredWord="Adrenal Cortex Hormones" semType="strd, phsu, horm"/></Normalization></entity></ellipsisSentence></relation><relation type="hasPrecipitant"><ellipsisSentence id="Dailymed.0fed2822-3a03-4b64-9857-c682fcd462bc.s.54" text="Corticosteroids, ACTH"><entity charOffset="17:21" id="Dailymed.0fed2822-3a03-4b64-9857-c682fcd462bc.s.54.e.1" text="ACTH" type="Drug"/></ellipsisSentence></relation><relation type="hasObject"><labelDrug text="Aldactone"/><normalization><mmtx><preferredWord>Aldactone</preferredWord><phraseText>with ALDACTONE therapy.</phraseText><cuiCode>C0591054</cuiCode><semType>strd</semType><semType>phsu</semType></mmtx></normalization></relation></relations></interaction></drugInteraction><drugInteraction id="Dailymed.0fed2822-3a03-4b64-9857-c682fcd462bc.s.55.ddi.2"><interaction trigger="Dailymed.0fed2822-3a03-4b64-9857-c682fcd462bc.s.55.e.2"><relations><relation type="hasPrecipitant"><ellipsisSentence id="Dailymed.0fed2822-3a03-4b64-9857-c682fcd462bc.s.54" text="Corticosteroids, ACTH"><entity charOffset="0:15" id="Dailymed.0fed2822-3a03-4b64-9857-c682fcd462bc.s.54.e.0" text="Corticosteroids" type="Drug_Class"><Normalization><mmtx cui="C0001617" phraseText="Corticosteroids," preferredWord="Adrenal Cortex Hormones" semType="strd, phsu, horm"/></Normalization></entity></ellipsisSentence></relation><relation type="hasPrecipitant"><ellipsisSentence id="Dailymed.0fed2822-3a03-4b64-9857-c682fcd462bc.s.54" text="Corticosteroids, ACTH"><entity charOffset="17:21" id="Dailymed.0fed2822-3a03-4b64-9857-c682fcd462bc.s.54.e.1" text="ACTH" type="Drug"/></ellipsisSentence></relation><relation type="hasObject"><labelDrug text="Aldactone"/><normalization><mmtx><preferredWord>Aldactone</preferredWord><phraseText>with ALDACTONE therapy.</phraseText><cuiCode>C0591054</cuiCode><semType>strd</semType><semType>phsu</semType></mmtx></normalization></relation></relations></interaction></drugInteraction></sentence><sentence id="Dailymed.0fed2822-3a03-4b64-9857-c682fcd462bc.s.56" text="Pressor amines (e.g., norepinephrine)" type="negative"><entity charOffset="22:36" id="Dailymed.0fed2822-3a03-4b64-9857-c682fcd462bc.s.56.e.0" text="norepinephrine" type="Biomedical_Entity"><Normalization><mmtx cui="C0028351" phraseText="norepinephrine" preferredWord="Norepinephrine" semType="phsu, orch, nsba"/><RxNorm RxCui="7508"/></Normalization></entity><entity charOffset="0:7" id="Dailymed.0fed2822-3a03-4b64-9857-c682fcd462bc.s.56.e.1" text="pressor" type="Biomedical_Entity"><Normalization><mmtx cui="C0237795" phraseText="Pressor amines" preferredWord="Pressors" semType="phsu"/><RxNorm RxCui="203344"/></Normalization></entity><pair ddi="false" e1="Dailymed.0fed2822-3a03-4b64-9857-c682fcd462bc.s.56.e.1" e2="Dailymed.0fed2822-3a03-4b64-9857-c682fcd462bc.s.56.e.0"/></sentence><sentence biomedicalEntities="2" id="Dailymed.0fed2822-3a03-4b64-9857-c682fcd462bc.s.57" lineNumber="65" text="ALDACTONE reduces the vascular responsiveness to norepinephrine. " type="regular"><entity charOffset="0:9" id="Dailymed.0fed2822-3a03-4b64-9857-c682fcd462bc.s.57.e.0" text="ALDACTONE" type="Drug"><Normalization><mmtx cui="C0591054" phraseText="ALDACTONE" preferredWord="Aldactone" semType="strd, phsu"/><RxNorm RxCui="151317"/></Normalization></entity><entity charOffset="49:63" id="Dailymed.0fed2822-3a03-4b64-9857-c682fcd462bc.s.57.e.1" text="norepinephrine" type="Drug"><Normalization><mmtx cui="C0028351" phraseText="the vascular responsiveness to norepinephrine." preferredWord="Norepinephrine" semType="phsu, orch, nsba"/><mmtx cui="C0028351" phraseText="the vascular responsiveness to norepinephrine." preferredWord="Norepinephrine" semType="phsu, orch, nsba"/><RxNorm RxCui="7508"/></Normalization></entity><entity charOffset="10:45" id="Dailymed.0fed2822-3a03-4b64-9857-c682fcd462bc.s.57.e.2" text="reduces the vascular responsiveness" type="Specific_Interaction"/><drugInteraction id="Dailymed.0fed2822-3a03-4b64-9857-c682fcd462bc.s.57.ddi.1"><interaction trigger="Dailymed.0fed2822-3a03-4b64-9857-c682fcd462bc.s.57.e.2"><relations><relation type="hasPrecipitant"><entity id="Dailymed.0fed2822-3a03-4b64-9857-c682fcd462bc.s.57.e.1"/></relation><relation type="hasObject"><entity id="Dailymed.0fed2822-3a03-4b64-9857-c682fcd462bc.s.57.e.0"/></relation></relations></interaction></drugInteraction><pair ddi="true" e1="Dailymed.0fed2822-3a03-4b64-9857-c682fcd462bc.s.57.e.0" e2="Dailymed.0fed2822-3a03-4b64-9857-c682fcd462bc.s.57.e.1" trigger="Dailymed.0fed2822-3a03-4b64-9857-c682fcd462bc.s.57.e.2" type="Specific_Interaction"/></sentence><sentence id="Dailymed.0fed2822-3a03-4b64-9857-c682fcd462bc.s.58" text="Therefore, caution should be exercised in the management of patients subjected to regional or general anesthesia while they are being treated with ALDACTONE." type="negative"><entity charOffset="147:156" id="Dailymed.0fed2822-3a03-4b64-9857-c682fcd462bc.s.58.e.0" text="aldactone" type="Biomedical_Entity"><Normalization><mmtx cui="C0591054" phraseText="treated with ALDACTONE." preferredWord="Aldactone" semType="strd, phsu"/><RxNorm RxCui="151317"/></Normalization></entity><entity charOffset="94:112" id="Dailymed.0fed2822-3a03-4b64-9857-c682fcd462bc.s.58.e.1" text="general anesthesia" type="Biomedical_Entity"><Normalization><mmtx cui="C3536928" phraseText="general anesthesia" preferredWord="General Anesthetic [EPC]" semType="phsu"/><RxNorm RxCui="4740"/></Normalization></entity><pair ddi="false" e1="Dailymed.0fed2822-3a03-4b64-9857-c682fcd462bc.s.58.e.1" e2="Dailymed.0fed2822-3a03-4b64-9857-c682fcd462bc.s.58.e.0"/></sentence><sentence id="Dailymed.0fed2822-3a03-4b64-9857-c682fcd462bc.s.59" text="Skeletal muscle relaxants, nondepolarizing (e.g., tubocurarine)" type="negative"><entity charOffset="0:25" id="Dailymed.0fed2822-3a03-4b64-9857-c682fcd462bc.s.59.e.0" text="skeletal muscle relaxants" type="Biomedical_Entity"><Normalization><mmtx cui="C0037250" phraseText="Skeletal muscle relaxants," preferredWord="skeletal muscle relaxants" semType="phsu"/><RxNorm RxCui="1427638"/></Normalization></entity><entity charOffset="50:62" id="Dailymed.0fed2822-3a03-4b64-9857-c682fcd462bc.s.59.e.1" text="tubocurarine" type="Biomedical_Entity"><Normalization><mmtx cui="C0041345" phraseText="tubocurarine" preferredWord="Tubocurarine" semType="phsu, orch"/><RxNorm RxCui="82115"/></Normalization></entity><pair ddi="false" e1="Dailymed.0fed2822-3a03-4b64-9857-c682fcd462bc.s.59.e.0" e2="Dailymed.0fed2822-3a03-4b64-9857-c682fcd462bc.s.59.e.1"/></sentence><sentence biomedicalEntities="0" id="Dailymed.0fed2822-3a03-4b64-9857-c682fcd462bc.s.60" lineNumber="69" text="Possible increased responsiveness to the muscle relaxant may result." type="irregular"><anaphoraRelation><antecedentSentence ID="Dailymed.0fed2822-3a03-4b64-9857-c682fcd462bc.s.59" Text="Skeletal muscle relaxants, nondepolarizing (e.g., tubocurarine)"/><anaphoraEntity charOffset="41:56" id="Dailymed.0fed2822-3a03-4b64-9857-c682fcd462bc.s.60.e.0" text="muscle relaxant" type="Expression"/><antecedentEntity charOffset="0:42" id="Dailymed.0fed2822-3a03-4b64-9857-c682fcd462bc.s.59.e.0" text="Skeletal muscle relaxants, nondepolarizing" type="Drug_Class"/></anaphoraRelation><entity charOffset="9:33" id="Dailymed.0fed2822-3a03-4b64-9857-c682fcd462bc.s.60.e.2" text="increased responsiveness" type="Increase_Interaction"/><drugInteraction id="Dailymed.0fed2822-3a03-4b64-9857-c682fcd462bc.s.60.ddi.1"><interaction trigger="Dailymed.0fed2822-3a03-4b64-9857-c682fcd462bc.s.60.e.2"><relations><relation type="hasObject"><entity id="Dailymed.0fed2822-3a03-4b64-9857-c682fcd462bc.s.60.e.0"/></relation><relation type="hasPrecipitant"><ellipsisSentence id="Dailymed.0fed2822-3a03-4b64-9857-c682fcd462bc.s.57" text="ALDACTONE reduces the vascular responsiveness to norepinephrine. "><entity id="Dailymed.0fed2822-3a03-4b64-9857-c682fcd462bc.s.57.e.0"/></ellipsisSentence><middleSentence id="Dailymed.0fed2822-3a03-4b64-9857-c682fcd462bc.s.58" text="Therefore, caution should be exercised in the management of patients subjected to regional or general anesthesia while they are being treated with ALDACTONE."/><middleSentence id="Dailymed.0fed2822-3a03-4b64-9857-c682fcd462bc.s.59" text="Skeletal muscle relaxants, nondepolarizing (e.g., tubocurarine)"/></relation></relations></interaction></drugInteraction></sentence><sentence biomedicalEntities="2" id="Dailymed.0fed2822-3a03-4b64-9857-c682fcd462bc.s.62" lineNumber="73" text="Lithium generally should not be given with diuretics. " type="regular"><entity charOffset="0:7" id="Dailymed.0fed2822-3a03-4b64-9857-c682fcd462bc.s.62.e.0" text="Lithium" type="Drug"><Normalization><mmtx cui="C0023870" phraseText="Lithium generally" preferredWord="Lithium" semType="phsu, elii"/><RxNorm RxCui="1428998"/></Normalization></entity><entity charOffset="43:52" id="Dailymed.0fed2822-3a03-4b64-9857-c682fcd462bc.s.62.e.1" text="diuretics" type="Drug_Class"><Normalization><mmtx cui="C0012798" phraseText="given with diuretics." preferredWord="Diuretics" semType="phsu"/><RxNorm RxCui="3567"/></Normalization></entity><entity charOffset="25:37" id="Dailymed.0fed2822-3a03-4b64-9857-c682fcd462bc.s.62.e.2" text="not be given" type="Caution_Interaction"/><drugInteraction id="Dailymed.0fed2822-3a03-4b64-9857-c682fcd462bc.s.62.ddi.1"><interaction trigger="Dailymed.0fed2822-3a03-4b64-9857-c682fcd462bc.s.62.e.2"><relations><relation type="hasPrecipitant"><entity id="Dailymed.0fed2822-3a03-4b64-9857-c682fcd462bc.s.62.e.0"/></relation><relation type="hasObject"><entity id="Dailymed.0fed2822-3a03-4b64-9857-c682fcd462bc.s.62.e.1"/></relation></relations></interaction></drugInteraction><pair ddi="true" e1="Dailymed.0fed2822-3a03-4b64-9857-c682fcd462bc.s.62.e.0" e2="Dailymed.0fed2822-3a03-4b64-9857-c682fcd462bc.s.62.e.1" trigger="Dailymed.0fed2822-3a03-4b64-9857-c682fcd462bc.s.62.e.2" type="Caution_Interaction"/></sentence><sentence biomedicalEntities="3" id="Dailymed.0fed2822-3a03-4b64-9857-c682fcd462bc.s.63" lineNumber="73" text="Diuretic agents reduce the renal clearance of lithium and add a high risk of lithium toxicity." type="regular"><entity charOffset="0:15" id="Dailymed.0fed2822-3a03-4b64-9857-c682fcd462bc.s.63.e.0" text="Diuretic agents" type="Drug_Class"><Normalization><mmtx cui="C0012798" phraseText="Diuretic agents" preferredWord="Diuretics" semType="phsu"/><mmtx cui="C1254351" phraseText="Diuretic agents" preferredWord="Pharmacologic Substance" semType="phsu"/><RxNorm RxCui="3567"/></Normalization></entity><entity charOffset="16:42" id="Dailymed.0fed2822-3a03-4b64-9857-c682fcd462bc.s.63.e.1" text="reduce the renal clearance" type="Increase_Interaction"/><entity charOffset="46:53" id="Dailymed.0fed2822-3a03-4b64-9857-c682fcd462bc.s.63.e.3" text="lithium" type="Drug"><Normalization><mmtx cui="C0023870" phraseText="the renal clearance of lithium" preferredWord="Lithium" semType="phsu, elii"/><RxNorm RxCui="1428998"/></Normalization></entity><entity charOffset="77:84" id="Dailymed.0fed2822-3a03-4b64-9857-c682fcd462bc.s.63.e.4" text="lithium" type="Drug"><Normalization><mmtx cui="C0023870" phraseText="a high risk of lithium toxicity." preferredWord="Lithium" semType="phsu, elii"/><RxNorm RxCui="1428998"/></Normalization></entity><entity charOffset="85:93" id="Dailymed.0fed2822-3a03-4b64-9857-c682fcd462bc.s.63.e.5" text="toxicity" type="Increase_Interaction"/><drugInteraction id="Dailymed.0fed2822-3a03-4b64-9857-c682fcd462bc.s.63.ddi.1"><interaction trigger="Dailymed.0fed2822-3a03-4b64-9857-c682fcd462bc.s.63.e.1"><relations><relation type="hasPrecipitant"><entity id="Dailymed.0fed2822-3a03-4b64-9857-c682fcd462bc.s.63.e.0"/></relation><relation type="hasObject"><entity id="Dailymed.0fed2822-3a03-4b64-9857-c682fcd462bc.s.63.e.3"/></relation></relations></interaction></drugInteraction><drugInteraction id="Dailymed.0fed2822-3a03-4b64-9857-c682fcd462bc.s.63.ddi.2"><interaction trigger="Dailymed.0fed2822-3a03-4b64-9857-c682fcd462bc.s.63.e.5"><relations><relation type="hasObject"><entity id="Dailymed.0fed2822-3a03-4b64-9857-c682fcd462bc.s.63.e.4"/></relation><relation type="hasPrecipitant"><entity id="Dailymed.0fed2822-3a03-4b64-9857-c682fcd462bc.s.63.e.0"/></relation></relations></interaction></drugInteraction><pair ddi="true" e1="Dailymed.0fed2822-3a03-4b64-9857-c682fcd462bc.s.63.e.0" e2="Dailymed.0fed2822-3a03-4b64-9857-c682fcd462bc.s.63.e.3" trigger="Dailymed.0fed2822-3a03-4b64-9857-c682fcd462bc.s.63.e.1" type="Increase_Interaction"/><pair ddi="true" e1="Dailymed.0fed2822-3a03-4b64-9857-c682fcd462bc.s.63.e.0" e2="Dailymed.0fed2822-3a03-4b64-9857-c682fcd462bc.s.63.e.4" trigger="Dailymed.0fed2822-3a03-4b64-9857-c682fcd462bc.s.63.e.5" type="Increase_Interaction"/></sentence><sentence biomedicalEntities="4" id="Dailymed.0fed2822-3a03-4b64-9857-c682fcd462bc.s.65" lineNumber="77" text="In some patients, the administration of an NSAID can reduce the diuretic, natriuretic, and antihypertensive effect of loop, potassium-sparing, and thiazide diuretics. " type="regular"><entity charOffset="43:48" id="Dailymed.0fed2822-3a03-4b64-9857-c682fcd462bc.s.65.e.0" text="NSAID" type="Drug_Class"><Normalization><mmtx cui="C0003211" phraseText="the administration of an NSAID" preferredWord="Anti-Inflammatory Agents, Non-Steroidal" semType="phsu"/><RxNorm RxCui="889"/></Normalization></entity><entity charOffset="3:16" id="Dailymed.0fed2822-3a03-4b64-9857-c682fcd462bc.s.65.e.1" text="some patients" type="SPAN"/><entity charOffset="53:72|108:114" id="Dailymed.0fed2822-3a03-4b64-9857-c682fcd462bc.s.65.e.2" text="reduce the diuretic effect" type="Specific_Interaction"/><entity charOffset="53:63|91:114" id="Dailymed.0fed2822-3a03-4b64-9857-c682fcd462bc.s.65.e.4" text="reduce the antihypertensive effect" type="Specific_Interaction"/><entity charOffset="53:63|74:85|108:114" id="Dailymed.0fed2822-3a03-4b64-9857-c682fcd462bc.s.65.e.6" text="reduce the natriuretic effect" type="Specific_Interaction"/><entity charOffset="118:122|156:165" id="Dailymed.0fed2822-3a03-4b64-9857-c682fcd462bc.s.65.e.8" text="loop diuretics" type="Drug_Class"><Normalization><mmtx cui="C0597277" phraseText="potassium-sparing," preferredWord="Potassium Ion" semType="phsu, elii"/><mmtx cui="C0012802" phraseText="thiazide diuretics." preferredWord="Thiazide Diuretics" semType="phsu, orch"/><RxNorm RxCui="104215"/></Normalization></entity><entity charOffset="147:165" id="Dailymed.0fed2822-3a03-4b64-9857-c682fcd462bc.s.65.e.9" text="thiazide diuretics" type="Drug_Class"><Normalization><mmtx cui="C0012802" phraseText="thiazide diuretics." preferredWord="Thiazide Diuretics" semType="phsu, orch"/><RxNorm RxCui="141801"/></Normalization></entity><entity charOffset="124:141|156:165" id="Dailymed.0fed2822-3a03-4b64-9857-c682fcd462bc.s.65.e.10" text="potassium-sparing diuretics" type="Drug_Class"><Normalization><mmtx cui="C0597277" phraseText="potassium-sparing," preferredWord="Potassium Ion" semType="phsu, elii"/><mmtx cui="C0012802" phraseText="thiazide diuretics." preferredWord="Thiazide Diuretics" semType="phsu, orch"/><RxNorm RxCui="1437061"/></Normalization></entity><drugInteraction id="Dailymed.0fed2822-3a03-4b64-9857-c682fcd462bc.s.65.ddi.1"><interaction trigger="Dailymed.0fed2822-3a03-4b64-9857-c682fcd462bc.s.65.e.2"><relations><relation type="hasEvidence"><entity id="Dailymed.0fed2822-3a03-4b64-9857-c682fcd462bc.s.65.e.1"/></relation><relation type="hasPrecipitant"><entity id="Dailymed.0fed2822-3a03-4b64-9857-c682fcd462bc.s.65.e.0"/></relation><relation type="hasObject"><entity id="Dailymed.0fed2822-3a03-4b64-9857-c682fcd462bc.s.65.e.10"/></relation><relation type="hasObject"><entity id="Dailymed.0fed2822-3a03-4b64-9857-c682fcd462bc.s.65.e.8"/></relation><relation type="hasObject"><entity id="Dailymed.0fed2822-3a03-4b64-9857-c682fcd462bc.s.65.e.9"/></relation></relations></interaction></drugInteraction><drugInteraction id="Dailymed.0fed2822-3a03-4b64-9857-c682fcd462bc.s.65.ddi.2"><interaction trigger="Dailymed.0fed2822-3a03-4b64-9857-c682fcd462bc.s.65.e.4"><relations><relation type="hasEvidence"><entity id="Dailymed.0fed2822-3a03-4b64-9857-c682fcd462bc.s.65.e.1"/></relation><relation type="hasPrecipitant"><entity id="Dailymed.0fed2822-3a03-4b64-9857-c682fcd462bc.s.65.e.0"/></relation><relation type="hasObject"><entity id="Dailymed.0fed2822-3a03-4b64-9857-c682fcd462bc.s.65.e.10"/></relation><relation type="hasObject"><entity id="Dailymed.0fed2822-3a03-4b64-9857-c682fcd462bc.s.65.e.8"/></relation><relation type="hasObject"><entity id="Dailymed.0fed2822-3a03-4b64-9857-c682fcd462bc.s.65.e.9"/></relation></relations></interaction></drugInteraction><drugInteraction id="Dailymed.0fed2822-3a03-4b64-9857-c682fcd462bc.s.65.ddi.3"><interaction trigger="Dailymed.0fed2822-3a03-4b64-9857-c682fcd462bc.s.65.e.6"><relations><relation type="hasEvidence"><entity id="Dailymed.0fed2822-3a03-4b64-9857-c682fcd462bc.s.65.e.1"/></relation><relation type="hasPrecipitant"><entity id="Dailymed.0fed2822-3a03-4b64-9857-c682fcd462bc.s.65.e.0"/></relation><relation type="hasObject"><entity id="Dailymed.0fed2822-3a03-4b64-9857-c682fcd462bc.s.65.e.10"/></relation><relation type="hasObject"><entity id="Dailymed.0fed2822-3a03-4b64-9857-c682fcd462bc.s.65.e.8"/></relation><relation type="hasObject"><entity id="Dailymed.0fed2822-3a03-4b64-9857-c682fcd462bc.s.65.e.9"/></relation></relations></interaction></drugInteraction><pair ddi="true" e1="Dailymed.0fed2822-3a03-4b64-9857-c682fcd462bc.s.65.e.0" e2="Dailymed.0fed2822-3a03-4b64-9857-c682fcd462bc.s.65.e.10" evidence="Dailymed.0fed2822-3a03-4b64-9857-c682fcd462bc.s.65.e.1" trigger="Dailymed.0fed2822-3a03-4b64-9857-c682fcd462bc.s.65.e.2" type="Specific_Interaction"/><pair ddi="true" e1="Dailymed.0fed2822-3a03-4b64-9857-c682fcd462bc.s.65.e.0" e2="Dailymed.0fed2822-3a03-4b64-9857-c682fcd462bc.s.65.e.8" evidence="Dailymed.0fed2822-3a03-4b64-9857-c682fcd462bc.s.65.e.1" trigger="Dailymed.0fed2822-3a03-4b64-9857-c682fcd462bc.s.65.e.2" type="Specific_Interaction"/><pair ddi="true" e1="Dailymed.0fed2822-3a03-4b64-9857-c682fcd462bc.s.65.e.0" e2="Dailymed.0fed2822-3a03-4b64-9857-c682fcd462bc.s.65.e.9" evidence="Dailymed.0fed2822-3a03-4b64-9857-c682fcd462bc.s.65.e.1" trigger="Dailymed.0fed2822-3a03-4b64-9857-c682fcd462bc.s.65.e.2" type="Specific_Interaction"/></sentence><sentence biomedicalEntities="3" id="Dailymed.0fed2822-3a03-4b64-9857-c682fcd462bc.s.66" lineNumber="77" text="Combination of NSAIDs, e.g., indomethacin, with potassium-sparing diuretics has been associated with severe hyperkalemia. " type="regular"><entity charOffset="15:21" id="Dailymed.0fed2822-3a03-4b64-9857-c682fcd462bc.s.66.e.0" text="NSAIDs" type="Drug_Class"><Normalization><mmtx cui="C0003211" phraseText="Combination of NSAIDs," preferredWord="Anti-Inflammatory Agents, Non-Steroidal" semType="phsu"/><RxNorm RxCui="889"/></Normalization></entity><entity charOffset="29:41" id="Dailymed.0fed2822-3a03-4b64-9857-c682fcd462bc.s.66.e.1" text="indomethacin" type="Drug"><Normalization><mmtx cui="C0021246" phraseText="indomethacin," preferredWord="Indomethacin" semType="phsu, orch"/><RxNorm RxCui="5781"/></Normalization></entity><entity charOffset="48:75" id="Dailymed.0fed2822-3a03-4b64-9857-c682fcd462bc.s.66.e.3" text="potassium-sparing diuretics" type="Drug_Class"><Normalization><mmtx cui="C0304490" phraseText="with potassium-sparing diuretics" preferredWord="Potassium Sparing Diuretics" semType="phsu"/><RxNorm RxCui="1437061"/></Normalization></entity><entity charOffset="108:120" id="Dailymed.0fed2822-3a03-4b64-9857-c682fcd462bc.s.66.e.4" text="hyperkalemia" type="Specific_Interaction"/><drugClassMembership drug="Dailymed.0fed2822-3a03-4b64-9857-c682fcd462bc.s.66.e.1" drugClass="Dailymed.0fed2822-3a03-4b64-9857-c682fcd462bc.s.66.e.0"/><drugInteraction id="Dailymed.0fed2822-3a03-4b64-9857-c682fcd462bc.s.66.ddi.1"><interaction trigger="Dailymed.0fed2822-3a03-4b64-9857-c682fcd462bc.s.66.e.4"><relations><relation type="hasObject"><entity id="Dailymed.0fed2822-3a03-4b64-9857-c682fcd462bc.s.66.e.3"/></relation><relation type="hasPrecipitant"><entity id="Dailymed.0fed2822-3a03-4b64-9857-c682fcd462bc.s.66.e.0"/></relation></relations></interaction></drugInteraction><pair ddi="true" e1="Dailymed.0fed2822-3a03-4b64-9857-c682fcd462bc.s.66.e.0" e2="Dailymed.0fed2822-3a03-4b64-9857-c682fcd462bc.s.66.e.3" trigger="Dailymed.0fed2822-3a03-4b64-9857-c682fcd462bc.s.66.e.4" type="Specific_Interaction"/></sentence><sentence biomedicalEntities="2" id="Dailymed.0fed2822-3a03-4b64-9857-c682fcd462bc.s.67" lineNumber="77" text="Therefore, when ALDACTONE and NSAIDs are used concomitantly, the patient should be observed closely to determine if the desired effect of the diuretic is obtained." type="regular"><entity charOffset="16:25" id="Dailymed.0fed2822-3a03-4b64-9857-c682fcd462bc.s.67.e.0" text="ALDACTONE" type="Drug"><Normalization><mmtx cui="C0591054" phraseText="ALDACTONE" preferredWord="Aldactone" semType="strd, phsu"/><RxNorm RxCui="151317"/></Normalization></entity><entity charOffset="30:36" id="Dailymed.0fed2822-3a03-4b64-9857-c682fcd462bc.s.67.e.1" text="NSAIDs" type="Drug_Class"><Normalization><mmtx cui="C0003211" phraseText="NSAIDs" preferredWord="Anti-Inflammatory Agents, Non-Steroidal" semType="phsu"/><RxNorm RxCui="889"/></Normalization></entity><entity charOffset="83:91" id="Dailymed.0fed2822-3a03-4b64-9857-c682fcd462bc.s.67.e.2" text="observed" type="Caution_Interaction"/><drugInteraction id="Dailymed.0fed2822-3a03-4b64-9857-c682fcd462bc.s.67.ddi.1"><interaction trigger="Dailymed.0fed2822-3a03-4b64-9857-c682fcd462bc.s.67.e.2"><relations><relation type="hasPrecipitant"><entity id="Dailymed.0fed2822-3a03-4b64-9857-c682fcd462bc.s.67.e.1"/></relation><relation type="hasObject"><entity id="Dailymed.0fed2822-3a03-4b64-9857-c682fcd462bc.s.67.e.0"/></relation></relations></interaction></drugInteraction><pair ddi="true" e1="Dailymed.0fed2822-3a03-4b64-9857-c682fcd462bc.s.67.e.0" e2="Dailymed.0fed2822-3a03-4b64-9857-c682fcd462bc.s.67.e.1" trigger="Dailymed.0fed2822-3a03-4b64-9857-c682fcd462bc.s.67.e.2" type="Caution_Interaction"/></sentence><sentence biomedicalEntities="2" id="Dailymed.0fed2822-3a03-4b64-9857-c682fcd462bc.s.69" lineNumber="81" text="ALDACTONE has been shown to increase the half-life of digoxin. " type="regular"><entity charOffset="0:9" id="Dailymed.0fed2822-3a03-4b64-9857-c682fcd462bc.s.69.e.0" text="ALDACTONE" type="Drug"><Normalization><mmtx cui="C0591054" phraseText="ALDACTONE" preferredWord="Aldactone" semType="strd, phsu"/><RxNorm RxCui="151317"/></Normalization></entity><entity charOffset="54:61" id="Dailymed.0fed2822-3a03-4b64-9857-c682fcd462bc.s.69.e.1" text="digoxin" type="Drug"><Normalization><mmtx cui="C0012265" phraseText="the half-life of digoxin." preferredWord="Digoxin" semType="strd, phsu, carb"/><RxNorm RxCui="3407"/></Normalization></entity><entity charOffset="28:50" id="Dailymed.0fed2822-3a03-4b64-9857-c682fcd462bc.s.69.e.2" text="increase the half-life" type="Increase_Interaction"/><entity charOffset="28:50" id="Dailymed.0fed2822-3a03-4b64-9857-c682fcd462bc.s.69.e.4" text="increase the half-life" type="SPAN"/><drugInteraction id="Dailymed.0fed2822-3a03-4b64-9857-c682fcd462bc.s.69.ddi.1"><interaction trigger="Dailymed.0fed2822-3a03-4b64-9857-c682fcd462bc.s.69.e.2"><relations><relation type="hasPrecipitant"><entity id="Dailymed.0fed2822-3a03-4b64-9857-c682fcd462bc.s.69.e.0"/></relation><relation type="hasObject"><entity id="Dailymed.0fed2822-3a03-4b64-9857-c682fcd462bc.s.69.e.1"/></relation></relations></interaction></drugInteraction><pair ddi="true" e1="Dailymed.0fed2822-3a03-4b64-9857-c682fcd462bc.s.69.e.0" e2="Dailymed.0fed2822-3a03-4b64-9857-c682fcd462bc.s.69.e.1" trigger="Dailymed.0fed2822-3a03-4b64-9857-c682fcd462bc.s.69.e.2" type="Increase_Interaction"/></sentence><sentence biomedicalEntities="2" id="Dailymed.0fed2822-3a03-4b64-9857-c682fcd462bc.s.70" lineNumber="81" text="This may result in increased serum digoxin levels and subsequent digitalis toxicity. " type="irregular"><entity charOffset="19:34|43:49" id="Dailymed.0fed2822-3a03-4b64-9857-c682fcd462bc.s.70.e.0" text="increased serum levels" type="Increase_Interaction"/><entity charOffset="35:42" id="Dailymed.0fed2822-3a03-4b64-9857-c682fcd462bc.s.70.e.2" text="digoxin" type="Drug"><Normalization><mmtx cui="C0012265" phraseText="result in increased serum digoxin levels" preferredWord="Digoxin" semType="strd, phsu, carb"/><mmtx cui="C0012265" phraseText="result in increased serum digoxin levels" preferredWord="Digoxin" semType="strd, phsu, carb"/><RxNorm RxCui="3407"/></Normalization></entity><entity charOffset="65:74" id="Dailymed.0fed2822-3a03-4b64-9857-c682fcd462bc.s.70.e.3" text="digitalis" type="Drug"><Normalization><mmtx cui="C0304520" phraseText="subsequent digitalis toxicity." preferredWord="Digitalis preparation" semType="phsu, carb"/><RxNorm RxCui="91235"/></Normalization></entity><entity charOffset="75:83" id="Dailymed.0fed2822-3a03-4b64-9857-c682fcd462bc.s.70.e.4" text="toxicity" type="Increase_Interaction"/><drugInteraction id="Dailymed.0fed2822-3a03-4b64-9857-c682fcd462bc.s.70.ddi.1"><interaction trigger="Dailymed.0fed2822-3a03-4b64-9857-c682fcd462bc.s.70.e.0"><relations><relation type="hasPrecipitant"><ellipsisSentence id="Dailymed.0fed2822-3a03-4b64-9857-c682fcd462bc.s.69" text="ALDACTONE has been shown to increase the half-life of digoxin. "><entity id="Dailymed.0fed2822-3a03-4b64-9857-c682fcd462bc.s.69.e.0"/></ellipsisSentence></relation><relation type="hasObject"><entity id="Dailymed.0fed2822-3a03-4b64-9857-c682fcd462bc.s.70.e.2"/></relation></relations></interaction></drugInteraction><drugInteraction id="Dailymed.0fed2822-3a03-4b64-9857-c682fcd462bc.s.70.ddi.2"><interaction trigger="Dailymed.0fed2822-3a03-4b64-9857-c682fcd462bc.s.70.e.4"><relations><relation type="hasObject"><entity id="Dailymed.0fed2822-3a03-4b64-9857-c682fcd462bc.s.70.e.3"/></relation><relation type="hasPrecipitant"><ellipsisSentence id="Dailymed.0fed2822-3a03-4b64-9857-c682fcd462bc.s.69" text="ALDACTONE has been shown to increase the half-life of digoxin. "><entity id="Dailymed.0fed2822-3a03-4b64-9857-c682fcd462bc.s.69.e.0"/></ellipsisSentence></relation></relations></interaction></drugInteraction></sentence><sentence biomedicalEntities="1" id="Dailymed.0fed2822-3a03-4b64-9857-c682fcd462bc.s.71" lineNumber="81" text="It may be necessary to reduce the maintenance and digitalization doses when ALDACTONE is administered, and the patient should be carefully monitored to avoid over- or under-digitalization." type="irregular"><entity charOffset="76:85" id="Dailymed.0fed2822-3a03-4b64-9857-c682fcd462bc.s.71.e.0" text="ALDACTONE" type="Drug"><Normalization><mmtx cui="C0591054" phraseText="ALDACTONE" preferredWord="Aldactone" semType="strd, phsu"/><RxNorm RxCui="151317"/></Normalization></entity><entity charOffset="23:29|65:70" id="Dailymed.0fed2822-3a03-4b64-9857-c682fcd462bc.s.71.e.1" text="reduce doses" type="Caution_Interaction"/><entity charOffset="139:148" id="Dailymed.0fed2822-3a03-4b64-9857-c682fcd462bc.s.71.e.3" text="monitored" type="Caution_Interaction"/><drugInteraction id="Dailymed.0fed2822-3a03-4b64-9857-c682fcd462bc.s.71.ddi.1"><interaction trigger="Dailymed.0fed2822-3a03-4b64-9857-c682fcd462bc.s.71.e.1"><relations><relation type="hasPrecipitant"><ellipsisSentence id="Dailymed.0fed2822-3a03-4b64-9857-c682fcd462bc.s.70" text="This may result in increased serum digoxin levels and subsequent digitalis toxicity. "><entity id="Dailymed.0fed2822-3a03-4b64-9857-c682fcd462bc.s.70.e.3"/></ellipsisSentence></relation><relation type="hasObject"><entity id="Dailymed.0fed2822-3a03-4b64-9857-c682fcd462bc.s.71.e.0"/></relation></relations></interaction></drugInteraction><drugInteraction id="Dailymed.0fed2822-3a03-4b64-9857-c682fcd462bc.s.71.ddi.2"><interaction trigger="Dailymed.0fed2822-3a03-4b64-9857-c682fcd462bc.s.71.e.3"><relations><relation type="hasPrecipitant"><ellipsisSentence id="Dailymed.0fed2822-3a03-4b64-9857-c682fcd462bc.s.70" text="This may result in increased serum digoxin levels and subsequent digitalis toxicity. "><entity id="Dailymed.0fed2822-3a03-4b64-9857-c682fcd462bc.s.70.e.3"/></ellipsisSentence></relation><relation type="hasObject"><entity id="Dailymed.0fed2822-3a03-4b64-9857-c682fcd462bc.s.71.e.0"/></relation></relations></interaction></drugInteraction></sentence><sentence id="Dailymed.0fed2822-3a03-4b64-9857-c682fcd462bc.s.73" text="Several reports of possible interference with digoxin radioimmunoassay by ALDACTONE, or its metabolites, have appeared in the literature. " type="negative"><entity charOffset="46:53" id="Dailymed.0fed2822-3a03-4b64-9857-c682fcd462bc.s.73.e.0" text="digoxin" type="Biomedical_Entity"><Normalization><mmtx cui="C0012265" phraseText="with digoxin radioimmunoassay" preferredWord="Digoxin" semType="strd, phsu, carb"/><RxNorm RxCui="3407"/></Normalization></entity><entity charOffset="74:83" id="Dailymed.0fed2822-3a03-4b64-9857-c682fcd462bc.s.73.e.1" text="aldactone" type="Biomedical_Entity"><Normalization><mmtx cui="C0591054" phraseText="by ALDACTONE," preferredWord="Aldactone" semType="strd, phsu"/><RxNorm RxCui="151317"/></Normalization></entity><pair ddi="false" e1="Dailymed.0fed2822-3a03-4b64-9857-c682fcd462bc.s.73.e.0" e2="Dailymed.0fed2822-3a03-4b64-9857-c682fcd462bc.s.73.e.1"/></sentence><sentence id="Dailymed.0fed2822-3a03-4b64-9857-c682fcd462bc.s.83" text="If serum potassium increases during ALDACTONE administration but drops when ALDACTONE is discontinued, a presumptive diagnosis of primary hyperaldosteronism should be considered." type="negative"><entity charOffset="76:85" id="Dailymed.0fed2822-3a03-4b64-9857-c682fcd462bc.s.83.e.0" text="aldactone" type="Biomedical_Entity"><Normalization><mmtx cui="C0591054" phraseText="ALDACTONE" preferredWord="Aldactone" semType="strd, phsu"/><RxNorm RxCui="151317"/></Normalization></entity><entity charOffset="9:18" id="Dailymed.0fed2822-3a03-4b64-9857-c682fcd462bc.s.83.e.1" text="potassium" type="Biomedical_Entity"><Normalization><mmtx cui="C0597277" phraseText="serum potassium" preferredWord="Potassium Ion" semType="phsu, elii"/><RxNorm RxCui="8588"/></Normalization></entity><entity charOffset="36:45" id="Dailymed.0fed2822-3a03-4b64-9857-c682fcd462bc.s.83.e.2" text="aldactone" type="Biomedical_Entity"><Normalization><mmtx cui="C0591054" phraseText="increases during ALDACTONE administration" preferredWord="Aldactone" semType="strd, phsu"/><RxNorm RxCui="151317"/></Normalization></entity><pair ddi="false" e1="Dailymed.0fed2822-3a03-4b64-9857-c682fcd462bc.s.83.e.1" e2="Dailymed.0fed2822-3a03-4b64-9857-c682fcd462bc.s.83.e.0"/><pair ddi="false" e1="Dailymed.0fed2822-3a03-4b64-9857-c682fcd462bc.s.83.e.1" e2="Dailymed.0fed2822-3a03-4b64-9857-c682fcd462bc.s.83.e.2"/></sentence><sentence id="Dailymed.0fed2822-3a03-4b64-9857-c682fcd462bc.s.89" text="If, after five days, an adequate diuretic response to ALDACTONE has not occurred, a second diuretic that acts more proximally in the renal tubule may be added to the regimen. " type="negative"><entity charOffset="33:41" id="Dailymed.0fed2822-3a03-4b64-9857-c682fcd462bc.s.89.e.0" text="diuretic" type="Biomedical_Entity"><Normalization><mmtx cui="C0012798" phraseText="an adequate diuretic response to ALDACTONE" preferredWord="Diuretics" semType="phsu"/><RxNorm RxCui="3567"/></Normalization></entity><entity charOffset="91:99" id="Dailymed.0fed2822-3a03-4b64-9857-c682fcd462bc.s.89.e.1" text="diuretic" type="Biomedical_Entity"><Normalization><mmtx cui="C0012798" phraseText="a second diuretic" preferredWord="Diuretics" semType="phsu"/><RxNorm RxCui="3567"/></Normalization></entity><entity charOffset="54:63" id="Dailymed.0fed2822-3a03-4b64-9857-c682fcd462bc.s.89.e.2" text="aldactone" type="Biomedical_Entity"><Normalization><mmtx cui="C0591054" phraseText="an adequate diuretic response to ALDACTONE" preferredWord="Aldactone" semType="strd, phsu"/><RxNorm RxCui="151317"/></Normalization></entity><pair ddi="false" e1="Dailymed.0fed2822-3a03-4b64-9857-c682fcd462bc.s.89.e.0" e2="Dailymed.0fed2822-3a03-4b64-9857-c682fcd462bc.s.89.e.2"/><pair ddi="false" e1="Dailymed.0fed2822-3a03-4b64-9857-c682fcd462bc.s.89.e.2" e2="Dailymed.0fed2822-3a03-4b64-9857-c682fcd462bc.s.89.e.1"/></sentence><sentence biomedicalEntities="1" id="Dailymed.0fed2822-3a03-4b64-9857-c682fcd462bc.s.90" lineNumber="105" text="Because of the additive effect of ALDACTONE when administered concurrently with such diuretics, an enhanced diuresis usually begins on the first day of combined treatment; " type="irregular"><anaphoraRelation><antecedentSentence ID="Dailymed.0fed2822-3a03-4b64-9857-c682fcd462bc.s.89" Text="If, after five days, an adequate diuretic response to ALDACTONE has not occurred, a second diuretic that acts more proximally in the renal tubule may be added to the regimen. "/><anaphoraEntity charOffset="80:94" id="Dailymed.0fed2822-3a03-4b64-9857-c682fcd462bc.s.90.e.1" text="such diuretics" type="Expression"/><antecedentEntity charOffset="91:145" id="Dailymed.0fed2822-3a03-4b64-9857-c682fcd462bc.s.89.e.0" text="diuretic that acts more proximally in the renal tubule" type="Drug_Class"/></anaphoraRelation><entity charOffset="34:43" id="Dailymed.0fed2822-3a03-4b64-9857-c682fcd462bc.s.90.e.0" text="ALDACTONE" type="Drug"><Normalization><mmtx cui="C0591054" phraseText="of ALDACTONE" preferredWord="Aldactone" semType="strd, phsu"/><RxNorm RxCui="151317"/></Normalization></entity><entity charOffset="15:30" id="Dailymed.0fed2822-3a03-4b64-9857-c682fcd462bc.s.90.e.3" text="additive effect" type="Increase_Interaction"/><drugInteraction id="Dailymed.0fed2822-3a03-4b64-9857-c682fcd462bc.s.90.ddi.1"><interaction trigger="Dailymed.0fed2822-3a03-4b64-9857-c682fcd462bc.s.90.e.3"><relations><relation type="hasPrecipitant"><entity id="Dailymed.0fed2822-3a03-4b64-9857-c682fcd462bc.s.90.e.1"/></relation><relation type="hasObject"><entity id="Dailymed.0fed2822-3a03-4b64-9857-c682fcd462bc.s.90.e.0"/></relation></relations></interaction></drugInteraction><pair ddi="true" e1="Dailymed.0fed2822-3a03-4b64-9857-c682fcd462bc.s.90.e.0" e2="Dailymed.0fed2822-3a03-4b64-9857-c682fcd462bc.s.90.e.1" trigger="Dailymed.0fed2822-3a03-4b64-9857-c682fcd462bc.s.90.e.3" type="Increase_Interaction"/></sentence><sentence id="Dailymed.0fed2822-3a03-4b64-9857-c682fcd462bc.s.92" text="The dosage of ALDACTONE should remain unchanged when other diuretic therapy is added." type="negative"><entity charOffset="59:67" id="Dailymed.0fed2822-3a03-4b64-9857-c682fcd462bc.s.92.e.0" text="diuretic" type="Biomedical_Entity"><Normalization><mmtx cui="C0012798" phraseText="other diuretic therapy" preferredWord="Diuretics" semType="phsu"/><RxNorm RxCui="3567"/></Normalization></entity><entity charOffset="14:23" id="Dailymed.0fed2822-3a03-4b64-9857-c682fcd462bc.s.92.e.1" text="aldactone" type="Biomedical_Entity"><Normalization><mmtx cui="C0591054" phraseText="The dosage of ALDACTONE" preferredWord="Aldactone" semType="strd, phsu"/><RxNorm RxCui="151317"/></Normalization></entity><pair ddi="false" e1="Dailymed.0fed2822-3a03-4b64-9857-c682fcd462bc.s.92.e.1" e2="Dailymed.0fed2822-3a03-4b64-9857-c682fcd462bc.s.92.e.0"/></sentence><sentence id="Dailymed.0fed2822-3a03-4b64-9857-c682fcd462bc.s.95" text="ALDACTONE may also be given with diuretics that act more proximally in the renal tubule or with other antihypertensive agents. " type="negative"><entity charOffset="102:125" id="Dailymed.0fed2822-3a03-4b64-9857-c682fcd462bc.s.95.e.0" text="antihypertensive agents" type="Biomedical_Entity"><Normalization><mmtx cui="C0003364" phraseText="or with other antihypertensive agents." preferredWord="Antihypertensive Agents" semType="phsu"/><RxNorm RxCui="968"/></Normalization></entity><entity charOffset="33:42" id="Dailymed.0fed2822-3a03-4b64-9857-c682fcd462bc.s.95.e.1" text="diuretics" type="Biomedical_Entity"><Normalization><mmtx cui="C0012798" phraseText="given with diuretics" preferredWord="Diuretics" semType="phsu"/><RxNorm RxCui="3567"/></Normalization></entity><entity charOffset="0:9" id="Dailymed.0fed2822-3a03-4b64-9857-c682fcd462bc.s.95.e.2" text="aldactone" type="Biomedical_Entity"><Normalization><mmtx cui="C0591054" phraseText="ALDACTONE" preferredWord="Aldactone" semType="strd, phsu"/><RxNorm RxCui="151317"/></Normalization></entity><pair ddi="false" e1="Dailymed.0fed2822-3a03-4b64-9857-c682fcd462bc.s.95.e.1" e2="Dailymed.0fed2822-3a03-4b64-9857-c682fcd462bc.s.95.e.0"/><pair ddi="false" e1="Dailymed.0fed2822-3a03-4b64-9857-c682fcd462bc.s.95.e.2" e2="Dailymed.0fed2822-3a03-4b64-9857-c682fcd462bc.s.95.e.0"/><pair ddi="false" e1="Dailymed.0fed2822-3a03-4b64-9857-c682fcd462bc.s.95.e.2" e2="Dailymed.0fed2822-3a03-4b64-9857-c682fcd462bc.s.95.e.1"/></sentence><sentence id="Dailymed.0fed2822-3a03-4b64-9857-c682fcd462bc.s.99" text="ALDACTONE in a dosage ranging from 25 mg to 100 mg daily is useful in treating a diuretic-induced hypokalemia, when oral potassium supplements or other potassium-sparing regimens are considered inappropriate." type="negative"><entity charOffset="152:161" id="Dailymed.0fed2822-3a03-4b64-9857-c682fcd462bc.s.99.e.0" text="potassium" type="Biomedical_Entity"><Normalization><mmtx cui="C0597277" phraseText="other potassium-sparing regimens" preferredWord="Potassium Ion" semType="phsu, elii"/><RxNorm RxCui="8588"/></Normalization></entity><entity charOffset="121:142" id="Dailymed.0fed2822-3a03-4b64-9857-c682fcd462bc.s.99.e.1" text="potassium supplements" type="Biomedical_Entity"><Normalization><mmtx cui="C0304475" phraseText="oral potassium supplements" preferredWord="Potassium supplement" semType="inch, phsu"/><RxNorm RxCui="8588"/></Normalization></entity><entity charOffset="121:130" id="Dailymed.0fed2822-3a03-4b64-9857-c682fcd462bc.s.99.e.2" text="potassium" type="Biomedical_Entity"><Normalization><mmtx cui="C0597277" phraseText="oral potassium supplements" preferredWord="Potassium Ion" semType="phsu, elii"/><RxNorm RxCui="8588"/></Normalization></entity><entity charOffset="81:89" id="Dailymed.0fed2822-3a03-4b64-9857-c682fcd462bc.s.99.e.3" text="diuretic" type="Biomedical_Entity"><Normalization><mmtx cui="C0012798" phraseText="a diuretic-induced hypokalemia," preferredWord="Diuretics" semType="phsu"/><RxNorm RxCui="3567"/></Normalization></entity><entity charOffset="0:9" id="Dailymed.0fed2822-3a03-4b64-9857-c682fcd462bc.s.99.e.4" text="aldactone" type="Biomedical_Entity"><Normalization><mmtx cui="C0591054" phraseText="ALDACTONE in a dosage ranging" preferredWord="Aldactone" semType="strd, phsu"/><RxNorm RxCui="151317"/></Normalization></entity><entity charOffset="116:142" id="Dailymed.0fed2822-3a03-4b64-9857-c682fcd462bc.s.99.e.5" text="oral supplements" type="Biomedical_Entity"><Normalization><mmtx cui="C0351437" phraseText="oral potassium supplements" preferredWord="Oral supplement" semType="phsu"/><RxNorm RxCui="NA"/></Normalization></entity><pair ddi="false" e1="Dailymed.0fed2822-3a03-4b64-9857-c682fcd462bc.s.99.e.1" e2="Dailymed.0fed2822-3a03-4b64-9857-c682fcd462bc.s.99.e.0"/><pair ddi="false" e1="Dailymed.0fed2822-3a03-4b64-9857-c682fcd462bc.s.99.e.3" e2="Dailymed.0fed2822-3a03-4b64-9857-c682fcd462bc.s.99.e.0"/><pair ddi="false" e1="Dailymed.0fed2822-3a03-4b64-9857-c682fcd462bc.s.99.e.4" e2="Dailymed.0fed2822-3a03-4b64-9857-c682fcd462bc.s.99.e.0"/><pair ddi="false" e1="Dailymed.0fed2822-3a03-4b64-9857-c682fcd462bc.s.99.e.5" e2="Dailymed.0fed2822-3a03-4b64-9857-c682fcd462bc.s.99.e.0"/><pair ddi="false" e1="Dailymed.0fed2822-3a03-4b64-9857-c682fcd462bc.s.99.e.2" e2="Dailymed.0fed2822-3a03-4b64-9857-c682fcd462bc.s.99.e.1"/><pair ddi="false" e1="Dailymed.0fed2822-3a03-4b64-9857-c682fcd462bc.s.99.e.3" e2="Dailymed.0fed2822-3a03-4b64-9857-c682fcd462bc.s.99.e.1"/><pair ddi="false" e1="Dailymed.0fed2822-3a03-4b64-9857-c682fcd462bc.s.99.e.4" e2="Dailymed.0fed2822-3a03-4b64-9857-c682fcd462bc.s.99.e.1"/><pair ddi="false" e1="Dailymed.0fed2822-3a03-4b64-9857-c682fcd462bc.s.99.e.5" e2="Dailymed.0fed2822-3a03-4b64-9857-c682fcd462bc.s.99.e.1"/><pair ddi="false" e1="Dailymed.0fed2822-3a03-4b64-9857-c682fcd462bc.s.99.e.3" e2="Dailymed.0fed2822-3a03-4b64-9857-c682fcd462bc.s.99.e.2"/><pair ddi="false" e1="Dailymed.0fed2822-3a03-4b64-9857-c682fcd462bc.s.99.e.4" e2="Dailymed.0fed2822-3a03-4b64-9857-c682fcd462bc.s.99.e.2"/><pair ddi="false" e1="Dailymed.0fed2822-3a03-4b64-9857-c682fcd462bc.s.99.e.5" e2="Dailymed.0fed2822-3a03-4b64-9857-c682fcd462bc.s.99.e.2"/><pair ddi="false" e1="Dailymed.0fed2822-3a03-4b64-9857-c682fcd462bc.s.99.e.4" e2="Dailymed.0fed2822-3a03-4b64-9857-c682fcd462bc.s.99.e.3"/><pair ddi="false" e1="Dailymed.0fed2822-3a03-4b64-9857-c682fcd462bc.s.99.e.3" e2="Dailymed.0fed2822-3a03-4b64-9857-c682fcd462bc.s.99.e.5"/><pair ddi="false" e1="Dailymed.0fed2822-3a03-4b64-9857-c682fcd462bc.s.99.e.4" e2="Dailymed.0fed2822-3a03-4b64-9857-c682fcd462bc.s.99.e.5"/></sentence><sentence id="Dailymed.0fed2822-3a03-4b64-9857-c682fcd462bc.s.101" text="Treatment should be initiated with ALDACTONE 25 mg once daily if the patient's serum potassium is  5.0 mEq/L and the patient's serum creatinine is   2.5 mg/dL. " type="negative"><entity charOffset="85:94" id="Dailymed.0fed2822-3a03-4b64-9857-c682fcd462bc.s.101.e.0" text="potassium" type="Biomedical_Entity"><Normalization><mmtx cui="C0597277" phraseText="the patient's serum potassium" preferredWord="Potassium Ion" semType="phsu, elii"/><RxNorm RxCui="8588"/></Normalization></entity><entity charOffset="35:50" id="Dailymed.0fed2822-3a03-4b64-9857-c682fcd462bc.s.101.e.1" text="aldactone 25 mg" type="Biomedical_Entity"><Normalization><mmtx cui="C0990353" phraseText="initiated with ALDACTONE 25 mg" preferredWord="Spironolactone 25 MG" semType="clnd"/><RxNorm RxCui="151317"/></Normalization></entity><pair ddi="false" e1="Dailymed.0fed2822-3a03-4b64-9857-c682fcd462bc.s.101.e.1" e2="Dailymed.0fed2822-3a03-4b64-9857-c682fcd462bc.s.101.e.0"/></sentence><positiveExamples number="25"/><negativeExamples number="41"/></document>