<?xml version="1.0" encoding="UTF-8" standalone="no"?><document setID="11cb2671-d3d5-425f-8509-f973b6cac876"><labelDrug name="Nitrolingual Pumpspray"><Normalization/></labelDrug><generic name="nitroglycerin"/><sentence id="Dailymed.11cb2671-d3d5-425f-8509-f973b6cac876.s.1" text="NITROLINGUAL PUMPSPRAY (nitroglycerin) spray, metered" type="negative"><entity charOffset="24:37" id="Dailymed.11cb2671-d3d5-425f-8509-f973b6cac876.s.1.e.0" text="nitroglycerin" type="Biomedical_Entity"><Normalization><mmtx cui="C0017887" phraseText="(nitroglycerin" preferredWord="Nitroglycerin" semType="phsu, orch"/><RxNorm RxCui="4917"/></Normalization></entity><entity charOffset="0:12" id="Dailymed.11cb2671-d3d5-425f-8509-f973b6cac876.s.1.e.1" text="nitrolingual" type="Biomedical_Entity"><Normalization><mmtx cui="C0590708" phraseText="NITROLINGUAL PUMPSPRAY" preferredWord="Nitrolingual" semType="phsu, orch"/><RxNorm RxCui="151177"/></Normalization></entity><pair ddi="false" e1="Dailymed.11cb2671-d3d5-425f-8509-f973b6cac876.s.1.e.1" e2="Dailymed.11cb2671-d3d5-425f-8509-f973b6cac876.s.1.e.0"/></sentence><sentence id="Dailymed.11cb2671-d3d5-425f-8509-f973b6cac876.s.2" text="Nitroglycerin, an organic nitrate, is a vasodilator which has effects on both arteries and veins." type="negative"><entity charOffset="40:51" id="Dailymed.11cb2671-d3d5-425f-8509-f973b6cac876.s.2.e.0" text="vasodilator" type="Biomedical_Entity"><Normalization><mmtx cui="C3537240" phraseText="a vasodilator" preferredWord="Vasodilator [EPC]" semType="phsu"/><RxNorm RxCui="11146"/></Normalization></entity><entity charOffset="0:13" id="Dailymed.11cb2671-d3d5-425f-8509-f973b6cac876.s.2.e.1" text="nitroglycerin" type="Biomedical_Entity"><Normalization><mmtx cui="C0885378" phraseText="Nitroglycerin," preferredWord="Glonoine, nitroglycerine, Homeopathic preparation" semType="phsu, orch"/><RxNorm RxCui="4917"/></Normalization></entity><pair ddi="false" e1="Dailymed.11cb2671-d3d5-425f-8509-f973b6cac876.s.2.e.1" e2="Dailymed.11cb2671-d3d5-425f-8509-f973b6cac876.s.2.e.0"/></sentence><sentence biomedicalEntities="3" id="Dailymed.11cb2671-d3d5-425f-8509-f973b6cac876.s.6" lineNumber="7" text="Nitrolingual  Pumpspray is contraindicated in patients taking certain drugs for erectile dysfunction (phosphodiesterase inhibitors), as their concomitant use can cause severe hypotension. " type="regular"><entity charOffset="27:42" id="Dailymed.11cb2671-d3d5-425f-8509-f973b6cac876.s.6.e.0" text="contraindicated" type="Caution_Interaction"/><entity charOffset="27:42" id="Dailymed.11cb2671-d3d5-425f-8509-f973b6cac876.s.6.e.2" text="contraindicated" type="SPAN"/><entity charOffset="0:23" id="Dailymed.11cb2671-d3d5-425f-8509-f973b6cac876.s.6.e.3" text="Nitrolingual® Pumpspray" type="Drug"><Normalization><mmtx cui="C0590708" phraseText="Nitrolingual  Pumpspray" preferredWord="Nitrolingual" semType="phsu, orch"/><RxNorm RxCui="151177"/></Normalization></entity><entity charOffset="70:100" id="Dailymed.11cb2671-d3d5-425f-8509-f973b6cac876.s.6.e.4" text="drugs for erectile dysfunction" type="Drug_Class"><Normalization><mmtx cui="C0013227" phraseText="certain drugs for erectile dysfunction" preferredWord="Pharmaceutical Preparations" semType="phsu"/><RxNorm RxCui="NA"/></Normalization></entity><entity charOffset="102:130" id="Dailymed.11cb2671-d3d5-425f-8509-f973b6cac876.s.6.e.5" text="phosphodiesterase inhibitors" type="Drug_Class"><Normalization><mmtx cui="C0031638" phraseText="(phosphodiesterase inhibitors" preferredWord="Phosphodiesterase Inhibitors" semType="phsu"/><RxNorm RxCui="8228"/></Normalization></entity><entity charOffset="168:186" id="Dailymed.11cb2671-d3d5-425f-8509-f973b6cac876.s.6.e.7" text="severe hypotension" type="Specific_Interaction"/><classClassMembership drugClass="Dailymed.11cb2671-d3d5-425f-8509-f973b6cac876.s.6.e.5"/><drugInteraction id="Dailymed.11cb2671-d3d5-425f-8509-f973b6cac876.s.6.ddi.1"><interaction trigger="Dailymed.11cb2671-d3d5-425f-8509-f973b6cac876.s.6.e.0"><relations><relation type="hasPrecipitant"><entity id="Dailymed.11cb2671-d3d5-425f-8509-f973b6cac876.s.6.e.5"/></relation><relation type="hasSeverity"><entity id="Dailymed.11cb2671-d3d5-425f-8509-f973b6cac876.s.6.e.2"/></relation><relation type="hasObject"><entity id="Dailymed.11cb2671-d3d5-425f-8509-f973b6cac876.s.6.e.3"/></relation></relations></interaction></drugInteraction><drugInteraction id="Dailymed.11cb2671-d3d5-425f-8509-f973b6cac876.s.6.ddi.2"><interaction trigger="Dailymed.11cb2671-d3d5-425f-8509-f973b6cac876.s.6.e.7"><relations><relation type="hasPrecipitant"><entity id="Dailymed.11cb2671-d3d5-425f-8509-f973b6cac876.s.6.e.5"/></relation><relation type="hasObject"><entity id="Dailymed.11cb2671-d3d5-425f-8509-f973b6cac876.s.6.e.3"/></relation></relations></interaction></drugInteraction><pair ddi="true" e1="Dailymed.11cb2671-d3d5-425f-8509-f973b6cac876.s.6.e.3" e2="Dailymed.11cb2671-d3d5-425f-8509-f973b6cac876.s.6.e.5" severity="Dailymed.11cb2671-d3d5-425f-8509-f973b6cac876.s.6.e.2" trigger="Dailymed.11cb2671-d3d5-425f-8509-f973b6cac876.s.6.e.0" type="Caution_Interaction"/></sentence><sentence id="Dailymed.11cb2671-d3d5-425f-8509-f973b6cac876.s.9" text="Amplification of the vasodilatory effects of Nitrolingual  Pumpspray by certain drugs (phosphodiesterase inhibitors) used to treat erectile dysfunction can result in severe hypotension. " type="negative"><entity charOffset="87:115" id="Dailymed.11cb2671-d3d5-425f-8509-f973b6cac876.s.9.e.0" text="phosphodiesterase inhibitors" type="Biomedical_Entity"><Normalization><mmtx cui="C0031638" phraseText="(phosphodiesterase inhibitors" preferredWord="Phosphodiesterase Inhibitors" semType="phsu"/><RxNorm RxCui="8228"/></Normalization></entity><entity charOffset="45:57" id="Dailymed.11cb2671-d3d5-425f-8509-f973b6cac876.s.9.e.1" text="nitrolingual" type="Biomedical_Entity"><Normalization><mmtx cui="C0590708" phraseText="Amplification of the vasodilatory effects of Nitrolingual  Pumpspray" preferredWord="Nitrolingual" semType="phsu, orch"/><RxNorm RxCui="151177"/></Normalization></entity><pair ddi="false" e1="Dailymed.11cb2671-d3d5-425f-8509-f973b6cac876.s.9.e.1" e2="Dailymed.11cb2671-d3d5-425f-8509-f973b6cac876.s.9.e.0"/></sentence><sentence biomedicalEntities="3" id="Dailymed.11cb2671-d3d5-425f-8509-f973b6cac876.s.25" lineNumber="23" text="Physicians should discuss with patients that Nitrolingual  Pumpspray should not be used with certain drugs taken for erectile dysfunction (phosphodiesterase inhibitors) because of the risk of lowering their blood pressure dangerously." type="regular"><entity charOffset="101:137" id="Dailymed.11cb2671-d3d5-425f-8509-f973b6cac876.s.25.e.0" text="drugs taken for erectile dysfunction" type="Drug_Class"><Normalization><mmtx cui="C0013227" phraseText="used with certain drugs" preferredWord="Pharmaceutical Preparations" semType="phsu"/><RxNorm RxCui="NA"/></Normalization></entity><entity charOffset="139:167" id="Dailymed.11cb2671-d3d5-425f-8509-f973b6cac876.s.25.e.1" text="phosphodiesterase inhibitors" type="Drug_Class"><Normalization><mmtx cui="C0031638" phraseText="(phosphodiesterase inhibitors" preferredWord="Phosphodiesterase Inhibitors" semType="phsu"/><RxNorm RxCui="8228"/></Normalization></entity><entity charOffset="45:68" id="Dailymed.11cb2671-d3d5-425f-8509-f973b6cac876.s.25.e.2" text="Nitrolingual® Pumpspray" type="Drug"><Normalization><mmtx cui="C0590708" phraseText="that Nitrolingual  Pumpspray" preferredWord="Nitrolingual" semType="phsu, orch"/><RxNorm RxCui="151177"/></Normalization></entity><entity charOffset="184:221" id="Dailymed.11cb2671-d3d5-425f-8509-f973b6cac876.s.25.e.3" text="risk of lowering their blood pressure" type="Specific_Interaction"/><drugInteraction id="Dailymed.11cb2671-d3d5-425f-8509-f973b6cac876.s.25.ddi.1"><interaction trigger="Dailymed.11cb2671-d3d5-425f-8509-f973b6cac876.s.25.e.3"><relations><relation type="hasPrecipitant"><entity id="Dailymed.11cb2671-d3d5-425f-8509-f973b6cac876.s.25.e.1"/></relation><relation type="hasObject"><entity id="Dailymed.11cb2671-d3d5-425f-8509-f973b6cac876.s.25.e.2"/></relation></relations></interaction></drugInteraction><pair ddi="true" e1="Dailymed.11cb2671-d3d5-425f-8509-f973b6cac876.s.25.e.2" e2="Dailymed.11cb2671-d3d5-425f-8509-f973b6cac876.s.25.e.1" trigger="Dailymed.11cb2671-d3d5-425f-8509-f973b6cac876.s.25.e.3" type="Specific_Interaction"/></sentence><sentence biomedicalEntities="2" id="Dailymed.11cb2671-d3d5-425f-8509-f973b6cac876.s.27" lineNumber="27" text="Alcohol may enhance sensitivity to the hypotensive effects of nitrates. " type="regular"><entity charOffset="0:7" id="Dailymed.11cb2671-d3d5-425f-8509-f973b6cac876.s.27.e.0" text="Alcohol" type="Substance"><Normalization><mmtx cui="C0001975" phraseText="Alcohol" preferredWord="Alcohols" semType="phsu, orch"/><RxNorm RxCui="448"/></Normalization></entity><entity charOffset="62:70" id="Dailymed.11cb2671-d3d5-425f-8509-f973b6cac876.s.27.e.1" text="nitrates" type="Drug_Class"><Normalization><RxNorm RxCui="202927"/></Normalization></entity><entity charOffset="12:58" id="Dailymed.11cb2671-d3d5-425f-8509-f973b6cac876.s.27.e.2" text="enhance sensitivity to the hypotensive effects" type="Specific_Interaction"/><drugInteraction id="Dailymed.11cb2671-d3d5-425f-8509-f973b6cac876.s.27.ddi.1"><interaction trigger="Dailymed.11cb2671-d3d5-425f-8509-f973b6cac876.s.27.e.2"><relations><relation type="hasObject"><entity id="Dailymed.11cb2671-d3d5-425f-8509-f973b6cac876.s.27.e.1"/></relation><relation type="hasPrecipitant"><entity id="Dailymed.11cb2671-d3d5-425f-8509-f973b6cac876.s.27.e.0"/></relation></relations></interaction></drugInteraction><pair ddi="true" e1="Dailymed.11cb2671-d3d5-425f-8509-f973b6cac876.s.27.e.0" e2="Dailymed.11cb2671-d3d5-425f-8509-f973b6cac876.s.27.e.1" trigger="Dailymed.11cb2671-d3d5-425f-8509-f973b6cac876.s.27.e.2" type="Specific_Interaction"/></sentence><sentence biomedicalEntities="2" id="Dailymed.11cb2671-d3d5-425f-8509-f973b6cac876.s.30" lineNumber="29" text="Marked symptomatic orthostatic hypotension has been reported when calcium channel blockers and oral controlled-release nitroglycerin were used in combination. " type="regular"><entity charOffset="66:90" id="Dailymed.11cb2671-d3d5-425f-8509-f973b6cac876.s.30.e.0" text="calcium channel blockers" type="Drug_Class"><Normalization><mmtx cui="C0006684" phraseText="calcium channel blockers" preferredWord="Calcium Channel Blockers" semType="phsu"/><RxNorm RxCui="1895"/></Normalization></entity><entity charOffset="95:132" id="Dailymed.11cb2671-d3d5-425f-8509-f973b6cac876.s.30.e.1" text="oral controlled-release nitroglycerin" type="Drug"><Normalization><mmtx cui="C0017887" phraseText="oral controlled-release nitroglycerin" preferredWord="Nitroglycerin" semType="phsu, orch"/><mmtx cui="C0885378" phraseText="oral controlled-release nitroglycerin" preferredWord="Glonoine, nitroglycerine, Homeopathic preparation" semType="phsu, orch"/><RxNorm RxCui="NA"/></Normalization></entity><entity charOffset="19:42" id="Dailymed.11cb2671-d3d5-425f-8509-f973b6cac876.s.30.e.2" text="orthostatic hypotension" type="Specific_Interaction"><Normalization><mmtx cui="C0149746" phraseText="Marked symptomatic orthostatic hypotension" preferredWord="Orthostasis" semType="sosy"/></Normalization></entity><drugInteraction id="Dailymed.11cb2671-d3d5-425f-8509-f973b6cac876.s.30.ddi.1"><interaction trigger="Dailymed.11cb2671-d3d5-425f-8509-f973b6cac876.s.30.e.2"><relations><relation type="hasObject"><entity id="Dailymed.11cb2671-d3d5-425f-8509-f973b6cac876.s.30.e.1"/></relation><relation type="hasPrecipitant"><entity id="Dailymed.11cb2671-d3d5-425f-8509-f973b6cac876.s.30.e.0"/></relation></relations></interaction></drugInteraction><pair ddi="true" e1="Dailymed.11cb2671-d3d5-425f-8509-f973b6cac876.s.30.e.0" e2="Dailymed.11cb2671-d3d5-425f-8509-f973b6cac876.s.30.e.1" trigger="Dailymed.11cb2671-d3d5-425f-8509-f973b6cac876.s.30.e.2" type="Specific_Interaction"/></sentence><sentence biomedicalEntities="4" id="Dailymed.11cb2671-d3d5-425f-8509-f973b6cac876.s.32" lineNumber="31" text="Concomitant use of nitric oxide donors (like Nitrolingual  Pumpspray) and certain drugs for the treatment of erectile dysfunction (phosphodiesterase inhibitors) can amplify their vasodilatory effects, resulting in severe hypotension." type="regular"><entity charOffset="19:38" id="Dailymed.11cb2671-d3d5-425f-8509-f973b6cac876.s.32.e.0" text="nitric oxide donors" type="Drug_Class"><Normalization><mmtx cui="C0600437" phraseText="Concomitant use of nitric oxide donors" preferredWord="Nitric Oxide Donors" semType="phsu"/><RxNorm RxCui="1311391"/></Normalization></entity><entity charOffset="45:68" id="Dailymed.11cb2671-d3d5-425f-8509-f973b6cac876.s.32.e.1" text="Nitrolingual® Pumpspray" type="Drug"><Normalization><mmtx cui="C0590708" phraseText="like Nitrolingual  Pumpspray" preferredWord="Nitrolingual" semType="phsu, orch"/><RxNorm RxCui="151177"/></Normalization></entity><entity charOffset="82:129" id="Dailymed.11cb2671-d3d5-425f-8509-f973b6cac876.s.32.e.2" text="drugs for the treatment of erectile dysfunction" type="Drug_Class"><Normalization><mmtx cui="C0013227" phraseText="certain drugs for the treatment of erectile dysfunction" preferredWord="Pharmaceutical Preparations" semType="phsu"/><RxNorm RxCui="NA"/></Normalization></entity><entity charOffset="131:159" id="Dailymed.11cb2671-d3d5-425f-8509-f973b6cac876.s.32.e.3" text="phosphodiesterase inhibitors" type="Drug_Class"><Normalization><mmtx cui="C0031638" phraseText="(phosphodiesterase inhibitors" preferredWord="Phosphodiesterase Inhibitors" semType="phsu"/><RxNorm RxCui="8228"/></Normalization></entity><entity charOffset="214:232" id="Dailymed.11cb2671-d3d5-425f-8509-f973b6cac876.s.32.e.6" text="severe hypotension" type="Specific_Interaction"/><drugClassMembership drug="Dailymed.11cb2671-d3d5-425f-8509-f973b6cac876.s.32.e.1" drugClass="Dailymed.11cb2671-d3d5-425f-8509-f973b6cac876.s.32.e.0"/><classClassMembership drugClass="Dailymed.11cb2671-d3d5-425f-8509-f973b6cac876.s.32.e.3"/><drugInteraction id="Dailymed.11cb2671-d3d5-425f-8509-f973b6cac876.s.32.ddi.1"><interaction trigger="Dailymed.11cb2671-d3d5-425f-8509-f973b6cac876.s.32.e.6"><relations><relation type="hasPrecipitant"><entity id="Dailymed.11cb2671-d3d5-425f-8509-f973b6cac876.s.32.e.2"/></relation><relation type="hasObject"><entity id="Dailymed.11cb2671-d3d5-425f-8509-f973b6cac876.s.32.e.0"/></relation></relations></interaction></drugInteraction><pair ddi="true" e1="Dailymed.11cb2671-d3d5-425f-8509-f973b6cac876.s.32.e.0" e2="Dailymed.11cb2671-d3d5-425f-8509-f973b6cac876.s.32.e.2" trigger="Dailymed.11cb2671-d3d5-425f-8509-f973b6cac876.s.32.e.6" type="Specific_Interaction"/></sentence><sentence biomedicalEntities="0" id="Dailymed.11cb2671-d3d5-425f-8509-f973b6cac876.s.33" lineNumber="33" text="The concomitant use of these drugs is contraindicated (see CONTRAINDICATIONS) and alternative therapies should be used to treat acute angina episodes." type="irregular"><entity charOffset="38:53" id="Dailymed.11cb2671-d3d5-425f-8509-f973b6cac876.s.33.e.0" text="contraindicated" type="Caution_Interaction"/><entity charOffset="38:53" id="Dailymed.11cb2671-d3d5-425f-8509-f973b6cac876.s.33.e.2" text="contraindicated" type="SPAN"/><drugInteraction id="Dailymed.11cb2671-d3d5-425f-8509-f973b6cac876.s.33.ddi.1"><interaction trigger="Dailymed.11cb2671-d3d5-425f-8509-f973b6cac876.s.33.e.0"><relations><relation type="hasSeverity"><entity id="Dailymed.11cb2671-d3d5-425f-8509-f973b6cac876.s.33.e.2"/></relation><relation type="hasPrecipitant"><ellipsisSentence id="Dailymed.11cb2671-d3d5-425f-8509-f973b6cac876.s.32" text="Concomitant use of nitric oxide donors (like Nitrolingual  Pumpspray) and certain drugs for the treatment of erectile dysfunction (phosphodiesterase inhibitors) can amplify their vasodilatory effects, resulting in severe hypotension."><entity id="Dailymed.11cb2671-d3d5-425f-8509-f973b6cac876.s.32.e.2"/></ellipsisSentence></relation><relation type="hasObject"><ellipsisSentence id="Dailymed.11cb2671-d3d5-425f-8509-f973b6cac876.s.32" text="Concomitant use of nitric oxide donors (like Nitrolingual  Pumpspray) and certain drugs for the treatment of erectile dysfunction (phosphodiesterase inhibitors) can amplify their vasodilatory effects, resulting in severe hypotension."><entity id="Dailymed.11cb2671-d3d5-425f-8509-f973b6cac876.s.32.e.0"/></ellipsisSentence></relation></relations></interaction></drugInteraction></sentence><sentence id="Dailymed.11cb2671-d3d5-425f-8509-f973b6cac876.s.65" text="Each metered spray of Nitrolingual  Pumpspray delivers 48 mg of solution containing 400 mcg of nitroglycerin after an initial priming of 5 sprays. " type="negative"><entity charOffset="95:108" id="Dailymed.11cb2671-d3d5-425f-8509-f973b6cac876.s.65.e.0" text="nitroglycerin" type="Biomedical_Entity"><Normalization><mmtx cui="C0885378" phraseText="400 mcg of nitroglycerin" preferredWord="Glonoine, nitroglycerine, Homeopathic preparation" semType="phsu, orch"/><RxNorm RxCui="4917"/></Normalization></entity><entity charOffset="46:54" id="Dailymed.11cb2671-d3d5-425f-8509-f973b6cac876.s.65.e.1" text="delivers" type="Biomedical_Entity"><Normalization><mmtx cui="C1874964" phraseText="delivers" preferredWord="DELIVER (Dietary Supplement)" semType="phsu"/><RxNorm RxCui="693491"/></Normalization></entity><entity charOffset="13:34" id="Dailymed.11cb2671-d3d5-425f-8509-f973b6cac876.s.65.e.2" text="spray nitrolingual" type="Biomedical_Entity"><Normalization><mmtx cui="C0306998" phraseText="Each metered spray of Nitrolingual  Pumpspray" preferredWord="Nitrolingual Spray" semType="clnd"/><RxNorm RxCui="NA"/></Normalization></entity><pair ddi="false" e1="Dailymed.11cb2671-d3d5-425f-8509-f973b6cac876.s.65.e.1" e2="Dailymed.11cb2671-d3d5-425f-8509-f973b6cac876.s.65.e.0"/><pair ddi="false" e1="Dailymed.11cb2671-d3d5-425f-8509-f973b6cac876.s.65.e.2" e2="Dailymed.11cb2671-d3d5-425f-8509-f973b6cac876.s.65.e.0"/><pair ddi="false" e1="Dailymed.11cb2671-d3d5-425f-8509-f973b6cac876.s.65.e.2" e2="Dailymed.11cb2671-d3d5-425f-8509-f973b6cac876.s.65.e.1"/></sentence><positiveExamples number="5"/><negativeExamples number="6"/></document>