<?xml version="1.0" encoding="UTF-8" standalone="no"?><document setID="11d14362-8f69-4c30-b487-5d05f6462bd7"><labelDrug name="Quinidine Gluconate"><Normalization/></labelDrug><generic name="Quinidine Gluconate"/><sentence id="Dailymed.11d14362-8f69-4c30-b487-5d05f6462bd7.s.1" text="Drug Label for drug brand Quinidine Gluconate, containing Quinidine Gluconate." type="negative"><entity charOffset="58:77" id="Dailymed.11d14362-8f69-4c30-b487-5d05f6462bd7.s.1.e.0" text="quinidine gluconate" type="Biomedical_Entity"><Normalization><mmtx cui="C0072869" phraseText="Quinidine Gluconate." preferredWord="quinidine gluconate" semType="phsu, orch"/><RxNorm RxCui="9068"/></Normalization></entity><entity charOffset="26:45" id="Dailymed.11d14362-8f69-4c30-b487-5d05f6462bd7.s.1.e.1" text="quinidine gluconate" type="Biomedical_Entity"><Normalization><mmtx cui="C0072869" phraseText="Drug Label for drug brand Quinidine Gluconate," preferredWord="quinidine gluconate" semType="phsu, orch"/><RxNorm RxCui="9068"/></Normalization></entity><entity charOffset="0:19" id="Dailymed.11d14362-8f69-4c30-b487-5d05f6462bd7.s.1.e.2" text="drug drug" type="Biomedical_Entity"><Normalization><mmtx cui="C0013231" phraseText="Drug Label for drug brand Quinidine Gluconate," preferredWord="Drugs, Non-Prescription" semType="phsu"/><RxNorm RxCui="NA"/></Normalization></entity><pair ddi="false" e1="Dailymed.11d14362-8f69-4c30-b487-5d05f6462bd7.s.1.e.2" e2="Dailymed.11d14362-8f69-4c30-b487-5d05f6462bd7.s.1.e.0"/><pair ddi="false" e1="Dailymed.11d14362-8f69-4c30-b487-5d05f6462bd7.s.1.e.2" e2="Dailymed.11d14362-8f69-4c30-b487-5d05f6462bd7.s.1.e.1"/></sentence><sentence id="Dailymed.11d14362-8f69-4c30-b487-5d05f6462bd7.s.3" text="Quinidine is contraindicated in patients who are known to be allergic to it, or who have developed thrombocytopenic purpura during prior therapy with quinidine or quinine." type="negative"><entity charOffset="163:170" id="Dailymed.11d14362-8f69-4c30-b487-5d05f6462bd7.s.3.e.0" text="quinine" type="Biomedical_Entity"><Normalization><mmtx cui="C0034417" phraseText="quinine." preferredWord="Quinine" semType="phsu, orch"/><RxNorm RxCui="9071"/></Normalization></entity><entity charOffset="0:9" id="Dailymed.11d14362-8f69-4c30-b487-5d05f6462bd7.s.3.e.1" text="quinidine" type="Biomedical_Entity"><Normalization><mmtx cui="C0034414" phraseText="Quinidine" preferredWord="Quinidine" semType="phsu, orch"/><RxNorm RxCui="9068"/></Normalization></entity><entity charOffset="99:123" id="Dailymed.11d14362-8f69-4c30-b487-5d05f6462bd7.s.3.e.2" text="thrombocytopenic purpura" type="Biomedical_Entity"><Normalization><mmtx cui="C0034153" phraseText="thrombocytopenic purpura during prior therapy" preferredWord="Products Used to Treat Thrombocytopenic Purpura" semType="phsu"/><RxNorm RxCui="1023949"/></Normalization></entity><entity charOffset="150:159" id="Dailymed.11d14362-8f69-4c30-b487-5d05f6462bd7.s.3.e.3" text="quinidine" type="Biomedical_Entity"><Normalization><mmtx cui="C0034414" phraseText="with quinidine" preferredWord="Quinidine" semType="phsu, orch"/><RxNorm RxCui="9068"/></Normalization></entity><pair ddi="false" e1="Dailymed.11d14362-8f69-4c30-b487-5d05f6462bd7.s.3.e.1" e2="Dailymed.11d14362-8f69-4c30-b487-5d05f6462bd7.s.3.e.0"/><pair ddi="false" e1="Dailymed.11d14362-8f69-4c30-b487-5d05f6462bd7.s.3.e.2" e2="Dailymed.11d14362-8f69-4c30-b487-5d05f6462bd7.s.3.e.0"/><pair ddi="false" e1="Dailymed.11d14362-8f69-4c30-b487-5d05f6462bd7.s.3.e.3" e2="Dailymed.11d14362-8f69-4c30-b487-5d05f6462bd7.s.3.e.0"/><pair ddi="false" e1="Dailymed.11d14362-8f69-4c30-b487-5d05f6462bd7.s.3.e.1" e2="Dailymed.11d14362-8f69-4c30-b487-5d05f6462bd7.s.3.e.2"/><pair ddi="false" e1="Dailymed.11d14362-8f69-4c30-b487-5d05f6462bd7.s.3.e.2" e2="Dailymed.11d14362-8f69-4c30-b487-5d05f6462bd7.s.3.e.3"/></sentence><sentence id="Dailymed.11d14362-8f69-4c30-b487-5d05f6462bd7.s.5" text="Quinidine is also contraindicated in patients who, like those with myasthenia gravis, might be adversely affected by an anticholinergic agent." type="negative"><entity charOffset="120:141" id="Dailymed.11d14362-8f69-4c30-b487-5d05f6462bd7.s.5.e.0" text="anticholinergic agent" type="Biomedical_Entity"><Normalization><mmtx cui="C0242896" phraseText="affected by an anticholinergic agent." preferredWord="Anticholinergic Agents" semType="phsu"/><RxNorm RxCui="1449194"/></Normalization></entity><entity charOffset="0:9" id="Dailymed.11d14362-8f69-4c30-b487-5d05f6462bd7.s.5.e.1" text="quinidine" type="Biomedical_Entity"><Normalization><mmtx cui="C0034414" phraseText="Quinidine" preferredWord="Quinidine" semType="phsu, orch"/><RxNorm RxCui="9068"/></Normalization></entity><pair ddi="false" e1="Dailymed.11d14362-8f69-4c30-b487-5d05f6462bd7.s.5.e.1" e2="Dailymed.11d14362-8f69-4c30-b487-5d05f6462bd7.s.5.e.0"/></sentence><sentence id="Dailymed.11d14362-8f69-4c30-b487-5d05f6462bd7.s.8" text="Proarrhythmic effects Like many other drugs (including all other class 1a antiarrhythmics), quinidine prolongs the QTc interval, and this can lead to torsades de pointes, a life threatening ventricular arrhythmia (see Overdosage). " type="negative"><entity charOffset="92:101" id="Dailymed.11d14362-8f69-4c30-b487-5d05f6462bd7.s.8.e.0" text="quinidine" type="Biomedical_Entity"><Normalization><mmtx cui="C0034414" phraseText="quinidine" preferredWord="Quinidine" semType="phsu, orch"/><RxNorm RxCui="9068"/></Normalization></entity><entity charOffset="74:89" id="Dailymed.11d14362-8f69-4c30-b487-5d05f6462bd7.s.8.e.1" text="antiarrhythmics" type="Biomedical_Entity"><Normalization><mmtx cui="C0003195" phraseText="all other class 1a antiarrhythmics" preferredWord="Anti-Arrhythmia Agents" semType="phsu"/><RxNorm RxCui="883"/></Normalization></entity><pair ddi="false" e1="Dailymed.11d14362-8f69-4c30-b487-5d05f6462bd7.s.8.e.1" e2="Dailymed.11d14362-8f69-4c30-b487-5d05f6462bd7.s.8.e.0"/></sentence><sentence id="Dailymed.11d14362-8f69-4c30-b487-5d05f6462bd7.s.15" text="This hazard may be decreased if partial atrioventricular block is achieved prior to initiation of quinidine therapy, using conduction reducing drugs such as digitalis, verapamil, diltiazem, or a receptor blocking agent." type="negative"><entity charOffset="179:188" id="Dailymed.11d14362-8f69-4c30-b487-5d05f6462bd7.s.15.e.0" text="diltiazem" type="Biomedical_Entity"><Normalization><mmtx cui="C0012373" phraseText="diltiazem," preferredWord="Diltiazem" semType="phsu, orch"/><RxNorm RxCui="203211"/></Normalization></entity><entity charOffset="98:107" id="Dailymed.11d14362-8f69-4c30-b487-5d05f6462bd7.s.15.e.1" text="quinidine" type="Biomedical_Entity"><Normalization><mmtx cui="C0034414" phraseText="achieved prior to initiation of quinidine therapy," preferredWord="Quinidine" semType="phsu, orch"/><RxNorm RxCui="9068"/></Normalization></entity><entity charOffset="168:177" id="Dailymed.11d14362-8f69-4c30-b487-5d05f6462bd7.s.15.e.2" text="verapamil" type="Biomedical_Entity"><Normalization><mmtx cui="C0042523" phraseText="verapamil," preferredWord="Verapamil" semType="phsu, orch"/><RxNorm RxCui="11170"/></Normalization></entity><entity charOffset="157:166" id="Dailymed.11d14362-8f69-4c30-b487-5d05f6462bd7.s.15.e.3" text="digitalis" type="Biomedical_Entity"><Normalization><mmtx cui="C0304520" phraseText="conduction reducing drugs such as digitalis," preferredWord="Digitalis preparation" semType="phsu, carb"/><RxNorm RxCui="91235"/></Normalization></entity><pair ddi="false" e1="Dailymed.11d14362-8f69-4c30-b487-5d05f6462bd7.s.15.e.1" e2="Dailymed.11d14362-8f69-4c30-b487-5d05f6462bd7.s.15.e.0"/><pair ddi="false" e1="Dailymed.11d14362-8f69-4c30-b487-5d05f6462bd7.s.15.e.2" e2="Dailymed.11d14362-8f69-4c30-b487-5d05f6462bd7.s.15.e.0"/><pair ddi="false" e1="Dailymed.11d14362-8f69-4c30-b487-5d05f6462bd7.s.15.e.3" e2="Dailymed.11d14362-8f69-4c30-b487-5d05f6462bd7.s.15.e.0"/><pair ddi="false" e1="Dailymed.11d14362-8f69-4c30-b487-5d05f6462bd7.s.15.e.1" e2="Dailymed.11d14362-8f69-4c30-b487-5d05f6462bd7.s.15.e.2"/><pair ddi="false" e1="Dailymed.11d14362-8f69-4c30-b487-5d05f6462bd7.s.15.e.1" e2="Dailymed.11d14362-8f69-4c30-b487-5d05f6462bd7.s.15.e.3"/><pair ddi="false" e1="Dailymed.11d14362-8f69-4c30-b487-5d05f6462bd7.s.15.e.3" e2="Dailymed.11d14362-8f69-4c30-b487-5d05f6462bd7.s.15.e.2"/></sentence><sentence id="Dailymed.11d14362-8f69-4c30-b487-5d05f6462bd7.s.19" text="In addition, interactions with coadministered drugs can alter the serum concentration and activity of quinidine, leading either to toxicity or to lack of efficacy if the dose of quinidine is not appropriately modified (see Precautions/Drug Interactions)." type="negative"><entity charOffset="102:111" id="Dailymed.11d14362-8f69-4c30-b487-5d05f6462bd7.s.19.e.0" text="quinidine" type="Biomedical_Entity"><Normalization><mmtx cui="C0034414" phraseText="activity of quinidine," preferredWord="Quinidine" semType="phsu, orch"/><RxNorm RxCui="9068"/></Normalization></entity><entity charOffset="178:187" id="Dailymed.11d14362-8f69-4c30-b487-5d05f6462bd7.s.19.e.1" text="quinidine" type="Biomedical_Entity"><Normalization><mmtx cui="C0034414" phraseText="the dose of quinidine" preferredWord="Quinidine" semType="phsu, orch"/><RxNorm RxCui="9068"/></Normalization></entity><entity charOffset="113:120" id="Dailymed.11d14362-8f69-4c30-b487-5d05f6462bd7.s.19.e.2" text="leading" type="Biomedical_Entity"><Normalization><mmtx cui="C1442948" phraseText="leading" preferredWord="Plumbum metallicum, homeopathic preparation" semType="inch, phsu"/><RxNorm RxCui="1423667"/></Normalization></entity><pair ddi="false" e1="Dailymed.11d14362-8f69-4c30-b487-5d05f6462bd7.s.19.e.0" e2="Dailymed.11d14362-8f69-4c30-b487-5d05f6462bd7.s.19.e.2"/><pair ddi="false" e1="Dailymed.11d14362-8f69-4c30-b487-5d05f6462bd7.s.19.e.2" e2="Dailymed.11d14362-8f69-4c30-b487-5d05f6462bd7.s.19.e.1"/></sentence><sentence id="Dailymed.11d14362-8f69-4c30-b487-5d05f6462bd7.s.23" text="In patients without implanted pacemakers who are at high risk of complete atrioventricular block (eg, those with digitalis intoxication, second degree atrioventricular block, or severe intraventricular conduction defects), quinidine should be used only with caution." type="negative"><entity charOffset="223:232" id="Dailymed.11d14362-8f69-4c30-b487-5d05f6462bd7.s.23.e.0" text="quinidine" type="Biomedical_Entity"><Normalization><mmtx cui="C0034414" phraseText="quinidine" preferredWord="Quinidine" semType="phsu, orch"/><RxNorm RxCui="9068"/></Normalization></entity><entity charOffset="113:122" id="Dailymed.11d14362-8f69-4c30-b487-5d05f6462bd7.s.23.e.1" text="digitalis" type="Biomedical_Entity"><Normalization><mmtx cui="C0304520" phraseText="those with digitalis intoxication," preferredWord="Digitalis preparation" semType="phsu, carb"/><RxNorm RxCui="91235"/></Normalization></entity><pair ddi="false" e1="Dailymed.11d14362-8f69-4c30-b487-5d05f6462bd7.s.23.e.1" e2="Dailymed.11d14362-8f69-4c30-b487-5d05f6462bd7.s.23.e.0"/></sentence><sentence biomedicalEntities="5" id="Dailymed.11d14362-8f69-4c30-b487-5d05f6462bd7.s.25" lineNumber="32" text="Altered pharmacokinetics of quinidine: Drugs that alkalinize the urine (carbonic anhydrase inhibitors, sodium bicarbonate, thiazide diuretics ) reduce renal elimination of quinidine." type="regular"><entity charOffset="144:168" id="Dailymed.11d14362-8f69-4c30-b487-5d05f6462bd7.s.25.e.1" text="reduce renal elimination" type="Increase_Interaction"/><entity charOffset="172:181" id="Dailymed.11d14362-8f69-4c30-b487-5d05f6462bd7.s.25.e.2" text="quinidine" type="Drug"><Normalization><mmtx cui="C0034414" phraseText="renal elimination of quinidine." preferredWord="Quinidine" semType="phsu, orch"/><RxNorm RxCui="9068"/></Normalization></entity><entity charOffset="39:70" id="Dailymed.11d14362-8f69-4c30-b487-5d05f6462bd7.s.25.e.3" text="Drugs that alkalinize the urine" type="Drug_Class"><Normalization><mmtx cui="C0013227" phraseText="Drugs" preferredWord="Pharmaceutical Preparations" semType="phsu"/><RxNorm RxCui="NA"/></Normalization></entity><entity charOffset="72:101" id="Dailymed.11d14362-8f69-4c30-b487-5d05f6462bd7.s.25.e.5" text="carbonic anhydrase inhibitors" type="Drug_Class"><Normalization><mmtx cui="C0007036" phraseText="(carbonic anhydrase inhibitors," preferredWord="Carbonic Anhydrase Inhibitors" semType="phsu"/><RxNorm RxCui="2044"/></Normalization></entity><entity charOffset="103:121" id="Dailymed.11d14362-8f69-4c30-b487-5d05f6462bd7.s.25.e.7" text="sodium bicarbonate" type="Drug"><Normalization><mmtx cui="C0074722" phraseText="sodium bicarbonate," preferredWord="Sodium Bicarbonate" semType="phsu, orch"/><RxNorm RxCui="9853"/></Normalization></entity><entity charOffset="123:141" id="Dailymed.11d14362-8f69-4c30-b487-5d05f6462bd7.s.25.e.9" text="thiazide diuretics" type="Drug_Class"><Normalization><mmtx cui="C0012802" phraseText="thiazide diuretics" preferredWord="Thiazide Diuretics" semType="phsu, orch"/><RxNorm RxCui="141801"/></Normalization></entity><classClassMembership drugClass="Dailymed.11d14362-8f69-4c30-b487-5d05f6462bd7.s.25.e.5"/><drugClassMembership drug="Dailymed.11d14362-8f69-4c30-b487-5d05f6462bd7.s.25.e.7" drugClass="Dailymed.11d14362-8f69-4c30-b487-5d05f6462bd7.s.25.e.3"/><classClassMembership drugClass="Dailymed.11d14362-8f69-4c30-b487-5d05f6462bd7.s.25.e.9"/><drugInteraction id="Dailymed.11d14362-8f69-4c30-b487-5d05f6462bd7.s.25.ddi.1"><interaction trigger="Dailymed.11d14362-8f69-4c30-b487-5d05f6462bd7.s.25.e.1"><relations><relation type="hasObject"><entity id="Dailymed.11d14362-8f69-4c30-b487-5d05f6462bd7.s.25.e.2"/></relation><relation type="hasPrecipitant"><entity id="Dailymed.11d14362-8f69-4c30-b487-5d05f6462bd7.s.25.e.3"/></relation></relations></interaction></drugInteraction><pair ddi="true" e1="Dailymed.11d14362-8f69-4c30-b487-5d05f6462bd7.s.25.e.3" e2="Dailymed.11d14362-8f69-4c30-b487-5d05f6462bd7.s.25.e.2" trigger="Dailymed.11d14362-8f69-4c30-b487-5d05f6462bd7.s.25.e.1" type="Increase_Interaction"/></sentence><sentence biomedicalEntities="3" id="Dailymed.11d14362-8f69-4c30-b487-5d05f6462bd7.s.26" lineNumber="33" text="By pharmacokinetic mechanisms that are not well understood, quinidine levels are increased by coadministration of amiodarone or cimetidine. " type="regular"><entity charOffset="70:90" id="Dailymed.11d14362-8f69-4c30-b487-5d05f6462bd7.s.26.e.1" text="levels are increased" type="Increase_Interaction"/><entity charOffset="114:124" id="Dailymed.11d14362-8f69-4c30-b487-5d05f6462bd7.s.26.e.2" text="amiodarone" type="Drug"><Normalization><mmtx cui="C0002598" phraseText="increased by coadministration of amiodarone" preferredWord="Amiodarone" semType="phsu, orch"/><RxNorm RxCui="203114"/></Normalization></entity><entity charOffset="128:138" id="Dailymed.11d14362-8f69-4c30-b487-5d05f6462bd7.s.26.e.3" text="cimetidine" type="Drug"><Normalization><mmtx cui="C0008783" phraseText="cimetidine." preferredWord="Cimetidine" semType="phsu, orch"/><RxNorm RxCui="2541"/></Normalization></entity><entity charOffset="60:69" id="Dailymed.11d14362-8f69-4c30-b487-5d05f6462bd7.s.26.e.4" text="quinidine" type="Drug"><Normalization><mmtx cui="C0034414" phraseText="not well understood, quinidine levels" preferredWord="Quinidine" semType="phsu, orch"/><RxNorm RxCui="9068"/></Normalization></entity><drugInteraction id="Dailymed.11d14362-8f69-4c30-b487-5d05f6462bd7.s.26.ddi.1"><interaction trigger="Dailymed.11d14362-8f69-4c30-b487-5d05f6462bd7.s.26.e.1"><relations><relation type="hasPrecipitant"><entity id="Dailymed.11d14362-8f69-4c30-b487-5d05f6462bd7.s.26.e.2"/></relation><relation type="hasPrecipitant"><entity id="Dailymed.11d14362-8f69-4c30-b487-5d05f6462bd7.s.26.e.3"/></relation><relation type="hasObject"><entity id="Dailymed.11d14362-8f69-4c30-b487-5d05f6462bd7.s.26.e.4"/></relation></relations></interaction></drugInteraction><pair ddi="true" e1="Dailymed.11d14362-8f69-4c30-b487-5d05f6462bd7.s.26.e.4" e2="Dailymed.11d14362-8f69-4c30-b487-5d05f6462bd7.s.26.e.2" trigger="Dailymed.11d14362-8f69-4c30-b487-5d05f6462bd7.s.26.e.1" type="Increase_Interaction"/><pair ddi="true" e1="Dailymed.11d14362-8f69-4c30-b487-5d05f6462bd7.s.26.e.4" e2="Dailymed.11d14362-8f69-4c30-b487-5d05f6462bd7.s.26.e.3" trigger="Dailymed.11d14362-8f69-4c30-b487-5d05f6462bd7.s.26.e.1" type="Increase_Interaction"/><pair ddi="false" e1="Dailymed.11d14362-8f69-4c30-b487-5d05f6462bd7.s.26.e.2" e2="Dailymed.11d14362-8f69-4c30-b487-5d05f6462bd7.s.26.e.3"/></sentence><sentence biomedicalEntities="2" id="Dailymed.11d14362-8f69-4c30-b487-5d05f6462bd7.s.27" lineNumber="33" text="Very rarely, and again by mechanisms not understood, quinidine levels are decreased by coadministration of nifedipine." type="regular"><entity charOffset="63:83" id="Dailymed.11d14362-8f69-4c30-b487-5d05f6462bd7.s.27.e.1" text="levels are decreased" type="Decrease_Interaction"/><entity charOffset="53:62" id="Dailymed.11d14362-8f69-4c30-b487-5d05f6462bd7.s.27.e.2" text="quinidine" type="Drug"><Normalization><mmtx cui="C0034414" phraseText="quinidine levels" preferredWord="Quinidine" semType="phsu, orch"/><RxNorm RxCui="9068"/></Normalization></entity><entity charOffset="107:117" id="Dailymed.11d14362-8f69-4c30-b487-5d05f6462bd7.s.27.e.3" text="nifedipine" type="Drug"><Normalization><mmtx cui="C0028066" phraseText="decreased by coadministration of nifedipine." preferredWord="Nifedipine" semType="phsu, orch"/><RxNorm RxCui="7417"/></Normalization></entity><drugInteraction id="Dailymed.11d14362-8f69-4c30-b487-5d05f6462bd7.s.27.ddi.1"><interaction trigger="Dailymed.11d14362-8f69-4c30-b487-5d05f6462bd7.s.27.e.1"><relations><relation type="hasObject"><entity id="Dailymed.11d14362-8f69-4c30-b487-5d05f6462bd7.s.27.e.2"/></relation><relation type="hasPrecipitant"><entity id="Dailymed.11d14362-8f69-4c30-b487-5d05f6462bd7.s.27.e.3"/></relation></relations></interaction></drugInteraction><pair ddi="true" e1="Dailymed.11d14362-8f69-4c30-b487-5d05f6462bd7.s.27.e.2" e2="Dailymed.11d14362-8f69-4c30-b487-5d05f6462bd7.s.27.e.3" trigger="Dailymed.11d14362-8f69-4c30-b487-5d05f6462bd7.s.27.e.1" type="Decrease_Interaction"/></sentence><sentence biomedicalEntities="5" id="Dailymed.11d14362-8f69-4c30-b487-5d05f6462bd7.s.28" lineNumber="34" text="Hepatic elimination of quinidine may be accelerated by coadministration of drugs (phenobarbital, phenytoin, rifampin ) that induce production of cytochrome P450IIIA4." type="regular"><entity charOffset="0:19|40:51" id="Dailymed.11d14362-8f69-4c30-b487-5d05f6462bd7.s.28.e.1" text="Hepatic elimination accelerated" type="Decrease_Interaction"/><entity charOffset="23:32" id="Dailymed.11d14362-8f69-4c30-b487-5d05f6462bd7.s.28.e.2" text="quinidine" type="Drug"><Normalization><mmtx cui="C0034414" phraseText="Hepatic elimination of quinidine" preferredWord="Quinidine" semType="phsu, orch"/><RxNorm RxCui="9068"/></Normalization></entity><entity charOffset="75:80|119:165" id="Dailymed.11d14362-8f69-4c30-b487-5d05f6462bd7.s.28.e.3" text="drugs that induce production of cytochrome P450IIIA4" type="Drug_Class"><Normalization><mmtx cui="C0013227" phraseText="accelerated by coadministration of drugs" preferredWord="Pharmaceutical Preparations" semType="phsu"/><mmtx cui="C0031412" phraseText="(phenobarbital," preferredWord="Phenobarbital" semType="phsu, orch"/><mmtx cui="C0031507" phraseText="phenytoin," preferredWord="Phenytoin" semType="phsu, orch"/><mmtx cui="C0035608" phraseText="rifampin" preferredWord="Rifampin" semType="orch, antb"/><RxNorm RxCui="NA"/></Normalization></entity><entity charOffset="82:95" id="Dailymed.11d14362-8f69-4c30-b487-5d05f6462bd7.s.28.e.5" text="phenobarbital" type="Drug"><Normalization><mmtx cui="C0031412" phraseText="(phenobarbital," preferredWord="Phenobarbital" semType="phsu, orch"/><RxNorm RxCui="8134"/></Normalization></entity><entity charOffset="97:106" id="Dailymed.11d14362-8f69-4c30-b487-5d05f6462bd7.s.28.e.7" text="phenytoin" type="Drug"><Normalization><mmtx cui="C0031507" phraseText="phenytoin," preferredWord="Phenytoin" semType="phsu, orch"/><RxNorm RxCui="8183"/></Normalization></entity><entity charOffset="108:116" id="Dailymed.11d14362-8f69-4c30-b487-5d05f6462bd7.s.28.e.9" text="rifampin" type="Drug"><Normalization><mmtx cui="C0035608" phraseText="rifampin" preferredWord="Rifampin" semType="orch, antb"/><RxNorm RxCui="9384"/></Normalization></entity><drugClassMembership drug="Dailymed.11d14362-8f69-4c30-b487-5d05f6462bd7.s.28.e.5" drugClass="Dailymed.11d14362-8f69-4c30-b487-5d05f6462bd7.s.28.e.3"/><drugClassMembership drug="Dailymed.11d14362-8f69-4c30-b487-5d05f6462bd7.s.28.e.7" drugClass="Dailymed.11d14362-8f69-4c30-b487-5d05f6462bd7.s.28.e.3"/><drugClassMembership drug="Dailymed.11d14362-8f69-4c30-b487-5d05f6462bd7.s.28.e.9" drugClass="Dailymed.11d14362-8f69-4c30-b487-5d05f6462bd7.s.28.e.3"/><drugInteraction id="Dailymed.11d14362-8f69-4c30-b487-5d05f6462bd7.s.28.ddi.1"><interaction trigger="Dailymed.11d14362-8f69-4c30-b487-5d05f6462bd7.s.28.e.1"><relations><relation type="hasObject"><entity id="Dailymed.11d14362-8f69-4c30-b487-5d05f6462bd7.s.28.e.2"/></relation><relation type="hasPrecipitant"><entity id="Dailymed.11d14362-8f69-4c30-b487-5d05f6462bd7.s.28.e.3"/></relation></relations></interaction></drugInteraction><pair ddi="true" e1="Dailymed.11d14362-8f69-4c30-b487-5d05f6462bd7.s.28.e.2" e2="Dailymed.11d14362-8f69-4c30-b487-5d05f6462bd7.s.28.e.3" trigger="Dailymed.11d14362-8f69-4c30-b487-5d05f6462bd7.s.28.e.1" type="Decrease_Interaction"/></sentence><sentence biomedicalEntities="2" id="Dailymed.11d14362-8f69-4c30-b487-5d05f6462bd7.s.29" lineNumber="35" text="Perhaps because of competition of the P450IIIA4 metabolic pathway, quinidine levels rise when ketaconazole is coadministered." type="regular"><entity charOffset="77:88" id="Dailymed.11d14362-8f69-4c30-b487-5d05f6462bd7.s.29.e.1" text="levels rise" type="Increase_Interaction"/><entity charOffset="67:76" id="Dailymed.11d14362-8f69-4c30-b487-5d05f6462bd7.s.29.e.2" text="quinidine" type="Drug"><Normalization><mmtx cui="C0034414" phraseText="quinidine levels" preferredWord="Quinidine" semType="phsu, orch"/><RxNorm RxCui="9068"/></Normalization></entity><entity charOffset="94:106" id="Dailymed.11d14362-8f69-4c30-b487-5d05f6462bd7.s.29.e.3" text="ketaconazole" type="Drug"><Normalization><mmtx cui="C0022625" phraseText="ketaconazole" preferredWord="Ketoconazole" semType="phsu, orch"/><RxNorm RxCui="6135"/></Normalization></entity><drugInteraction id="Dailymed.11d14362-8f69-4c30-b487-5d05f6462bd7.s.29.ddi.1"><interaction trigger="Dailymed.11d14362-8f69-4c30-b487-5d05f6462bd7.s.29.e.1"><relations><relation type="hasObject"><entity id="Dailymed.11d14362-8f69-4c30-b487-5d05f6462bd7.s.29.e.2"/></relation><relation type="hasPrecipitant"><entity id="Dailymed.11d14362-8f69-4c30-b487-5d05f6462bd7.s.29.e.3"/></relation></relations></interaction></drugInteraction><pair ddi="true" e1="Dailymed.11d14362-8f69-4c30-b487-5d05f6462bd7.s.29.e.2" e2="Dailymed.11d14362-8f69-4c30-b487-5d05f6462bd7.s.29.e.3" trigger="Dailymed.11d14362-8f69-4c30-b487-5d05f6462bd7.s.29.e.1" type="Increase_Interaction"/></sentence><sentence biomedicalEntities="4" id="Dailymed.11d14362-8f69-4c30-b487-5d05f6462bd7.s.30" lineNumber="36" text="Coadministration of propranolol usually does not affect quinidine pharmacokinetics, but in some studies, the blocker appeared to cause increases in the peak serum levels of quinidine, decreases in quinidine's volume of distribution and decreases in total quinidine clearance. " type="regular"><anaphoraRelation><anaphoraEntity charOffset="105:116" id="Dailymed.11d14362-8f69-4c30-b487-5d05f6462bd7.s.30.e.2" text="the blocker" type="Expression"/><antecedentEntity charOffset="20-31" id="Dailymed.11d14362-8f69-4c30-b487-5d05f6462bd7.s.30.e.5" text="propranolol" type="Drug"/></anaphoraRelation><entity charOffset="135:169" id="Dailymed.11d14362-8f69-4c30-b487-5d05f6462bd7.s.30.e.1" text="increases in the peak serum levels" type="Increase_Interaction"/><entity charOffset="173:182" id="Dailymed.11d14362-8f69-4c30-b487-5d05f6462bd7.s.30.e.3" text="quinidine" type="Drug"><Normalization><mmtx cui="C0034414" phraseText="increases in the peak serum levels of quinidine," preferredWord="Quinidine" semType="phsu, orch"/><mmtx cui="C0034414" phraseText="increases in the peak serum levels of quinidine," preferredWord="Quinidine" semType="phsu, orch"/><RxNorm RxCui="9068"/></Normalization></entity><entity charOffset="20:31" id="Dailymed.11d14362-8f69-4c30-b487-5d05f6462bd7.s.30.e.5" text="propranolol" type="Drug"><Normalization><mmtx cui="C0033497" phraseText="Coadministration of propranolol usually" preferredWord="Propranolol" semType="phsu, orch"/><RxNorm RxCui="82084"/></Normalization></entity><entity charOffset="184:196|209:231" id="Dailymed.11d14362-8f69-4c30-b487-5d05f6462bd7.s.30.e.7" text="decreases in volume of distribution" type="Increase_Interaction"/><entity charOffset="197:206" id="Dailymed.11d14362-8f69-4c30-b487-5d05f6462bd7.s.30.e.8" text="quinidine" type="Drug"><Normalization><mmtx cui="C0034414" phraseText="decreases in quinidine's volume of distribution" preferredWord="Quinidine" semType="phsu, orch"/><RxNorm RxCui="9068"/></Normalization></entity><entity charOffset="236:254|265:274" id="Dailymed.11d14362-8f69-4c30-b487-5d05f6462bd7.s.30.e.10" text="decreases in total clearance" type="Increase_Interaction"/><entity charOffset="255:264" id="Dailymed.11d14362-8f69-4c30-b487-5d05f6462bd7.s.30.e.11" text="quinidine" type="Drug"><Normalization><mmtx cui="C0034414" phraseText="decreases in total quinidine clearance." preferredWord="Quinidine" semType="phsu, orch"/><RxNorm RxCui="9068"/></Normalization></entity><drugInteraction id="Dailymed.11d14362-8f69-4c30-b487-5d05f6462bd7.s.30.ddi.1"><interaction trigger="Dailymed.11d14362-8f69-4c30-b487-5d05f6462bd7.s.30.e.1"><relations><relation type="hasPrecipitant"><entity id="Dailymed.11d14362-8f69-4c30-b487-5d05f6462bd7.s.30.e.2"/></relation><relation type="hasObject"><entity id="Dailymed.11d14362-8f69-4c30-b487-5d05f6462bd7.s.30.e.3"/></relation></relations></interaction></drugInteraction><drugInteraction id="Dailymed.11d14362-8f69-4c30-b487-5d05f6462bd7.s.30.ddi.2"><interaction trigger="Dailymed.11d14362-8f69-4c30-b487-5d05f6462bd7.s.30.e.7"><relations><relation type="hasObject"><entity id="Dailymed.11d14362-8f69-4c30-b487-5d05f6462bd7.s.30.e.8"/></relation><relation type="hasPrecipitant"><entity id="Dailymed.11d14362-8f69-4c30-b487-5d05f6462bd7.s.30.e.2"/></relation></relations></interaction></drugInteraction><drugInteraction id="Dailymed.11d14362-8f69-4c30-b487-5d05f6462bd7.s.30.ddi.3"><interaction trigger="Dailymed.11d14362-8f69-4c30-b487-5d05f6462bd7.s.30.e.10"><relations><relation type="hasPrecipitant"><entity id="Dailymed.11d14362-8f69-4c30-b487-5d05f6462bd7.s.30.e.2"/></relation><relation type="hasObject"><entity id="Dailymed.11d14362-8f69-4c30-b487-5d05f6462bd7.s.30.e.11"/></relation></relations></interaction></drugInteraction><pair ddi="true" e1="Dailymed.11d14362-8f69-4c30-b487-5d05f6462bd7.s.30.e.2" e2="Dailymed.11d14362-8f69-4c30-b487-5d05f6462bd7.s.30.e.3" trigger="Dailymed.11d14362-8f69-4c30-b487-5d05f6462bd7.s.30.e.1" type="Increase_Interaction"/><pair ddi="true" e1="Dailymed.11d14362-8f69-4c30-b487-5d05f6462bd7.s.30.e.2" e2="Dailymed.11d14362-8f69-4c30-b487-5d05f6462bd7.s.30.e.8" trigger="Dailymed.11d14362-8f69-4c30-b487-5d05f6462bd7.s.30.e.7" type="Increase_Interaction"/><pair ddi="true" e1="Dailymed.11d14362-8f69-4c30-b487-5d05f6462bd7.s.30.e.2" e2="Dailymed.11d14362-8f69-4c30-b487-5d05f6462bd7.s.30.e.11" trigger="Dailymed.11d14362-8f69-4c30-b487-5d05f6462bd7.s.30.e.10" type="Increase_Interaction"/></sentence><sentence biomedicalEntities="2" id="Dailymed.11d14362-8f69-4c30-b487-5d05f6462bd7.s.32" lineNumber="37" text="Hepatic clearance of quinidine is significantly reduced during coadministration of verapamil, with corresponding increases in serum levels and half life." type="regular"><entity charOffset="0:17|48:55" id="Dailymed.11d14362-8f69-4c30-b487-5d05f6462bd7.s.32.e.1" text="Hepatic clearance reduced" type="Increase_Interaction"/><entity charOffset="21:30" id="Dailymed.11d14362-8f69-4c30-b487-5d05f6462bd7.s.32.e.2" text="quinidine" type="Drug"><Normalization><mmtx cui="C0034414" phraseText="Hepatic clearance of quinidine" preferredWord="Quinidine" semType="phsu, orch"/><RxNorm RxCui="9068"/></Normalization></entity><entity charOffset="83:92" id="Dailymed.11d14362-8f69-4c30-b487-5d05f6462bd7.s.32.e.3" text="verapamil" type="Drug"><Normalization><mmtx cui="C0042523" phraseText="reduced during coadministration of verapamil," preferredWord="Verapamil" semType="phsu, orch"/><RxNorm RxCui="11170"/></Normalization></entity><entity charOffset="113:138" id="Dailymed.11d14362-8f69-4c30-b487-5d05f6462bd7.s.32.e.5" text="increases in serum levels" type="Increase_Interaction"/><entity charOffset="113:125|143:152" id="Dailymed.11d14362-8f69-4c30-b487-5d05f6462bd7.s.32.e.7" text="increases in half life" type="Increase_Interaction"/><drugInteraction id="Dailymed.11d14362-8f69-4c30-b487-5d05f6462bd7.s.32.ddi.1"><interaction trigger="Dailymed.11d14362-8f69-4c30-b487-5d05f6462bd7.s.32.e.1"><relations><relation type="hasObject"><entity id="Dailymed.11d14362-8f69-4c30-b487-5d05f6462bd7.s.32.e.2"/></relation><relation type="hasPrecipitant"><entity id="Dailymed.11d14362-8f69-4c30-b487-5d05f6462bd7.s.32.e.3"/></relation></relations></interaction></drugInteraction><drugInteraction id="Dailymed.11d14362-8f69-4c30-b487-5d05f6462bd7.s.32.ddi.2"><interaction trigger="Dailymed.11d14362-8f69-4c30-b487-5d05f6462bd7.s.32.e.5"><relations><relation type="hasObject"><entity id="Dailymed.11d14362-8f69-4c30-b487-5d05f6462bd7.s.32.e.2"/></relation><relation type="hasPrecipitant"><entity id="Dailymed.11d14362-8f69-4c30-b487-5d05f6462bd7.s.32.e.3"/></relation></relations></interaction></drugInteraction><drugInteraction id="Dailymed.11d14362-8f69-4c30-b487-5d05f6462bd7.s.32.ddi.3"><interaction trigger="Dailymed.11d14362-8f69-4c30-b487-5d05f6462bd7.s.32.e.7"><relations><relation type="hasObject"><entity id="Dailymed.11d14362-8f69-4c30-b487-5d05f6462bd7.s.32.e.2"/></relation><relation type="hasPrecipitant"><entity id="Dailymed.11d14362-8f69-4c30-b487-5d05f6462bd7.s.32.e.3"/></relation></relations></interaction></drugInteraction><pair ddi="true" e1="Dailymed.11d14362-8f69-4c30-b487-5d05f6462bd7.s.32.e.2" e2="Dailymed.11d14362-8f69-4c30-b487-5d05f6462bd7.s.32.e.3" trigger="Dailymed.11d14362-8f69-4c30-b487-5d05f6462bd7.s.32.e.1" type="Increase_Interaction"/></sentence><sentence biomedicalEntities="3" id="Dailymed.11d14362-8f69-4c30-b487-5d05f6462bd7.s.33" lineNumber="38" text="Altered pharmacokinetics of other drugs: Quinidine slows the elimination of digoxin and simultaneously reduces digoxin's apparent volume of distribution. " type="regular"><entity charOffset="51:72" id="Dailymed.11d14362-8f69-4c30-b487-5d05f6462bd7.s.33.e.1" text="slows the elimination" type="Increase_Interaction"/><entity charOffset="41:50" id="Dailymed.11d14362-8f69-4c30-b487-5d05f6462bd7.s.33.e.2" text="Quinidine" type="Drug"><Normalization><mmtx cui="C0034414" phraseText="Quinidine" preferredWord="Quinidine" semType="phsu, orch"/><RxNorm RxCui="9068"/></Normalization></entity><entity charOffset="76:83" id="Dailymed.11d14362-8f69-4c30-b487-5d05f6462bd7.s.33.e.3" text="digoxin" type="Drug"><Normalization><mmtx cui="C0012265" phraseText="the elimination of digoxin" preferredWord="Digoxin" semType="strd, phsu, carb"/><RxNorm RxCui="3407"/></Normalization></entity><entity charOffset="103:110|130:152" id="Dailymed.11d14362-8f69-4c30-b487-5d05f6462bd7.s.33.e.5" text="reduces volume of distribution" type="Increase_Interaction"/><entity charOffset="111:118" id="Dailymed.11d14362-8f69-4c30-b487-5d05f6462bd7.s.33.e.6" text="digoxin" type="Drug"><Normalization><mmtx cui="C0012265" phraseText="digoxin's apparent volume of distribution." preferredWord="Digoxin" semType="strd, phsu, carb"/><RxNorm RxCui="3407"/></Normalization></entity><drugInteraction id="Dailymed.11d14362-8f69-4c30-b487-5d05f6462bd7.s.33.ddi.1"><interaction trigger="Dailymed.11d14362-8f69-4c30-b487-5d05f6462bd7.s.33.e.1"><relations><relation type="hasObject"><entity id="Dailymed.11d14362-8f69-4c30-b487-5d05f6462bd7.s.33.e.3"/></relation><relation type="hasPrecipitant"><entity id="Dailymed.11d14362-8f69-4c30-b487-5d05f6462bd7.s.33.e.2"/></relation></relations></interaction></drugInteraction><drugInteraction id="Dailymed.11d14362-8f69-4c30-b487-5d05f6462bd7.s.33.ddi.2"><interaction trigger="Dailymed.11d14362-8f69-4c30-b487-5d05f6462bd7.s.33.e.5"><relations><relation type="hasObject"><entity id="Dailymed.11d14362-8f69-4c30-b487-5d05f6462bd7.s.33.e.6"/></relation><relation type="hasPrecipitant"><entity id="Dailymed.11d14362-8f69-4c30-b487-5d05f6462bd7.s.33.e.2"/></relation></relations></interaction></drugInteraction><pair ddi="true" e1="Dailymed.11d14362-8f69-4c30-b487-5d05f6462bd7.s.33.e.2" e2="Dailymed.11d14362-8f69-4c30-b487-5d05f6462bd7.s.33.e.3" trigger="Dailymed.11d14362-8f69-4c30-b487-5d05f6462bd7.s.33.e.1" type="Increase_Interaction"/><pair ddi="true" e1="Dailymed.11d14362-8f69-4c30-b487-5d05f6462bd7.s.33.e.2" e2="Dailymed.11d14362-8f69-4c30-b487-5d05f6462bd7.s.33.e.6" trigger="Dailymed.11d14362-8f69-4c30-b487-5d05f6462bd7.s.33.e.5" type="Increase_Interaction"/></sentence><sentence biomedicalEntities="1" id="Dailymed.11d14362-8f69-4c30-b487-5d05f6462bd7.s.34" lineNumber="38" text="As a result, serum digoxin levels may be as much as doubled. " type="irregular"><entity charOffset="13:18|27:59" id="Dailymed.11d14362-8f69-4c30-b487-5d05f6462bd7.s.34.e.1" text="serum levels may be as much as doubled" type="Increase_Interaction"/><entity charOffset="19:26" id="Dailymed.11d14362-8f69-4c30-b487-5d05f6462bd7.s.34.e.2" text="digoxin" type="Drug"><Normalization><mmtx cui="C0012265" phraseText="serum digoxin levels" preferredWord="Digoxin" semType="strd, phsu, carb"/><mmtx cui="C0012265" phraseText="serum digoxin levels" preferredWord="Digoxin" semType="strd, phsu, carb"/><RxNorm RxCui="3407"/></Normalization></entity><drugInteraction id="Dailymed.11d14362-8f69-4c30-b487-5d05f6462bd7.s.34.ddi.1"><interaction trigger="Dailymed.11d14362-8f69-4c30-b487-5d05f6462bd7.s.34.e.1"><relations><relation type="hasObject"><entity id="Dailymed.11d14362-8f69-4c30-b487-5d05f6462bd7.s.34.e.2"/></relation><relation type="hasPrecipitant"><ellipsisSentence id="Dailymed.11d14362-8f69-4c30-b487-5d05f6462bd7.s.33" text="Altered pharmacokinetics of other drugs: Quinidine slows the elimination of digoxin and simultaneously reduces digoxin's apparent volume of distribution. "><entity id="Dailymed.11d14362-8f69-4c30-b487-5d05f6462bd7.s.33.e.2"/></ellipsisSentence></relation></relations></interaction></drugInteraction></sentence><sentence biomedicalEntities="2" id="Dailymed.11d14362-8f69-4c30-b487-5d05f6462bd7.s.35" lineNumber="38" text="When quinidine and digoxin are coadministered, digoxin doses usually need to be reduced. " type="regular"><entity charOffset="55:87" id="Dailymed.11d14362-8f69-4c30-b487-5d05f6462bd7.s.35.e.1" text="doses usually need to be reduced" type="Increase_Interaction"/><entity charOffset="5:14" id="Dailymed.11d14362-8f69-4c30-b487-5d05f6462bd7.s.35.e.2" text="quinidine" type="Drug"><Normalization><mmtx cui="C0034414" phraseText="quinidine" preferredWord="Quinidine" semType="phsu, orch"/><RxNorm RxCui="9068"/></Normalization></entity><entity charOffset="19:26" id="Dailymed.11d14362-8f69-4c30-b487-5d05f6462bd7.s.35.e.3" text="digoxin" type="Drug"><Normalization><mmtx cui="C0012265" phraseText="digoxin" preferredWord="Digoxin" semType="strd, phsu, carb"/><RxNorm RxCui="3407"/></Normalization></entity><drugInteraction id="Dailymed.11d14362-8f69-4c30-b487-5d05f6462bd7.s.35.ddi.1"><interaction trigger="Dailymed.11d14362-8f69-4c30-b487-5d05f6462bd7.s.35.e.1"><relations><relation type="hasObject"><entity id="Dailymed.11d14362-8f69-4c30-b487-5d05f6462bd7.s.35.e.3"/></relation><relation type="hasPrecipitant"><entity id="Dailymed.11d14362-8f69-4c30-b487-5d05f6462bd7.s.35.e.2"/></relation></relations></interaction></drugInteraction><pair ddi="true" e1="Dailymed.11d14362-8f69-4c30-b487-5d05f6462bd7.s.35.e.2" e2="Dailymed.11d14362-8f69-4c30-b487-5d05f6462bd7.s.35.e.3" trigger="Dailymed.11d14362-8f69-4c30-b487-5d05f6462bd7.s.35.e.1" type="Increase_Interaction"/></sentence><sentence biomedicalEntities="2" id="Dailymed.11d14362-8f69-4c30-b487-5d05f6462bd7.s.36" lineNumber="38" text="Serum levels of digitoxin are also raised when quinidine is coadministered, although the effect appears to be smaller." type="regular"><entity charOffset="0:12|35:41" id="Dailymed.11d14362-8f69-4c30-b487-5d05f6462bd7.s.36.e.1" text="Serum levels raised" type="Increase_Interaction"/><entity charOffset="47:56" id="Dailymed.11d14362-8f69-4c30-b487-5d05f6462bd7.s.36.e.2" text="quinidine" type="Drug"><Normalization><mmtx cui="C0034414" phraseText="quinidine" preferredWord="Quinidine" semType="phsu, orch"/><RxNorm RxCui="9068"/></Normalization></entity><entity charOffset="16:25" id="Dailymed.11d14362-8f69-4c30-b487-5d05f6462bd7.s.36.e.3" text="digitoxin" type="Drug"><Normalization><mmtx cui="C0012258" phraseText="Serum levels of digitoxin" preferredWord="Digitoxin" semType="strd, phsu, carb"/><mmtx cui="C0012258" phraseText="Serum levels of digitoxin" preferredWord="Digitoxin" semType="strd, phsu, carb"/><RxNorm RxCui="3403"/></Normalization></entity><drugInteraction id="Dailymed.11d14362-8f69-4c30-b487-5d05f6462bd7.s.36.ddi.1"><interaction trigger="Dailymed.11d14362-8f69-4c30-b487-5d05f6462bd7.s.36.e.1"><relations><relation type="hasPrecipitant"><entity id="Dailymed.11d14362-8f69-4c30-b487-5d05f6462bd7.s.36.e.2"/></relation><relation type="hasObject"><entity id="Dailymed.11d14362-8f69-4c30-b487-5d05f6462bd7.s.36.e.3"/></relation></relations></interaction></drugInteraction><pair ddi="true" e1="Dailymed.11d14362-8f69-4c30-b487-5d05f6462bd7.s.36.e.3" e2="Dailymed.11d14362-8f69-4c30-b487-5d05f6462bd7.s.36.e.2" trigger="Dailymed.11d14362-8f69-4c30-b487-5d05f6462bd7.s.36.e.1" type="Increase_Interaction"/></sentence><sentence biomedicalEntities="2" id="Dailymed.11d14362-8f69-4c30-b487-5d05f6462bd7.s.37" lineNumber="39" text="By a mechanism that is not understood, quinidine potentiates the anticoagulatory action of warfarin, and the anticoagulant dosage may need to be reduced." type="regular"><anaphoraRelation><anaphoraEntity charOffset="109:122" id="Dailymed.11d14362-8f69-4c30-b487-5d05f6462bd7.s.37.e.5" text="anticoagulant" type="Expression"/><antecedentEntity charOffset="91-99" id="Dailymed.11d14362-8f69-4c30-b487-5d05f6462bd7.s.37.e.3" text="warfarin" type="Drug"/></anaphoraRelation><entity charOffset="49:87" id="Dailymed.11d14362-8f69-4c30-b487-5d05f6462bd7.s.37.e.1" text="potentiates the anticoagulatory action" type="Specific_Interaction"/><entity charOffset="39:48" id="Dailymed.11d14362-8f69-4c30-b487-5d05f6462bd7.s.37.e.2" text="quinidine" type="Drug"><Normalization><mmtx cui="C0034414" phraseText="quinidine" preferredWord="Quinidine" semType="phsu, orch"/><RxNorm RxCui="9068"/></Normalization></entity><entity charOffset="91:99" id="Dailymed.11d14362-8f69-4c30-b487-5d05f6462bd7.s.37.e.3" text="warfarin" type="Drug"><Normalization><mmtx cui="C0043031" phraseText="the anticoagulatory action of warfarin," preferredWord="Warfarin" semType="phsu, orch, hops"/><RxNorm RxCui="11289"/></Normalization></entity><entity charOffset="123:152" id="Dailymed.11d14362-8f69-4c30-b487-5d05f6462bd7.s.37.e.7" text="dosage may need to be reduced" type="Increase_Interaction"/><drugInteraction id="Dailymed.11d14362-8f69-4c30-b487-5d05f6462bd7.s.37.ddi.1"><interaction trigger="Dailymed.11d14362-8f69-4c30-b487-5d05f6462bd7.s.37.e.1"><relations><relation type="hasPrecipitant"><entity id="Dailymed.11d14362-8f69-4c30-b487-5d05f6462bd7.s.37.e.2"/></relation><relation type="hasObject"><entity id="Dailymed.11d14362-8f69-4c30-b487-5d05f6462bd7.s.37.e.3"/></relation></relations></interaction></drugInteraction><drugInteraction id="Dailymed.11d14362-8f69-4c30-b487-5d05f6462bd7.s.37.ddi.2"><interaction trigger="Dailymed.11d14362-8f69-4c30-b487-5d05f6462bd7.s.37.e.7"><relations><relation type="hasPrecipitant"><entity id="Dailymed.11d14362-8f69-4c30-b487-5d05f6462bd7.s.37.e.2"/></relation><relation type="hasObject"><entity id="Dailymed.11d14362-8f69-4c30-b487-5d05f6462bd7.s.37.e.5"/></relation></relations></interaction></drugInteraction><pair ddi="true" e1="Dailymed.11d14362-8f69-4c30-b487-5d05f6462bd7.s.37.e.2" e2="Dailymed.11d14362-8f69-4c30-b487-5d05f6462bd7.s.37.e.3" trigger="Dailymed.11d14362-8f69-4c30-b487-5d05f6462bd7.s.37.e.1" type="Specific_Interaction"/><pair ddi="true" e1="Dailymed.11d14362-8f69-4c30-b487-5d05f6462bd7.s.37.e.2" e2="Dailymed.11d14362-8f69-4c30-b487-5d05f6462bd7.s.37.e.5" trigger="Dailymed.11d14362-8f69-4c30-b487-5d05f6462bd7.s.37.e.7" type="Increase_Interaction"/></sentence><sentence id="Dailymed.11d14362-8f69-4c30-b487-5d05f6462bd7.s.38" text="Cytochrome P450IID6 is an enzyme critical to the metabolism of many drugs, notably including mexiletine, some phenothiazines, and most polycyclic antidepressants. " type="negative"><entity charOffset="110:124" id="Dailymed.11d14362-8f69-4c30-b487-5d05f6462bd7.s.38.e.0" text="phenothiazines" type="Biomedical_Entity"><Normalization><mmtx cui="C0031434" phraseText="some phenothiazines," preferredWord="phenothiazine" semType="phsu, orch"/><RxNorm RxCui="1437064"/></Normalization></entity><entity charOffset="146:161" id="Dailymed.11d14362-8f69-4c30-b487-5d05f6462bd7.s.38.e.1" text="antidepressants" type="Biomedical_Entity"><Normalization><mmtx cui="C0003289" phraseText="most polycyclic antidepressants." preferredWord="Antidepressive Agents" semType="phsu"/><RxNorm RxCui="927"/></Normalization></entity><entity charOffset="93:103" id="Dailymed.11d14362-8f69-4c30-b487-5d05f6462bd7.s.38.e.2" text="mexiletine" type="Biomedical_Entity"><Normalization><mmtx cui="C0025887" phraseText="mexiletine," preferredWord="Mexiletine" semType="phsu, orch"/><RxNorm RxCui="6926"/></Normalization></entity><pair ddi="false" e1="Dailymed.11d14362-8f69-4c30-b487-5d05f6462bd7.s.38.e.0" e2="Dailymed.11d14362-8f69-4c30-b487-5d05f6462bd7.s.38.e.1"/><pair ddi="false" e1="Dailymed.11d14362-8f69-4c30-b487-5d05f6462bd7.s.38.e.2" e2="Dailymed.11d14362-8f69-4c30-b487-5d05f6462bd7.s.38.e.0"/><pair ddi="false" e1="Dailymed.11d14362-8f69-4c30-b487-5d05f6462bd7.s.38.e.2" e2="Dailymed.11d14362-8f69-4c30-b487-5d05f6462bd7.s.38.e.1"/></sentence><sentence biomedicalEntities="5" id="Dailymed.11d14362-8f69-4c30-b487-5d05f6462bd7.s.43" lineNumber="41" text="In the cases of prodrugs whose actions are actually mediated by P450IID6 produced metabolites (for example, codeine and hydrocodone, whose analgesic and antitussive effects appear to be mediated by morphine and hydromorphone, respectively), it may not be possible to achieve the desired clinical benefits in poor metabolizers." type="regular"><entity charOffset="16:93" id="Dailymed.11d14362-8f69-4c30-b487-5d05f6462bd7.s.43.e.1" text="prodrugs whose actions are actually mediated by P450IID6 produced metabolites" type="Drug_Class"><Normalization><mmtx cui="C0127400" phraseText="mediated by P450IID6 produced metabolites" preferredWord="Mediator brand of benfluorex hydrochloride" semType="phsu, orch"/><RxNorm RxCui="992037"/></Normalization></entity><entity charOffset="108:115" id="Dailymed.11d14362-8f69-4c30-b487-5d05f6462bd7.s.43.e.2" text="codeine" type="Drug"><Normalization><mmtx cui="C0009214" phraseText="codeine" preferredWord="Codeine" semType="phsu, orch"/><RxNorm RxCui="235412"/></Normalization></entity><entity charOffset="120:131" id="Dailymed.11d14362-8f69-4c30-b487-5d05f6462bd7.s.43.e.4" text="hydrocodone" type="Drug"><Normalization><mmtx cui="C0020264" phraseText="hydrocodone," preferredWord="Hydrocodone" semType="phsu, orch"/><RxNorm RxCui="142439"/></Normalization></entity><entity charOffset="153:194" id="Dailymed.11d14362-8f69-4c30-b487-5d05f6462bd7.s.43.e.6" text="antitussive effects appear to be mediated" type="Specific_Interaction"/><entity charOffset="211:224" id="Dailymed.11d14362-8f69-4c30-b487-5d05f6462bd7.s.43.e.7" text="hydromorphone" type="Drug"><Normalization><mmtx cui="C0012306" phraseText="hydromorphone," preferredWord="Hydromorphone" semType="phsu, orch"/><RxNorm RxCui="3423"/></Normalization></entity><entity charOffset="198:206" id="Dailymed.11d14362-8f69-4c30-b487-5d05f6462bd7.s.43.e.8" text="morphine" type="Drug"><Normalization><mmtx cui="C0026549" phraseText="mediated by morphine" preferredWord="Morphine" semType="phsu, orch"/><RxNorm RxCui="235751"/></Normalization></entity><entity charOffset="139:148|165:194" id="Dailymed.11d14362-8f69-4c30-b487-5d05f6462bd7.s.43.e.10" text="analgesic effects appear to be mediated" type="Specific_Interaction"/><drugClassMembership drug="Dailymed.11d14362-8f69-4c30-b487-5d05f6462bd7.s.43.e.2" drugClass="Dailymed.11d14362-8f69-4c30-b487-5d05f6462bd7.s.43.e.1"/><drugClassMembership drug="Dailymed.11d14362-8f69-4c30-b487-5d05f6462bd7.s.43.e.4" drugClass="Dailymed.11d14362-8f69-4c30-b487-5d05f6462bd7.s.43.e.1"/><drugInteraction id="Dailymed.11d14362-8f69-4c30-b487-5d05f6462bd7.s.43.ddi.1"><interaction trigger="Dailymed.11d14362-8f69-4c30-b487-5d05f6462bd7.s.43.e.6"><relations><relation type="hasPrecipitant"><entity id="Dailymed.11d14362-8f69-4c30-b487-5d05f6462bd7.s.43.e.8"/></relation><relation type="hasPrecipitant"><entity id="Dailymed.11d14362-8f69-4c30-b487-5d05f6462bd7.s.43.e.7"/></relation><relation type="hasObject"><entity id="Dailymed.11d14362-8f69-4c30-b487-5d05f6462bd7.s.43.e.1"/></relation></relations></interaction></drugInteraction><drugInteraction id="Dailymed.11d14362-8f69-4c30-b487-5d05f6462bd7.s.43.ddi.2"><interaction trigger="Dailymed.11d14362-8f69-4c30-b487-5d05f6462bd7.s.43.e.10"><relations><relation type="hasPrecipitant"><entity id="Dailymed.11d14362-8f69-4c30-b487-5d05f6462bd7.s.43.e.8"/></relation><relation type="hasPrecipitant"><entity id="Dailymed.11d14362-8f69-4c30-b487-5d05f6462bd7.s.43.e.7"/></relation><relation type="hasObject"><entity id="Dailymed.11d14362-8f69-4c30-b487-5d05f6462bd7.s.43.e.1"/></relation></relations></interaction></drugInteraction><pair ddi="true" e1="Dailymed.11d14362-8f69-4c30-b487-5d05f6462bd7.s.43.e.1" e2="Dailymed.11d14362-8f69-4c30-b487-5d05f6462bd7.s.43.e.8" trigger="Dailymed.11d14362-8f69-4c30-b487-5d05f6462bd7.s.43.e.6" type="Specific_Interaction"/><pair ddi="true" e1="Dailymed.11d14362-8f69-4c30-b487-5d05f6462bd7.s.43.e.1" e2="Dailymed.11d14362-8f69-4c30-b487-5d05f6462bd7.s.43.e.7" trigger="Dailymed.11d14362-8f69-4c30-b487-5d05f6462bd7.s.43.e.6" type="Specific_Interaction"/><pair ddi="false" e1="Dailymed.11d14362-8f69-4c30-b487-5d05f6462bd7.s.43.e.8" e2="Dailymed.11d14362-8f69-4c30-b487-5d05f6462bd7.s.43.e.7"/></sentence><sentence biomedicalEntities="2" id="Dailymed.11d14362-8f69-4c30-b487-5d05f6462bd7.s.45" lineNumber="42" text="Caution must be exercised whenever quinidine is prescribed together with drugs metabolized by cytochrome P450IID6." type="regular"><entity charOffset="0:7" id="Dailymed.11d14362-8f69-4c30-b487-5d05f6462bd7.s.45.e.1" text="Caution" type="Caution_Interaction"/><entity charOffset="73:113" id="Dailymed.11d14362-8f69-4c30-b487-5d05f6462bd7.s.45.e.2" text="drugs metabolized by cytochrome P450IID6" type="Drug_Class"><Normalization><mmtx cui="C0013227" phraseText="prescribed together with drugs" preferredWord="Pharmaceutical Preparations" semType="phsu"/><RxNorm RxCui="NA"/></Normalization></entity><entity charOffset="35:44" id="Dailymed.11d14362-8f69-4c30-b487-5d05f6462bd7.s.45.e.3" text="quinidine" type="Drug"><Normalization><mmtx cui="C0034414" phraseText="quinidine" preferredWord="Quinidine" semType="phsu, orch"/><RxNorm RxCui="9068"/></Normalization></entity><drugInteraction id="Dailymed.11d14362-8f69-4c30-b487-5d05f6462bd7.s.45.ddi.1"><interaction trigger="Dailymed.11d14362-8f69-4c30-b487-5d05f6462bd7.s.45.e.1"><relations><relation type="hasPrecipitant"><entity id="Dailymed.11d14362-8f69-4c30-b487-5d05f6462bd7.s.45.e.2"/></relation><relation type="hasObject"><entity id="Dailymed.11d14362-8f69-4c30-b487-5d05f6462bd7.s.45.e.3"/></relation></relations></interaction></drugInteraction><pair ddi="true" e1="Dailymed.11d14362-8f69-4c30-b487-5d05f6462bd7.s.45.e.3" e2="Dailymed.11d14362-8f69-4c30-b487-5d05f6462bd7.s.45.e.2" trigger="Dailymed.11d14362-8f69-4c30-b487-5d05f6462bd7.s.45.e.1" type="Caution_Interaction"/></sentence><sentence biomedicalEntities="2" id="Dailymed.11d14362-8f69-4c30-b487-5d05f6462bd7.s.46" lineNumber="43" text="Perhaps by competing for pathways of renal clearance, coadministration of quinidine causes an increase in serum levels of procainamide." type="regular"><entity charOffset="94:118" id="Dailymed.11d14362-8f69-4c30-b487-5d05f6462bd7.s.46.e.1" text="increase in serum levels" type="Increase_Interaction"/><entity charOffset="74:83" id="Dailymed.11d14362-8f69-4c30-b487-5d05f6462bd7.s.46.e.2" text="quinidine" type="Drug"><Normalization><mmtx cui="C0034414" phraseText="coadministration of quinidine" preferredWord="Quinidine" semType="phsu, orch"/><RxNorm RxCui="9068"/></Normalization></entity><entity charOffset="122:134" id="Dailymed.11d14362-8f69-4c30-b487-5d05f6462bd7.s.46.e.3" text="procainamide" type="Drug"><Normalization><mmtx cui="C0033216" phraseText="an increase in serum levels of procainamide." preferredWord="Procainamide" semType="phsu, orch"/><mmtx cui="C0033216" phraseText="an increase in serum levels of procainamide." preferredWord="Procainamide" semType="phsu, orch"/><RxNorm RxCui="155056"/></Normalization></entity><drugInteraction id="Dailymed.11d14362-8f69-4c30-b487-5d05f6462bd7.s.46.ddi.1"><interaction trigger="Dailymed.11d14362-8f69-4c30-b487-5d05f6462bd7.s.46.e.1"><relations><relation type="hasPrecipitant"><entity id="Dailymed.11d14362-8f69-4c30-b487-5d05f6462bd7.s.46.e.2"/></relation><relation type="hasObject"><entity id="Dailymed.11d14362-8f69-4c30-b487-5d05f6462bd7.s.46.e.3"/></relation></relations></interaction></drugInteraction><pair ddi="true" e1="Dailymed.11d14362-8f69-4c30-b487-5d05f6462bd7.s.46.e.2" e2="Dailymed.11d14362-8f69-4c30-b487-5d05f6462bd7.s.46.e.3" trigger="Dailymed.11d14362-8f69-4c30-b487-5d05f6462bd7.s.46.e.1" type="Increase_Interaction"/></sentence><sentence biomedicalEntities="2" id="Dailymed.11d14362-8f69-4c30-b487-5d05f6462bd7.s.47" lineNumber="44" text="Serum levels of haloperidol are increased when quinidine is coadministered." type="regular"><entity charOffset="0:12|32:41" id="Dailymed.11d14362-8f69-4c30-b487-5d05f6462bd7.s.47.e.1" text="Serum levels increased" type="Increase_Interaction"/><entity charOffset="47:56" id="Dailymed.11d14362-8f69-4c30-b487-5d05f6462bd7.s.47.e.2" text="quinidine" type="Drug"><Normalization><mmtx cui="C0034414" phraseText="quinidine" preferredWord="Quinidine" semType="phsu, orch"/><RxNorm RxCui="9068"/></Normalization></entity><entity charOffset="16:27" id="Dailymed.11d14362-8f69-4c30-b487-5d05f6462bd7.s.47.e.3" text="haloperidol" type="Drug"><Normalization><mmtx cui="C0018546" phraseText="Serum levels of haloperidol" preferredWord="Haloperidol" semType="phsu, orch"/><mmtx cui="C0018546" phraseText="Serum levels of haloperidol" preferredWord="Haloperidol" semType="phsu, orch"/><RxNorm RxCui="26420"/></Normalization></entity><drugInteraction id="Dailymed.11d14362-8f69-4c30-b487-5d05f6462bd7.s.47.ddi.1"><interaction trigger="Dailymed.11d14362-8f69-4c30-b487-5d05f6462bd7.s.47.e.1"><relations><relation type="hasPrecipitant"><entity id="Dailymed.11d14362-8f69-4c30-b487-5d05f6462bd7.s.47.e.2"/></relation><relation type="hasObject"><entity id="Dailymed.11d14362-8f69-4c30-b487-5d05f6462bd7.s.47.e.3"/></relation></relations></interaction></drugInteraction><pair ddi="true" e1="Dailymed.11d14362-8f69-4c30-b487-5d05f6462bd7.s.47.e.3" e2="Dailymed.11d14362-8f69-4c30-b487-5d05f6462bd7.s.47.e.2" trigger="Dailymed.11d14362-8f69-4c30-b487-5d05f6462bd7.s.47.e.1" type="Increase_Interaction"/></sentence><sentence biomedicalEntities="2" id="Dailymed.11d14362-8f69-4c30-b487-5d05f6462bd7.s.48" lineNumber="45" text="Presumably because both drugs are metabolized by cyctochrome P450IIIA4, coadministration of quinidine causes variable slowing of the metabolism of nifedipine. " type="regular"><entity charOffset="109:143" id="Dailymed.11d14362-8f69-4c30-b487-5d05f6462bd7.s.48.e.1" text="variable slowing of the metabolism" type="Decrease_Interaction"/><entity charOffset="147:157" id="Dailymed.11d14362-8f69-4c30-b487-5d05f6462bd7.s.48.e.2" text="nifedipine" type="Drug"><Normalization><mmtx cui="C0028066" phraseText="variable slowing of the metabolism of nifedipine." preferredWord="Nifedipine" semType="phsu, orch"/><RxNorm RxCui="7417"/></Normalization></entity><entity charOffset="92:101" id="Dailymed.11d14362-8f69-4c30-b487-5d05f6462bd7.s.48.e.3" text="quinidine" type="Drug"><Normalization><mmtx cui="C0034414" phraseText="coadministration of quinidine" preferredWord="Quinidine" semType="phsu, orch"/><RxNorm RxCui="9068"/></Normalization></entity><drugInteraction id="Dailymed.11d14362-8f69-4c30-b487-5d05f6462bd7.s.48.ddi.1"><interaction trigger="Dailymed.11d14362-8f69-4c30-b487-5d05f6462bd7.s.48.e.1"><relations><relation type="hasObject"><entity id="Dailymed.11d14362-8f69-4c30-b487-5d05f6462bd7.s.48.e.2"/></relation><relation type="hasPrecipitant"><entity id="Dailymed.11d14362-8f69-4c30-b487-5d05f6462bd7.s.48.e.3"/></relation></relations></interaction></drugInteraction><pair ddi="true" e1="Dailymed.11d14362-8f69-4c30-b487-5d05f6462bd7.s.48.e.3" e2="Dailymed.11d14362-8f69-4c30-b487-5d05f6462bd7.s.48.e.2" trigger="Dailymed.11d14362-8f69-4c30-b487-5d05f6462bd7.s.48.e.1" type="Decrease_Interaction"/></sentence><sentence id="Dailymed.11d14362-8f69-4c30-b487-5d05f6462bd7.s.49" text="Interactions with other dihydropyridine calcium channel blockers have not been reported, but these agents (including felodipine, nicardipine, and nimodipine ) are all dependent upon P450IIIA4 for metabolism, so similar interactions with quinidine should be anticipated." type="negative"><entity charOffset="129:140" id="Dailymed.11d14362-8f69-4c30-b487-5d05f6462bd7.s.49.e.0" text="nicardipine" type="Biomedical_Entity"><Normalization><mmtx cui="C0028005" phraseText="nicardipine," preferredWord="Nicardipine" semType="phsu, orch"/><RxNorm RxCui="235230"/></Normalization></entity><entity charOffset="237:246" id="Dailymed.11d14362-8f69-4c30-b487-5d05f6462bd7.s.49.e.1" text="quinidine" type="Biomedical_Entity"><Normalization><mmtx cui="C0034414" phraseText="similar interactions with quinidine" preferredWord="Quinidine" semType="phsu, orch"/><RxNorm RxCui="9068"/></Normalization></entity><entity charOffset="117:127" id="Dailymed.11d14362-8f69-4c30-b487-5d05f6462bd7.s.49.e.2" text="felodipine" type="Biomedical_Entity"><Normalization><mmtx cui="C0015772" phraseText="felodipine," preferredWord="Felodipine" semType="phsu, orch"/><RxNorm RxCui="4316"/></Normalization></entity><entity charOffset="146:156" id="Dailymed.11d14362-8f69-4c30-b487-5d05f6462bd7.s.49.e.3" text="nimodipine" type="Biomedical_Entity"><Normalization><mmtx cui="C0028094" phraseText="nimodipine" preferredWord="Nimodipine" semType="phsu, orch"/><RxNorm RxCui="7426"/></Normalization></entity><entity charOffset="24:64" id="Dailymed.11d14362-8f69-4c30-b487-5d05f6462bd7.s.49.e.4" text="dihydropyridine calcium channel blockers" type="Biomedical_Entity"><Normalization><mmtx cui="C2945601" phraseText="Interactions with other dihydropyridine calcium channel blockers" preferredWord="Dihydropyridine Calcium Channel Blocker [EPC]" semType="phsu"/><RxNorm RxCui="3427"/></Normalization></entity><pair ddi="false" e1="Dailymed.11d14362-8f69-4c30-b487-5d05f6462bd7.s.49.e.0" e2="Dailymed.11d14362-8f69-4c30-b487-5d05f6462bd7.s.49.e.1"/><pair ddi="false" e1="Dailymed.11d14362-8f69-4c30-b487-5d05f6462bd7.s.49.e.2" e2="Dailymed.11d14362-8f69-4c30-b487-5d05f6462bd7.s.49.e.0"/><pair ddi="false" e1="Dailymed.11d14362-8f69-4c30-b487-5d05f6462bd7.s.49.e.0" e2="Dailymed.11d14362-8f69-4c30-b487-5d05f6462bd7.s.49.e.3"/><pair ddi="false" e1="Dailymed.11d14362-8f69-4c30-b487-5d05f6462bd7.s.49.e.4" e2="Dailymed.11d14362-8f69-4c30-b487-5d05f6462bd7.s.49.e.0"/><pair ddi="false" e1="Dailymed.11d14362-8f69-4c30-b487-5d05f6462bd7.s.49.e.2" e2="Dailymed.11d14362-8f69-4c30-b487-5d05f6462bd7.s.49.e.1"/><pair ddi="false" e1="Dailymed.11d14362-8f69-4c30-b487-5d05f6462bd7.s.49.e.3" e2="Dailymed.11d14362-8f69-4c30-b487-5d05f6462bd7.s.49.e.1"/><pair ddi="false" e1="Dailymed.11d14362-8f69-4c30-b487-5d05f6462bd7.s.49.e.4" e2="Dailymed.11d14362-8f69-4c30-b487-5d05f6462bd7.s.49.e.1"/><pair ddi="false" e1="Dailymed.11d14362-8f69-4c30-b487-5d05f6462bd7.s.49.e.2" e2="Dailymed.11d14362-8f69-4c30-b487-5d05f6462bd7.s.49.e.3"/><pair ddi="false" e1="Dailymed.11d14362-8f69-4c30-b487-5d05f6462bd7.s.49.e.4" e2="Dailymed.11d14362-8f69-4c30-b487-5d05f6462bd7.s.49.e.2"/><pair ddi="false" e1="Dailymed.11d14362-8f69-4c30-b487-5d05f6462bd7.s.49.e.4" e2="Dailymed.11d14362-8f69-4c30-b487-5d05f6462bd7.s.49.e.3"/></sentence><sentence id="Dailymed.11d14362-8f69-4c30-b487-5d05f6462bd7.s.50" text="Altered pharmacodynamics of other drugs: Quinidine's anticholinergic, vasodilating, and negative inotropic actions may be additive to those of other drugs with these effects, and antagonistic to those of drugs with cholinergic, vasoconstricting, and positive inotropic effects. " type="negative"><entity charOffset="41:52" id="Dailymed.11d14362-8f69-4c30-b487-5d05f6462bd7.s.50.e.0" text="quinidine's" type="Biomedical_Entity"><Normalization><mmtx cui="C0034414" phraseText="Quinidine's anticholinergic," preferredWord="Quinidine" semType="phsu, orch"/><RxNorm RxCui="9068"/></Normalization></entity><entity charOffset="179:209" id="Dailymed.11d14362-8f69-4c30-b487-5d05f6462bd7.s.50.e.1" text="antagonistic drugs" type="Biomedical_Entity"><Normalization><mmtx cui="C0521880" phraseText="antagonistic to those of drugs" preferredWord="Antagonist drug" semType="phsu"/><RxNorm RxCui="NA"/></Normalization></entity><entity charOffset="53:68" id="Dailymed.11d14362-8f69-4c30-b487-5d05f6462bd7.s.50.e.2" text="anticholinergic" type="Biomedical_Entity"><Normalization><mmtx cui="C0242896" phraseText="Quinidine's anticholinergic," preferredWord="Anticholinergic Agents" semType="phsu"/><RxNorm RxCui="1437161"/></Normalization></entity><pair ddi="false" e1="Dailymed.11d14362-8f69-4c30-b487-5d05f6462bd7.s.50.e.0" e2="Dailymed.11d14362-8f69-4c30-b487-5d05f6462bd7.s.50.e.1"/><pair ddi="false" e1="Dailymed.11d14362-8f69-4c30-b487-5d05f6462bd7.s.50.e.0" e2="Dailymed.11d14362-8f69-4c30-b487-5d05f6462bd7.s.50.e.2"/><pair ddi="false" e1="Dailymed.11d14362-8f69-4c30-b487-5d05f6462bd7.s.50.e.2" e2="Dailymed.11d14362-8f69-4c30-b487-5d05f6462bd7.s.50.e.1"/></sentence><sentence biomedicalEntities="2" id="Dailymed.11d14362-8f69-4c30-b487-5d05f6462bd7.s.51" lineNumber="46" text="For example, when quinidine and verapamil are coadministered in doses that are each well tolerated as monotherapy, hypotension attributable to additive peripheral blockade is sometimes reported." type="regular"><entity charOffset="115:126" id="Dailymed.11d14362-8f69-4c30-b487-5d05f6462bd7.s.51.e.1" text="hypotension" type="Specific_Interaction"/><entity charOffset="18:27" id="Dailymed.11d14362-8f69-4c30-b487-5d05f6462bd7.s.51.e.2" text="quinidine" type="Drug"><Normalization><mmtx cui="C0034414" phraseText="quinidine" preferredWord="Quinidine" semType="phsu, orch"/><RxNorm RxCui="9068"/></Normalization></entity><entity charOffset="32:41" id="Dailymed.11d14362-8f69-4c30-b487-5d05f6462bd7.s.51.e.3" text="verapamil" type="Drug"><Normalization><mmtx cui="C0042523" phraseText="verapamil" preferredWord="Verapamil" semType="phsu, orch"/><RxNorm RxCui="11170"/></Normalization></entity><drugInteraction id="Dailymed.11d14362-8f69-4c30-b487-5d05f6462bd7.s.51.ddi.1"><interaction trigger="Dailymed.11d14362-8f69-4c30-b487-5d05f6462bd7.s.51.e.1"><relations><relation type="hasObject"><entity id="Dailymed.11d14362-8f69-4c30-b487-5d05f6462bd7.s.51.e.2"/></relation><relation type="hasPrecipitant"><entity id="Dailymed.11d14362-8f69-4c30-b487-5d05f6462bd7.s.51.e.3"/></relation></relations></interaction></drugInteraction><pair ddi="true" e1="Dailymed.11d14362-8f69-4c30-b487-5d05f6462bd7.s.51.e.2" e2="Dailymed.11d14362-8f69-4c30-b487-5d05f6462bd7.s.51.e.3" trigger="Dailymed.11d14362-8f69-4c30-b487-5d05f6462bd7.s.51.e.1" type="Specific_Interaction"/></sentence><sentence biomedicalEntities="7" id="Dailymed.11d14362-8f69-4c30-b487-5d05f6462bd7.s.52" lineNumber="47" text="Quinidine potentiates the actions of depolarizing (succinylcholine, decamethonium) and nondepolarizing (d tubocurarine, pancuronium) neuromuscular blocking agents. " type="regular"><entity charOffset="37:49|133:162" id="Dailymed.11d14362-8f69-4c30-b487-5d05f6462bd7.s.52.e.1" text="depolarizing neuromuscular blocking agents" type="Drug_Class"><Normalization><mmtx cui="C0038627" phraseText="(succinylcholine," preferredWord="Succinylcholine" semType="phsu, orch"/><mmtx cui="C0057231" phraseText="decamethonium" preferredWord="decamethonium" semType="phsu, orch"/><mmtx cui="C0041345" phraseText="(d tubocurarine," preferredWord="Tubocurarine" semType="phsu, orch"/><mmtx cui="C0030310" phraseText="pancuronium" preferredWord="Pancuronium" semType="strd, phsu"/><mmtx cui="C0027866" phraseText="neuromuscular blocking agents." preferredWord="Neuromuscular Blocking Agents" semType="phsu"/><RxNorm RxCui="7360"/></Normalization></entity><entity charOffset="51:66" id="Dailymed.11d14362-8f69-4c30-b487-5d05f6462bd7.s.52.e.2" text="succinylcholine" type="Drug"><Normalization><mmtx cui="C0038627" phraseText="(succinylcholine," preferredWord="Succinylcholine" semType="phsu, orch"/><RxNorm RxCui="3565"/></Normalization></entity><entity charOffset="68:81" id="Dailymed.11d14362-8f69-4c30-b487-5d05f6462bd7.s.52.e.4" text="decamethonium" type="Drug"><Normalization><mmtx cui="C0057231" phraseText="decamethonium" preferredWord="decamethonium" semType="phsu, orch"/><RxNorm RxCui="48787"/></Normalization></entity><entity charOffset="87:102|133:162" id="Dailymed.11d14362-8f69-4c30-b487-5d05f6462bd7.s.52.e.6" text="nondepolarizing neuromuscular blocking agents" type="Drug_Class"><Normalization><mmtx cui="C0041345" phraseText="(d tubocurarine," preferredWord="Tubocurarine" semType="phsu, orch"/><mmtx cui="C0030310" phraseText="pancuronium" preferredWord="Pancuronium" semType="strd, phsu"/><mmtx cui="C0027866" phraseText="neuromuscular blocking agents." preferredWord="Neuromuscular Blocking Agents" semType="phsu"/><RxNorm RxCui="91172"/></Normalization></entity><entity charOffset="104:118" id="Dailymed.11d14362-8f69-4c30-b487-5d05f6462bd7.s.52.e.7" text="d tubocurarine" type="Drug"><Normalization><mmtx cui="C0041345" phraseText="(d tubocurarine," preferredWord="Tubocurarine" semType="phsu, orch"/><RxNorm RxCui="70599"/></Normalization></entity><entity charOffset="120:131" id="Dailymed.11d14362-8f69-4c30-b487-5d05f6462bd7.s.52.e.9" text="pancuronium" type="Drug"><Normalization><mmtx cui="C0030310" phraseText="pancuronium" preferredWord="Pancuronium" semType="strd, phsu"/><RxNorm RxCui="7884"/></Normalization></entity><entity charOffset="10:33" id="Dailymed.11d14362-8f69-4c30-b487-5d05f6462bd7.s.52.e.11" text="potentiates the actions" type="Increase_Interaction"/><entity charOffset="0:9" id="Dailymed.11d14362-8f69-4c30-b487-5d05f6462bd7.s.52.e.12" text="Quinidine" type="Drug"><Normalization><mmtx cui="C0034414" phraseText="Quinidine" preferredWord="Quinidine" semType="phsu, orch"/><RxNorm RxCui="9068"/></Normalization></entity><drugClassMembership drug="Dailymed.11d14362-8f69-4c30-b487-5d05f6462bd7.s.52.e.2" drugClass="Dailymed.11d14362-8f69-4c30-b487-5d05f6462bd7.s.52.e.1"/><drugClassMembership drug="Dailymed.11d14362-8f69-4c30-b487-5d05f6462bd7.s.52.e.4" drugClass="Dailymed.11d14362-8f69-4c30-b487-5d05f6462bd7.s.52.e.1"/><drugClassMembership drug="Dailymed.11d14362-8f69-4c30-b487-5d05f6462bd7.s.52.e.7" drugClass="Dailymed.11d14362-8f69-4c30-b487-5d05f6462bd7.s.52.e.6"/><drugClassMembership drug="Dailymed.11d14362-8f69-4c30-b487-5d05f6462bd7.s.52.e.9" drugClass="Dailymed.11d14362-8f69-4c30-b487-5d05f6462bd7.s.52.e.6"/><drugInteraction id="Dailymed.11d14362-8f69-4c30-b487-5d05f6462bd7.s.52.ddi.1"><interaction trigger="Dailymed.11d14362-8f69-4c30-b487-5d05f6462bd7.s.52.e.11"><relations><relation type="hasObject"><entity id="Dailymed.11d14362-8f69-4c30-b487-5d05f6462bd7.s.52.e.6"/></relation><relation type="hasObject"><entity id="Dailymed.11d14362-8f69-4c30-b487-5d05f6462bd7.s.52.e.1"/></relation><relation type="hasPrecipitant"><entity id="Dailymed.11d14362-8f69-4c30-b487-5d05f6462bd7.s.52.e.12"/></relation></relations></interaction></drugInteraction><pair ddi="true" e1="Dailymed.11d14362-8f69-4c30-b487-5d05f6462bd7.s.52.e.12" e2="Dailymed.11d14362-8f69-4c30-b487-5d05f6462bd7.s.52.e.6" trigger="Dailymed.11d14362-8f69-4c30-b487-5d05f6462bd7.s.52.e.11" type="Increase_Interaction"/><pair ddi="true" e1="Dailymed.11d14362-8f69-4c30-b487-5d05f6462bd7.s.52.e.12" e2="Dailymed.11d14362-8f69-4c30-b487-5d05f6462bd7.s.52.e.1" trigger="Dailymed.11d14362-8f69-4c30-b487-5d05f6462bd7.s.52.e.11" type="Increase_Interaction"/></sentence><sentence biomedicalEntities="2" id="Dailymed.11d14362-8f69-4c30-b487-5d05f6462bd7.s.54" lineNumber="47" text="In addition, in vitro addition of quinidine to the serum of pregnant women reduces the activity of pseudocholinesterase, an enzyme that is essential to the metabolism of succinylcholine." type="regular"><entity charOffset="75:95" id="Dailymed.11d14362-8f69-4c30-b487-5d05f6462bd7.s.54.e.1" text="reduces the activity" type="Decrease_Interaction"/><entity charOffset="34:43" id="Dailymed.11d14362-8f69-4c30-b487-5d05f6462bd7.s.54.e.2" text="quinidine" type="Drug"><Normalization><mmtx cui="C0034414" phraseText="in vitro addition of quinidine" preferredWord="Quinidine" semType="phsu, orch"/><RxNorm RxCui="9068"/></Normalization></entity><entity charOffset="60:74" id="Dailymed.11d14362-8f69-4c30-b487-5d05f6462bd7.s.54.e.3" text="pregnant women" type="SPAN"/><entity charOffset="99:119" id="Dailymed.11d14362-8f69-4c30-b487-5d05f6462bd7.s.54.e.4" text="pseudocholinesterase" type="Substance"><Normalization><RxNorm RxCui="8895"/></Normalization></entity><entity charOffset="13:21" id="Dailymed.11d14362-8f69-4c30-b487-5d05f6462bd7.s.54.e.5" text="in vitro" type="SPAN"/><drugInteraction id="Dailymed.11d14362-8f69-4c30-b487-5d05f6462bd7.s.54.ddi.1"><interaction trigger="Dailymed.11d14362-8f69-4c30-b487-5d05f6462bd7.s.54.e.1"><relations><relation type="hasPrecipitant"><entity id="Dailymed.11d14362-8f69-4c30-b487-5d05f6462bd7.s.54.e.2"/></relation><relation type="hasContext"><entity id="Dailymed.11d14362-8f69-4c30-b487-5d05f6462bd7.s.54.e.3"/></relation><relation type="hasObject"><entity id="Dailymed.11d14362-8f69-4c30-b487-5d05f6462bd7.s.54.e.4"/></relation><relation type="hasContext"><entity id="Dailymed.11d14362-8f69-4c30-b487-5d05f6462bd7.s.54.e.5"/></relation></relations></interaction></drugInteraction><pair context="Dailymed.11d14362-8f69-4c30-b487-5d05f6462bd7.s.54.e.3, Dailymed.11d14362-8f69-4c30-b487-5d05f6462bd7.s.54.e.5" ddi="true" e1="Dailymed.11d14362-8f69-4c30-b487-5d05f6462bd7.s.54.e.2" e2="Dailymed.11d14362-8f69-4c30-b487-5d05f6462bd7.s.54.e.4" trigger="Dailymed.11d14362-8f69-4c30-b487-5d05f6462bd7.s.54.e.1" type="Decrease_Interaction"/></sentence><sentence biomedicalEntities="2" id="Dailymed.11d14362-8f69-4c30-b487-5d05f6462bd7.s.55" lineNumber="48" text="Diltiazem significantly decreases the clearance and increases the t of quinidine, but quinidine does not alter the kinetics of diltiazem. " type="regular"><entity charOffset="24:47" id="Dailymed.11d14362-8f69-4c30-b487-5d05f6462bd7.s.55.e.1" text="decreases the clearance" type="Increase_Interaction"/><entity charOffset="71:80" id="Dailymed.11d14362-8f69-4c30-b487-5d05f6462bd7.s.55.e.2" text="quinidine" type="Drug"><Normalization><mmtx cui="C0034414" phraseText="the t of quinidine," preferredWord="Quinidine" semType="phsu, orch"/><RxNorm RxCui="9068"/></Normalization></entity><entity charOffset="0:9" id="Dailymed.11d14362-8f69-4c30-b487-5d05f6462bd7.s.55.e.3" text="Diltiazem" type="Drug"><Normalization><mmtx cui="C0012373" phraseText="Diltiazem significantly" preferredWord="Diltiazem" semType="phsu, orch"/><RxNorm RxCui="203211"/></Normalization></entity><entity charOffset="52:67" id="Dailymed.11d14362-8f69-4c30-b487-5d05f6462bd7.s.55.e.5" text="increases the t" type="Increase_Interaction"/><drugInteraction id="Dailymed.11d14362-8f69-4c30-b487-5d05f6462bd7.s.55.ddi.1"><interaction trigger="Dailymed.11d14362-8f69-4c30-b487-5d05f6462bd7.s.55.e.1"><relations><relation type="hasObject"><entity id="Dailymed.11d14362-8f69-4c30-b487-5d05f6462bd7.s.55.e.2"/></relation><relation type="hasPrecipitant"><entity id="Dailymed.11d14362-8f69-4c30-b487-5d05f6462bd7.s.55.e.3"/></relation></relations></interaction></drugInteraction><drugInteraction id="Dailymed.11d14362-8f69-4c30-b487-5d05f6462bd7.s.55.ddi.2"><interaction trigger="Dailymed.11d14362-8f69-4c30-b487-5d05f6462bd7.s.55.e.5"><relations><relation type="hasObject"><entity id="Dailymed.11d14362-8f69-4c30-b487-5d05f6462bd7.s.55.e.2"/></relation><relation type="hasPrecipitant"><entity id="Dailymed.11d14362-8f69-4c30-b487-5d05f6462bd7.s.55.e.3"/></relation></relations></interaction></drugInteraction><pair ddi="true" e1="Dailymed.11d14362-8f69-4c30-b487-5d05f6462bd7.s.55.e.3" e2="Dailymed.11d14362-8f69-4c30-b487-5d05f6462bd7.s.55.e.2" trigger="Dailymed.11d14362-8f69-4c30-b487-5d05f6462bd7.s.55.e.1" type="Increase_Interaction"/></sentence><sentence id="Dailymed.11d14362-8f69-4c30-b487-5d05f6462bd7.s.56" text="Non interactions of quinidine with other drugs: Quinidine has no clinically significant effect on the pharmacokinetics of diltiazem, flecainide, mephenytoin, metoprolol, propafenone, propranolol, quinine, timolol, or tocainide." type="negative"><entity charOffset="48:57" id="Dailymed.11d14362-8f69-4c30-b487-5d05f6462bd7.s.56.e.0" text="quinidine" type="Biomedical_Entity"><Normalization><mmtx cui="C0034414" phraseText="Quinidine" preferredWord="Quinidine" semType="phsu, orch"/><RxNorm RxCui="9068"/></Normalization></entity><entity charOffset="205:212" id="Dailymed.11d14362-8f69-4c30-b487-5d05f6462bd7.s.56.e.1" text="timolol" type="Biomedical_Entity"><Normalization><mmtx cui="C0040233" phraseText="timolol," preferredWord="Timolol" semType="phsu, orch"/><RxNorm RxCui="42933"/></Normalization></entity><entity charOffset="183:194" id="Dailymed.11d14362-8f69-4c30-b487-5d05f6462bd7.s.56.e.2" text="propranolol" type="Biomedical_Entity"><Normalization><mmtx cui="C0033497" phraseText="propranolol," preferredWord="Propranolol" semType="phsu, orch"/><RxNorm RxCui="82084"/></Normalization></entity><entity charOffset="145:156" id="Dailymed.11d14362-8f69-4c30-b487-5d05f6462bd7.s.56.e.3" text="mephenytoin" type="Biomedical_Entity"><Normalization><mmtx cui="C0025381" phraseText="mephenytoin," preferredWord="Mephenytoin" semType="phsu, orch"/><RxNorm RxCui="6757"/></Normalization></entity><entity charOffset="20:29" id="Dailymed.11d14362-8f69-4c30-b487-5d05f6462bd7.s.56.e.4" text="quinidine" type="Biomedical_Entity"><Normalization><mmtx cui="C0034414" phraseText="Non interactions of quinidine" preferredWord="Quinidine" semType="phsu, orch"/><RxNorm RxCui="9068"/></Normalization></entity><entity charOffset="170:181" id="Dailymed.11d14362-8f69-4c30-b487-5d05f6462bd7.s.56.e.5" text="propafenone" type="Biomedical_Entity"><Normalization><mmtx cui="C0033429" phraseText="propafenone," preferredWord="Propafenone" semType="phsu, orch"/><RxNorm RxCui="8754"/></Normalization></entity><entity charOffset="133:143" id="Dailymed.11d14362-8f69-4c30-b487-5d05f6462bd7.s.56.e.6" text="flecainide" type="Biomedical_Entity"><Normalization><mmtx cui="C0016229" phraseText="flecainide," preferredWord="Flecainide" semType="phsu, orch"/><RxNorm RxCui="4441"/></Normalization></entity><entity charOffset="196:203" id="Dailymed.11d14362-8f69-4c30-b487-5d05f6462bd7.s.56.e.7" text="quinine" type="Biomedical_Entity"><Normalization><mmtx cui="C0034417" phraseText="quinine," preferredWord="Quinine" semType="phsu, orch"/><RxNorm RxCui="9071"/></Normalization></entity><entity charOffset="158:168" id="Dailymed.11d14362-8f69-4c30-b487-5d05f6462bd7.s.56.e.8" text="metoprolol" type="Biomedical_Entity"><Normalization><mmtx cui="C0025859" phraseText="metoprolol," preferredWord="Metoprolol" semType="phsu, orch"/><RxNorm RxCui="6918"/></Normalization></entity><entity charOffset="122:131" id="Dailymed.11d14362-8f69-4c30-b487-5d05f6462bd7.s.56.e.9" text="diltiazem" type="Biomedical_Entity"><Normalization><mmtx cui="C0012373" phraseText="no clinically significant effect on the pharmacokinetics of diltiazem," preferredWord="Diltiazem" semType="phsu, orch"/><RxNorm RxCui="203211"/></Normalization></entity><entity charOffset="217:226" id="Dailymed.11d14362-8f69-4c30-b487-5d05f6462bd7.s.56.e.10" text="tocainide" type="Biomedical_Entity"><Normalization><mmtx cui="C0085237" phraseText="tocainide." preferredWord="Tocainide" semType="phsu, orch"/><RxNorm RxCui="42359"/></Normalization></entity><pair ddi="false" e1="Dailymed.11d14362-8f69-4c30-b487-5d05f6462bd7.s.56.e.0" e2="Dailymed.11d14362-8f69-4c30-b487-5d05f6462bd7.s.56.e.1"/><pair ddi="false" e1="Dailymed.11d14362-8f69-4c30-b487-5d05f6462bd7.s.56.e.0" e2="Dailymed.11d14362-8f69-4c30-b487-5d05f6462bd7.s.56.e.2"/><pair ddi="false" e1="Dailymed.11d14362-8f69-4c30-b487-5d05f6462bd7.s.56.e.0" e2="Dailymed.11d14362-8f69-4c30-b487-5d05f6462bd7.s.56.e.3"/><pair ddi="false" e1="Dailymed.11d14362-8f69-4c30-b487-5d05f6462bd7.s.56.e.0" e2="Dailymed.11d14362-8f69-4c30-b487-5d05f6462bd7.s.56.e.5"/><pair ddi="false" e1="Dailymed.11d14362-8f69-4c30-b487-5d05f6462bd7.s.56.e.0" e2="Dailymed.11d14362-8f69-4c30-b487-5d05f6462bd7.s.56.e.6"/><pair ddi="false" e1="Dailymed.11d14362-8f69-4c30-b487-5d05f6462bd7.s.56.e.0" e2="Dailymed.11d14362-8f69-4c30-b487-5d05f6462bd7.s.56.e.7"/><pair ddi="false" e1="Dailymed.11d14362-8f69-4c30-b487-5d05f6462bd7.s.56.e.0" e2="Dailymed.11d14362-8f69-4c30-b487-5d05f6462bd7.s.56.e.8"/><pair ddi="false" e1="Dailymed.11d14362-8f69-4c30-b487-5d05f6462bd7.s.56.e.0" e2="Dailymed.11d14362-8f69-4c30-b487-5d05f6462bd7.s.56.e.9"/><pair ddi="false" e1="Dailymed.11d14362-8f69-4c30-b487-5d05f6462bd7.s.56.e.0" e2="Dailymed.11d14362-8f69-4c30-b487-5d05f6462bd7.s.56.e.10"/><pair ddi="false" e1="Dailymed.11d14362-8f69-4c30-b487-5d05f6462bd7.s.56.e.2" e2="Dailymed.11d14362-8f69-4c30-b487-5d05f6462bd7.s.56.e.1"/><pair ddi="false" e1="Dailymed.11d14362-8f69-4c30-b487-5d05f6462bd7.s.56.e.3" e2="Dailymed.11d14362-8f69-4c30-b487-5d05f6462bd7.s.56.e.1"/><pair ddi="false" e1="Dailymed.11d14362-8f69-4c30-b487-5d05f6462bd7.s.56.e.4" e2="Dailymed.11d14362-8f69-4c30-b487-5d05f6462bd7.s.56.e.1"/><pair ddi="false" e1="Dailymed.11d14362-8f69-4c30-b487-5d05f6462bd7.s.56.e.5" e2="Dailymed.11d14362-8f69-4c30-b487-5d05f6462bd7.s.56.e.1"/><pair ddi="false" e1="Dailymed.11d14362-8f69-4c30-b487-5d05f6462bd7.s.56.e.6" e2="Dailymed.11d14362-8f69-4c30-b487-5d05f6462bd7.s.56.e.1"/><pair ddi="false" e1="Dailymed.11d14362-8f69-4c30-b487-5d05f6462bd7.s.56.e.7" e2="Dailymed.11d14362-8f69-4c30-b487-5d05f6462bd7.s.56.e.1"/><pair ddi="false" e1="Dailymed.11d14362-8f69-4c30-b487-5d05f6462bd7.s.56.e.8" e2="Dailymed.11d14362-8f69-4c30-b487-5d05f6462bd7.s.56.e.1"/><pair ddi="false" e1="Dailymed.11d14362-8f69-4c30-b487-5d05f6462bd7.s.56.e.9" e2="Dailymed.11d14362-8f69-4c30-b487-5d05f6462bd7.s.56.e.1"/><pair ddi="false" e1="Dailymed.11d14362-8f69-4c30-b487-5d05f6462bd7.s.56.e.1" e2="Dailymed.11d14362-8f69-4c30-b487-5d05f6462bd7.s.56.e.10"/><pair ddi="false" e1="Dailymed.11d14362-8f69-4c30-b487-5d05f6462bd7.s.56.e.3" e2="Dailymed.11d14362-8f69-4c30-b487-5d05f6462bd7.s.56.e.2"/><pair ddi="false" e1="Dailymed.11d14362-8f69-4c30-b487-5d05f6462bd7.s.56.e.4" e2="Dailymed.11d14362-8f69-4c30-b487-5d05f6462bd7.s.56.e.2"/><pair ddi="false" e1="Dailymed.11d14362-8f69-4c30-b487-5d05f6462bd7.s.56.e.5" e2="Dailymed.11d14362-8f69-4c30-b487-5d05f6462bd7.s.56.e.2"/><pair ddi="false" e1="Dailymed.11d14362-8f69-4c30-b487-5d05f6462bd7.s.56.e.6" e2="Dailymed.11d14362-8f69-4c30-b487-5d05f6462bd7.s.56.e.2"/><pair ddi="false" e1="Dailymed.11d14362-8f69-4c30-b487-5d05f6462bd7.s.56.e.2" e2="Dailymed.11d14362-8f69-4c30-b487-5d05f6462bd7.s.56.e.7"/><pair ddi="false" e1="Dailymed.11d14362-8f69-4c30-b487-5d05f6462bd7.s.56.e.8" e2="Dailymed.11d14362-8f69-4c30-b487-5d05f6462bd7.s.56.e.2"/><pair ddi="false" e1="Dailymed.11d14362-8f69-4c30-b487-5d05f6462bd7.s.56.e.9" e2="Dailymed.11d14362-8f69-4c30-b487-5d05f6462bd7.s.56.e.2"/><pair ddi="false" e1="Dailymed.11d14362-8f69-4c30-b487-5d05f6462bd7.s.56.e.2" e2="Dailymed.11d14362-8f69-4c30-b487-5d05f6462bd7.s.56.e.10"/><pair ddi="false" e1="Dailymed.11d14362-8f69-4c30-b487-5d05f6462bd7.s.56.e.4" e2="Dailymed.11d14362-8f69-4c30-b487-5d05f6462bd7.s.56.e.3"/><pair ddi="false" e1="Dailymed.11d14362-8f69-4c30-b487-5d05f6462bd7.s.56.e.3" e2="Dailymed.11d14362-8f69-4c30-b487-5d05f6462bd7.s.56.e.5"/><pair ddi="false" e1="Dailymed.11d14362-8f69-4c30-b487-5d05f6462bd7.s.56.e.6" e2="Dailymed.11d14362-8f69-4c30-b487-5d05f6462bd7.s.56.e.3"/><pair ddi="false" e1="Dailymed.11d14362-8f69-4c30-b487-5d05f6462bd7.s.56.e.3" e2="Dailymed.11d14362-8f69-4c30-b487-5d05f6462bd7.s.56.e.7"/><pair ddi="false" e1="Dailymed.11d14362-8f69-4c30-b487-5d05f6462bd7.s.56.e.3" e2="Dailymed.11d14362-8f69-4c30-b487-5d05f6462bd7.s.56.e.8"/><pair ddi="false" e1="Dailymed.11d14362-8f69-4c30-b487-5d05f6462bd7.s.56.e.9" e2="Dailymed.11d14362-8f69-4c30-b487-5d05f6462bd7.s.56.e.3"/><pair ddi="false" e1="Dailymed.11d14362-8f69-4c30-b487-5d05f6462bd7.s.56.e.3" e2="Dailymed.11d14362-8f69-4c30-b487-5d05f6462bd7.s.56.e.10"/><pair ddi="false" e1="Dailymed.11d14362-8f69-4c30-b487-5d05f6462bd7.s.56.e.4" e2="Dailymed.11d14362-8f69-4c30-b487-5d05f6462bd7.s.56.e.5"/><pair ddi="false" e1="Dailymed.11d14362-8f69-4c30-b487-5d05f6462bd7.s.56.e.4" e2="Dailymed.11d14362-8f69-4c30-b487-5d05f6462bd7.s.56.e.6"/><pair ddi="false" e1="Dailymed.11d14362-8f69-4c30-b487-5d05f6462bd7.s.56.e.4" e2="Dailymed.11d14362-8f69-4c30-b487-5d05f6462bd7.s.56.e.7"/><pair ddi="false" e1="Dailymed.11d14362-8f69-4c30-b487-5d05f6462bd7.s.56.e.4" e2="Dailymed.11d14362-8f69-4c30-b487-5d05f6462bd7.s.56.e.8"/><pair ddi="false" e1="Dailymed.11d14362-8f69-4c30-b487-5d05f6462bd7.s.56.e.4" e2="Dailymed.11d14362-8f69-4c30-b487-5d05f6462bd7.s.56.e.9"/><pair ddi="false" e1="Dailymed.11d14362-8f69-4c30-b487-5d05f6462bd7.s.56.e.4" e2="Dailymed.11d14362-8f69-4c30-b487-5d05f6462bd7.s.56.e.10"/><pair ddi="false" e1="Dailymed.11d14362-8f69-4c30-b487-5d05f6462bd7.s.56.e.6" e2="Dailymed.11d14362-8f69-4c30-b487-5d05f6462bd7.s.56.e.5"/><pair ddi="false" e1="Dailymed.11d14362-8f69-4c30-b487-5d05f6462bd7.s.56.e.5" e2="Dailymed.11d14362-8f69-4c30-b487-5d05f6462bd7.s.56.e.7"/><pair ddi="false" e1="Dailymed.11d14362-8f69-4c30-b487-5d05f6462bd7.s.56.e.8" e2="Dailymed.11d14362-8f69-4c30-b487-5d05f6462bd7.s.56.e.5"/><pair ddi="false" e1="Dailymed.11d14362-8f69-4c30-b487-5d05f6462bd7.s.56.e.9" e2="Dailymed.11d14362-8f69-4c30-b487-5d05f6462bd7.s.56.e.5"/><pair ddi="false" e1="Dailymed.11d14362-8f69-4c30-b487-5d05f6462bd7.s.56.e.5" e2="Dailymed.11d14362-8f69-4c30-b487-5d05f6462bd7.s.56.e.10"/><pair ddi="false" e1="Dailymed.11d14362-8f69-4c30-b487-5d05f6462bd7.s.56.e.6" e2="Dailymed.11d14362-8f69-4c30-b487-5d05f6462bd7.s.56.e.7"/><pair ddi="false" e1="Dailymed.11d14362-8f69-4c30-b487-5d05f6462bd7.s.56.e.6" e2="Dailymed.11d14362-8f69-4c30-b487-5d05f6462bd7.s.56.e.8"/><pair ddi="false" e1="Dailymed.11d14362-8f69-4c30-b487-5d05f6462bd7.s.56.e.9" e2="Dailymed.11d14362-8f69-4c30-b487-5d05f6462bd7.s.56.e.6"/><pair ddi="false" e1="Dailymed.11d14362-8f69-4c30-b487-5d05f6462bd7.s.56.e.6" e2="Dailymed.11d14362-8f69-4c30-b487-5d05f6462bd7.s.56.e.10"/><pair ddi="false" e1="Dailymed.11d14362-8f69-4c30-b487-5d05f6462bd7.s.56.e.8" e2="Dailymed.11d14362-8f69-4c30-b487-5d05f6462bd7.s.56.e.7"/><pair ddi="false" e1="Dailymed.11d14362-8f69-4c30-b487-5d05f6462bd7.s.56.e.9" e2="Dailymed.11d14362-8f69-4c30-b487-5d05f6462bd7.s.56.e.7"/><pair ddi="false" e1="Dailymed.11d14362-8f69-4c30-b487-5d05f6462bd7.s.56.e.7" e2="Dailymed.11d14362-8f69-4c30-b487-5d05f6462bd7.s.56.e.10"/><pair ddi="false" e1="Dailymed.11d14362-8f69-4c30-b487-5d05f6462bd7.s.56.e.9" e2="Dailymed.11d14362-8f69-4c30-b487-5d05f6462bd7.s.56.e.8"/><pair ddi="false" e1="Dailymed.11d14362-8f69-4c30-b487-5d05f6462bd7.s.56.e.8" e2="Dailymed.11d14362-8f69-4c30-b487-5d05f6462bd7.s.56.e.10"/><pair ddi="false" e1="Dailymed.11d14362-8f69-4c30-b487-5d05f6462bd7.s.56.e.9" e2="Dailymed.11d14362-8f69-4c30-b487-5d05f6462bd7.s.56.e.10"/></sentence><sentence id="Dailymed.11d14362-8f69-4c30-b487-5d05f6462bd7.s.57" text="Conversely, the pharmacokinetics of quinidine are not significantly affected by caffeine, ciprofloxacin, digoxin, felodipine, omeprazole, or quinine. " type="negative"><entity charOffset="141:148" id="Dailymed.11d14362-8f69-4c30-b487-5d05f6462bd7.s.57.e.0" text="quinine" type="Biomedical_Entity"><Normalization><mmtx cui="C0034417" phraseText="quinine." preferredWord="Quinine" semType="phsu, orch"/><RxNorm RxCui="9071"/></Normalization></entity><entity charOffset="36:45" id="Dailymed.11d14362-8f69-4c30-b487-5d05f6462bd7.s.57.e.1" text="quinidine" type="Biomedical_Entity"><Normalization><mmtx cui="C0034414" phraseText="the pharmacokinetics of quinidine" preferredWord="Quinidine" semType="phsu, orch"/><RxNorm RxCui="9068"/></Normalization></entity><entity charOffset="90:103" id="Dailymed.11d14362-8f69-4c30-b487-5d05f6462bd7.s.57.e.2" text="ciprofloxacin" type="Biomedical_Entity"><Normalization><mmtx cui="C0008809" phraseText="ciprofloxacin," preferredWord="Ciprofloxacin" semType="phsu, orch"/><RxNorm RxCui="81981"/></Normalization></entity><entity charOffset="114:124" id="Dailymed.11d14362-8f69-4c30-b487-5d05f6462bd7.s.57.e.3" text="felodipine" type="Biomedical_Entity"><Normalization><mmtx cui="C0015772" phraseText="felodipine," preferredWord="Felodipine" semType="phsu, orch"/><RxNorm RxCui="4316"/></Normalization></entity><entity charOffset="80:88" id="Dailymed.11d14362-8f69-4c30-b487-5d05f6462bd7.s.57.e.4" text="caffeine" type="Biomedical_Entity"><Normalization><mmtx cui="C0006644" phraseText="affected by caffeine," preferredWord="Caffeine" semType="phsu, orch"/><RxNorm RxCui="236112"/></Normalization></entity><entity charOffset="126:136" id="Dailymed.11d14362-8f69-4c30-b487-5d05f6462bd7.s.57.e.5" text="omeprazole" type="Biomedical_Entity"><Normalization><mmtx cui="C0028978" phraseText="omeprazole," preferredWord="Omeprazole" semType="phsu, orch"/><RxNorm RxCui="7646"/></Normalization></entity><entity charOffset="105:112" id="Dailymed.11d14362-8f69-4c30-b487-5d05f6462bd7.s.57.e.6" text="digoxin" type="Biomedical_Entity"><Normalization><mmtx cui="C0012265" phraseText="digoxin," preferredWord="Digoxin" semType="strd, phsu, carb"/><RxNorm RxCui="3407"/></Normalization></entity><pair ddi="false" e1="Dailymed.11d14362-8f69-4c30-b487-5d05f6462bd7.s.57.e.1" e2="Dailymed.11d14362-8f69-4c30-b487-5d05f6462bd7.s.57.e.0"/><pair ddi="false" e1="Dailymed.11d14362-8f69-4c30-b487-5d05f6462bd7.s.57.e.2" e2="Dailymed.11d14362-8f69-4c30-b487-5d05f6462bd7.s.57.e.0"/><pair ddi="false" e1="Dailymed.11d14362-8f69-4c30-b487-5d05f6462bd7.s.57.e.3" e2="Dailymed.11d14362-8f69-4c30-b487-5d05f6462bd7.s.57.e.0"/><pair ddi="false" e1="Dailymed.11d14362-8f69-4c30-b487-5d05f6462bd7.s.57.e.4" e2="Dailymed.11d14362-8f69-4c30-b487-5d05f6462bd7.s.57.e.0"/><pair ddi="false" e1="Dailymed.11d14362-8f69-4c30-b487-5d05f6462bd7.s.57.e.5" e2="Dailymed.11d14362-8f69-4c30-b487-5d05f6462bd7.s.57.e.0"/><pair ddi="false" e1="Dailymed.11d14362-8f69-4c30-b487-5d05f6462bd7.s.57.e.6" e2="Dailymed.11d14362-8f69-4c30-b487-5d05f6462bd7.s.57.e.0"/><pair ddi="false" e1="Dailymed.11d14362-8f69-4c30-b487-5d05f6462bd7.s.57.e.1" e2="Dailymed.11d14362-8f69-4c30-b487-5d05f6462bd7.s.57.e.2"/><pair ddi="false" e1="Dailymed.11d14362-8f69-4c30-b487-5d05f6462bd7.s.57.e.1" e2="Dailymed.11d14362-8f69-4c30-b487-5d05f6462bd7.s.57.e.3"/><pair ddi="false" e1="Dailymed.11d14362-8f69-4c30-b487-5d05f6462bd7.s.57.e.1" e2="Dailymed.11d14362-8f69-4c30-b487-5d05f6462bd7.s.57.e.4"/><pair ddi="false" e1="Dailymed.11d14362-8f69-4c30-b487-5d05f6462bd7.s.57.e.1" e2="Dailymed.11d14362-8f69-4c30-b487-5d05f6462bd7.s.57.e.5"/><pair ddi="false" e1="Dailymed.11d14362-8f69-4c30-b487-5d05f6462bd7.s.57.e.1" e2="Dailymed.11d14362-8f69-4c30-b487-5d05f6462bd7.s.57.e.6"/><pair ddi="false" e1="Dailymed.11d14362-8f69-4c30-b487-5d05f6462bd7.s.57.e.2" e2="Dailymed.11d14362-8f69-4c30-b487-5d05f6462bd7.s.57.e.3"/><pair ddi="false" e1="Dailymed.11d14362-8f69-4c30-b487-5d05f6462bd7.s.57.e.4" e2="Dailymed.11d14362-8f69-4c30-b487-5d05f6462bd7.s.57.e.2"/><pair ddi="false" e1="Dailymed.11d14362-8f69-4c30-b487-5d05f6462bd7.s.57.e.2" e2="Dailymed.11d14362-8f69-4c30-b487-5d05f6462bd7.s.57.e.5"/><pair ddi="false" e1="Dailymed.11d14362-8f69-4c30-b487-5d05f6462bd7.s.57.e.2" e2="Dailymed.11d14362-8f69-4c30-b487-5d05f6462bd7.s.57.e.6"/><pair ddi="false" e1="Dailymed.11d14362-8f69-4c30-b487-5d05f6462bd7.s.57.e.4" e2="Dailymed.11d14362-8f69-4c30-b487-5d05f6462bd7.s.57.e.3"/><pair ddi="false" e1="Dailymed.11d14362-8f69-4c30-b487-5d05f6462bd7.s.57.e.3" e2="Dailymed.11d14362-8f69-4c30-b487-5d05f6462bd7.s.57.e.5"/><pair ddi="false" e1="Dailymed.11d14362-8f69-4c30-b487-5d05f6462bd7.s.57.e.6" e2="Dailymed.11d14362-8f69-4c30-b487-5d05f6462bd7.s.57.e.3"/><pair ddi="false" e1="Dailymed.11d14362-8f69-4c30-b487-5d05f6462bd7.s.57.e.4" e2="Dailymed.11d14362-8f69-4c30-b487-5d05f6462bd7.s.57.e.5"/><pair ddi="false" e1="Dailymed.11d14362-8f69-4c30-b487-5d05f6462bd7.s.57.e.4" e2="Dailymed.11d14362-8f69-4c30-b487-5d05f6462bd7.s.57.e.6"/><pair ddi="false" e1="Dailymed.11d14362-8f69-4c30-b487-5d05f6462bd7.s.57.e.6" e2="Dailymed.11d14362-8f69-4c30-b487-5d05f6462bd7.s.57.e.5"/></sentence><sentence id="Dailymed.11d14362-8f69-4c30-b487-5d05f6462bd7.s.61" text="Similarly, there are no animal data as to quinidine's potential to impair fertility." type="negative"><entity charOffset="42:53" id="Dailymed.11d14362-8f69-4c30-b487-5d05f6462bd7.s.61.e.0" text="quinidine's" type="Biomedical_Entity"><Normalization><mmtx cui="C0034414" phraseText="no animal data as to quinidine's potential to" preferredWord="Quinidine" semType="phsu, orch"/><RxNorm RxCui="9068"/></Normalization></entity><entity charOffset="21:35" id="Dailymed.11d14362-8f69-4c30-b487-5d05f6462bd7.s.61.e.1" text="no data" type="Biomedical_Entity"><Normalization><mmtx cui="C1572381" phraseText="no animal data as to quinidine's potential to" preferredWord="No Data re: Ingredient" semType="phsu"/><RxNorm RxCui="53704"/></Normalization></entity><pair ddi="false" e1="Dailymed.11d14362-8f69-4c30-b487-5d05f6462bd7.s.61.e.1" e2="Dailymed.11d14362-8f69-4c30-b487-5d05f6462bd7.s.61.e.0"/></sentence><sentence id="Dailymed.11d14362-8f69-4c30-b487-5d05f6462bd7.s.69" text="Quinine is said to be oxytocic in humans, but there are no adequate data as to quinidine's effect (if any) on human labor and delivery." type="negative"><entity charOffset="22:30" id="Dailymed.11d14362-8f69-4c30-b487-5d05f6462bd7.s.69.e.0" text="oxytocic" type="Biomedical_Entity"><Normalization><mmtx cui="C0030094" phraseText="oxytocic in humans," preferredWord="Oxytocics" semType="phsu"/><RxNorm RxCui="7823"/></Normalization></entity><entity charOffset="0:7" id="Dailymed.11d14362-8f69-4c30-b487-5d05f6462bd7.s.69.e.1" text="quinine" type="Biomedical_Entity"><Normalization><mmtx cui="C0034417" phraseText="Quinine" preferredWord="Quinine" semType="phsu, orch"/><RxNorm RxCui="9071"/></Normalization></entity><entity charOffset="56:72" id="Dailymed.11d14362-8f69-4c30-b487-5d05f6462bd7.s.69.e.2" text="no data" type="Biomedical_Entity"><Normalization><mmtx cui="C1572381" phraseText="no adequate data as to quinidine's effect" preferredWord="No Data re: Ingredient" semType="phsu"/><RxNorm RxCui="53704"/></Normalization></entity><entity charOffset="79:90" id="Dailymed.11d14362-8f69-4c30-b487-5d05f6462bd7.s.69.e.3" text="quinidine's" type="Biomedical_Entity"><Normalization><mmtx cui="C0034414" phraseText="no adequate data as to quinidine's effect" preferredWord="Quinidine" semType="phsu, orch"/><RxNorm RxCui="9068"/></Normalization></entity><pair ddi="false" e1="Dailymed.11d14362-8f69-4c30-b487-5d05f6462bd7.s.69.e.1" e2="Dailymed.11d14362-8f69-4c30-b487-5d05f6462bd7.s.69.e.0"/><pair ddi="false" e1="Dailymed.11d14362-8f69-4c30-b487-5d05f6462bd7.s.69.e.0" e2="Dailymed.11d14362-8f69-4c30-b487-5d05f6462bd7.s.69.e.2"/><pair ddi="false" e1="Dailymed.11d14362-8f69-4c30-b487-5d05f6462bd7.s.69.e.0" e2="Dailymed.11d14362-8f69-4c30-b487-5d05f6462bd7.s.69.e.3"/><pair ddi="false" e1="Dailymed.11d14362-8f69-4c30-b487-5d05f6462bd7.s.69.e.1" e2="Dailymed.11d14362-8f69-4c30-b487-5d05f6462bd7.s.69.e.2"/><pair ddi="false" e1="Dailymed.11d14362-8f69-4c30-b487-5d05f6462bd7.s.69.e.1" e2="Dailymed.11d14362-8f69-4c30-b487-5d05f6462bd7.s.69.e.3"/><pair ddi="false" e1="Dailymed.11d14362-8f69-4c30-b487-5d05f6462bd7.s.69.e.2" e2="Dailymed.11d14362-8f69-4c30-b487-5d05f6462bd7.s.69.e.3"/></sentence><sentence id="Dailymed.11d14362-8f69-4c30-b487-5d05f6462bd7.s.73" text="Administration of quinidine should (if possible) be avoided in lactating women who continue to nurse." type="negative"><entity charOffset="63:72" id="Dailymed.11d14362-8f69-4c30-b487-5d05f6462bd7.s.73.e.0" text="lactating" type="Biomedical_Entity"><Normalization><mmtx cui="C0376261" phraseText="avoided in lactating women" preferredWord="Lactate" semType="phsu, orch"/><RxNorm RxCui="114202"/></Normalization></entity><entity charOffset="18:27" id="Dailymed.11d14362-8f69-4c30-b487-5d05f6462bd7.s.73.e.1" text="quinidine" type="Biomedical_Entity"><Normalization><mmtx cui="C0034414" phraseText="Administration of quinidine" preferredWord="Quinidine" semType="phsu, orch"/><RxNorm RxCui="9068"/></Normalization></entity><pair ddi="false" e1="Dailymed.11d14362-8f69-4c30-b487-5d05f6462bd7.s.73.e.1" e2="Dailymed.11d14362-8f69-4c30-b487-5d05f6462bd7.s.73.e.0"/></sentence><sentence id="Dailymed.11d14362-8f69-4c30-b487-5d05f6462bd7.s.75" text="In antimalarial trials, quinidine was as safe and effective in pediatric patients as in adults. " type="negative"><entity charOffset="3:15" id="Dailymed.11d14362-8f69-4c30-b487-5d05f6462bd7.s.75.e.0" text="antimalarial" type="Biomedical_Entity"><Normalization><mmtx cui="C3536844" phraseText="In antimalarial trials," preferredWord="Antimalarial [EPC]" semType="phsu"/><RxNorm RxCui="975"/></Normalization></entity><entity charOffset="24:33" id="Dailymed.11d14362-8f69-4c30-b487-5d05f6462bd7.s.75.e.1" text="quinidine" type="Biomedical_Entity"><Normalization><mmtx cui="C0034414" phraseText="quinidine" preferredWord="Quinidine" semType="phsu, orch"/><RxNorm RxCui="9068"/></Normalization></entity><pair ddi="false" e1="Dailymed.11d14362-8f69-4c30-b487-5d05f6462bd7.s.75.e.0" e2="Dailymed.11d14362-8f69-4c30-b487-5d05f6462bd7.s.75.e.1"/></sentence><positiveExamples number="27"/><negativeExamples number="120"/></document>