<?xml version="1.0" encoding="UTF-8" standalone="no"?><document setID="13b13720-f64d-11df-93a0-0002a5d5c51b"><labelDrug name="Cardene I.V."><Normalization><mmtx cui="C1449903" preferredWord="Cardene I.V." semType="phsu, orch"/></Normalization></labelDrug><generic name="nicardipine hydrochloride"/><sentence id="Dailymed.13b13720-f64d-11df-93a0-0002a5d5c51b.s.3" text="Cardene (nicardipine HCI) is a calcium ion influx inhibitor (slow channel blocker or calcium channel blocker)." type="negative"><entity charOffset="85:108" id="Dailymed.13b13720-f64d-11df-93a0-0002a5d5c51b.s.3.e.0" text="calcium channel blocker" type="Biomedical_Entity"><Normalization><mmtx cui="C3536851" phraseText="calcium channel blocker" preferredWord="Calcium Channel Blocker [EPC]" semType="phsu"/><RxNorm RxCui="1895"/></Normalization></entity><entity charOffset="31:42" id="Dailymed.13b13720-f64d-11df-93a0-0002a5d5c51b.s.3.e.1" text="calcium ion" type="Biomedical_Entity"><Normalization><mmtx cui="C0596235" phraseText="a calcium ion influx inhibitor" preferredWord="Calcium ion" semType="phsu, elii"/><RxNorm RxCui="1895"/></Normalization></entity><entity charOffset="0:7" id="Dailymed.13b13720-f64d-11df-93a0-0002a5d5c51b.s.3.e.2" text="cardene" type="Biomedical_Entity"><Normalization><mmtx cui="C0591232" phraseText="Cardene" preferredWord="Cardene" semType="phsu, orch"/><RxNorm RxCui="151490"/></Normalization></entity><entity charOffset="66:81" id="Dailymed.13b13720-f64d-11df-93a0-0002a5d5c51b.s.3.e.3" text="channel blocker" type="Biomedical_Entity"><Normalization><mmtx cui="C0870261" phraseText="(slow channel blocker" preferredWord="channel blockers" semType="phsu"/><RxNorm RxCui="20793"/></Normalization></entity><entity charOffset="9:20" id="Dailymed.13b13720-f64d-11df-93a0-0002a5d5c51b.s.3.e.4" text="nicardipine" type="Biomedical_Entity"><Normalization><mmtx cui="C0028005" phraseText="(nicardipine HCI)" preferredWord="Nicardipine" semType="phsu, orch"/><RxNorm RxCui="235230"/></Normalization></entity><pair ddi="false" e1="Dailymed.13b13720-f64d-11df-93a0-0002a5d5c51b.s.3.e.1" e2="Dailymed.13b13720-f64d-11df-93a0-0002a5d5c51b.s.3.e.0"/><pair ddi="false" e1="Dailymed.13b13720-f64d-11df-93a0-0002a5d5c51b.s.3.e.2" e2="Dailymed.13b13720-f64d-11df-93a0-0002a5d5c51b.s.3.e.0"/><pair ddi="false" e1="Dailymed.13b13720-f64d-11df-93a0-0002a5d5c51b.s.3.e.3" e2="Dailymed.13b13720-f64d-11df-93a0-0002a5d5c51b.s.3.e.0"/><pair ddi="false" e1="Dailymed.13b13720-f64d-11df-93a0-0002a5d5c51b.s.3.e.4" e2="Dailymed.13b13720-f64d-11df-93a0-0002a5d5c51b.s.3.e.0"/><pair ddi="false" e1="Dailymed.13b13720-f64d-11df-93a0-0002a5d5c51b.s.3.e.2" e2="Dailymed.13b13720-f64d-11df-93a0-0002a5d5c51b.s.3.e.1"/><pair ddi="false" e1="Dailymed.13b13720-f64d-11df-93a0-0002a5d5c51b.s.3.e.1" e2="Dailymed.13b13720-f64d-11df-93a0-0002a5d5c51b.s.3.e.3"/><pair ddi="false" e1="Dailymed.13b13720-f64d-11df-93a0-0002a5d5c51b.s.3.e.4" e2="Dailymed.13b13720-f64d-11df-93a0-0002a5d5c51b.s.3.e.1"/><pair ddi="false" e1="Dailymed.13b13720-f64d-11df-93a0-0002a5d5c51b.s.3.e.2" e2="Dailymed.13b13720-f64d-11df-93a0-0002a5d5c51b.s.3.e.3"/><pair ddi="false" e1="Dailymed.13b13720-f64d-11df-93a0-0002a5d5c51b.s.3.e.2" e2="Dailymed.13b13720-f64d-11df-93a0-0002a5d5c51b.s.3.e.4"/><pair ddi="false" e1="Dailymed.13b13720-f64d-11df-93a0-0002a5d5c51b.s.3.e.4" e2="Dailymed.13b13720-f64d-11df-93a0-0002a5d5c51b.s.3.e.3"/></sentence><sentence biomedicalEntities="2" id="Dailymed.13b13720-f64d-11df-93a0-0002a5d5c51b.s.13" lineNumber="17" text="Titrate slowly when using Cardene I.V., particularly in combination with a beta-blocker, in patients with heart failure or significant left ventricular dysfunction because of possible negative inotropic effects." type="regular"><entity charOffset="26:38" id="Dailymed.13b13720-f64d-11df-93a0-0002a5d5c51b.s.13.e.0" text="Cardene I.V." type="Drug"><Normalization><mmtx cui="C1449903" phraseText="Cardene I.V., particularly in combination" preferredWord="Cardene I.V." semType="phsu, orch"/><RxNorm RxCui="151490"/></Normalization></entity><entity charOffset="75:87" id="Dailymed.13b13720-f64d-11df-93a0-0002a5d5c51b.s.13.e.1" text="beta-blocker" type="Drug_Class"><Normalization><mmtx cui="C0001645" phraseText="with a beta-blocker," preferredWord="Adrenergic beta-Antagonists" semType="phsu"/><RxNorm RxCui="371"/></Normalization></entity><entity charOffset="106:119" id="Dailymed.13b13720-f64d-11df-93a0-0002a5d5c51b.s.13.e.2" text="heart failure" type="SPAN"><Normalization><mmtx cui="C0018801" phraseText="with heart failure" preferredWord="Heart failure" semType="dsyn"/><mmtx cui="C0018802" phraseText="with heart failure" preferredWord="Congestive heart failure" semType="dsyn"/></Normalization></entity><entity charOffset="184:210" id="Dailymed.13b13720-f64d-11df-93a0-0002a5d5c51b.s.13.e.3" text="negative inotropic effects" type="Specific_Interaction"/><entity charOffset="135:163" id="Dailymed.13b13720-f64d-11df-93a0-0002a5d5c51b.s.13.e.5" text="left ventricular dysfunction" type="SPAN"/><drugInteraction id="Dailymed.13b13720-f64d-11df-93a0-0002a5d5c51b.s.13.ddi.1"><interaction trigger="Dailymed.13b13720-f64d-11df-93a0-0002a5d5c51b.s.13.e.3"><relations><relation type="hasContext"><entity id="Dailymed.13b13720-f64d-11df-93a0-0002a5d5c51b.s.13.e.2"/></relation><relation type="hasPrecipitant"><entity id="Dailymed.13b13720-f64d-11df-93a0-0002a5d5c51b.s.13.e.1"/></relation><relation type="hasObject"><entity id="Dailymed.13b13720-f64d-11df-93a0-0002a5d5c51b.s.13.e.0"/></relation><relation type="hasContext"><entity id="Dailymed.13b13720-f64d-11df-93a0-0002a5d5c51b.s.13.e.5"/></relation></relations></interaction></drugInteraction><pair context="Dailymed.13b13720-f64d-11df-93a0-0002a5d5c51b.s.13.e.2, Dailymed.13b13720-f64d-11df-93a0-0002a5d5c51b.s.13.e.5" ddi="true" e1="Dailymed.13b13720-f64d-11df-93a0-0002a5d5c51b.s.13.e.0" e2="Dailymed.13b13720-f64d-11df-93a0-0002a5d5c51b.s.13.e.1" trigger="Dailymed.13b13720-f64d-11df-93a0-0002a5d5c51b.s.13.e.3" type="Specific_Interaction"/></sentence><sentence id="Dailymed.13b13720-f64d-11df-93a0-0002a5d5c51b.s.28" text="In most patients, Cardene   I.V. can safely be used concomitantly with beta-blockers. " type="negative"><entity charOffset="71:84" id="Dailymed.13b13720-f64d-11df-93a0-0002a5d5c51b.s.28.e.0" text="beta-blockers" type="Biomedical_Entity"><Normalization><mmtx cui="C0001645" phraseText="concomitantly with beta-blockers." preferredWord="Adrenergic beta-Antagonists" semType="phsu"/><RxNorm RxCui="371"/></Normalization></entity><entity charOffset="18:25" id="Dailymed.13b13720-f64d-11df-93a0-0002a5d5c51b.s.28.e.1" text="cardene" type="Biomedical_Entity"><Normalization><mmtx cui="C0591232" phraseText="Cardene" preferredWord="Cardene" semType="phsu, orch"/><RxNorm RxCui="151490"/></Normalization></entity><pair ddi="false" e1="Dailymed.13b13720-f64d-11df-93a0-0002a5d5c51b.s.28.e.1" e2="Dailymed.13b13720-f64d-11df-93a0-0002a5d5c51b.s.28.e.0"/></sentence><sentence biomedicalEntities="2" id="Dailymed.13b13720-f64d-11df-93a0-0002a5d5c51b.s.29" lineNumber="37" text="However, titrate slowly when using Cardene   I.V. in combination with a beta-blocker in heart failure patients." type="regular"><entity charOffset="35:49" id="Dailymed.13b13720-f64d-11df-93a0-0002a5d5c51b.s.29.e.0" text="Cardene ® I.V." type="Drug"><Normalization><mmtx cui="C0591232" phraseText="Cardene" preferredWord="Cardene" semType="phsu, orch"/><RxNorm RxCui="151490"/></Normalization></entity><entity charOffset="72:84" id="Dailymed.13b13720-f64d-11df-93a0-0002a5d5c51b.s.29.e.1" text="beta-blocker" type="Drug_Class"><Normalization><mmtx cui="C0001645" phraseText="with a beta-blocker" preferredWord="Adrenergic beta-Antagonists" semType="phsu"/><RxNorm RxCui="371"/></Normalization></entity><entity charOffset="88:101" id="Dailymed.13b13720-f64d-11df-93a0-0002a5d5c51b.s.29.e.2" text="heart failure" type="SPAN"><Normalization><mmtx cui="C0018801" phraseText="in heart failure patients." preferredWord="Heart failure" semType="dsyn"/><mmtx cui="C0018802" phraseText="in heart failure patients." preferredWord="Congestive heart failure" semType="dsyn"/></Normalization></entity><entity charOffset="9:23" id="Dailymed.13b13720-f64d-11df-93a0-0002a5d5c51b.s.29.e.3" text="titrate slowly" type="Caution_Interaction"/><drugInteraction id="Dailymed.13b13720-f64d-11df-93a0-0002a5d5c51b.s.29.ddi.1"><interaction trigger="Dailymed.13b13720-f64d-11df-93a0-0002a5d5c51b.s.29.e.3"><relations><relation type="hasPrecipitant"><entity id="Dailymed.13b13720-f64d-11df-93a0-0002a5d5c51b.s.29.e.1"/></relation><relation type="hasObject"><entity id="Dailymed.13b13720-f64d-11df-93a0-0002a5d5c51b.s.29.e.0"/></relation><relation type="hasContext"><entity id="Dailymed.13b13720-f64d-11df-93a0-0002a5d5c51b.s.29.e.2"/></relation></relations></interaction></drugInteraction><pair context="Dailymed.13b13720-f64d-11df-93a0-0002a5d5c51b.s.29.e.2" ddi="true" e1="Dailymed.13b13720-f64d-11df-93a0-0002a5d5c51b.s.29.e.0" e2="Dailymed.13b13720-f64d-11df-93a0-0002a5d5c51b.s.29.e.1" trigger="Dailymed.13b13720-f64d-11df-93a0-0002a5d5c51b.s.29.e.3" type="Caution_Interaction"/></sentence><sentence biomedicalEntities="3" id="Dailymed.13b13720-f64d-11df-93a0-0002a5d5c51b.s.31" lineNumber="41" text="Cimetidine has been shown to increase nicardipine plasma concentrations with oral nicardipine administration. " type="regular"><anaphoraRelation><anaphoraEntity charOffset="77:93" id="Dailymed.13b13720-f64d-11df-93a0-0002a5d5c51b.s.31.e.4" text="oral nicardipine" type="Drug"/><antecedentEntity charOffset="38-49" id="Dailymed.13b13720-f64d-11df-93a0-0002a5d5c51b.s.31.e.3" text="nicardipine" type="Drug"/></anaphoraRelation><entity charOffset="29:37|50:71" id="Dailymed.13b13720-f64d-11df-93a0-0002a5d5c51b.s.31.e.0" text="increase plasma concentrations" type="Increase_Interaction"/><entity charOffset="0:10" id="Dailymed.13b13720-f64d-11df-93a0-0002a5d5c51b.s.31.e.2" text="Cimetidine" type="Drug"><Normalization><mmtx cui="C0008783" phraseText="Cimetidine" preferredWord="Cimetidine" semType="phsu, orch"/><RxNorm RxCui="2541"/></Normalization></entity><entity charOffset="38:49" id="Dailymed.13b13720-f64d-11df-93a0-0002a5d5c51b.s.31.e.3" text="nicardipine" type="Drug"><Normalization><mmtx cui="C0028005" phraseText="nicardipine plasma concentrations with oral nicardipine administration." preferredWord="Nicardipine" semType="phsu, orch"/><mmtx cui="C0028005" phraseText="nicardipine plasma concentrations with oral nicardipine administration." preferredWord="Nicardipine" semType="phsu, orch"/><RxNorm RxCui="235230"/></Normalization></entity><entity charOffset="77:93" id="Dailymed.13b13720-f64d-11df-93a0-0002a5d5c51b.s.31.e.4" text="oral nicardipine" type="Drug"><Normalization><RxNorm RxCui="NA"/></Normalization></entity><drugInteraction id="Dailymed.13b13720-f64d-11df-93a0-0002a5d5c51b.s.31.ddi.1"><interaction trigger="Dailymed.13b13720-f64d-11df-93a0-0002a5d5c51b.s.31.e.0"><relations><relation type="hasObject"><entity id="Dailymed.13b13720-f64d-11df-93a0-0002a5d5c51b.s.31.e.3"/></relation><relation type="hasPrecipitant"><entity id="Dailymed.13b13720-f64d-11df-93a0-0002a5d5c51b.s.31.e.2"/></relation></relations></interaction></drugInteraction><pair ddi="true" e1="Dailymed.13b13720-f64d-11df-93a0-0002a5d5c51b.s.31.e.2" e2="Dailymed.13b13720-f64d-11df-93a0-0002a5d5c51b.s.31.e.3" trigger="Dailymed.13b13720-f64d-11df-93a0-0002a5d5c51b.s.31.e.0" type="Increase_Interaction"/></sentence><sentence biomedicalEntities="0" id="Dailymed.13b13720-f64d-11df-93a0-0002a5d5c51b.s.32" lineNumber="41" text="Frequently monitor response in patients receiving both drugs. " type="irregular"><entity charOffset="11:18" id="Dailymed.13b13720-f64d-11df-93a0-0002a5d5c51b.s.32.e.0" text="monitor" type="Caution_Interaction"/><drugInteraction id="Dailymed.13b13720-f64d-11df-93a0-0002a5d5c51b.s.32.ddi.1"><interaction trigger="Dailymed.13b13720-f64d-11df-93a0-0002a5d5c51b.s.32.e.0"><relations><relation type="hasPrecipitant"><ellipsisSentence id="Dailymed.13b13720-f64d-11df-93a0-0002a5d5c51b.s.31" text="Cimetidine has been shown to increase nicardipine plasma concentrations with oral nicardipine administration. "><entity id="Dailymed.13b13720-f64d-11df-93a0-0002a5d5c51b.s.31.e.2"/></ellipsisSentence></relation><relation type="hasObject"><ellipsisSentence id="Dailymed.13b13720-f64d-11df-93a0-0002a5d5c51b.s.31" text="Cimetidine has been shown to increase nicardipine plasma concentrations with oral nicardipine administration. "><entity id="Dailymed.13b13720-f64d-11df-93a0-0002a5d5c51b.s.31.e.4"/></ellipsisSentence></relation></relations></interaction></drugInteraction></sentence><sentence biomedicalEntities="2" id="Dailymed.13b13720-f64d-11df-93a0-0002a5d5c51b.s.35" lineNumber="45" text="Concomitant administration of oral nicardipine and cyclosporine results in elevated plasma cyclosporine levels. " type="regular"><entity charOffset="30:46" id="Dailymed.13b13720-f64d-11df-93a0-0002a5d5c51b.s.35.e.0" text="oral nicardipine" type="Drug"><Normalization><mmtx cui="C0028005" phraseText="Concomitant administration of oral nicardipine" preferredWord="Nicardipine" semType="phsu, orch"/><RxNorm RxCui="NA"/></Normalization></entity><entity charOffset="75:90|104:110" id="Dailymed.13b13720-f64d-11df-93a0-0002a5d5c51b.s.35.e.1" text="elevated plasma levels" type="Increase_Interaction"/><entity charOffset="91:103" id="Dailymed.13b13720-f64d-11df-93a0-0002a5d5c51b.s.35.e.3" text="cyclosporine" type="Drug"><Normalization><mmtx cui="C0010592" phraseText="results in elevated plasma cyclosporine levels." preferredWord="Cyclosporine" semType="phsu, aapp"/><mmtx cui="C0010592" phraseText="results in elevated plasma cyclosporine levels." preferredWord="Cyclosporine" semType="phsu, aapp"/><RxNorm RxCui="3008"/></Normalization></entity><drugInteraction id="Dailymed.13b13720-f64d-11df-93a0-0002a5d5c51b.s.35.ddi.1"><interaction trigger="Dailymed.13b13720-f64d-11df-93a0-0002a5d5c51b.s.35.e.1"><relations><relation type="hasObject"><entity id="Dailymed.13b13720-f64d-11df-93a0-0002a5d5c51b.s.35.e.3"/></relation><relation type="hasPrecipitant"><entity id="Dailymed.13b13720-f64d-11df-93a0-0002a5d5c51b.s.35.e.0"/></relation></relations></interaction></drugInteraction><pair ddi="true" e1="Dailymed.13b13720-f64d-11df-93a0-0002a5d5c51b.s.35.e.0" e2="Dailymed.13b13720-f64d-11df-93a0-0002a5d5c51b.s.35.e.3" trigger="Dailymed.13b13720-f64d-11df-93a0-0002a5d5c51b.s.35.e.1" type="Increase_Interaction"/></sentence><sentence biomedicalEntities="3" id="Dailymed.13b13720-f64d-11df-93a0-0002a5d5c51b.s.36" lineNumber="45" text="Closely monitor plasma concentrations of cyclosporine during Cardene   I.V. administration, and reduce the dose of cyclosporine accordingly." type="regular"><entity charOffset="8:15" id="Dailymed.13b13720-f64d-11df-93a0-0002a5d5c51b.s.36.e.0" text="monitor" type="Caution_Interaction"/><entity charOffset="41:53" id="Dailymed.13b13720-f64d-11df-93a0-0002a5d5c51b.s.36.e.2" text="cyclosporine" type="Drug"><Normalization><mmtx cui="C0010592" phraseText="plasma concentrations of cyclosporine" preferredWord="Cyclosporine" semType="phsu, aapp"/><mmtx cui="C0010592" phraseText="plasma concentrations of cyclosporine" preferredWord="Cyclosporine" semType="phsu, aapp"/><RxNorm RxCui="3008"/></Normalization></entity><entity charOffset="61:75" id="Dailymed.13b13720-f64d-11df-93a0-0002a5d5c51b.s.36.e.3" text="Cardene ® I.V." type="Drug"><Normalization><mmtx cui="C1449903" phraseText="during Cardene   I.V. administration," preferredWord="Cardene I.V." semType="phsu, orch"/><RxNorm RxCui="151490"/></Normalization></entity><entity charOffset="96:111" id="Dailymed.13b13720-f64d-11df-93a0-0002a5d5c51b.s.36.e.4" text="reduce the dose" type="Caution_Interaction"/><entity charOffset="115:127" id="Dailymed.13b13720-f64d-11df-93a0-0002a5d5c51b.s.36.e.6" text="cyclosporine" type="Drug"><Normalization><mmtx cui="C0010592" phraseText="the dose of cyclosporine accordingly." preferredWord="Cyclosporine" semType="phsu, aapp"/><RxNorm RxCui="3008"/></Normalization></entity><drugInteraction id="Dailymed.13b13720-f64d-11df-93a0-0002a5d5c51b.s.36.ddi.1"><interaction trigger="Dailymed.13b13720-f64d-11df-93a0-0002a5d5c51b.s.36.e.0"><relations><relation type="hasPrecipitant"><entity id="Dailymed.13b13720-f64d-11df-93a0-0002a5d5c51b.s.36.e.3"/></relation><relation type="hasObject"><entity id="Dailymed.13b13720-f64d-11df-93a0-0002a5d5c51b.s.36.e.2"/></relation></relations></interaction></drugInteraction><drugInteraction id="Dailymed.13b13720-f64d-11df-93a0-0002a5d5c51b.s.36.ddi.2"><interaction trigger="Dailymed.13b13720-f64d-11df-93a0-0002a5d5c51b.s.36.e.4"><relations><relation type="hasObject"><entity id="Dailymed.13b13720-f64d-11df-93a0-0002a5d5c51b.s.36.e.6"/></relation><relation type="hasPrecipitant"><entity id="Dailymed.13b13720-f64d-11df-93a0-0002a5d5c51b.s.36.e.3"/></relation></relations></interaction></drugInteraction><pair ddi="true" e1="Dailymed.13b13720-f64d-11df-93a0-0002a5d5c51b.s.36.e.2" e2="Dailymed.13b13720-f64d-11df-93a0-0002a5d5c51b.s.36.e.3" trigger="Dailymed.13b13720-f64d-11df-93a0-0002a5d5c51b.s.36.e.0" type="Caution_Interaction"/><pair ddi="true" e1="Dailymed.13b13720-f64d-11df-93a0-0002a5d5c51b.s.36.e.3" e2="Dailymed.13b13720-f64d-11df-93a0-0002a5d5c51b.s.36.e.6" trigger="Dailymed.13b13720-f64d-11df-93a0-0002a5d5c51b.s.36.e.4" type="Caution_Interaction"/></sentence><sentence id="Dailymed.13b13720-f64d-11df-93a0-0002a5d5c51b.s.38" text="The plasma protein binding of nicardipine was not altered when therapeutic concentrations of furosemide, propranolol, dipyridamole, warfarin, quinidine, or naproxen were added to human plasma in vitro." type="negative"><entity charOffset="179:191" id="Dailymed.13b13720-f64d-11df-93a0-0002a5d5c51b.s.38.e.0" text="human plasma" type="Biomedical_Entity"><Normalization><mmtx cui="C0544357" phraseText="added to human plasma" preferredWord="Human plasma" semType="phsu"/><RxNorm RxCui="831503"/></Normalization></entity><entity charOffset="142:151" id="Dailymed.13b13720-f64d-11df-93a0-0002a5d5c51b.s.38.e.1" text="quinidine" type="Biomedical_Entity"><Normalization><mmtx cui="C0034414" phraseText="quinidine," preferredWord="Quinidine" semType="phsu, orch"/><RxNorm RxCui="9068"/></Normalization></entity><entity charOffset="118:130" id="Dailymed.13b13720-f64d-11df-93a0-0002a5d5c51b.s.38.e.2" text="dipyridamole" type="Biomedical_Entity"><Normalization><mmtx cui="C0012582" phraseText="dipyridamole," preferredWord="Dipyridamole" semType="phsu, orch"/><RxNorm RxCui="3521"/></Normalization></entity><entity charOffset="93:103" id="Dailymed.13b13720-f64d-11df-93a0-0002a5d5c51b.s.38.e.3" text="furosemide" type="Biomedical_Entity"><Normalization><mmtx cui="C0016860" phraseText="therapeutic concentrations of furosemide," preferredWord="Furosemide" semType="phsu, orch"/><RxNorm RxCui="4603"/></Normalization></entity><entity charOffset="156:164" id="Dailymed.13b13720-f64d-11df-93a0-0002a5d5c51b.s.38.e.4" text="naproxen" type="Biomedical_Entity"><Normalization><mmtx cui="C0027396" phraseText="naproxen" preferredWord="Naproxen" semType="phsu, orch"/><RxNorm RxCui="7258"/></Normalization></entity><entity charOffset="105:116" id="Dailymed.13b13720-f64d-11df-93a0-0002a5d5c51b.s.38.e.5" text="propranolol" type="Biomedical_Entity"><Normalization><mmtx cui="C0033497" phraseText="propranolol," preferredWord="Propranolol" semType="phsu, orch"/><RxNorm RxCui="82084"/></Normalization></entity><entity charOffset="30:41" id="Dailymed.13b13720-f64d-11df-93a0-0002a5d5c51b.s.38.e.6" text="nicardipine" type="Biomedical_Entity"><Normalization><mmtx cui="C0028005" phraseText="The plasma protein binding of nicardipine" preferredWord="Nicardipine" semType="phsu, orch"/><RxNorm RxCui="235230"/></Normalization></entity><entity charOffset="132:140" id="Dailymed.13b13720-f64d-11df-93a0-0002a5d5c51b.s.38.e.7" text="warfarin" type="Biomedical_Entity"><Normalization><mmtx cui="C0043031" phraseText="warfarin," preferredWord="Warfarin" semType="phsu, orch, hops"/><RxNorm RxCui="11289"/></Normalization></entity><pair ddi="false" e1="Dailymed.13b13720-f64d-11df-93a0-0002a5d5c51b.s.38.e.1" e2="Dailymed.13b13720-f64d-11df-93a0-0002a5d5c51b.s.38.e.0"/><pair ddi="false" e1="Dailymed.13b13720-f64d-11df-93a0-0002a5d5c51b.s.38.e.2" e2="Dailymed.13b13720-f64d-11df-93a0-0002a5d5c51b.s.38.e.0"/><pair ddi="false" e1="Dailymed.13b13720-f64d-11df-93a0-0002a5d5c51b.s.38.e.3" e2="Dailymed.13b13720-f64d-11df-93a0-0002a5d5c51b.s.38.e.0"/><pair ddi="false" e1="Dailymed.13b13720-f64d-11df-93a0-0002a5d5c51b.s.38.e.4" e2="Dailymed.13b13720-f64d-11df-93a0-0002a5d5c51b.s.38.e.0"/><pair ddi="false" e1="Dailymed.13b13720-f64d-11df-93a0-0002a5d5c51b.s.38.e.5" e2="Dailymed.13b13720-f64d-11df-93a0-0002a5d5c51b.s.38.e.0"/><pair ddi="false" e1="Dailymed.13b13720-f64d-11df-93a0-0002a5d5c51b.s.38.e.6" e2="Dailymed.13b13720-f64d-11df-93a0-0002a5d5c51b.s.38.e.0"/><pair ddi="false" e1="Dailymed.13b13720-f64d-11df-93a0-0002a5d5c51b.s.38.e.7" e2="Dailymed.13b13720-f64d-11df-93a0-0002a5d5c51b.s.38.e.0"/><pair ddi="false" e1="Dailymed.13b13720-f64d-11df-93a0-0002a5d5c51b.s.38.e.2" e2="Dailymed.13b13720-f64d-11df-93a0-0002a5d5c51b.s.38.e.1"/><pair ddi="false" e1="Dailymed.13b13720-f64d-11df-93a0-0002a5d5c51b.s.38.e.3" e2="Dailymed.13b13720-f64d-11df-93a0-0002a5d5c51b.s.38.e.1"/><pair ddi="false" e1="Dailymed.13b13720-f64d-11df-93a0-0002a5d5c51b.s.38.e.1" e2="Dailymed.13b13720-f64d-11df-93a0-0002a5d5c51b.s.38.e.4"/><pair ddi="false" e1="Dailymed.13b13720-f64d-11df-93a0-0002a5d5c51b.s.38.e.5" e2="Dailymed.13b13720-f64d-11df-93a0-0002a5d5c51b.s.38.e.1"/><pair ddi="false" e1="Dailymed.13b13720-f64d-11df-93a0-0002a5d5c51b.s.38.e.6" e2="Dailymed.13b13720-f64d-11df-93a0-0002a5d5c51b.s.38.e.1"/><pair ddi="false" e1="Dailymed.13b13720-f64d-11df-93a0-0002a5d5c51b.s.38.e.7" e2="Dailymed.13b13720-f64d-11df-93a0-0002a5d5c51b.s.38.e.1"/><pair ddi="false" e1="Dailymed.13b13720-f64d-11df-93a0-0002a5d5c51b.s.38.e.3" e2="Dailymed.13b13720-f64d-11df-93a0-0002a5d5c51b.s.38.e.2"/><pair ddi="false" e1="Dailymed.13b13720-f64d-11df-93a0-0002a5d5c51b.s.38.e.2" e2="Dailymed.13b13720-f64d-11df-93a0-0002a5d5c51b.s.38.e.4"/><pair ddi="false" e1="Dailymed.13b13720-f64d-11df-93a0-0002a5d5c51b.s.38.e.5" e2="Dailymed.13b13720-f64d-11df-93a0-0002a5d5c51b.s.38.e.2"/><pair ddi="false" e1="Dailymed.13b13720-f64d-11df-93a0-0002a5d5c51b.s.38.e.6" e2="Dailymed.13b13720-f64d-11df-93a0-0002a5d5c51b.s.38.e.2"/><pair ddi="false" e1="Dailymed.13b13720-f64d-11df-93a0-0002a5d5c51b.s.38.e.2" e2="Dailymed.13b13720-f64d-11df-93a0-0002a5d5c51b.s.38.e.7"/><pair ddi="false" e1="Dailymed.13b13720-f64d-11df-93a0-0002a5d5c51b.s.38.e.3" e2="Dailymed.13b13720-f64d-11df-93a0-0002a5d5c51b.s.38.e.4"/><pair ddi="false" e1="Dailymed.13b13720-f64d-11df-93a0-0002a5d5c51b.s.38.e.3" e2="Dailymed.13b13720-f64d-11df-93a0-0002a5d5c51b.s.38.e.5"/><pair ddi="false" e1="Dailymed.13b13720-f64d-11df-93a0-0002a5d5c51b.s.38.e.6" e2="Dailymed.13b13720-f64d-11df-93a0-0002a5d5c51b.s.38.e.3"/><pair ddi="false" e1="Dailymed.13b13720-f64d-11df-93a0-0002a5d5c51b.s.38.e.3" e2="Dailymed.13b13720-f64d-11df-93a0-0002a5d5c51b.s.38.e.7"/><pair ddi="false" e1="Dailymed.13b13720-f64d-11df-93a0-0002a5d5c51b.s.38.e.5" e2="Dailymed.13b13720-f64d-11df-93a0-0002a5d5c51b.s.38.e.4"/><pair ddi="false" e1="Dailymed.13b13720-f64d-11df-93a0-0002a5d5c51b.s.38.e.6" e2="Dailymed.13b13720-f64d-11df-93a0-0002a5d5c51b.s.38.e.4"/><pair ddi="false" e1="Dailymed.13b13720-f64d-11df-93a0-0002a5d5c51b.s.38.e.7" e2="Dailymed.13b13720-f64d-11df-93a0-0002a5d5c51b.s.38.e.4"/><pair ddi="false" e1="Dailymed.13b13720-f64d-11df-93a0-0002a5d5c51b.s.38.e.6" e2="Dailymed.13b13720-f64d-11df-93a0-0002a5d5c51b.s.38.e.5"/><pair ddi="false" e1="Dailymed.13b13720-f64d-11df-93a0-0002a5d5c51b.s.38.e.5" e2="Dailymed.13b13720-f64d-11df-93a0-0002a5d5c51b.s.38.e.7"/><pair ddi="false" e1="Dailymed.13b13720-f64d-11df-93a0-0002a5d5c51b.s.38.e.6" e2="Dailymed.13b13720-f64d-11df-93a0-0002a5d5c51b.s.38.e.7"/></sentence><sentence id="Dailymed.13b13720-f64d-11df-93a0-0002a5d5c51b.s.41" text="One- and three-month studies in the rat have suggested that these results are linked to a nicardipine-induced reduction in plasma thyroxine (T4) levels with a consequent increase in plasma levels of thyroid stimulating hormone (TSH). " type="negative"><entity charOffset="199:226" id="Dailymed.13b13720-f64d-11df-93a0-0002a5d5c51b.s.41.e.0" text="thyroid stimulating hormone" type="Biomedical_Entity"><Normalization><mmtx cui="C0040160" phraseText="of thyroid stimulating hormone (TSH)." preferredWord="Thyrotropin" semType="phsu, aapp, horm"/><RxNorm RxCui="1427940"/></Normalization></entity><entity charOffset="130:139" id="Dailymed.13b13720-f64d-11df-93a0-0002a5d5c51b.s.41.e.1" text="thyroxine" type="Biomedical_Entity"><Normalization><mmtx cui="C0040165" phraseText="in plasma thyroxine" preferredWord="Thyroxine" semType="phsu, aapp, horm"/><RxNorm RxCui="10582"/></Normalization></entity><entity charOffset="90:101" id="Dailymed.13b13720-f64d-11df-93a0-0002a5d5c51b.s.41.e.2" text="nicardipine" type="Biomedical_Entity"><Normalization><mmtx cui="C0028005" phraseText="linked to a nicardipine-induced reduction" preferredWord="Nicardipine" semType="phsu, orch"/><RxNorm RxCui="235230"/></Normalization></entity><pair ddi="false" e1="Dailymed.13b13720-f64d-11df-93a0-0002a5d5c51b.s.41.e.1" e2="Dailymed.13b13720-f64d-11df-93a0-0002a5d5c51b.s.41.e.0"/><pair ddi="false" e1="Dailymed.13b13720-f64d-11df-93a0-0002a5d5c51b.s.41.e.2" e2="Dailymed.13b13720-f64d-11df-93a0-0002a5d5c51b.s.41.e.0"/><pair ddi="false" e1="Dailymed.13b13720-f64d-11df-93a0-0002a5d5c51b.s.41.e.2" e2="Dailymed.13b13720-f64d-11df-93a0-0002a5d5c51b.s.41.e.1"/></sentence><sentence id="Dailymed.13b13720-f64d-11df-93a0-0002a5d5c51b.s.43" text="In rats on an iodine deficient diet, nicardipine administration for one month was associated with thyroid hyperplasia that was prevented by T4 supplementation. " type="negative"><entity charOffset="127:136" id="Dailymed.13b13720-f64d-11df-93a0-0002a5d5c51b.s.43.e.0" text="prevented" type="Biomedical_Entity"><Normalization><mmtx cui="C0309872" phraseText="prevented by T4 supplementation." preferredWord="PREVENT (product)" semType="phsu"/><RxNorm RxCui="1076824"/></Normalization></entity><entity charOffset="14:20" id="Dailymed.13b13720-f64d-11df-93a0-0002a5d5c51b.s.43.e.1" text="iodine" type="Biomedical_Entity"><Normalization><mmtx cui="C0021968" phraseText="on an iodine deficient diet," preferredWord="Iodine" semType="phsu, elii"/><RxNorm RxCui="5933"/></Normalization></entity><entity charOffset="37:48" id="Dailymed.13b13720-f64d-11df-93a0-0002a5d5c51b.s.43.e.2" text="nicardipine" type="Biomedical_Entity"><Normalization><mmtx cui="C0028005" phraseText="nicardipine administration for one month" preferredWord="Nicardipine" semType="phsu, orch"/><RxNorm RxCui="235230"/></Normalization></entity><pair ddi="false" e1="Dailymed.13b13720-f64d-11df-93a0-0002a5d5c51b.s.43.e.1" e2="Dailymed.13b13720-f64d-11df-93a0-0002a5d5c51b.s.43.e.0"/><pair ddi="false" e1="Dailymed.13b13720-f64d-11df-93a0-0002a5d5c51b.s.43.e.2" e2="Dailymed.13b13720-f64d-11df-93a0-0002a5d5c51b.s.43.e.0"/><pair ddi="false" e1="Dailymed.13b13720-f64d-11df-93a0-0002a5d5c51b.s.43.e.1" e2="Dailymed.13b13720-f64d-11df-93a0-0002a5d5c51b.s.43.e.2"/></sentence><sentence id="Dailymed.13b13720-f64d-11df-93a0-0002a5d5c51b.s.45" text="There was no evidence of thyroid pathology in dogs treated with up to 25 mg nicardipine/kg/day for one year and no evidence of effects of nicardipine on thyroid function (plasma T4 and TSH) in man. " type="negative"><entity charOffset="138:149" id="Dailymed.13b13720-f64d-11df-93a0-0002a5d5c51b.s.45.e.0" text="nicardipine" type="Biomedical_Entity"><Normalization><mmtx cui="C0028005" phraseText="no evidence of effects of nicardipine" preferredWord="Nicardipine" semType="phsu, orch"/><RxNorm RxCui="235230"/></Normalization></entity><entity charOffset="76:87" id="Dailymed.13b13720-f64d-11df-93a0-0002a5d5c51b.s.45.e.1" text="nicardipine" type="Biomedical_Entity"><Normalization><mmtx cui="C0028005" phraseText="up to 25 mg nicardipine/kg/day" preferredWord="Nicardipine" semType="phsu, orch"/><RxNorm RxCui="235230"/></Normalization></entity><entity charOffset="185:188" id="Dailymed.13b13720-f64d-11df-93a0-0002a5d5c51b.s.45.e.2" text="tsh" type="Biomedical_Entity"><Normalization><mmtx cui="C2825077" phraseText="TSH" preferredWord="Thyroid Stimulating Hormone [EPC]" semType="phsu"/><RxNorm RxCui="10579"/></Normalization></entity><pair ddi="false" e1="Dailymed.13b13720-f64d-11df-93a0-0002a5d5c51b.s.45.e.0" e2="Dailymed.13b13720-f64d-11df-93a0-0002a5d5c51b.s.45.e.2"/><pair ddi="false" e1="Dailymed.13b13720-f64d-11df-93a0-0002a5d5c51b.s.45.e.1" e2="Dailymed.13b13720-f64d-11df-93a0-0002a5d5c51b.s.45.e.2"/></sentence><sentence id="Dailymed.13b13720-f64d-11df-93a0-0002a5d5c51b.s.53" text="Hypotension, reflex tachycardia, postpartum hemorrhage, tocolysis, headache, nausea, dizziness, and flushing have been reported in pregnant women who were treated with intravenous nicardipine for hypertension during pregnancy. " type="negative"><entity charOffset="56:65" id="Dailymed.13b13720-f64d-11df-93a0-0002a5d5c51b.s.53.e.0" text="tocolysis" type="Biomedical_Entity"><Normalization><mmtx cui="C0040349" phraseText="tocolysis," preferredWord="Tocolytic Agents" semType="phsu"/><RxNorm RxCui="NA"/></Normalization></entity><entity charOffset="180:191" id="Dailymed.13b13720-f64d-11df-93a0-0002a5d5c51b.s.53.e.1" text="nicardipine" type="Biomedical_Entity"><Normalization><mmtx cui="C0028005" phraseText="treated with intravenous nicardipine" preferredWord="Nicardipine" semType="phsu, orch"/><RxNorm RxCui="235230"/></Normalization></entity><pair ddi="false" e1="Dailymed.13b13720-f64d-11df-93a0-0002a5d5c51b.s.53.e.0" e2="Dailymed.13b13720-f64d-11df-93a0-0002a5d5c51b.s.53.e.1"/></sentence><positiveExamples number="6"/><negativeExamples number="48"/></document>