<?xml version="1.0" encoding="UTF-8" standalone="no"?><document setID="146d5da7-8c9e-43a2-9a2a-19c0409a6e40"><labelDrug name="Lopressor HCT"><Normalization/></labelDrug><generic name="metoprolol tartrate and hydrochlorothiazide"/><sentence id="Dailymed.146d5da7-8c9e-43a2-9a2a-19c0409a6e40.s.2" text="metoprolol tartrate USP and hydrochlorothiazide USP" type="negative"><entity charOffset="0:19" id="Dailymed.146d5da7-8c9e-43a2-9a2a-19c0409a6e40.s.2.e.0" text="metoprolol tartrate" type="Biomedical_Entity"><Normalization><mmtx cui="C0700548" phraseText="metoprolol tartrate USP" preferredWord="Metoprolol Tartrate" semType="phsu, orch"/><RxNorm RxCui="6918"/></Normalization></entity><entity charOffset="28:47" id="Dailymed.146d5da7-8c9e-43a2-9a2a-19c0409a6e40.s.2.e.1" text="hydrochlorothiazide" type="Biomedical_Entity"><Normalization><mmtx cui="C0020261" phraseText="hydrochlorothiazide USP" preferredWord="Hydrochlorothiazide" semType="phsu, orch"/><RxNorm RxCui="5487"/></Normalization></entity><pair ddi="false" e1="Dailymed.146d5da7-8c9e-43a2-9a2a-19c0409a6e40.s.2.e.0" e2="Dailymed.146d5da7-8c9e-43a2-9a2a-19c0409a6e40.s.2.e.1"/></sentence><sentence id="Dailymed.146d5da7-8c9e-43a2-9a2a-19c0409a6e40.s.3" text="Lopressor HCT has the antihypertensive effect of Lopressor, metoprolol tartrate, a selective beta1-adrenoreceptor blocking agent, and the antihypertensive and diuretic actions of hydrochlorothiazide." type="negative"><entity charOffset="0:13" id="Dailymed.146d5da7-8c9e-43a2-9a2a-19c0409a6e40.s.3.e.0" text="lopressor hct" type="Biomedical_Entity"><Normalization><mmtx cui="C0721420" phraseText="Lopressor HCT" preferredWord="Lopressor HCT" semType="phsu, orch"/><RxNorm RxCui="203344"/></Normalization></entity><entity charOffset="60:79" id="Dailymed.146d5da7-8c9e-43a2-9a2a-19c0409a6e40.s.3.e.1" text="metoprolol tartrate" type="Biomedical_Entity"><Normalization><mmtx cui="C0700548" phraseText="metoprolol tartrate," preferredWord="Metoprolol Tartrate" semType="phsu, orch"/><RxNorm RxCui="6918"/></Normalization></entity><entity charOffset="179:198" id="Dailymed.146d5da7-8c9e-43a2-9a2a-19c0409a6e40.s.3.e.2" text="hydrochlorothiazide" type="Biomedical_Entity"><Normalization><mmtx cui="C0020261" phraseText="diuretic actions of hydrochlorothiazide." preferredWord="Hydrochlorothiazide" semType="phsu, orch"/><RxNorm RxCui="5487"/></Normalization></entity><entity charOffset="49:58" id="Dailymed.146d5da7-8c9e-43a2-9a2a-19c0409a6e40.s.3.e.3" text="lopressor" type="Biomedical_Entity"><Normalization><mmtx cui="C0700776" phraseText="the antihypertensive effect of Lopressor," preferredWord="Lopressor" semType="phsu, orch"/><RxNorm RxCui="203344"/></Normalization></entity><entity charOffset="22:38" id="Dailymed.146d5da7-8c9e-43a2-9a2a-19c0409a6e40.s.3.e.4" text="antihypertensive" type="Biomedical_Entity"><Normalization><mmtx cui="C0003364" phraseText="the antihypertensive effect of Lopressor," preferredWord="Antihypertensive Agents" semType="phsu"/><RxNorm RxCui="968"/></Normalization></entity><entity charOffset="159:167" id="Dailymed.146d5da7-8c9e-43a2-9a2a-19c0409a6e40.s.3.e.5" text="diuretic" type="Biomedical_Entity"><Normalization><mmtx cui="C0012798" phraseText="diuretic actions of hydrochlorothiazide." preferredWord="Diuretics" semType="phsu"/><RxNorm RxCui="3567"/></Normalization></entity><entity charOffset="138:154" id="Dailymed.146d5da7-8c9e-43a2-9a2a-19c0409a6e40.s.3.e.6" text="antihypertensive" type="Biomedical_Entity"><Normalization><mmtx cui="C0003364" phraseText="the antihypertensive" preferredWord="Antihypertensive Agents" semType="phsu"/><RxNorm RxCui="968"/></Normalization></entity><pair ddi="false" e1="Dailymed.146d5da7-8c9e-43a2-9a2a-19c0409a6e40.s.3.e.0" e2="Dailymed.146d5da7-8c9e-43a2-9a2a-19c0409a6e40.s.3.e.1"/><pair ddi="false" e1="Dailymed.146d5da7-8c9e-43a2-9a2a-19c0409a6e40.s.3.e.0" e2="Dailymed.146d5da7-8c9e-43a2-9a2a-19c0409a6e40.s.3.e.2"/><pair ddi="false" e1="Dailymed.146d5da7-8c9e-43a2-9a2a-19c0409a6e40.s.3.e.0" e2="Dailymed.146d5da7-8c9e-43a2-9a2a-19c0409a6e40.s.3.e.3"/><pair ddi="false" e1="Dailymed.146d5da7-8c9e-43a2-9a2a-19c0409a6e40.s.3.e.0" e2="Dailymed.146d5da7-8c9e-43a2-9a2a-19c0409a6e40.s.3.e.4"/><pair ddi="false" e1="Dailymed.146d5da7-8c9e-43a2-9a2a-19c0409a6e40.s.3.e.0" e2="Dailymed.146d5da7-8c9e-43a2-9a2a-19c0409a6e40.s.3.e.5"/><pair ddi="false" e1="Dailymed.146d5da7-8c9e-43a2-9a2a-19c0409a6e40.s.3.e.0" e2="Dailymed.146d5da7-8c9e-43a2-9a2a-19c0409a6e40.s.3.e.6"/><pair ddi="false" e1="Dailymed.146d5da7-8c9e-43a2-9a2a-19c0409a6e40.s.3.e.1" e2="Dailymed.146d5da7-8c9e-43a2-9a2a-19c0409a6e40.s.3.e.2"/><pair ddi="false" e1="Dailymed.146d5da7-8c9e-43a2-9a2a-19c0409a6e40.s.3.e.3" e2="Dailymed.146d5da7-8c9e-43a2-9a2a-19c0409a6e40.s.3.e.1"/><pair ddi="false" e1="Dailymed.146d5da7-8c9e-43a2-9a2a-19c0409a6e40.s.3.e.4" e2="Dailymed.146d5da7-8c9e-43a2-9a2a-19c0409a6e40.s.3.e.1"/><pair ddi="false" e1="Dailymed.146d5da7-8c9e-43a2-9a2a-19c0409a6e40.s.3.e.1" e2="Dailymed.146d5da7-8c9e-43a2-9a2a-19c0409a6e40.s.3.e.5"/><pair ddi="false" e1="Dailymed.146d5da7-8c9e-43a2-9a2a-19c0409a6e40.s.3.e.1" e2="Dailymed.146d5da7-8c9e-43a2-9a2a-19c0409a6e40.s.3.e.6"/><pair ddi="false" e1="Dailymed.146d5da7-8c9e-43a2-9a2a-19c0409a6e40.s.3.e.3" e2="Dailymed.146d5da7-8c9e-43a2-9a2a-19c0409a6e40.s.3.e.2"/><pair ddi="false" e1="Dailymed.146d5da7-8c9e-43a2-9a2a-19c0409a6e40.s.3.e.4" e2="Dailymed.146d5da7-8c9e-43a2-9a2a-19c0409a6e40.s.3.e.2"/><pair ddi="false" e1="Dailymed.146d5da7-8c9e-43a2-9a2a-19c0409a6e40.s.3.e.5" e2="Dailymed.146d5da7-8c9e-43a2-9a2a-19c0409a6e40.s.3.e.2"/><pair ddi="false" e1="Dailymed.146d5da7-8c9e-43a2-9a2a-19c0409a6e40.s.3.e.6" e2="Dailymed.146d5da7-8c9e-43a2-9a2a-19c0409a6e40.s.3.e.2"/><pair ddi="false" e1="Dailymed.146d5da7-8c9e-43a2-9a2a-19c0409a6e40.s.3.e.4" e2="Dailymed.146d5da7-8c9e-43a2-9a2a-19c0409a6e40.s.3.e.3"/><pair ddi="false" e1="Dailymed.146d5da7-8c9e-43a2-9a2a-19c0409a6e40.s.3.e.3" e2="Dailymed.146d5da7-8c9e-43a2-9a2a-19c0409a6e40.s.3.e.5"/><pair ddi="false" e1="Dailymed.146d5da7-8c9e-43a2-9a2a-19c0409a6e40.s.3.e.3" e2="Dailymed.146d5da7-8c9e-43a2-9a2a-19c0409a6e40.s.3.e.6"/><pair ddi="false" e1="Dailymed.146d5da7-8c9e-43a2-9a2a-19c0409a6e40.s.3.e.4" e2="Dailymed.146d5da7-8c9e-43a2-9a2a-19c0409a6e40.s.3.e.5"/><pair ddi="false" e1="Dailymed.146d5da7-8c9e-43a2-9a2a-19c0409a6e40.s.3.e.6" e2="Dailymed.146d5da7-8c9e-43a2-9a2a-19c0409a6e40.s.3.e.5"/></sentence><sentence id="Dailymed.146d5da7-8c9e-43a2-9a2a-19c0409a6e40.s.14" text="Hydrochlorothiazide is contraindicated in patients with anuria or hypersensitivity to this or other sulfonamide-derived drugs (see WARNINGS)." type="negative"><entity charOffset="0:19" id="Dailymed.146d5da7-8c9e-43a2-9a2a-19c0409a6e40.s.14.e.0" text="hydrochlorothiazide" type="Biomedical_Entity"><Normalization><mmtx cui="C0020261" phraseText="Hydrochlorothiazide" preferredWord="Hydrochlorothiazide" semType="phsu, orch"/><RxNorm RxCui="5487"/></Normalization></entity><entity charOffset="100:111" id="Dailymed.146d5da7-8c9e-43a2-9a2a-19c0409a6e40.s.14.e.1" text="sulfonamide" type="Biomedical_Entity"><Normalization><mmtx cui="C0599503" phraseText="other sulfonamide-derived drugs" preferredWord="Sulfonamide Anti-Infective Agents" semType="orch, antb"/><RxNorm RxCui="1427600"/></Normalization></entity><pair ddi="false" e1="Dailymed.146d5da7-8c9e-43a2-9a2a-19c0409a6e40.s.14.e.0" e2="Dailymed.146d5da7-8c9e-43a2-9a2a-19c0409a6e40.s.14.e.1"/></sentence><sentence id="Dailymed.146d5da7-8c9e-43a2-9a2a-19c0409a6e40.s.18" text="In hypertensive patients who have congestive heart failure controlled by digitalis and diuretics, Lopressor should be administered cautiously." type="negative"><entity charOffset="87:96" id="Dailymed.146d5da7-8c9e-43a2-9a2a-19c0409a6e40.s.18.e.0" text="diuretics" type="Biomedical_Entity"><Normalization><mmtx cui="C0012798" phraseText="diuretics," preferredWord="Diuretics" semType="phsu"/><RxNorm RxCui="3567"/></Normalization></entity><entity charOffset="73:82" id="Dailymed.146d5da7-8c9e-43a2-9a2a-19c0409a6e40.s.18.e.1" text="digitalis" type="Biomedical_Entity"><Normalization><mmtx cui="C0304520" phraseText="controlled by digitalis" preferredWord="Digitalis preparation" semType="phsu, carb"/><RxNorm RxCui="91235"/></Normalization></entity><entity charOffset="98:107" id="Dailymed.146d5da7-8c9e-43a2-9a2a-19c0409a6e40.s.18.e.2" text="lopressor" type="Biomedical_Entity"><Normalization><mmtx cui="C0700776" phraseText="Lopressor" preferredWord="Lopressor" semType="phsu, orch"/><RxNorm RxCui="203344"/></Normalization></entity><pair ddi="false" e1="Dailymed.146d5da7-8c9e-43a2-9a2a-19c0409a6e40.s.18.e.1" e2="Dailymed.146d5da7-8c9e-43a2-9a2a-19c0409a6e40.s.18.e.0"/><pair ddi="false" e1="Dailymed.146d5da7-8c9e-43a2-9a2a-19c0409a6e40.s.18.e.0" e2="Dailymed.146d5da7-8c9e-43a2-9a2a-19c0409a6e40.s.18.e.2"/><pair ddi="false" e1="Dailymed.146d5da7-8c9e-43a2-9a2a-19c0409a6e40.s.18.e.1" e2="Dailymed.146d5da7-8c9e-43a2-9a2a-19c0409a6e40.s.18.e.2"/></sentence><sentence id="Dailymed.146d5da7-8c9e-43a2-9a2a-19c0409a6e40.s.22" text="If cardiac failure continues, despite adequate digitalization and diuretic therapy, Lopressor should be withdrawn." type="negative"><entity charOffset="84:93" id="Dailymed.146d5da7-8c9e-43a2-9a2a-19c0409a6e40.s.22.e.0" text="lopressor" type="Biomedical_Entity"><Normalization><mmtx cui="C0700776" phraseText="Lopressor" preferredWord="Lopressor" semType="phsu, orch"/><RxNorm RxCui="203344"/></Normalization></entity><entity charOffset="66:74" id="Dailymed.146d5da7-8c9e-43a2-9a2a-19c0409a6e40.s.22.e.1" text="diuretic" type="Biomedical_Entity"><Normalization><mmtx cui="C0012798" phraseText="diuretic therapy," preferredWord="Diuretics" semType="phsu"/><RxNorm RxCui="3567"/></Normalization></entity><pair ddi="false" e1="Dailymed.146d5da7-8c9e-43a2-9a2a-19c0409a6e40.s.22.e.1" e2="Dailymed.146d5da7-8c9e-43a2-9a2a-19c0409a6e40.s.22.e.0"/></sentence><sentence id="Dailymed.146d5da7-8c9e-43a2-9a2a-19c0409a6e40.s.23" text="Bronchospastic Diseases: PATIENTS WITH BRONCHOSPASTIC DISEASES SHOULD, IN GENERAL, NOT RECEIVE BETA BLOCKERS, including Lopressor HCT. " type="negative"><entity charOffset="95:108" id="Dailymed.146d5da7-8c9e-43a2-9a2a-19c0409a6e40.s.23.e.0" text="beta blockers" type="Biomedical_Entity"><Normalization><mmtx cui="C0001645" phraseText="BETA BLOCKERS," preferredWord="Adrenergic beta-Antagonists" semType="phsu"/><RxNorm RxCui="NA"/></Normalization></entity><entity charOffset="120:133" id="Dailymed.146d5da7-8c9e-43a2-9a2a-19c0409a6e40.s.23.e.1" text="lopressor hct" type="Biomedical_Entity"><Normalization><mmtx cui="C0721420" phraseText="Lopressor HCT." preferredWord="Lopressor HCT" semType="phsu, orch"/><RxNorm RxCui="203344"/></Normalization></entity><pair ddi="false" e1="Dailymed.146d5da7-8c9e-43a2-9a2a-19c0409a6e40.s.23.e.0" e2="Dailymed.146d5da7-8c9e-43a2-9a2a-19c0409a6e40.s.23.e.1"/></sentence><sentence id="Dailymed.146d5da7-8c9e-43a2-9a2a-19c0409a6e40.s.24" text="Because of its relative beta1 selectivity, however, Lopressor may be used with caution in patients with bronchospastic disease who do not respond to, or cannot tolerate, other antihypertensive treatment. " type="negative"><entity charOffset="52:61" id="Dailymed.146d5da7-8c9e-43a2-9a2a-19c0409a6e40.s.24.e.0" text="lopressor" type="Biomedical_Entity"><Normalization><mmtx cui="C0700776" phraseText="Lopressor" preferredWord="Lopressor" semType="phsu, orch"/><RxNorm RxCui="203344"/></Normalization></entity><entity charOffset="176:192" id="Dailymed.146d5da7-8c9e-43a2-9a2a-19c0409a6e40.s.24.e.1" text="antihypertensive" type="Biomedical_Entity"><Normalization><mmtx cui="C0003364" phraseText="other antihypertensive treatment." preferredWord="Antihypertensive Agents" semType="phsu"/><RxNorm RxCui="968"/></Normalization></entity><pair ddi="false" e1="Dailymed.146d5da7-8c9e-43a2-9a2a-19c0409a6e40.s.24.e.0" e2="Dailymed.146d5da7-8c9e-43a2-9a2a-19c0409a6e40.s.24.e.1"/></sentence><sentence id="Dailymed.146d5da7-8c9e-43a2-9a2a-19c0409a6e40.s.29" text="Diabetes and Hypoglycemia: Lopressor should be used with caution in diabetic patients if a beta-blocking agent is required. " type="negative"><entity charOffset="27:36" id="Dailymed.146d5da7-8c9e-43a2-9a2a-19c0409a6e40.s.29.e.0" text="lopressor" type="Biomedical_Entity"><Normalization><mmtx cui="C0700776" phraseText="Lopressor" preferredWord="Lopressor" semType="phsu, orch"/><RxNorm RxCui="203344"/></Normalization></entity><entity charOffset="91:110" id="Dailymed.146d5da7-8c9e-43a2-9a2a-19c0409a6e40.s.29.e.1" text="beta-blocking agent" type="Biomedical_Entity"><Normalization><mmtx cui="C0001645" phraseText="a beta-blocking agent" preferredWord="Adrenergic beta-Antagonists" semType="phsu"/><RxNorm RxCui="371"/></Normalization></entity><pair ddi="false" e1="Dailymed.146d5da7-8c9e-43a2-9a2a-19c0409a6e40.s.29.e.0" e2="Dailymed.146d5da7-8c9e-43a2-9a2a-19c0409a6e40.s.29.e.1"/></sentence><sentence id="Dailymed.146d5da7-8c9e-43a2-9a2a-19c0409a6e40.s.30" text="Beta blockers, including Lopressor HCT, may mask tachycardia occurring with hypoglycemia, but other manifestations such as dizziness and sweating may not be significantly affected. " type="negative"><entity charOffset="0:13" id="Dailymed.146d5da7-8c9e-43a2-9a2a-19c0409a6e40.s.30.e.0" text="beta blockers" type="Biomedical_Entity"><Normalization><mmtx cui="C0001645" phraseText="Beta blockers," preferredWord="Adrenergic beta-Antagonists" semType="phsu"/><RxNorm RxCui="NA"/></Normalization></entity><entity charOffset="25:38" id="Dailymed.146d5da7-8c9e-43a2-9a2a-19c0409a6e40.s.30.e.1" text="lopressor hct" type="Biomedical_Entity"><Normalization><mmtx cui="C0721420" phraseText="Lopressor HCT," preferredWord="Lopressor HCT" semType="phsu, orch"/><RxNorm RxCui="203344"/></Normalization></entity><pair ddi="false" e1="Dailymed.146d5da7-8c9e-43a2-9a2a-19c0409a6e40.s.30.e.0" e2="Dailymed.146d5da7-8c9e-43a2-9a2a-19c0409a6e40.s.30.e.1"/></sentence><sentence id="Dailymed.146d5da7-8c9e-43a2-9a2a-19c0409a6e40.s.31" text="Selective beta blockers do not potentiate insulin-induced hypoglycemia and, unlike nonselective beta blockers, do not delay recovery of blood glucose to normal levels." type="negative"><entity charOffset="142:149" id="Dailymed.146d5da7-8c9e-43a2-9a2a-19c0409a6e40.s.31.e.0" text="glucose" type="Biomedical_Entity"><Normalization><mmtx cui="C0017725" phraseText="recovery of blood glucose" preferredWord="Glucose" semType="bacs, phsu, carb"/><RxNorm RxCui="4850"/></Normalization></entity><entity charOffset="10:23" id="Dailymed.146d5da7-8c9e-43a2-9a2a-19c0409a6e40.s.31.e.1" text="beta blockers" type="Biomedical_Entity"><Normalization><mmtx cui="C0001645" phraseText="Selective beta blockers" preferredWord="Adrenergic beta-Antagonists" semType="phsu"/><RxNorm RxCui="NA"/></Normalization></entity><entity charOffset="96:109" id="Dailymed.146d5da7-8c9e-43a2-9a2a-19c0409a6e40.s.31.e.2" text="beta blockers" type="Biomedical_Entity"><Normalization><mmtx cui="C0001645" phraseText="unlike nonselective beta blockers," preferredWord="Adrenergic beta-Antagonists" semType="phsu"/><RxNorm RxCui="NA"/></Normalization></entity><pair ddi="false" e1="Dailymed.146d5da7-8c9e-43a2-9a2a-19c0409a6e40.s.31.e.1" e2="Dailymed.146d5da7-8c9e-43a2-9a2a-19c0409a6e40.s.31.e.0"/><pair ddi="false" e1="Dailymed.146d5da7-8c9e-43a2-9a2a-19c0409a6e40.s.31.e.2" e2="Dailymed.146d5da7-8c9e-43a2-9a2a-19c0409a6e40.s.31.e.0"/></sentence><sentence id="Dailymed.146d5da7-8c9e-43a2-9a2a-19c0409a6e40.s.32" text="Pheochromocytoma: If Lopressor is used in the setting of pheochromocytoma, it should be given in combination with an alpha blocker, and only after the alpha blocker has been initiated. " type="negative"><entity charOffset="117:130" id="Dailymed.146d5da7-8c9e-43a2-9a2a-19c0409a6e40.s.32.e.0" text="alpha blocker" type="Biomedical_Entity"><Normalization><mmtx cui="C0001641" phraseText="with an alpha blocker," preferredWord="Adrenergic alpha-Antagonists" semType="phsu"/><RxNorm RxCui="NA"/></Normalization></entity><entity charOffset="21:30" id="Dailymed.146d5da7-8c9e-43a2-9a2a-19c0409a6e40.s.32.e.1" text="lopressor" type="Biomedical_Entity"><Normalization><mmtx cui="C0700776" phraseText="Lopressor" preferredWord="Lopressor" semType="phsu, orch"/><RxNorm RxCui="203344"/></Normalization></entity><entity charOffset="151:164" id="Dailymed.146d5da7-8c9e-43a2-9a2a-19c0409a6e40.s.32.e.2" text="alpha blocker" type="Biomedical_Entity"><Normalization><mmtx cui="C0001641" phraseText="only after the alpha blocker" preferredWord="Adrenergic alpha-Antagonists" semType="phsu"/><RxNorm RxCui="NA"/></Normalization></entity><pair ddi="false" e1="Dailymed.146d5da7-8c9e-43a2-9a2a-19c0409a6e40.s.32.e.1" e2="Dailymed.146d5da7-8c9e-43a2-9a2a-19c0409a6e40.s.32.e.0"/><pair ddi="false" e1="Dailymed.146d5da7-8c9e-43a2-9a2a-19c0409a6e40.s.32.e.1" e2="Dailymed.146d5da7-8c9e-43a2-9a2a-19c0409a6e40.s.32.e.2"/></sentence><sentence id="Dailymed.146d5da7-8c9e-43a2-9a2a-19c0409a6e40.s.33" text="Administration of beta blockers alone in the setting of pheochromocytoma has been associated with a paradoxical increase in blood pressure due to the attenuation of beta-mediated vasodilatation in skeletal muscle." type="negative"><entity charOffset="18:31" id="Dailymed.146d5da7-8c9e-43a2-9a2a-19c0409a6e40.s.33.e.0" text="beta blockers" type="Biomedical_Entity"><Normalization><mmtx cui="C0001645" phraseText="Administration of beta blockers" preferredWord="Adrenergic beta-Antagonists" semType="phsu"/><RxNorm RxCui="NA"/></Normalization></entity><entity charOffset="170:178" id="Dailymed.146d5da7-8c9e-43a2-9a2a-19c0409a6e40.s.33.e.1" text="mediated" type="Biomedical_Entity"><Normalization><mmtx cui="C0127400" phraseText="of beta-mediated vasodilatation" preferredWord="Mediator brand of benfluorex hydrochloride" semType="phsu, orch"/><RxNorm RxCui="985488"/></Normalization></entity><pair ddi="false" e1="Dailymed.146d5da7-8c9e-43a2-9a2a-19c0409a6e40.s.33.e.0" e2="Dailymed.146d5da7-8c9e-43a2-9a2a-19c0409a6e40.s.33.e.1"/></sentence><sentence id="Dailymed.146d5da7-8c9e-43a2-9a2a-19c0409a6e40.s.40" text="Thiazides should be used with caution in patients with impaired hepatic function or progressive liver disease, since minor alterations of fluid and electrolyte imbalance may precipitate hepatic coma." type="negative"><entity charOffset="148:159" id="Dailymed.146d5da7-8c9e-43a2-9a2a-19c0409a6e40.s.40.e.0" text="electrolyte" type="Biomedical_Entity"><Normalization><mmtx cui="C0013832" phraseText="electrolyte imbalance" preferredWord="Electrolytes" semType="inch, phsu"/><RxNorm RxCui="3793"/></Normalization></entity><entity charOffset="0:9" id="Dailymed.146d5da7-8c9e-43a2-9a2a-19c0409a6e40.s.40.e.1" text="thiazides" type="Biomedical_Entity"><Normalization><mmtx cui="C0541746" phraseText="Thiazides" preferredWord="Thiazides" semType="phsu, orch"/><RxNorm RxCui="141801"/></Normalization></entity><pair ddi="false" e1="Dailymed.146d5da7-8c9e-43a2-9a2a-19c0409a6e40.s.40.e.1" e2="Dailymed.146d5da7-8c9e-43a2-9a2a-19c0409a6e40.s.40.e.0"/></sentence><sentence biomedicalEntities="2" id="Dailymed.146d5da7-8c9e-43a2-9a2a-19c0409a6e40.s.41" lineNumber="48" text="Thiazides may add to or potentiate the action of other antihypertensive drugs. " type="regular"><entity charOffset="55:77" id="Dailymed.146d5da7-8c9e-43a2-9a2a-19c0409a6e40.s.41.e.0" text="antihypertensive drugs" type="Drug_Class"><Normalization><mmtx cui="C0003364" phraseText="the action of other antihypertensive drugs." preferredWord="Antihypertensive Agents" semType="phsu"/><RxNorm RxCui="968"/></Normalization></entity><entity charOffset="0:9" id="Dailymed.146d5da7-8c9e-43a2-9a2a-19c0409a6e40.s.41.e.1" text="Thiazides" type="Drug_Class"><Normalization><mmtx cui="C0541746" phraseText="Thiazides" preferredWord="Thiazides" semType="phsu, orch"/><RxNorm RxCui="141801"/></Normalization></entity><entity charOffset="24:45" id="Dailymed.146d5da7-8c9e-43a2-9a2a-19c0409a6e40.s.41.e.2" text="potentiate the action" type="Increase_Interaction"/><entity charOffset="14:20|35:45" id="Dailymed.146d5da7-8c9e-43a2-9a2a-19c0409a6e40.s.41.e.4" text="add to the action" type="Increase_Interaction"/><drugInteraction id="Dailymed.146d5da7-8c9e-43a2-9a2a-19c0409a6e40.s.41.ddi.1"><interaction trigger="Dailymed.146d5da7-8c9e-43a2-9a2a-19c0409a6e40.s.41.e.2"><relations><relation type="hasPrecipitant"><entity id="Dailymed.146d5da7-8c9e-43a2-9a2a-19c0409a6e40.s.41.e.1"/></relation><relation type="hasObject"><entity id="Dailymed.146d5da7-8c9e-43a2-9a2a-19c0409a6e40.s.41.e.0"/></relation></relations></interaction></drugInteraction><drugInteraction id="Dailymed.146d5da7-8c9e-43a2-9a2a-19c0409a6e40.s.41.ddi.2"><interaction trigger="Dailymed.146d5da7-8c9e-43a2-9a2a-19c0409a6e40.s.41.e.4"><relations><relation type="hasObject"><entity id="Dailymed.146d5da7-8c9e-43a2-9a2a-19c0409a6e40.s.41.e.0"/></relation><relation type="hasPrecipitant"><entity id="Dailymed.146d5da7-8c9e-43a2-9a2a-19c0409a6e40.s.41.e.1"/></relation></relations></interaction></drugInteraction><pair ddi="true" e1="Dailymed.146d5da7-8c9e-43a2-9a2a-19c0409a6e40.s.41.e.1" e2="Dailymed.146d5da7-8c9e-43a2-9a2a-19c0409a6e40.s.41.e.0" trigger="Dailymed.146d5da7-8c9e-43a2-9a2a-19c0409a6e40.s.41.e.2" type="Increase_Interaction"/><pair ddi="true" e1="Dailymed.146d5da7-8c9e-43a2-9a2a-19c0409a6e40.s.41.e.1" e2="Dailymed.146d5da7-8c9e-43a2-9a2a-19c0409a6e40.s.41.e.0" trigger="Dailymed.146d5da7-8c9e-43a2-9a2a-19c0409a6e40.s.41.e.4" type="Increase_Interaction"/></sentence><sentence biomedicalEntities="1" id="Dailymed.146d5da7-8c9e-43a2-9a2a-19c0409a6e40.s.42" lineNumber="48" text="Potentiation occurs with ganglionic or peripheral adrenergic blocking drugs." type="irregular"><entity charOffset="25:75" id="Dailymed.146d5da7-8c9e-43a2-9a2a-19c0409a6e40.s.42.e.0" text="ganglionic or peripheral adrenergic blocking drugs" type="Drug_Class"><Normalization><mmtx cui="C0242889" phraseText="peripheral adrenergic blocking drugs." preferredWord="Adrenergic Antagonists" semType="phsu"/><RxNorm RxCui="1022042"/></Normalization></entity><entity charOffset="0:12" id="Dailymed.146d5da7-8c9e-43a2-9a2a-19c0409a6e40.s.42.e.1" text="Potentiation" type="Increase_Interaction"/><drugInteraction id="Dailymed.146d5da7-8c9e-43a2-9a2a-19c0409a6e40.s.42.ddi.1"><interaction trigger="Dailymed.146d5da7-8c9e-43a2-9a2a-19c0409a6e40.s.42.e.1"><relations><relation type="hasObject"><entity id="Dailymed.146d5da7-8c9e-43a2-9a2a-19c0409a6e40.s.42.e.0"/></relation><relation type="hasPrecipitant"><ellipsisSentence id="Dailymed.146d5da7-8c9e-43a2-9a2a-19c0409a6e40.s.41" text="Thiazides may add to or potentiate the action of other antihypertensive drugs. "><entity id="Dailymed.146d5da7-8c9e-43a2-9a2a-19c0409a6e40.s.41.e.1"/></ellipsisSentence></relation></relations></interaction></drugInteraction></sentence><sentence id="Dailymed.146d5da7-8c9e-43a2-9a2a-19c0409a6e40.s.45" text="Acute Myopia and Secondary Angle-Closure Glaucoma: Hydrochlorothiazide, a sulfonamide, can cause an idiosyncratic reaction, resulting in acute transient myopia and acute angle-closure glaucoma. " type="negative"><entity charOffset="74:85" id="Dailymed.146d5da7-8c9e-43a2-9a2a-19c0409a6e40.s.45.e.0" text="sulfonamide" type="Biomedical_Entity"><Normalization><mmtx cui="C0599503" phraseText="a sulfonamide," preferredWord="Sulfonamide Anti-Infective Agents" semType="orch, antb"/><RxNorm RxCui="1427600"/></Normalization></entity><entity charOffset="51:70" id="Dailymed.146d5da7-8c9e-43a2-9a2a-19c0409a6e40.s.45.e.1" text="hydrochlorothiazide" type="Biomedical_Entity"><Normalization><mmtx cui="C0020261" phraseText="Hydrochlorothiazide," preferredWord="Hydrochlorothiazide" semType="phsu, orch"/><RxNorm RxCui="5487"/></Normalization></entity><pair ddi="false" e1="Dailymed.146d5da7-8c9e-43a2-9a2a-19c0409a6e40.s.45.e.1" e2="Dailymed.146d5da7-8c9e-43a2-9a2a-19c0409a6e40.s.45.e.0"/></sentence><sentence id="Dailymed.146d5da7-8c9e-43a2-9a2a-19c0409a6e40.s.54" text="Hydrochlorothiazide: All patients receiving thiazide therapy should be observed for clinical signs of fluid or electrolyte imbalance, namely hyponatremia, hypochloremic alkalosis, and hypokalemia (see Laboratory Tests and Drug/Drug Interactions). " type="negative"><entity charOffset="111:122" id="Dailymed.146d5da7-8c9e-43a2-9a2a-19c0409a6e40.s.54.e.0" text="electrolyte" type="Biomedical_Entity"><Normalization><mmtx cui="C3536863" phraseText="electrolyte imbalance," preferredWord="Electrolyte [EPC]" semType="phsu"/><RxNorm RxCui="3793"/></Normalization></entity><entity charOffset="222:231" id="Dailymed.146d5da7-8c9e-43a2-9a2a-19c0409a6e40.s.54.e.1" text="drug/drug" type="Biomedical_Entity"><Normalization><mmtx cui="C0013231" phraseText="Drug/Drug Interactions" preferredWord="Drugs, Non-Prescription" semType="phsu"/><RxNorm RxCui="NA"/></Normalization></entity><entity charOffset="44:52" id="Dailymed.146d5da7-8c9e-43a2-9a2a-19c0409a6e40.s.54.e.2" text="thiazide" type="Biomedical_Entity"><Normalization><mmtx cui="C0541746" phraseText="thiazide therapy" preferredWord="Thiazides" semType="phsu, orch"/><RxNorm RxCui="141801"/></Normalization></entity><entity charOffset="0:19" id="Dailymed.146d5da7-8c9e-43a2-9a2a-19c0409a6e40.s.54.e.3" text="hydrochlorothiazide" type="Biomedical_Entity"><Normalization><mmtx cui="C0020261" phraseText="Hydrochlorothiazide" preferredWord="Hydrochlorothiazide" semType="phsu, orch"/><RxNorm RxCui="5487"/></Normalization></entity><pair ddi="false" e1="Dailymed.146d5da7-8c9e-43a2-9a2a-19c0409a6e40.s.54.e.0" e2="Dailymed.146d5da7-8c9e-43a2-9a2a-19c0409a6e40.s.54.e.1"/><pair ddi="false" e1="Dailymed.146d5da7-8c9e-43a2-9a2a-19c0409a6e40.s.54.e.2" e2="Dailymed.146d5da7-8c9e-43a2-9a2a-19c0409a6e40.s.54.e.0"/><pair ddi="false" e1="Dailymed.146d5da7-8c9e-43a2-9a2a-19c0409a6e40.s.54.e.3" e2="Dailymed.146d5da7-8c9e-43a2-9a2a-19c0409a6e40.s.54.e.0"/><pair ddi="false" e1="Dailymed.146d5da7-8c9e-43a2-9a2a-19c0409a6e40.s.54.e.2" e2="Dailymed.146d5da7-8c9e-43a2-9a2a-19c0409a6e40.s.54.e.1"/><pair ddi="false" e1="Dailymed.146d5da7-8c9e-43a2-9a2a-19c0409a6e40.s.54.e.3" e2="Dailymed.146d5da7-8c9e-43a2-9a2a-19c0409a6e40.s.54.e.1"/><pair ddi="false" e1="Dailymed.146d5da7-8c9e-43a2-9a2a-19c0409a6e40.s.54.e.3" e2="Dailymed.146d5da7-8c9e-43a2-9a2a-19c0409a6e40.s.54.e.2"/></sentence><sentence id="Dailymed.146d5da7-8c9e-43a2-9a2a-19c0409a6e40.s.58" text="Hypokalemia may be avoided or treated by the use of potassium supplements or foods with high potassium content." type="negative"><entity charOffset="93:102" id="Dailymed.146d5da7-8c9e-43a2-9a2a-19c0409a6e40.s.58.e.0" text="potassium" type="Biomedical_Entity"><Normalization><mmtx cui="C0597277" phraseText="foods with high potassium content." preferredWord="Potassium Ion" semType="phsu, elii"/><RxNorm RxCui="8588"/></Normalization></entity><entity charOffset="52:73" id="Dailymed.146d5da7-8c9e-43a2-9a2a-19c0409a6e40.s.58.e.1" text="potassium supplements" type="Biomedical_Entity"><Normalization><mmtx cui="C0304475" phraseText="treated by the use of potassium supplements" preferredWord="Potassium supplement" semType="inch, phsu"/><RxNorm RxCui="8588"/></Normalization></entity><pair ddi="false" e1="Dailymed.146d5da7-8c9e-43a2-9a2a-19c0409a6e40.s.58.e.1" e2="Dailymed.146d5da7-8c9e-43a2-9a2a-19c0409a6e40.s.58.e.0"/></sentence><sentence id="Dailymed.146d5da7-8c9e-43a2-9a2a-19c0409a6e40.s.64" text="Latent diabetes may become manifest during thiazide administration (see Drug/Drug Interactions)." type="negative"><entity charOffset="43:51" id="Dailymed.146d5da7-8c9e-43a2-9a2a-19c0409a6e40.s.64.e.0" text="thiazide" type="Biomedical_Entity"><Normalization><mmtx cui="C0541746" phraseText="manifest during thiazide administration" preferredWord="Thiazides" semType="phsu, orch"/><RxNorm RxCui="141801"/></Normalization></entity><entity charOffset="72:81" id="Dailymed.146d5da7-8c9e-43a2-9a2a-19c0409a6e40.s.64.e.1" text="drug/drug" type="Biomedical_Entity"><Normalization><mmtx cui="C0013231" phraseText="Drug/Drug Interactions" preferredWord="Drugs, Non-Prescription" semType="phsu"/><RxNorm RxCui="NA"/></Normalization></entity><pair ddi="false" e1="Dailymed.146d5da7-8c9e-43a2-9a2a-19c0409a6e40.s.64.e.0" e2="Dailymed.146d5da7-8c9e-43a2-9a2a-19c0409a6e40.s.64.e.1"/></sentence><sentence id="Dailymed.146d5da7-8c9e-43a2-9a2a-19c0409a6e40.s.67" text="Calcium excretion is decreased by thiazides. " type="negative"><entity charOffset="34:43" id="Dailymed.146d5da7-8c9e-43a2-9a2a-19c0409a6e40.s.67.e.0" text="thiazides" type="Biomedical_Entity"><Normalization><mmtx cui="C0541746" phraseText="decreased by thiazides." preferredWord="Thiazides" semType="phsu, orch"/><RxNorm RxCui="141801"/></Normalization></entity><entity charOffset="0:7" id="Dailymed.146d5da7-8c9e-43a2-9a2a-19c0409a6e40.s.67.e.1" text="calcium" type="Biomedical_Entity"><Normalization><mmtx cui="C2936886" phraseText="Calcium excretion" preferredWord="Calcium [EPC]" semType="phsu"/><RxNorm RxCui="1895"/></Normalization></entity><pair ddi="false" e1="Dailymed.146d5da7-8c9e-43a2-9a2a-19c0409a6e40.s.67.e.1" e2="Dailymed.146d5da7-8c9e-43a2-9a2a-19c0409a6e40.s.67.e.0"/></sentence><sentence biomedicalEntities="3" id="Dailymed.146d5da7-8c9e-43a2-9a2a-19c0409a6e40.s.73" lineNumber="84" text="Lopressor: Catecholamine-depleting drugs (e.g., reserpine) may have an additive effect when given with beta-blocking agents. " type="regular"><entity charOffset="11:40" id="Dailymed.146d5da7-8c9e-43a2-9a2a-19c0409a6e40.s.73.e.0" text="Catecholamine-depleting drugs" type="Drug_Class"><Normalization><mmtx cui="C0007412" phraseText="Catecholamine-depleting drugs" preferredWord="Catecholamines" semType="phsu, nsba"/><mmtx cui="C0013227" phraseText="Catecholamine-depleting drugs" preferredWord="Pharmaceutical Preparations" semType="phsu"/><mmtx cui="C3536742" phraseText="Catecholamine-depleting drugs" preferredWord="Catecholamine [EPC]" semType="phsu"/><mmtx cui="C0013227" phraseText="Catecholamine-depleting drugs" preferredWord="Pharmaceutical Preparations" semType="phsu"/><RxNorm RxCui="990350"/></Normalization></entity><entity charOffset="48:57" id="Dailymed.146d5da7-8c9e-43a2-9a2a-19c0409a6e40.s.73.e.1" text="reserpine" type="Drug"><Normalization><mmtx cui="C0035179" phraseText="reserpine" preferredWord="Reserpine" semType="phsu, orch"/><RxNorm RxCui="9260"/></Normalization></entity><entity charOffset="103:123" id="Dailymed.146d5da7-8c9e-43a2-9a2a-19c0409a6e40.s.73.e.3" text="beta-blocking agents" type="Drug_Class"><Normalization><mmtx cui="C0001645" phraseText="given with beta-blocking agents." preferredWord="Adrenergic beta-Antagonists" semType="phsu"/><RxNorm RxCui="371"/></Normalization></entity><entity charOffset="71:86" id="Dailymed.146d5da7-8c9e-43a2-9a2a-19c0409a6e40.s.73.e.4" text="additive effect" type="Increase_Interaction"/><drugClassMembership drug="Dailymed.146d5da7-8c9e-43a2-9a2a-19c0409a6e40.s.73.e.1" drugClass="Dailymed.146d5da7-8c9e-43a2-9a2a-19c0409a6e40.s.73.e.0"/><drugInteraction id="Dailymed.146d5da7-8c9e-43a2-9a2a-19c0409a6e40.s.73.ddi.1"><interaction trigger="Dailymed.146d5da7-8c9e-43a2-9a2a-19c0409a6e40.s.73.e.4"><relations><relation type="hasPrecipitant"><entity id="Dailymed.146d5da7-8c9e-43a2-9a2a-19c0409a6e40.s.73.e.0"/></relation><relation type="hasObject"><entity id="Dailymed.146d5da7-8c9e-43a2-9a2a-19c0409a6e40.s.73.e.3"/></relation></relations></interaction></drugInteraction><pair ddi="true" e1="Dailymed.146d5da7-8c9e-43a2-9a2a-19c0409a6e40.s.73.e.0" e2="Dailymed.146d5da7-8c9e-43a2-9a2a-19c0409a6e40.s.73.e.3" trigger="Dailymed.146d5da7-8c9e-43a2-9a2a-19c0409a6e40.s.73.e.4" type="Increase_Interaction"/></sentence><sentence biomedicalEntities="2" id="Dailymed.146d5da7-8c9e-43a2-9a2a-19c0409a6e40.s.74" lineNumber="84" text="Patients treated with Lopressor plus a catecholamine depletor should therefore be closely observed for evidence of hypotension or marked bradycardia, which may produce vertigo, syncope, or postural hypotension." type="regular"><entity charOffset="22:31" id="Dailymed.146d5da7-8c9e-43a2-9a2a-19c0409a6e40.s.74.e.0" text="Lopressor" type="Drug"><Normalization><mmtx cui="C0700776" phraseText="treated with Lopressor" preferredWord="Lopressor" semType="phsu, orch"/><RxNorm RxCui="203344"/></Normalization></entity><entity charOffset="39:61" id="Dailymed.146d5da7-8c9e-43a2-9a2a-19c0409a6e40.s.74.e.1" text="catecholamine depletor" type="Drug_Class"><Normalization><mmtx cui="C0007412" phraseText="plus a catecholamine depletor" preferredWord="Catecholamines" semType="phsu, nsba"/><mmtx cui="C3536742" phraseText="plus a catecholamine depletor" preferredWord="Catecholamine [EPC]" semType="phsu"/><RxNorm RxCui="1451215"/></Normalization></entity><entity charOffset="115:126" id="Dailymed.146d5da7-8c9e-43a2-9a2a-19c0409a6e40.s.74.e.2" text="hypotension" type="Specific_Interaction"/><entity charOffset="137:148" id="Dailymed.146d5da7-8c9e-43a2-9a2a-19c0409a6e40.s.74.e.4" text="bradycardia" type="Specific_Interaction"/><entity charOffset="168:175" id="Dailymed.146d5da7-8c9e-43a2-9a2a-19c0409a6e40.s.74.e.6" text="vertigo" type="Specific_Interaction"><Normalization><mmtx cui="C0042571" phraseText="vertigo," preferredWord="Vertigo" semType="sosy"/></Normalization></entity><entity charOffset="177:184" id="Dailymed.146d5da7-8c9e-43a2-9a2a-19c0409a6e40.s.74.e.8" text="syncope" type="Specific_Interaction"><Normalization><mmtx cui="C0039070" phraseText="syncope," preferredWord="Syncope" semType="sosy"/></Normalization></entity><entity charOffset="189:209" id="Dailymed.146d5da7-8c9e-43a2-9a2a-19c0409a6e40.s.74.e.10" text="postural hypotension" type="Specific_Interaction"/><drugInteraction id="Dailymed.146d5da7-8c9e-43a2-9a2a-19c0409a6e40.s.74.ddi.1"><interaction trigger="Dailymed.146d5da7-8c9e-43a2-9a2a-19c0409a6e40.s.74.e.2"><relations><relation type="hasPrecipitant"><entity id="Dailymed.146d5da7-8c9e-43a2-9a2a-19c0409a6e40.s.74.e.1"/></relation><relation type="hasObject"><entity id="Dailymed.146d5da7-8c9e-43a2-9a2a-19c0409a6e40.s.74.e.0"/></relation></relations></interaction></drugInteraction><drugInteraction id="Dailymed.146d5da7-8c9e-43a2-9a2a-19c0409a6e40.s.74.ddi.2"><interaction trigger="Dailymed.146d5da7-8c9e-43a2-9a2a-19c0409a6e40.s.74.e.4"><relations><relation type="hasPrecipitant"><entity id="Dailymed.146d5da7-8c9e-43a2-9a2a-19c0409a6e40.s.74.e.1"/></relation><relation type="hasObject"><entity id="Dailymed.146d5da7-8c9e-43a2-9a2a-19c0409a6e40.s.74.e.0"/></relation></relations></interaction></drugInteraction><drugInteraction id="Dailymed.146d5da7-8c9e-43a2-9a2a-19c0409a6e40.s.74.ddi.3"><interaction trigger="Dailymed.146d5da7-8c9e-43a2-9a2a-19c0409a6e40.s.74.e.6"><relations><relation type="hasPrecipitant"><entity id="Dailymed.146d5da7-8c9e-43a2-9a2a-19c0409a6e40.s.74.e.1"/></relation><relation type="hasObject"><entity id="Dailymed.146d5da7-8c9e-43a2-9a2a-19c0409a6e40.s.74.e.0"/></relation></relations></interaction></drugInteraction><drugInteraction id="Dailymed.146d5da7-8c9e-43a2-9a2a-19c0409a6e40.s.74.ddi.4"><interaction trigger="Dailymed.146d5da7-8c9e-43a2-9a2a-19c0409a6e40.s.74.e.8"><relations><relation type="hasPrecipitant"><entity id="Dailymed.146d5da7-8c9e-43a2-9a2a-19c0409a6e40.s.74.e.1"/></relation><relation type="hasObject"><entity id="Dailymed.146d5da7-8c9e-43a2-9a2a-19c0409a6e40.s.74.e.0"/></relation></relations></interaction></drugInteraction><drugInteraction id="Dailymed.146d5da7-8c9e-43a2-9a2a-19c0409a6e40.s.74.ddi.5"><interaction trigger="Dailymed.146d5da7-8c9e-43a2-9a2a-19c0409a6e40.s.74.e.10"><relations><relation type="hasPrecipitant"><entity id="Dailymed.146d5da7-8c9e-43a2-9a2a-19c0409a6e40.s.74.e.1"/></relation><relation type="hasObject"><entity id="Dailymed.146d5da7-8c9e-43a2-9a2a-19c0409a6e40.s.74.e.0"/></relation></relations></interaction></drugInteraction><pair ddi="true" e1="Dailymed.146d5da7-8c9e-43a2-9a2a-19c0409a6e40.s.74.e.0" e2="Dailymed.146d5da7-8c9e-43a2-9a2a-19c0409a6e40.s.74.e.1" trigger="Dailymed.146d5da7-8c9e-43a2-9a2a-19c0409a6e40.s.74.e.2" type="Specific_Interaction"/></sentence><sentence id="Dailymed.146d5da7-8c9e-43a2-9a2a-19c0409a6e40.s.75" text="Both digitalis glycosides and beta blockers slow atrioventricular conduction and decrease heart rate. " type="negative"><entity charOffset="30:43" id="Dailymed.146d5da7-8c9e-43a2-9a2a-19c0409a6e40.s.75.e.0" text="beta blockers" type="Biomedical_Entity"><Normalization><mmtx cui="C0001645" phraseText="beta blockers slow atrioventricular conduction" preferredWord="Adrenergic beta-Antagonists" semType="phsu"/><RxNorm RxCui="NA"/></Normalization></entity><entity charOffset="5:25" id="Dailymed.146d5da7-8c9e-43a2-9a2a-19c0409a6e40.s.75.e.1" text="digitalis glycosides" type="Biomedical_Entity"><Normalization><mmtx cui="C0012253" phraseText="Both digitalis glycosides" preferredWord="Digitalis Glycosides" semType="phsu, carb"/><RxNorm RxCui="91235"/></Normalization></entity><pair ddi="false" e1="Dailymed.146d5da7-8c9e-43a2-9a2a-19c0409a6e40.s.75.e.1" e2="Dailymed.146d5da7-8c9e-43a2-9a2a-19c0409a6e40.s.75.e.0"/></sentence><sentence biomedicalEntities="0" id="Dailymed.146d5da7-8c9e-43a2-9a2a-19c0409a6e40.s.76" lineNumber="86" text="Concomitant use can increase the risk of bradycardia." type="irregular"><entity charOffset="41:52" id="Dailymed.146d5da7-8c9e-43a2-9a2a-19c0409a6e40.s.76.e.0" text="bradycardia" type="Specific_Interaction"/><drugInteraction id="Dailymed.146d5da7-8c9e-43a2-9a2a-19c0409a6e40.s.76.ddi.1"><interaction trigger="Dailymed.146d5da7-8c9e-43a2-9a2a-19c0409a6e40.s.76.e.0"><relations><relation type="hasPrecipitant"><ellipsisSentence id="Dailymed.146d5da7-8c9e-43a2-9a2a-19c0409a6e40.s.75" text="Both digitalis glycosides and beta blockers slow atrioventricular conduction and decrease heart rate. "><entity charOffset="5:25" id="Dailymed.146d5da7-8c9e-43a2-9a2a-19c0409a6e40.s.75.e.0" text="digitalis glycosides" type="Drug_Class"><Normalization><mmtx cui="C0012253" phraseText="Both digitalis glycosides" preferredWord="Digitalis Glycosides" semType="phsu, carb"/></Normalization></entity></ellipsisSentence></relation><relation type="hasObject"><ellipsisSentence id="Dailymed.146d5da7-8c9e-43a2-9a2a-19c0409a6e40.s.75" text="Both digitalis glycosides and beta blockers slow atrioventricular conduction and decrease heart rate. "><entity charOffset="30:43" id="Dailymed.146d5da7-8c9e-43a2-9a2a-19c0409a6e40.s.75.e.1" text="beta blockers" type="Drug_Class"><Normalization><mmtx cui="C0001645" phraseText="beta blockers slow atrioventricular conduction" preferredWord="Adrenergic beta-Antagonists" semType="phsu"/></Normalization></entity></ellipsisSentence></relation></relations></interaction></drugInteraction></sentence><sentence id="Dailymed.146d5da7-8c9e-43a2-9a2a-19c0409a6e40.s.77" text="Risk of Anaphylactic Reaction: While taking beta blockers, patients with a history of severe anaphylactic reaction to a variety of allergens may be more reactive to repeated challenge, either accidental, diagnostic, or therapeutic. " type="negative"><entity charOffset="44:57" id="Dailymed.146d5da7-8c9e-43a2-9a2a-19c0409a6e40.s.77.e.0" text="beta blockers" type="Biomedical_Entity"><Normalization><mmtx cui="C0001645" phraseText="taking beta blockers," preferredWord="Adrenergic beta-Antagonists" semType="phsu"/><RxNorm RxCui="NA"/></Normalization></entity><entity charOffset="131:140" id="Dailymed.146d5da7-8c9e-43a2-9a2a-19c0409a6e40.s.77.e.1" text="allergens" type="Biomedical_Entity"><Normalization><mmtx cui="C3274161" phraseText="of allergens" preferredWord="Allergen (brand of diphenylpyraline)" semType="phsu, orch"/><RxNorm RxCui="1297244"/></Normalization></entity><pair ddi="false" e1="Dailymed.146d5da7-8c9e-43a2-9a2a-19c0409a6e40.s.77.e.0" e2="Dailymed.146d5da7-8c9e-43a2-9a2a-19c0409a6e40.s.77.e.1"/></sentence><sentence biomedicalEntities="2" id="Dailymed.146d5da7-8c9e-43a2-9a2a-19c0409a6e40.s.80" lineNumber="92" text="Some inhalation anesthetics may enhance the cardiodepressant effect of beta blockers (see WARNINGS; Lopressor; Major Surgery)." type="regular"><entity charOffset="5:27" id="Dailymed.146d5da7-8c9e-43a2-9a2a-19c0409a6e40.s.80.e.0" text="inhalation anesthetics" type="Drug_Class"><Normalization><mmtx cui="C0242903" phraseText="Some inhalation anesthetics" preferredWord="Anesthetics, Inhalation" semType="phsu"/><RxNorm RxCui="NA"/></Normalization></entity><entity charOffset="71:84" id="Dailymed.146d5da7-8c9e-43a2-9a2a-19c0409a6e40.s.80.e.1" text="beta blockers" type="Drug_Class"><Normalization><mmtx cui="C0001645" phraseText="the cardiodepressant effect of beta blockers" preferredWord="Adrenergic beta-Antagonists" semType="phsu"/><RxNorm RxCui="NA"/></Normalization></entity><entity charOffset="32:67" id="Dailymed.146d5da7-8c9e-43a2-9a2a-19c0409a6e40.s.80.e.2" text="enhance the cardiodepressant effect" type="Specific_Interaction"/><drugInteraction id="Dailymed.146d5da7-8c9e-43a2-9a2a-19c0409a6e40.s.80.ddi.1"><interaction trigger="Dailymed.146d5da7-8c9e-43a2-9a2a-19c0409a6e40.s.80.e.2"><relations><relation type="hasObject"><entity id="Dailymed.146d5da7-8c9e-43a2-9a2a-19c0409a6e40.s.80.e.1"/></relation><relation type="hasPrecipitant"><entity id="Dailymed.146d5da7-8c9e-43a2-9a2a-19c0409a6e40.s.80.e.0"/></relation></relations></interaction></drugInteraction><pair ddi="true" e1="Dailymed.146d5da7-8c9e-43a2-9a2a-19c0409a6e40.s.80.e.0" e2="Dailymed.146d5da7-8c9e-43a2-9a2a-19c0409a6e40.s.80.e.1" trigger="Dailymed.146d5da7-8c9e-43a2-9a2a-19c0409a6e40.s.80.e.2" type="Specific_Interaction"/></sentence><sentence biomedicalEntities="2" id="Dailymed.146d5da7-8c9e-43a2-9a2a-19c0409a6e40.s.82" lineNumber="96" text="Potent inhibitors of the CYP2D6 enzyme may increase the plasma concentration of Lopressor. " type="regular"><entity charOffset="0:38" id="Dailymed.146d5da7-8c9e-43a2-9a2a-19c0409a6e40.s.82.e.0" text="Potent inhibitors of the CYP2D6 enzyme" type="Drug_Class"><Normalization><mmtx cui="C0014432" phraseText="Potent inhibitors of the CYP2D6 enzyme" preferredWord="Enzyme Inhibitors" semType="phsu"/><RxNorm RxCui="402226"/></Normalization></entity><entity charOffset="80:89" id="Dailymed.146d5da7-8c9e-43a2-9a2a-19c0409a6e40.s.82.e.1" text="Lopressor" type="Drug"><Normalization><mmtx cui="C0700776" phraseText="the plasma concentration of Lopressor." preferredWord="Lopressor" semType="phsu, orch"/><mmtx cui="C0700776" phraseText="the plasma concentration of Lopressor." preferredWord="Lopressor" semType="phsu, orch"/><RxNorm RxCui="203344"/></Normalization></entity><entity charOffset="43:76" id="Dailymed.146d5da7-8c9e-43a2-9a2a-19c0409a6e40.s.82.e.2" text="increase the plasma concentration" type="Increase_Interaction"/><drugInteraction id="Dailymed.146d5da7-8c9e-43a2-9a2a-19c0409a6e40.s.82.ddi.1"><interaction trigger="Dailymed.146d5da7-8c9e-43a2-9a2a-19c0409a6e40.s.82.e.2"><relations><relation type="hasObject"><entity id="Dailymed.146d5da7-8c9e-43a2-9a2a-19c0409a6e40.s.82.e.1"/></relation><relation type="hasPrecipitant"><entity id="Dailymed.146d5da7-8c9e-43a2-9a2a-19c0409a6e40.s.82.e.0"/></relation></relations></interaction></drugInteraction><pair ddi="true" e1="Dailymed.146d5da7-8c9e-43a2-9a2a-19c0409a6e40.s.82.e.0" e2="Dailymed.146d5da7-8c9e-43a2-9a2a-19c0409a6e40.s.82.e.1" trigger="Dailymed.146d5da7-8c9e-43a2-9a2a-19c0409a6e40.s.82.e.2" type="Increase_Interaction"/></sentence><sentence biomedicalEntities="2" id="Dailymed.146d5da7-8c9e-43a2-9a2a-19c0409a6e40.s.84" lineNumber="96" text="Caution should therefore be exercised when administering potent CYP2D6 inhibitors with Lopressor. " type="regular"><entity charOffset="57:81" id="Dailymed.146d5da7-8c9e-43a2-9a2a-19c0409a6e40.s.84.e.0" text="potent CYP2D6 inhibitors" type="Drug_Class"><Normalization><RxNorm RxCui="402226"/></Normalization></entity><entity charOffset="87:96" id="Dailymed.146d5da7-8c9e-43a2-9a2a-19c0409a6e40.s.84.e.1" text="Lopressor" type="Drug"><Normalization><mmtx cui="C0700776" phraseText="potent CYP2D6 inhibitors with Lopressor." preferredWord="Lopressor" semType="phsu, orch"/><RxNorm RxCui="203344"/></Normalization></entity><entity charOffset="0:7|25:37" id="Dailymed.146d5da7-8c9e-43a2-9a2a-19c0409a6e40.s.84.e.2" text="Caution be exercised" type="Caution_Interaction"/><drugInteraction id="Dailymed.146d5da7-8c9e-43a2-9a2a-19c0409a6e40.s.84.ddi.1"><interaction trigger="Dailymed.146d5da7-8c9e-43a2-9a2a-19c0409a6e40.s.84.e.2"><relations><relation type="hasObject"><entity id="Dailymed.146d5da7-8c9e-43a2-9a2a-19c0409a6e40.s.84.e.1"/></relation><relation type="hasPrecipitant"><entity id="Dailymed.146d5da7-8c9e-43a2-9a2a-19c0409a6e40.s.84.e.0"/></relation></relations></interaction></drugInteraction><pair ddi="true" e1="Dailymed.146d5da7-8c9e-43a2-9a2a-19c0409a6e40.s.84.e.0" e2="Dailymed.146d5da7-8c9e-43a2-9a2a-19c0409a6e40.s.84.e.1" trigger="Dailymed.146d5da7-8c9e-43a2-9a2a-19c0409a6e40.s.84.e.2" type="Caution_Interaction"/></sentence><sentence id="Dailymed.146d5da7-8c9e-43a2-9a2a-19c0409a6e40.s.85" text="Known clinically significant potent inhibitors of CYP2D6 are antidepressants such as fluoxetine, paroxetine or bupropion, antipsychotics such as thioridazine, antiarrhythmics such as quinidine or propafenone, antiretrovirals such as ritonavir, antihistamines such as diphenhydramine, antimalarials such as hydroxychloroquine or quinidine, antifungals such as terbinafine and medications for stomach ulcers such as cimetidine." type="negative"><entity charOffset="111:120" id="Dailymed.146d5da7-8c9e-43a2-9a2a-19c0409a6e40.s.85.e.0" text="bupropion" type="Biomedical_Entity"><Normalization><mmtx cui="C0085208" phraseText="bupropion," preferredWord="Bupropion" semType="phsu, orch"/><RxNorm RxCui="42347"/></Normalization></entity><entity charOffset="159:174" id="Dailymed.146d5da7-8c9e-43a2-9a2a-19c0409a6e40.s.85.e.1" text="antiarrhythmics" type="Biomedical_Entity"><Normalization><mmtx cui="C0003195" phraseText="antiarrhythmics such as quinidine" preferredWord="Anti-Arrhythmia Agents" semType="phsu"/><RxNorm RxCui="883"/></Normalization></entity><entity charOffset="233:242" id="Dailymed.146d5da7-8c9e-43a2-9a2a-19c0409a6e40.s.85.e.2" text="ritonavir" type="Biomedical_Entity"><Normalization><mmtx cui="C0292818" phraseText="antiretrovirals such as ritonavir," preferredWord="Ritonavir" semType="phsu, orch"/><RxNorm RxCui="85762"/></Normalization></entity><entity charOffset="267:282" id="Dailymed.146d5da7-8c9e-43a2-9a2a-19c0409a6e40.s.85.e.3" text="diphenhydramine" type="Biomedical_Entity"><Normalization><mmtx cui="C0012522" phraseText="antihistamines such as diphenhydramine," preferredWord="Diphenhydramine" semType="phsu, orch"/><RxNorm RxCui="3498"/></Normalization></entity><entity charOffset="359:370" id="Dailymed.146d5da7-8c9e-43a2-9a2a-19c0409a6e40.s.85.e.4" text="terbinafine" type="Biomedical_Entity"><Normalization><mmtx cui="C0076110" phraseText="antifungals such as terbinafine" preferredWord="terbinafine" semType="phsu, orch"/><RxNorm RxCui="37801"/></Normalization></entity><entity charOffset="196:207" id="Dailymed.146d5da7-8c9e-43a2-9a2a-19c0409a6e40.s.85.e.5" text="propafenone" type="Biomedical_Entity"><Normalization><mmtx cui="C0033429" phraseText="propafenone," preferredWord="Propafenone" semType="phsu, orch"/><RxNorm RxCui="8754"/></Normalization></entity><entity charOffset="328:337" id="Dailymed.146d5da7-8c9e-43a2-9a2a-19c0409a6e40.s.85.e.6" text="quinidine" type="Biomedical_Entity"><Normalization><mmtx cui="C0034414" phraseText="quinidine," preferredWord="Quinidine" semType="phsu, orch"/><RxNorm RxCui="9068"/></Normalization></entity><entity charOffset="244:258" id="Dailymed.146d5da7-8c9e-43a2-9a2a-19c0409a6e40.s.85.e.7" text="antihistamines" type="Biomedical_Entity"><Normalization><mmtx cui="C0003360" phraseText="antihistamines such as diphenhydramine," preferredWord="Antihistamines" semType="phsu, orch"/><RxNorm RxCui="967"/></Normalization></entity><entity charOffset="414:424" id="Dailymed.146d5da7-8c9e-43a2-9a2a-19c0409a6e40.s.85.e.8" text="cimetidine" type="Biomedical_Entity"><Normalization><mmtx cui="C0008783" phraseText="such as cimetidine." preferredWord="Cimetidine" semType="phsu, orch"/><RxNorm RxCui="2541"/></Normalization></entity><entity charOffset="85:95" id="Dailymed.146d5da7-8c9e-43a2-9a2a-19c0409a6e40.s.85.e.9" text="fluoxetine" type="Biomedical_Entity"><Normalization><mmtx cui="C0016365" phraseText="antidepressants such as fluoxetine," preferredWord="Fluoxetine" semType="phsu, orch"/><RxNorm RxCui="227224"/></Normalization></entity><entity charOffset="339:350" id="Dailymed.146d5da7-8c9e-43a2-9a2a-19c0409a6e40.s.85.e.10" text="antifungals" type="Biomedical_Entity"><Normalization><mmtx cui="C0003308" phraseText="antifungals such as terbinafine" preferredWord="Antifungal Agents" semType="phsu"/><RxNorm RxCui="938"/></Normalization></entity><entity charOffset="61:76" id="Dailymed.146d5da7-8c9e-43a2-9a2a-19c0409a6e40.s.85.e.11" text="antidepressants" type="Biomedical_Entity"><Normalization><mmtx cui="C0003289" phraseText="antidepressants such as fluoxetine," preferredWord="Antidepressive Agents" semType="phsu"/><RxNorm RxCui="927"/></Normalization></entity><entity charOffset="97:107" id="Dailymed.146d5da7-8c9e-43a2-9a2a-19c0409a6e40.s.85.e.12" text="paroxetine" type="Biomedical_Entity"><Normalization><mmtx cui="C0070122" phraseText="paroxetine" preferredWord="Paroxetine" semType="phsu, orch"/><RxNorm RxCui="32937"/></Normalization></entity><entity charOffset="122:136" id="Dailymed.146d5da7-8c9e-43a2-9a2a-19c0409a6e40.s.85.e.13" text="antipsychotics" type="Biomedical_Entity"><Normalization><mmtx cui="C0040615" phraseText="antipsychotics such as thioridazine," preferredWord="Antipsychotic Agents" semType="phsu"/><RxNorm RxCui="10693"/></Normalization></entity><entity charOffset="284:297" id="Dailymed.146d5da7-8c9e-43a2-9a2a-19c0409a6e40.s.85.e.14" text="antimalarials" type="Biomedical_Entity"><Normalization><mmtx cui="C0003374" phraseText="antimalarials such as hydroxychloroquine" preferredWord="Antimalarials" semType="phsu"/><RxNorm RxCui="975"/></Normalization></entity><entity charOffset="145:157" id="Dailymed.146d5da7-8c9e-43a2-9a2a-19c0409a6e40.s.85.e.15" text="thioridazine" type="Biomedical_Entity"><Normalization><mmtx cui="C0039943" phraseText="antipsychotics such as thioridazine," preferredWord="Thioridazine" semType="phsu, orch"/><RxNorm RxCui="10502"/></Normalization></entity><entity charOffset="306:324" id="Dailymed.146d5da7-8c9e-43a2-9a2a-19c0409a6e40.s.85.e.16" text="hydroxychloroquine" type="Biomedical_Entity"><Normalization><mmtx cui="C0020336" phraseText="antimalarials such as hydroxychloroquine" preferredWord="Hydroxychloroquine" semType="phsu, orch"/><RxNorm RxCui="5521"/></Normalization></entity><entity charOffset="183:192" id="Dailymed.146d5da7-8c9e-43a2-9a2a-19c0409a6e40.s.85.e.17" text="quinidine" type="Biomedical_Entity"><Normalization><mmtx cui="C0034414" phraseText="antiarrhythmics such as quinidine" preferredWord="Quinidine" semType="phsu, orch"/><RxNorm RxCui="9068"/></Normalization></entity><pair ddi="false" e1="Dailymed.146d5da7-8c9e-43a2-9a2a-19c0409a6e40.s.85.e.0" e2="Dailymed.146d5da7-8c9e-43a2-9a2a-19c0409a6e40.s.85.e.1"/><pair ddi="false" e1="Dailymed.146d5da7-8c9e-43a2-9a2a-19c0409a6e40.s.85.e.0" e2="Dailymed.146d5da7-8c9e-43a2-9a2a-19c0409a6e40.s.85.e.2"/><pair ddi="false" e1="Dailymed.146d5da7-8c9e-43a2-9a2a-19c0409a6e40.s.85.e.0" e2="Dailymed.146d5da7-8c9e-43a2-9a2a-19c0409a6e40.s.85.e.3"/><pair ddi="false" e1="Dailymed.146d5da7-8c9e-43a2-9a2a-19c0409a6e40.s.85.e.0" e2="Dailymed.146d5da7-8c9e-43a2-9a2a-19c0409a6e40.s.85.e.4"/><pair ddi="false" e1="Dailymed.146d5da7-8c9e-43a2-9a2a-19c0409a6e40.s.85.e.0" e2="Dailymed.146d5da7-8c9e-43a2-9a2a-19c0409a6e40.s.85.e.5"/><pair ddi="false" e1="Dailymed.146d5da7-8c9e-43a2-9a2a-19c0409a6e40.s.85.e.0" e2="Dailymed.146d5da7-8c9e-43a2-9a2a-19c0409a6e40.s.85.e.6"/><pair ddi="false" e1="Dailymed.146d5da7-8c9e-43a2-9a2a-19c0409a6e40.s.85.e.0" e2="Dailymed.146d5da7-8c9e-43a2-9a2a-19c0409a6e40.s.85.e.7"/><pair ddi="false" e1="Dailymed.146d5da7-8c9e-43a2-9a2a-19c0409a6e40.s.85.e.0" e2="Dailymed.146d5da7-8c9e-43a2-9a2a-19c0409a6e40.s.85.e.8"/><pair ddi="false" e1="Dailymed.146d5da7-8c9e-43a2-9a2a-19c0409a6e40.s.85.e.9" e2="Dailymed.146d5da7-8c9e-43a2-9a2a-19c0409a6e40.s.85.e.0"/><pair ddi="false" e1="Dailymed.146d5da7-8c9e-43a2-9a2a-19c0409a6e40.s.85.e.0" e2="Dailymed.146d5da7-8c9e-43a2-9a2a-19c0409a6e40.s.85.e.10"/><pair ddi="false" e1="Dailymed.146d5da7-8c9e-43a2-9a2a-19c0409a6e40.s.85.e.11" e2="Dailymed.146d5da7-8c9e-43a2-9a2a-19c0409a6e40.s.85.e.0"/><pair ddi="false" e1="Dailymed.146d5da7-8c9e-43a2-9a2a-19c0409a6e40.s.85.e.12" e2="Dailymed.146d5da7-8c9e-43a2-9a2a-19c0409a6e40.s.85.e.0"/><pair ddi="false" e1="Dailymed.146d5da7-8c9e-43a2-9a2a-19c0409a6e40.s.85.e.0" e2="Dailymed.146d5da7-8c9e-43a2-9a2a-19c0409a6e40.s.85.e.13"/><pair ddi="false" e1="Dailymed.146d5da7-8c9e-43a2-9a2a-19c0409a6e40.s.85.e.0" e2="Dailymed.146d5da7-8c9e-43a2-9a2a-19c0409a6e40.s.85.e.14"/><pair ddi="false" e1="Dailymed.146d5da7-8c9e-43a2-9a2a-19c0409a6e40.s.85.e.0" e2="Dailymed.146d5da7-8c9e-43a2-9a2a-19c0409a6e40.s.85.e.15"/><pair ddi="false" e1="Dailymed.146d5da7-8c9e-43a2-9a2a-19c0409a6e40.s.85.e.0" e2="Dailymed.146d5da7-8c9e-43a2-9a2a-19c0409a6e40.s.85.e.16"/><pair ddi="false" e1="Dailymed.146d5da7-8c9e-43a2-9a2a-19c0409a6e40.s.85.e.0" e2="Dailymed.146d5da7-8c9e-43a2-9a2a-19c0409a6e40.s.85.e.17"/><pair ddi="false" e1="Dailymed.146d5da7-8c9e-43a2-9a2a-19c0409a6e40.s.85.e.1" e2="Dailymed.146d5da7-8c9e-43a2-9a2a-19c0409a6e40.s.85.e.2"/><pair ddi="false" e1="Dailymed.146d5da7-8c9e-43a2-9a2a-19c0409a6e40.s.85.e.1" e2="Dailymed.146d5da7-8c9e-43a2-9a2a-19c0409a6e40.s.85.e.3"/><pair ddi="false" e1="Dailymed.146d5da7-8c9e-43a2-9a2a-19c0409a6e40.s.85.e.1" e2="Dailymed.146d5da7-8c9e-43a2-9a2a-19c0409a6e40.s.85.e.4"/><pair ddi="false" e1="Dailymed.146d5da7-8c9e-43a2-9a2a-19c0409a6e40.s.85.e.1" e2="Dailymed.146d5da7-8c9e-43a2-9a2a-19c0409a6e40.s.85.e.5"/><pair ddi="false" e1="Dailymed.146d5da7-8c9e-43a2-9a2a-19c0409a6e40.s.85.e.1" e2="Dailymed.146d5da7-8c9e-43a2-9a2a-19c0409a6e40.s.85.e.6"/><pair ddi="false" e1="Dailymed.146d5da7-8c9e-43a2-9a2a-19c0409a6e40.s.85.e.1" e2="Dailymed.146d5da7-8c9e-43a2-9a2a-19c0409a6e40.s.85.e.7"/><pair ddi="false" e1="Dailymed.146d5da7-8c9e-43a2-9a2a-19c0409a6e40.s.85.e.1" e2="Dailymed.146d5da7-8c9e-43a2-9a2a-19c0409a6e40.s.85.e.8"/><pair ddi="false" e1="Dailymed.146d5da7-8c9e-43a2-9a2a-19c0409a6e40.s.85.e.9" e2="Dailymed.146d5da7-8c9e-43a2-9a2a-19c0409a6e40.s.85.e.1"/><pair ddi="false" e1="Dailymed.146d5da7-8c9e-43a2-9a2a-19c0409a6e40.s.85.e.1" e2="Dailymed.146d5da7-8c9e-43a2-9a2a-19c0409a6e40.s.85.e.10"/><pair ddi="false" e1="Dailymed.146d5da7-8c9e-43a2-9a2a-19c0409a6e40.s.85.e.11" e2="Dailymed.146d5da7-8c9e-43a2-9a2a-19c0409a6e40.s.85.e.1"/><pair ddi="false" e1="Dailymed.146d5da7-8c9e-43a2-9a2a-19c0409a6e40.s.85.e.12" e2="Dailymed.146d5da7-8c9e-43a2-9a2a-19c0409a6e40.s.85.e.1"/><pair ddi="false" e1="Dailymed.146d5da7-8c9e-43a2-9a2a-19c0409a6e40.s.85.e.13" e2="Dailymed.146d5da7-8c9e-43a2-9a2a-19c0409a6e40.s.85.e.1"/><pair ddi="false" e1="Dailymed.146d5da7-8c9e-43a2-9a2a-19c0409a6e40.s.85.e.1" e2="Dailymed.146d5da7-8c9e-43a2-9a2a-19c0409a6e40.s.85.e.14"/><pair ddi="false" e1="Dailymed.146d5da7-8c9e-43a2-9a2a-19c0409a6e40.s.85.e.15" e2="Dailymed.146d5da7-8c9e-43a2-9a2a-19c0409a6e40.s.85.e.1"/><pair ddi="false" e1="Dailymed.146d5da7-8c9e-43a2-9a2a-19c0409a6e40.s.85.e.1" e2="Dailymed.146d5da7-8c9e-43a2-9a2a-19c0409a6e40.s.85.e.16"/><pair ddi="false" e1="Dailymed.146d5da7-8c9e-43a2-9a2a-19c0409a6e40.s.85.e.1" e2="Dailymed.146d5da7-8c9e-43a2-9a2a-19c0409a6e40.s.85.e.17"/><pair ddi="false" e1="Dailymed.146d5da7-8c9e-43a2-9a2a-19c0409a6e40.s.85.e.2" e2="Dailymed.146d5da7-8c9e-43a2-9a2a-19c0409a6e40.s.85.e.3"/><pair ddi="false" e1="Dailymed.146d5da7-8c9e-43a2-9a2a-19c0409a6e40.s.85.e.2" e2="Dailymed.146d5da7-8c9e-43a2-9a2a-19c0409a6e40.s.85.e.4"/><pair ddi="false" e1="Dailymed.146d5da7-8c9e-43a2-9a2a-19c0409a6e40.s.85.e.5" e2="Dailymed.146d5da7-8c9e-43a2-9a2a-19c0409a6e40.s.85.e.2"/><pair ddi="false" e1="Dailymed.146d5da7-8c9e-43a2-9a2a-19c0409a6e40.s.85.e.2" e2="Dailymed.146d5da7-8c9e-43a2-9a2a-19c0409a6e40.s.85.e.6"/><pair ddi="false" e1="Dailymed.146d5da7-8c9e-43a2-9a2a-19c0409a6e40.s.85.e.2" e2="Dailymed.146d5da7-8c9e-43a2-9a2a-19c0409a6e40.s.85.e.7"/><pair ddi="false" e1="Dailymed.146d5da7-8c9e-43a2-9a2a-19c0409a6e40.s.85.e.2" e2="Dailymed.146d5da7-8c9e-43a2-9a2a-19c0409a6e40.s.85.e.8"/><pair ddi="false" e1="Dailymed.146d5da7-8c9e-43a2-9a2a-19c0409a6e40.s.85.e.9" e2="Dailymed.146d5da7-8c9e-43a2-9a2a-19c0409a6e40.s.85.e.2"/><pair ddi="false" e1="Dailymed.146d5da7-8c9e-43a2-9a2a-19c0409a6e40.s.85.e.2" e2="Dailymed.146d5da7-8c9e-43a2-9a2a-19c0409a6e40.s.85.e.10"/><pair ddi="false" e1="Dailymed.146d5da7-8c9e-43a2-9a2a-19c0409a6e40.s.85.e.11" e2="Dailymed.146d5da7-8c9e-43a2-9a2a-19c0409a6e40.s.85.e.2"/><pair ddi="false" e1="Dailymed.146d5da7-8c9e-43a2-9a2a-19c0409a6e40.s.85.e.12" e2="Dailymed.146d5da7-8c9e-43a2-9a2a-19c0409a6e40.s.85.e.2"/><pair ddi="false" e1="Dailymed.146d5da7-8c9e-43a2-9a2a-19c0409a6e40.s.85.e.13" e2="Dailymed.146d5da7-8c9e-43a2-9a2a-19c0409a6e40.s.85.e.2"/><pair ddi="false" e1="Dailymed.146d5da7-8c9e-43a2-9a2a-19c0409a6e40.s.85.e.2" e2="Dailymed.146d5da7-8c9e-43a2-9a2a-19c0409a6e40.s.85.e.14"/><pair ddi="false" e1="Dailymed.146d5da7-8c9e-43a2-9a2a-19c0409a6e40.s.85.e.15" e2="Dailymed.146d5da7-8c9e-43a2-9a2a-19c0409a6e40.s.85.e.2"/><pair ddi="false" e1="Dailymed.146d5da7-8c9e-43a2-9a2a-19c0409a6e40.s.85.e.2" e2="Dailymed.146d5da7-8c9e-43a2-9a2a-19c0409a6e40.s.85.e.16"/><pair ddi="false" e1="Dailymed.146d5da7-8c9e-43a2-9a2a-19c0409a6e40.s.85.e.17" e2="Dailymed.146d5da7-8c9e-43a2-9a2a-19c0409a6e40.s.85.e.2"/><pair ddi="false" e1="Dailymed.146d5da7-8c9e-43a2-9a2a-19c0409a6e40.s.85.e.3" e2="Dailymed.146d5da7-8c9e-43a2-9a2a-19c0409a6e40.s.85.e.4"/><pair ddi="false" e1="Dailymed.146d5da7-8c9e-43a2-9a2a-19c0409a6e40.s.85.e.5" e2="Dailymed.146d5da7-8c9e-43a2-9a2a-19c0409a6e40.s.85.e.3"/><pair ddi="false" e1="Dailymed.146d5da7-8c9e-43a2-9a2a-19c0409a6e40.s.85.e.3" e2="Dailymed.146d5da7-8c9e-43a2-9a2a-19c0409a6e40.s.85.e.6"/><pair ddi="false" e1="Dailymed.146d5da7-8c9e-43a2-9a2a-19c0409a6e40.s.85.e.7" e2="Dailymed.146d5da7-8c9e-43a2-9a2a-19c0409a6e40.s.85.e.3"/><pair ddi="false" e1="Dailymed.146d5da7-8c9e-43a2-9a2a-19c0409a6e40.s.85.e.3" e2="Dailymed.146d5da7-8c9e-43a2-9a2a-19c0409a6e40.s.85.e.8"/><pair ddi="false" e1="Dailymed.146d5da7-8c9e-43a2-9a2a-19c0409a6e40.s.85.e.9" e2="Dailymed.146d5da7-8c9e-43a2-9a2a-19c0409a6e40.s.85.e.3"/><pair ddi="false" e1="Dailymed.146d5da7-8c9e-43a2-9a2a-19c0409a6e40.s.85.e.3" e2="Dailymed.146d5da7-8c9e-43a2-9a2a-19c0409a6e40.s.85.e.10"/><pair ddi="false" e1="Dailymed.146d5da7-8c9e-43a2-9a2a-19c0409a6e40.s.85.e.11" e2="Dailymed.146d5da7-8c9e-43a2-9a2a-19c0409a6e40.s.85.e.3"/><pair ddi="false" e1="Dailymed.146d5da7-8c9e-43a2-9a2a-19c0409a6e40.s.85.e.12" e2="Dailymed.146d5da7-8c9e-43a2-9a2a-19c0409a6e40.s.85.e.3"/><pair ddi="false" e1="Dailymed.146d5da7-8c9e-43a2-9a2a-19c0409a6e40.s.85.e.13" e2="Dailymed.146d5da7-8c9e-43a2-9a2a-19c0409a6e40.s.85.e.3"/><pair ddi="false" e1="Dailymed.146d5da7-8c9e-43a2-9a2a-19c0409a6e40.s.85.e.3" e2="Dailymed.146d5da7-8c9e-43a2-9a2a-19c0409a6e40.s.85.e.14"/><pair ddi="false" e1="Dailymed.146d5da7-8c9e-43a2-9a2a-19c0409a6e40.s.85.e.15" e2="Dailymed.146d5da7-8c9e-43a2-9a2a-19c0409a6e40.s.85.e.3"/><pair ddi="false" e1="Dailymed.146d5da7-8c9e-43a2-9a2a-19c0409a6e40.s.85.e.3" e2="Dailymed.146d5da7-8c9e-43a2-9a2a-19c0409a6e40.s.85.e.16"/><pair ddi="false" e1="Dailymed.146d5da7-8c9e-43a2-9a2a-19c0409a6e40.s.85.e.17" e2="Dailymed.146d5da7-8c9e-43a2-9a2a-19c0409a6e40.s.85.e.3"/><pair ddi="false" e1="Dailymed.146d5da7-8c9e-43a2-9a2a-19c0409a6e40.s.85.e.5" e2="Dailymed.146d5da7-8c9e-43a2-9a2a-19c0409a6e40.s.85.e.4"/><pair ddi="false" e1="Dailymed.146d5da7-8c9e-43a2-9a2a-19c0409a6e40.s.85.e.6" e2="Dailymed.146d5da7-8c9e-43a2-9a2a-19c0409a6e40.s.85.e.4"/><pair ddi="false" e1="Dailymed.146d5da7-8c9e-43a2-9a2a-19c0409a6e40.s.85.e.7" e2="Dailymed.146d5da7-8c9e-43a2-9a2a-19c0409a6e40.s.85.e.4"/><pair ddi="false" e1="Dailymed.146d5da7-8c9e-43a2-9a2a-19c0409a6e40.s.85.e.4" e2="Dailymed.146d5da7-8c9e-43a2-9a2a-19c0409a6e40.s.85.e.8"/><pair ddi="false" e1="Dailymed.146d5da7-8c9e-43a2-9a2a-19c0409a6e40.s.85.e.9" e2="Dailymed.146d5da7-8c9e-43a2-9a2a-19c0409a6e40.s.85.e.4"/><pair ddi="false" e1="Dailymed.146d5da7-8c9e-43a2-9a2a-19c0409a6e40.s.85.e.10" e2="Dailymed.146d5da7-8c9e-43a2-9a2a-19c0409a6e40.s.85.e.4"/><pair ddi="false" e1="Dailymed.146d5da7-8c9e-43a2-9a2a-19c0409a6e40.s.85.e.11" e2="Dailymed.146d5da7-8c9e-43a2-9a2a-19c0409a6e40.s.85.e.4"/><pair ddi="false" e1="Dailymed.146d5da7-8c9e-43a2-9a2a-19c0409a6e40.s.85.e.12" e2="Dailymed.146d5da7-8c9e-43a2-9a2a-19c0409a6e40.s.85.e.4"/><pair ddi="false" e1="Dailymed.146d5da7-8c9e-43a2-9a2a-19c0409a6e40.s.85.e.13" e2="Dailymed.146d5da7-8c9e-43a2-9a2a-19c0409a6e40.s.85.e.4"/><pair ddi="false" e1="Dailymed.146d5da7-8c9e-43a2-9a2a-19c0409a6e40.s.85.e.14" e2="Dailymed.146d5da7-8c9e-43a2-9a2a-19c0409a6e40.s.85.e.4"/><pair ddi="false" e1="Dailymed.146d5da7-8c9e-43a2-9a2a-19c0409a6e40.s.85.e.15" e2="Dailymed.146d5da7-8c9e-43a2-9a2a-19c0409a6e40.s.85.e.4"/><pair ddi="false" e1="Dailymed.146d5da7-8c9e-43a2-9a2a-19c0409a6e40.s.85.e.16" e2="Dailymed.146d5da7-8c9e-43a2-9a2a-19c0409a6e40.s.85.e.4"/><pair ddi="false" e1="Dailymed.146d5da7-8c9e-43a2-9a2a-19c0409a6e40.s.85.e.17" e2="Dailymed.146d5da7-8c9e-43a2-9a2a-19c0409a6e40.s.85.e.4"/><pair ddi="false" e1="Dailymed.146d5da7-8c9e-43a2-9a2a-19c0409a6e40.s.85.e.5" e2="Dailymed.146d5da7-8c9e-43a2-9a2a-19c0409a6e40.s.85.e.6"/><pair ddi="false" e1="Dailymed.146d5da7-8c9e-43a2-9a2a-19c0409a6e40.s.85.e.5" e2="Dailymed.146d5da7-8c9e-43a2-9a2a-19c0409a6e40.s.85.e.7"/><pair ddi="false" e1="Dailymed.146d5da7-8c9e-43a2-9a2a-19c0409a6e40.s.85.e.5" e2="Dailymed.146d5da7-8c9e-43a2-9a2a-19c0409a6e40.s.85.e.8"/><pair ddi="false" e1="Dailymed.146d5da7-8c9e-43a2-9a2a-19c0409a6e40.s.85.e.9" e2="Dailymed.146d5da7-8c9e-43a2-9a2a-19c0409a6e40.s.85.e.5"/><pair ddi="false" e1="Dailymed.146d5da7-8c9e-43a2-9a2a-19c0409a6e40.s.85.e.5" e2="Dailymed.146d5da7-8c9e-43a2-9a2a-19c0409a6e40.s.85.e.10"/><pair ddi="false" e1="Dailymed.146d5da7-8c9e-43a2-9a2a-19c0409a6e40.s.85.e.11" e2="Dailymed.146d5da7-8c9e-43a2-9a2a-19c0409a6e40.s.85.e.5"/><pair ddi="false" e1="Dailymed.146d5da7-8c9e-43a2-9a2a-19c0409a6e40.s.85.e.12" e2="Dailymed.146d5da7-8c9e-43a2-9a2a-19c0409a6e40.s.85.e.5"/><pair ddi="false" e1="Dailymed.146d5da7-8c9e-43a2-9a2a-19c0409a6e40.s.85.e.13" e2="Dailymed.146d5da7-8c9e-43a2-9a2a-19c0409a6e40.s.85.e.5"/><pair ddi="false" e1="Dailymed.146d5da7-8c9e-43a2-9a2a-19c0409a6e40.s.85.e.5" e2="Dailymed.146d5da7-8c9e-43a2-9a2a-19c0409a6e40.s.85.e.14"/><pair ddi="false" e1="Dailymed.146d5da7-8c9e-43a2-9a2a-19c0409a6e40.s.85.e.15" e2="Dailymed.146d5da7-8c9e-43a2-9a2a-19c0409a6e40.s.85.e.5"/><pair ddi="false" e1="Dailymed.146d5da7-8c9e-43a2-9a2a-19c0409a6e40.s.85.e.5" e2="Dailymed.146d5da7-8c9e-43a2-9a2a-19c0409a6e40.s.85.e.16"/><pair ddi="false" e1="Dailymed.146d5da7-8c9e-43a2-9a2a-19c0409a6e40.s.85.e.17" e2="Dailymed.146d5da7-8c9e-43a2-9a2a-19c0409a6e40.s.85.e.5"/><pair ddi="false" e1="Dailymed.146d5da7-8c9e-43a2-9a2a-19c0409a6e40.s.85.e.7" e2="Dailymed.146d5da7-8c9e-43a2-9a2a-19c0409a6e40.s.85.e.6"/><pair ddi="false" e1="Dailymed.146d5da7-8c9e-43a2-9a2a-19c0409a6e40.s.85.e.6" e2="Dailymed.146d5da7-8c9e-43a2-9a2a-19c0409a6e40.s.85.e.8"/><pair ddi="false" e1="Dailymed.146d5da7-8c9e-43a2-9a2a-19c0409a6e40.s.85.e.9" e2="Dailymed.146d5da7-8c9e-43a2-9a2a-19c0409a6e40.s.85.e.6"/><pair ddi="false" e1="Dailymed.146d5da7-8c9e-43a2-9a2a-19c0409a6e40.s.85.e.6" e2="Dailymed.146d5da7-8c9e-43a2-9a2a-19c0409a6e40.s.85.e.10"/><pair ddi="false" e1="Dailymed.146d5da7-8c9e-43a2-9a2a-19c0409a6e40.s.85.e.11" e2="Dailymed.146d5da7-8c9e-43a2-9a2a-19c0409a6e40.s.85.e.6"/><pair ddi="false" e1="Dailymed.146d5da7-8c9e-43a2-9a2a-19c0409a6e40.s.85.e.12" e2="Dailymed.146d5da7-8c9e-43a2-9a2a-19c0409a6e40.s.85.e.6"/><pair ddi="false" e1="Dailymed.146d5da7-8c9e-43a2-9a2a-19c0409a6e40.s.85.e.13" e2="Dailymed.146d5da7-8c9e-43a2-9a2a-19c0409a6e40.s.85.e.6"/><pair ddi="false" e1="Dailymed.146d5da7-8c9e-43a2-9a2a-19c0409a6e40.s.85.e.14" e2="Dailymed.146d5da7-8c9e-43a2-9a2a-19c0409a6e40.s.85.e.6"/><pair ddi="false" e1="Dailymed.146d5da7-8c9e-43a2-9a2a-19c0409a6e40.s.85.e.15" e2="Dailymed.146d5da7-8c9e-43a2-9a2a-19c0409a6e40.s.85.e.6"/><pair ddi="false" e1="Dailymed.146d5da7-8c9e-43a2-9a2a-19c0409a6e40.s.85.e.16" e2="Dailymed.146d5da7-8c9e-43a2-9a2a-19c0409a6e40.s.85.e.6"/><pair ddi="false" e1="Dailymed.146d5da7-8c9e-43a2-9a2a-19c0409a6e40.s.85.e.7" e2="Dailymed.146d5da7-8c9e-43a2-9a2a-19c0409a6e40.s.85.e.8"/><pair ddi="false" e1="Dailymed.146d5da7-8c9e-43a2-9a2a-19c0409a6e40.s.85.e.9" e2="Dailymed.146d5da7-8c9e-43a2-9a2a-19c0409a6e40.s.85.e.7"/><pair ddi="false" e1="Dailymed.146d5da7-8c9e-43a2-9a2a-19c0409a6e40.s.85.e.7" e2="Dailymed.146d5da7-8c9e-43a2-9a2a-19c0409a6e40.s.85.e.10"/><pair ddi="false" e1="Dailymed.146d5da7-8c9e-43a2-9a2a-19c0409a6e40.s.85.e.11" e2="Dailymed.146d5da7-8c9e-43a2-9a2a-19c0409a6e40.s.85.e.7"/><pair ddi="false" e1="Dailymed.146d5da7-8c9e-43a2-9a2a-19c0409a6e40.s.85.e.12" e2="Dailymed.146d5da7-8c9e-43a2-9a2a-19c0409a6e40.s.85.e.7"/><pair ddi="false" e1="Dailymed.146d5da7-8c9e-43a2-9a2a-19c0409a6e40.s.85.e.13" e2="Dailymed.146d5da7-8c9e-43a2-9a2a-19c0409a6e40.s.85.e.7"/><pair ddi="false" e1="Dailymed.146d5da7-8c9e-43a2-9a2a-19c0409a6e40.s.85.e.7" e2="Dailymed.146d5da7-8c9e-43a2-9a2a-19c0409a6e40.s.85.e.14"/><pair ddi="false" e1="Dailymed.146d5da7-8c9e-43a2-9a2a-19c0409a6e40.s.85.e.15" e2="Dailymed.146d5da7-8c9e-43a2-9a2a-19c0409a6e40.s.85.e.7"/><pair ddi="false" e1="Dailymed.146d5da7-8c9e-43a2-9a2a-19c0409a6e40.s.85.e.7" e2="Dailymed.146d5da7-8c9e-43a2-9a2a-19c0409a6e40.s.85.e.16"/><pair ddi="false" e1="Dailymed.146d5da7-8c9e-43a2-9a2a-19c0409a6e40.s.85.e.17" e2="Dailymed.146d5da7-8c9e-43a2-9a2a-19c0409a6e40.s.85.e.7"/><pair ddi="false" e1="Dailymed.146d5da7-8c9e-43a2-9a2a-19c0409a6e40.s.85.e.9" e2="Dailymed.146d5da7-8c9e-43a2-9a2a-19c0409a6e40.s.85.e.8"/><pair ddi="false" e1="Dailymed.146d5da7-8c9e-43a2-9a2a-19c0409a6e40.s.85.e.10" e2="Dailymed.146d5da7-8c9e-43a2-9a2a-19c0409a6e40.s.85.e.8"/><pair ddi="false" e1="Dailymed.146d5da7-8c9e-43a2-9a2a-19c0409a6e40.s.85.e.11" e2="Dailymed.146d5da7-8c9e-43a2-9a2a-19c0409a6e40.s.85.e.8"/><pair ddi="false" e1="Dailymed.146d5da7-8c9e-43a2-9a2a-19c0409a6e40.s.85.e.12" e2="Dailymed.146d5da7-8c9e-43a2-9a2a-19c0409a6e40.s.85.e.8"/><pair ddi="false" e1="Dailymed.146d5da7-8c9e-43a2-9a2a-19c0409a6e40.s.85.e.13" e2="Dailymed.146d5da7-8c9e-43a2-9a2a-19c0409a6e40.s.85.e.8"/><pair ddi="false" e1="Dailymed.146d5da7-8c9e-43a2-9a2a-19c0409a6e40.s.85.e.14" e2="Dailymed.146d5da7-8c9e-43a2-9a2a-19c0409a6e40.s.85.e.8"/><pair ddi="false" e1="Dailymed.146d5da7-8c9e-43a2-9a2a-19c0409a6e40.s.85.e.15" e2="Dailymed.146d5da7-8c9e-43a2-9a2a-19c0409a6e40.s.85.e.8"/><pair ddi="false" e1="Dailymed.146d5da7-8c9e-43a2-9a2a-19c0409a6e40.s.85.e.16" e2="Dailymed.146d5da7-8c9e-43a2-9a2a-19c0409a6e40.s.85.e.8"/><pair ddi="false" e1="Dailymed.146d5da7-8c9e-43a2-9a2a-19c0409a6e40.s.85.e.17" e2="Dailymed.146d5da7-8c9e-43a2-9a2a-19c0409a6e40.s.85.e.8"/><pair ddi="false" e1="Dailymed.146d5da7-8c9e-43a2-9a2a-19c0409a6e40.s.85.e.9" e2="Dailymed.146d5da7-8c9e-43a2-9a2a-19c0409a6e40.s.85.e.10"/><pair ddi="false" e1="Dailymed.146d5da7-8c9e-43a2-9a2a-19c0409a6e40.s.85.e.11" e2="Dailymed.146d5da7-8c9e-43a2-9a2a-19c0409a6e40.s.85.e.9"/><pair ddi="false" e1="Dailymed.146d5da7-8c9e-43a2-9a2a-19c0409a6e40.s.85.e.9" e2="Dailymed.146d5da7-8c9e-43a2-9a2a-19c0409a6e40.s.85.e.12"/><pair ddi="false" e1="Dailymed.146d5da7-8c9e-43a2-9a2a-19c0409a6e40.s.85.e.9" e2="Dailymed.146d5da7-8c9e-43a2-9a2a-19c0409a6e40.s.85.e.13"/><pair ddi="false" e1="Dailymed.146d5da7-8c9e-43a2-9a2a-19c0409a6e40.s.85.e.9" e2="Dailymed.146d5da7-8c9e-43a2-9a2a-19c0409a6e40.s.85.e.14"/><pair ddi="false" e1="Dailymed.146d5da7-8c9e-43a2-9a2a-19c0409a6e40.s.85.e.9" e2="Dailymed.146d5da7-8c9e-43a2-9a2a-19c0409a6e40.s.85.e.15"/><pair ddi="false" e1="Dailymed.146d5da7-8c9e-43a2-9a2a-19c0409a6e40.s.85.e.9" e2="Dailymed.146d5da7-8c9e-43a2-9a2a-19c0409a6e40.s.85.e.16"/><pair ddi="false" e1="Dailymed.146d5da7-8c9e-43a2-9a2a-19c0409a6e40.s.85.e.9" e2="Dailymed.146d5da7-8c9e-43a2-9a2a-19c0409a6e40.s.85.e.17"/><pair ddi="false" e1="Dailymed.146d5da7-8c9e-43a2-9a2a-19c0409a6e40.s.85.e.11" e2="Dailymed.146d5da7-8c9e-43a2-9a2a-19c0409a6e40.s.85.e.10"/><pair ddi="false" e1="Dailymed.146d5da7-8c9e-43a2-9a2a-19c0409a6e40.s.85.e.12" e2="Dailymed.146d5da7-8c9e-43a2-9a2a-19c0409a6e40.s.85.e.10"/><pair ddi="false" e1="Dailymed.146d5da7-8c9e-43a2-9a2a-19c0409a6e40.s.85.e.13" e2="Dailymed.146d5da7-8c9e-43a2-9a2a-19c0409a6e40.s.85.e.10"/><pair ddi="false" e1="Dailymed.146d5da7-8c9e-43a2-9a2a-19c0409a6e40.s.85.e.14" e2="Dailymed.146d5da7-8c9e-43a2-9a2a-19c0409a6e40.s.85.e.10"/><pair ddi="false" e1="Dailymed.146d5da7-8c9e-43a2-9a2a-19c0409a6e40.s.85.e.15" e2="Dailymed.146d5da7-8c9e-43a2-9a2a-19c0409a6e40.s.85.e.10"/><pair ddi="false" e1="Dailymed.146d5da7-8c9e-43a2-9a2a-19c0409a6e40.s.85.e.16" e2="Dailymed.146d5da7-8c9e-43a2-9a2a-19c0409a6e40.s.85.e.10"/><pair ddi="false" e1="Dailymed.146d5da7-8c9e-43a2-9a2a-19c0409a6e40.s.85.e.17" e2="Dailymed.146d5da7-8c9e-43a2-9a2a-19c0409a6e40.s.85.e.10"/><pair ddi="false" e1="Dailymed.146d5da7-8c9e-43a2-9a2a-19c0409a6e40.s.85.e.11" e2="Dailymed.146d5da7-8c9e-43a2-9a2a-19c0409a6e40.s.85.e.12"/><pair ddi="false" e1="Dailymed.146d5da7-8c9e-43a2-9a2a-19c0409a6e40.s.85.e.11" e2="Dailymed.146d5da7-8c9e-43a2-9a2a-19c0409a6e40.s.85.e.13"/><pair ddi="false" e1="Dailymed.146d5da7-8c9e-43a2-9a2a-19c0409a6e40.s.85.e.11" e2="Dailymed.146d5da7-8c9e-43a2-9a2a-19c0409a6e40.s.85.e.14"/><pair ddi="false" e1="Dailymed.146d5da7-8c9e-43a2-9a2a-19c0409a6e40.s.85.e.11" e2="Dailymed.146d5da7-8c9e-43a2-9a2a-19c0409a6e40.s.85.e.15"/><pair ddi="false" e1="Dailymed.146d5da7-8c9e-43a2-9a2a-19c0409a6e40.s.85.e.11" e2="Dailymed.146d5da7-8c9e-43a2-9a2a-19c0409a6e40.s.85.e.16"/><pair ddi="false" e1="Dailymed.146d5da7-8c9e-43a2-9a2a-19c0409a6e40.s.85.e.11" e2="Dailymed.146d5da7-8c9e-43a2-9a2a-19c0409a6e40.s.85.e.17"/><pair ddi="false" e1="Dailymed.146d5da7-8c9e-43a2-9a2a-19c0409a6e40.s.85.e.12" e2="Dailymed.146d5da7-8c9e-43a2-9a2a-19c0409a6e40.s.85.e.13"/><pair ddi="false" e1="Dailymed.146d5da7-8c9e-43a2-9a2a-19c0409a6e40.s.85.e.12" e2="Dailymed.146d5da7-8c9e-43a2-9a2a-19c0409a6e40.s.85.e.14"/><pair ddi="false" e1="Dailymed.146d5da7-8c9e-43a2-9a2a-19c0409a6e40.s.85.e.12" e2="Dailymed.146d5da7-8c9e-43a2-9a2a-19c0409a6e40.s.85.e.15"/><pair ddi="false" e1="Dailymed.146d5da7-8c9e-43a2-9a2a-19c0409a6e40.s.85.e.12" e2="Dailymed.146d5da7-8c9e-43a2-9a2a-19c0409a6e40.s.85.e.16"/><pair ddi="false" e1="Dailymed.146d5da7-8c9e-43a2-9a2a-19c0409a6e40.s.85.e.12" e2="Dailymed.146d5da7-8c9e-43a2-9a2a-19c0409a6e40.s.85.e.17"/><pair ddi="false" e1="Dailymed.146d5da7-8c9e-43a2-9a2a-19c0409a6e40.s.85.e.13" e2="Dailymed.146d5da7-8c9e-43a2-9a2a-19c0409a6e40.s.85.e.14"/><pair ddi="false" e1="Dailymed.146d5da7-8c9e-43a2-9a2a-19c0409a6e40.s.85.e.13" e2="Dailymed.146d5da7-8c9e-43a2-9a2a-19c0409a6e40.s.85.e.15"/><pair ddi="false" e1="Dailymed.146d5da7-8c9e-43a2-9a2a-19c0409a6e40.s.85.e.13" e2="Dailymed.146d5da7-8c9e-43a2-9a2a-19c0409a6e40.s.85.e.16"/><pair ddi="false" e1="Dailymed.146d5da7-8c9e-43a2-9a2a-19c0409a6e40.s.85.e.13" e2="Dailymed.146d5da7-8c9e-43a2-9a2a-19c0409a6e40.s.85.e.17"/><pair ddi="false" e1="Dailymed.146d5da7-8c9e-43a2-9a2a-19c0409a6e40.s.85.e.15" e2="Dailymed.146d5da7-8c9e-43a2-9a2a-19c0409a6e40.s.85.e.14"/><pair ddi="false" e1="Dailymed.146d5da7-8c9e-43a2-9a2a-19c0409a6e40.s.85.e.14" e2="Dailymed.146d5da7-8c9e-43a2-9a2a-19c0409a6e40.s.85.e.16"/><pair ddi="false" e1="Dailymed.146d5da7-8c9e-43a2-9a2a-19c0409a6e40.s.85.e.17" e2="Dailymed.146d5da7-8c9e-43a2-9a2a-19c0409a6e40.s.85.e.14"/><pair ddi="false" e1="Dailymed.146d5da7-8c9e-43a2-9a2a-19c0409a6e40.s.85.e.15" e2="Dailymed.146d5da7-8c9e-43a2-9a2a-19c0409a6e40.s.85.e.16"/><pair ddi="false" e1="Dailymed.146d5da7-8c9e-43a2-9a2a-19c0409a6e40.s.85.e.15" e2="Dailymed.146d5da7-8c9e-43a2-9a2a-19c0409a6e40.s.85.e.17"/><pair ddi="false" e1="Dailymed.146d5da7-8c9e-43a2-9a2a-19c0409a6e40.s.85.e.17" e2="Dailymed.146d5da7-8c9e-43a2-9a2a-19c0409a6e40.s.85.e.16"/></sentence><sentence id="Dailymed.146d5da7-8c9e-43a2-9a2a-19c0409a6e40.s.87" text="If a patient is treated with clonidine and Lopressor concurrently, and clonidine treatment is to be discontinued, Lopressor should be stopped several days before clonidine is withdrawn. " type="negative"><entity charOffset="114:123" id="Dailymed.146d5da7-8c9e-43a2-9a2a-19c0409a6e40.s.87.e.0" text="lopressor" type="Biomedical_Entity"><Normalization><mmtx cui="C0700776" phraseText="Lopressor" preferredWord="Lopressor" semType="phsu, orch"/><RxNorm RxCui="203344"/></Normalization></entity><entity charOffset="29:38" id="Dailymed.146d5da7-8c9e-43a2-9a2a-19c0409a6e40.s.87.e.1" text="clonidine" type="Biomedical_Entity"><Normalization><mmtx cui="C0009014" phraseText="treated with clonidine" preferredWord="Clonidine" semType="phsu, orch"/><RxNorm RxCui="2599"/></Normalization></entity><entity charOffset="43:52" id="Dailymed.146d5da7-8c9e-43a2-9a2a-19c0409a6e40.s.87.e.2" text="lopressor" type="Biomedical_Entity"><Normalization><mmtx cui="C0700776" phraseText="Lopressor concurrently," preferredWord="Lopressor" semType="phsu, orch"/><RxNorm RxCui="203344"/></Normalization></entity><entity charOffset="71:80" id="Dailymed.146d5da7-8c9e-43a2-9a2a-19c0409a6e40.s.87.e.3" text="clonidine" type="Biomedical_Entity"><Normalization><mmtx cui="C0009014" phraseText="clonidine treatment" preferredWord="Clonidine" semType="phsu, orch"/><RxNorm RxCui="2599"/></Normalization></entity><entity charOffset="162:171" id="Dailymed.146d5da7-8c9e-43a2-9a2a-19c0409a6e40.s.87.e.4" text="clonidine" type="Biomedical_Entity"><Normalization><mmtx cui="C0009014" phraseText="several days before clonidine" preferredWord="Clonidine" semType="phsu, orch"/><RxNorm RxCui="2599"/></Normalization></entity><pair ddi="false" e1="Dailymed.146d5da7-8c9e-43a2-9a2a-19c0409a6e40.s.87.e.1" e2="Dailymed.146d5da7-8c9e-43a2-9a2a-19c0409a6e40.s.87.e.0"/><pair ddi="false" e1="Dailymed.146d5da7-8c9e-43a2-9a2a-19c0409a6e40.s.87.e.3" e2="Dailymed.146d5da7-8c9e-43a2-9a2a-19c0409a6e40.s.87.e.0"/><pair ddi="false" e1="Dailymed.146d5da7-8c9e-43a2-9a2a-19c0409a6e40.s.87.e.0" e2="Dailymed.146d5da7-8c9e-43a2-9a2a-19c0409a6e40.s.87.e.4"/><pair ddi="false" e1="Dailymed.146d5da7-8c9e-43a2-9a2a-19c0409a6e40.s.87.e.1" e2="Dailymed.146d5da7-8c9e-43a2-9a2a-19c0409a6e40.s.87.e.2"/><pair ddi="false" e1="Dailymed.146d5da7-8c9e-43a2-9a2a-19c0409a6e40.s.87.e.2" e2="Dailymed.146d5da7-8c9e-43a2-9a2a-19c0409a6e40.s.87.e.3"/><pair ddi="false" e1="Dailymed.146d5da7-8c9e-43a2-9a2a-19c0409a6e40.s.87.e.2" e2="Dailymed.146d5da7-8c9e-43a2-9a2a-19c0409a6e40.s.87.e.4"/></sentence><sentence id="Dailymed.146d5da7-8c9e-43a2-9a2a-19c0409a6e40.s.88" text="Rebound hypertension that can follow withdrawal of clonidine may be increased in patients receiving concurrent beta blocker treatment." type="negative"><entity charOffset="111:123" id="Dailymed.146d5da7-8c9e-43a2-9a2a-19c0409a6e40.s.88.e.0" text="beta blocker" type="Biomedical_Entity"><Normalization><mmtx cui="C0001645" phraseText="concurrent beta blocker treatment." preferredWord="Adrenergic beta-Antagonists" semType="phsu"/><RxNorm RxCui="NA"/></Normalization></entity><entity charOffset="51:60" id="Dailymed.146d5da7-8c9e-43a2-9a2a-19c0409a6e40.s.88.e.1" text="clonidine" type="Biomedical_Entity"><Normalization><mmtx cui="C0009014" phraseText="withdrawal of clonidine" preferredWord="Clonidine" semType="phsu, orch"/><RxNorm RxCui="2599"/></Normalization></entity><pair ddi="false" e1="Dailymed.146d5da7-8c9e-43a2-9a2a-19c0409a6e40.s.88.e.1" e2="Dailymed.146d5da7-8c9e-43a2-9a2a-19c0409a6e40.s.88.e.0"/></sentence><sentence id="Dailymed.146d5da7-8c9e-43a2-9a2a-19c0409a6e40.s.89" text="Hydrochlorothiazide: Hypokalemia can sensitize or exaggerate the response of the heart to the toxic effects of digitalis (e.g., increased ventricular irritability)." type="negative"><entity charOffset="111:120" id="Dailymed.146d5da7-8c9e-43a2-9a2a-19c0409a6e40.s.89.e.0" text="digitalis" type="Biomedical_Entity"><Normalization><mmtx cui="C0304520" phraseText="of digitalis" preferredWord="Digitalis preparation" semType="phsu, carb"/><RxNorm RxCui="91235"/></Normalization></entity><entity charOffset="0:19" id="Dailymed.146d5da7-8c9e-43a2-9a2a-19c0409a6e40.s.89.e.1" text="hydrochlorothiazide" type="Biomedical_Entity"><Normalization><mmtx cui="C0020261" phraseText="Hydrochlorothiazide" preferredWord="Hydrochlorothiazide" semType="phsu, orch"/><RxNorm RxCui="5487"/></Normalization></entity><pair ddi="false" e1="Dailymed.146d5da7-8c9e-43a2-9a2a-19c0409a6e40.s.89.e.1" e2="Dailymed.146d5da7-8c9e-43a2-9a2a-19c0409a6e40.s.89.e.0"/></sentence><sentence biomedicalEntities="2" id="Dailymed.146d5da7-8c9e-43a2-9a2a-19c0409a6e40.s.90" lineNumber="104" text="Hypokalemia may develop during concomitant use of steroids or ACTH." type="irregular"><entity charOffset="50:58" id="Dailymed.146d5da7-8c9e-43a2-9a2a-19c0409a6e40.s.90.e.0" text="steroids" type="Drug_Class"><Normalization><RxNorm RxCui="10072"/></Normalization></entity><entity charOffset="62:66" id="Dailymed.146d5da7-8c9e-43a2-9a2a-19c0409a6e40.s.90.e.1" text="ACTH" type="Drug"><Normalization><RxNorm RxCui="376"/></Normalization></entity><entity charOffset="0:11" id="Dailymed.146d5da7-8c9e-43a2-9a2a-19c0409a6e40.s.90.e.2" text="Hypokalemia" type="Specific_Interaction"/><drugInteraction id="Dailymed.146d5da7-8c9e-43a2-9a2a-19c0409a6e40.s.90.ddi.1"><interaction trigger="Dailymed.146d5da7-8c9e-43a2-9a2a-19c0409a6e40.s.90.e.2"><relations><relation type="hasPrecipitant"><entity id="Dailymed.146d5da7-8c9e-43a2-9a2a-19c0409a6e40.s.90.e.1"/></relation><relation type="hasObject"><ellipsisSentence id="Dailymed.146d5da7-8c9e-43a2-9a2a-19c0409a6e40.s.89" text="Hydrochlorothiazide: Hypokalemia can sensitize or exaggerate the response of the heart to the toxic effects of digitalis (e.g., increased ventricular irritability)."><entity charOffset="0:19" id="Dailymed.146d5da7-8c9e-43a2-9a2a-19c0409a6e40.s.89.e.0" text="Hydrochlorothiazide" type="Drug"><Normalization><mmtx cui="C0020261" phraseText="Hydrochlorothiazide" preferredWord="Hydrochlorothiazide" semType="phsu, orch"/></Normalization></entity></ellipsisSentence></relation><relation type="hasPrecipitant"><entity id="Dailymed.146d5da7-8c9e-43a2-9a2a-19c0409a6e40.s.90.e.0"/></relation></relations></interaction></drugInteraction><pair ddi="false" e1="Dailymed.146d5da7-8c9e-43a2-9a2a-19c0409a6e40.s.90.e.0" e2="Dailymed.146d5da7-8c9e-43a2-9a2a-19c0409a6e40.s.90.e.1"/><pair ddi="true" e1="labelDrug" e2="Dailymed.146d5da7-8c9e-43a2-9a2a-19c0409a6e40.s.90.e.1"/><pair ddi="true" e1="labelDrug" e2="Dailymed.146d5da7-8c9e-43a2-9a2a-19c0409a6e40.s.90.e.0"/></sentence><sentence biomedicalEntities="2" id="Dailymed.146d5da7-8c9e-43a2-9a2a-19c0409a6e40.s.92" lineNumber="108" text="Thiazides may decrease arterial responsiveness to norepinephrine, but not enough to preclude effectiveness of the pressor agent for therapeutic use." type="regular"><entity charOffset="0:9" id="Dailymed.146d5da7-8c9e-43a2-9a2a-19c0409a6e40.s.92.e.0" text="Thiazides" type="Drug_Class"><Normalization><mmtx cui="C0541746" phraseText="Thiazides" preferredWord="Thiazides" semType="phsu, orch"/><RxNorm RxCui="141801"/></Normalization></entity><entity charOffset="50:64" id="Dailymed.146d5da7-8c9e-43a2-9a2a-19c0409a6e40.s.92.e.1" text="norepinephrine" type="Drug"><Normalization><mmtx cui="C0028351" phraseText="arterial responsiveness to norepinephrine," preferredWord="Norepinephrine" semType="phsu, orch, nsba"/><RxNorm RxCui="7508"/></Normalization></entity><entity charOffset="14:46" id="Dailymed.146d5da7-8c9e-43a2-9a2a-19c0409a6e40.s.92.e.2" text="decrease arterial responsiveness" type="Specific_Interaction"/><drugInteraction id="Dailymed.146d5da7-8c9e-43a2-9a2a-19c0409a6e40.s.92.ddi.1"><interaction trigger="Dailymed.146d5da7-8c9e-43a2-9a2a-19c0409a6e40.s.92.e.2"><relations><relation type="hasObject"><entity id="Dailymed.146d5da7-8c9e-43a2-9a2a-19c0409a6e40.s.92.e.1"/></relation><relation type="hasPrecipitant"><entity id="Dailymed.146d5da7-8c9e-43a2-9a2a-19c0409a6e40.s.92.e.0"/></relation></relations></interaction></drugInteraction><pair ddi="true" e1="Dailymed.146d5da7-8c9e-43a2-9a2a-19c0409a6e40.s.92.e.0" e2="Dailymed.146d5da7-8c9e-43a2-9a2a-19c0409a6e40.s.92.e.1" trigger="Dailymed.146d5da7-8c9e-43a2-9a2a-19c0409a6e40.s.92.e.2" type="Specific_Interaction"/></sentence><sentence biomedicalEntities="2" id="Dailymed.146d5da7-8c9e-43a2-9a2a-19c0409a6e40.s.93" lineNumber="110" text="Thiazides may increase the responsiveness to tubocurarine." type="regular"><entity charOffset="0:9" id="Dailymed.146d5da7-8c9e-43a2-9a2a-19c0409a6e40.s.93.e.0" text="Thiazides" type="Drug_Class"><Normalization><mmtx cui="C0541746" phraseText="Thiazides" preferredWord="Thiazides" semType="phsu, orch"/><RxNorm RxCui="141801"/></Normalization></entity><entity charOffset="45:57" id="Dailymed.146d5da7-8c9e-43a2-9a2a-19c0409a6e40.s.93.e.1" text="tubocurarine" type="Drug"><Normalization><mmtx cui="C0041345" phraseText="the responsiveness to tubocurarine." preferredWord="Tubocurarine" semType="phsu, orch"/><RxNorm RxCui="82115"/></Normalization></entity><entity charOffset="14:41" id="Dailymed.146d5da7-8c9e-43a2-9a2a-19c0409a6e40.s.93.e.2" text="increase the responsiveness" type="Increase_Interaction"/><drugInteraction id="Dailymed.146d5da7-8c9e-43a2-9a2a-19c0409a6e40.s.93.ddi.1"><interaction trigger="Dailymed.146d5da7-8c9e-43a2-9a2a-19c0409a6e40.s.93.e.2"><relations><relation type="hasPrecipitant"><entity id="Dailymed.146d5da7-8c9e-43a2-9a2a-19c0409a6e40.s.93.e.0"/></relation><relation type="hasObject"><entity id="Dailymed.146d5da7-8c9e-43a2-9a2a-19c0409a6e40.s.93.e.1"/></relation></relations></interaction></drugInteraction><pair ddi="true" e1="Dailymed.146d5da7-8c9e-43a2-9a2a-19c0409a6e40.s.93.e.0" e2="Dailymed.146d5da7-8c9e-43a2-9a2a-19c0409a6e40.s.93.e.1" trigger="Dailymed.146d5da7-8c9e-43a2-9a2a-19c0409a6e40.s.93.e.2" type="Increase_Interaction"/></sentence><sentence biomedicalEntities="3" id="Dailymed.146d5da7-8c9e-43a2-9a2a-19c0409a6e40.s.94" lineNumber="112" text="Lithium renal clearance is reduced by thiazides, increasing the risk of lithium toxicity." type="regular"><entity charOffset="0:7" id="Dailymed.146d5da7-8c9e-43a2-9a2a-19c0409a6e40.s.94.e.0" text="Lithium" type="Drug"><Normalization><mmtx cui="C0023870" phraseText="Lithium renal clearance" preferredWord="Lithium" semType="phsu, elii"/><RxNorm RxCui="1428998"/></Normalization></entity><entity charOffset="38:47" id="Dailymed.146d5da7-8c9e-43a2-9a2a-19c0409a6e40.s.94.e.1" text="thiazides" type="Drug_Class"><Normalization><mmtx cui="C0541746" phraseText="reduced by thiazides," preferredWord="Thiazides" semType="phsu, orch"/><RxNorm RxCui="141801"/></Normalization></entity><entity charOffset="8:34" id="Dailymed.146d5da7-8c9e-43a2-9a2a-19c0409a6e40.s.94.e.2" text="renal clearance is reduced" type="Increase_Interaction"/><entity charOffset="80:88" id="Dailymed.146d5da7-8c9e-43a2-9a2a-19c0409a6e40.s.94.e.4" text="toxicity" type="Increase_Interaction"/><entity charOffset="72:79" id="Dailymed.146d5da7-8c9e-43a2-9a2a-19c0409a6e40.s.94.e.6" text="lithium" type="Drug"><Normalization><mmtx cui="C0023870" phraseText="the risk of lithium toxicity." preferredWord="Lithium" semType="phsu, elii"/><RxNorm RxCui="1428998"/></Normalization></entity><drugInteraction id="Dailymed.146d5da7-8c9e-43a2-9a2a-19c0409a6e40.s.94.ddi.1"><interaction trigger="Dailymed.146d5da7-8c9e-43a2-9a2a-19c0409a6e40.s.94.e.2"><relations><relation type="hasPrecipitant"><entity id="Dailymed.146d5da7-8c9e-43a2-9a2a-19c0409a6e40.s.94.e.1"/></relation><relation type="hasObject"><entity id="Dailymed.146d5da7-8c9e-43a2-9a2a-19c0409a6e40.s.94.e.0"/></relation></relations></interaction></drugInteraction><drugInteraction id="Dailymed.146d5da7-8c9e-43a2-9a2a-19c0409a6e40.s.94.ddi.2"><interaction trigger="Dailymed.146d5da7-8c9e-43a2-9a2a-19c0409a6e40.s.94.e.4"><relations><relation type="hasObject"><entity id="Dailymed.146d5da7-8c9e-43a2-9a2a-19c0409a6e40.s.94.e.6"/></relation><relation type="hasPrecipitant"><entity id="Dailymed.146d5da7-8c9e-43a2-9a2a-19c0409a6e40.s.94.e.1"/></relation></relations></interaction></drugInteraction><pair ddi="true" e1="Dailymed.146d5da7-8c9e-43a2-9a2a-19c0409a6e40.s.94.e.0" e2="Dailymed.146d5da7-8c9e-43a2-9a2a-19c0409a6e40.s.94.e.1" trigger="Dailymed.146d5da7-8c9e-43a2-9a2a-19c0409a6e40.s.94.e.2" type="Increase_Interaction"/><pair ddi="true" e1="Dailymed.146d5da7-8c9e-43a2-9a2a-19c0409a6e40.s.94.e.1" e2="Dailymed.146d5da7-8c9e-43a2-9a2a-19c0409a6e40.s.94.e.6" trigger="Dailymed.146d5da7-8c9e-43a2-9a2a-19c0409a6e40.s.94.e.4" type="Increase_Interaction"/></sentence><sentence biomedicalEntities="2" id="Dailymed.146d5da7-8c9e-43a2-9a2a-19c0409a6e40.s.95" lineNumber="114" text="There have been rare reports in the literature of hemolytic anemia occurring with the concomitant use of hydrochlorothiazide and methyldopa." type="regular"><entity charOffset="16:28" id="Dailymed.146d5da7-8c9e-43a2-9a2a-19c0409a6e40.s.95.e.0" text="rare reports" type="SPAN"/><entity charOffset="50:66" id="Dailymed.146d5da7-8c9e-43a2-9a2a-19c0409a6e40.s.95.e.1" text="hemolytic anemia" type="Specific_Interaction"><Normalization><mmtx cui="C0002878" phraseText="rare reports in the literature of hemolytic anemia" preferredWord="Anemia, Hemolytic" semType="dsyn"/></Normalization></entity><entity charOffset="105:124" id="Dailymed.146d5da7-8c9e-43a2-9a2a-19c0409a6e40.s.95.e.3" text="hydrochlorothiazide" type="Drug"><Normalization><mmtx cui="C0020261" phraseText="occurring with the concomitant use of hydrochlorothiazide" preferredWord="Hydrochlorothiazide" semType="phsu, orch"/><RxNorm RxCui="5487"/></Normalization></entity><entity charOffset="129:139" id="Dailymed.146d5da7-8c9e-43a2-9a2a-19c0409a6e40.s.95.e.4" text="methyldopa" type="Drug"><Normalization><mmtx cui="C0025741" phraseText="methyldopa." preferredWord="Methyldopa" semType="phsu, aapp, nsba"/><RxNorm RxCui="6876"/></Normalization></entity><drugInteraction id="Dailymed.146d5da7-8c9e-43a2-9a2a-19c0409a6e40.s.95.ddi.1"><interaction trigger="Dailymed.146d5da7-8c9e-43a2-9a2a-19c0409a6e40.s.95.e.1"><relations><relation type="hasEvidence"><entity id="Dailymed.146d5da7-8c9e-43a2-9a2a-19c0409a6e40.s.95.e.0"/></relation><relation type="hasObject"><entity id="Dailymed.146d5da7-8c9e-43a2-9a2a-19c0409a6e40.s.95.e.3"/></relation><relation type="hasPrecipitant"><entity id="Dailymed.146d5da7-8c9e-43a2-9a2a-19c0409a6e40.s.95.e.4"/></relation></relations></interaction></drugInteraction><pair ddi="true" e1="Dailymed.146d5da7-8c9e-43a2-9a2a-19c0409a6e40.s.95.e.3" e2="Dailymed.146d5da7-8c9e-43a2-9a2a-19c0409a6e40.s.95.e.4" evidence="Dailymed.146d5da7-8c9e-43a2-9a2a-19c0409a6e40.s.95.e.0" trigger="Dailymed.146d5da7-8c9e-43a2-9a2a-19c0409a6e40.s.95.e.1" type="Specific_Interaction"/></sentence><sentence biomedicalEntities="2" id="Dailymed.146d5da7-8c9e-43a2-9a2a-19c0409a6e40.s.96" lineNumber="116" text="Concurrent administration of some nonsteroidal anti-inflammatory agents may reduce the diuretic, natriuretic and antihypertensive effects of thiazide diuretics." type="regular"><entity charOffset="34:71" id="Dailymed.146d5da7-8c9e-43a2-9a2a-19c0409a6e40.s.96.e.0" text="nonsteroidal anti-inflammatory agents" type="Drug_Class"><Normalization><mmtx cui="C0003211" phraseText="Concurrent administration of some nonsteroidal anti-inflammatory agents" preferredWord="Anti-Inflammatory Agents, Non-Steroidal" semType="phsu"/><RxNorm RxCui="402125"/></Normalization></entity><entity charOffset="141:159" id="Dailymed.146d5da7-8c9e-43a2-9a2a-19c0409a6e40.s.96.e.1" text="thiazide diuretics" type="Drug_Class"><Normalization><mmtx cui="C0012802" phraseText="antihypertensive effects of thiazide diuretics." preferredWord="Thiazide Diuretics" semType="phsu, orch"/><RxNorm RxCui="141801"/></Normalization></entity><entity charOffset="76:95|130:137" id="Dailymed.146d5da7-8c9e-43a2-9a2a-19c0409a6e40.s.96.e.2" text="reduce the diuretic effects" type="Specific_Interaction"/><entity charOffset="76:86|113:137" id="Dailymed.146d5da7-8c9e-43a2-9a2a-19c0409a6e40.s.96.e.4" text="reduce the antihypertensive effects" type="Specific_Interaction"/><entity charOffset="76:86|97:108|130:137" id="Dailymed.146d5da7-8c9e-43a2-9a2a-19c0409a6e40.s.96.e.6" text="reduce the natriuretic effects" type="Specific_Interaction"/><drugInteraction id="Dailymed.146d5da7-8c9e-43a2-9a2a-19c0409a6e40.s.96.ddi.1"><interaction trigger="Dailymed.146d5da7-8c9e-43a2-9a2a-19c0409a6e40.s.96.e.2"><relations><relation type="hasObject"><entity id="Dailymed.146d5da7-8c9e-43a2-9a2a-19c0409a6e40.s.96.e.1"/></relation><relation type="hasPrecipitant"><entity id="Dailymed.146d5da7-8c9e-43a2-9a2a-19c0409a6e40.s.96.e.0"/></relation></relations></interaction></drugInteraction><drugInteraction id="Dailymed.146d5da7-8c9e-43a2-9a2a-19c0409a6e40.s.96.ddi.2"><interaction trigger="Dailymed.146d5da7-8c9e-43a2-9a2a-19c0409a6e40.s.96.e.4"><relations><relation type="hasObject"><entity id="Dailymed.146d5da7-8c9e-43a2-9a2a-19c0409a6e40.s.96.e.1"/></relation><relation type="hasPrecipitant"><entity id="Dailymed.146d5da7-8c9e-43a2-9a2a-19c0409a6e40.s.96.e.0"/></relation></relations></interaction></drugInteraction><drugInteraction id="Dailymed.146d5da7-8c9e-43a2-9a2a-19c0409a6e40.s.96.ddi.3"><interaction trigger="Dailymed.146d5da7-8c9e-43a2-9a2a-19c0409a6e40.s.96.e.6"><relations><relation type="hasObject"><entity id="Dailymed.146d5da7-8c9e-43a2-9a2a-19c0409a6e40.s.96.e.1"/></relation><relation type="hasPrecipitant"><entity id="Dailymed.146d5da7-8c9e-43a2-9a2a-19c0409a6e40.s.96.e.0"/></relation></relations></interaction></drugInteraction><pair ddi="true" e1="Dailymed.146d5da7-8c9e-43a2-9a2a-19c0409a6e40.s.96.e.0" e2="Dailymed.146d5da7-8c9e-43a2-9a2a-19c0409a6e40.s.96.e.1" trigger="Dailymed.146d5da7-8c9e-43a2-9a2a-19c0409a6e40.s.96.e.2" type="Specific_Interaction"/></sentence><sentence biomedicalEntities="2" id="Dailymed.146d5da7-8c9e-43a2-9a2a-19c0409a6e40.s.97" lineNumber="118" text="Cholestyramine and colestipol resins: Absorption of hydrochlorothiazide is impaired in the presence of anionic exchange resins. " type="regular"><entity charOffset="52:71" id="Dailymed.146d5da7-8c9e-43a2-9a2a-19c0409a6e40.s.97.e.0" text="hydrochlorothiazide" type="Drug"><Normalization><mmtx cui="C0020261" phraseText="Absorption of hydrochlorothiazide" preferredWord="Hydrochlorothiazide" semType="phsu, orch"/><RxNorm RxCui="5487"/></Normalization></entity><entity charOffset="103:126" id="Dailymed.146d5da7-8c9e-43a2-9a2a-19c0409a6e40.s.97.e.1" text="anionic exchange resins" type="Drug_Class"><Normalization><RxNorm RxCui="107801"/></Normalization></entity><entity charOffset="38:48|72:83" id="Dailymed.146d5da7-8c9e-43a2-9a2a-19c0409a6e40.s.97.e.2" text="Absorption is impaired" type="Decrease_Interaction"/><drugInteraction id="Dailymed.146d5da7-8c9e-43a2-9a2a-19c0409a6e40.s.97.ddi.1"><interaction trigger="Dailymed.146d5da7-8c9e-43a2-9a2a-19c0409a6e40.s.97.e.2"><relations><relation type="hasObject"><entity id="Dailymed.146d5da7-8c9e-43a2-9a2a-19c0409a6e40.s.97.e.0"/></relation><relation type="hasPrecipitant"><entity id="Dailymed.146d5da7-8c9e-43a2-9a2a-19c0409a6e40.s.97.e.1"/></relation></relations></interaction></drugInteraction><pair ddi="true" e1="Dailymed.146d5da7-8c9e-43a2-9a2a-19c0409a6e40.s.97.e.0" e2="Dailymed.146d5da7-8c9e-43a2-9a2a-19c0409a6e40.s.97.e.1" trigger="Dailymed.146d5da7-8c9e-43a2-9a2a-19c0409a6e40.s.97.e.2" type="Decrease_Interaction"/></sentence><sentence biomedicalEntities="3" id="Dailymed.146d5da7-8c9e-43a2-9a2a-19c0409a6e40.s.98" lineNumber="118" text="Single doses of either cholestyramine or colestipol resins bind the hydrochlorothiazide and reduce its absorption from the gastrointestinal tract by up to 85% and 43%, respectively." type="regular"><entity charOffset="23:37" id="Dailymed.146d5da7-8c9e-43a2-9a2a-19c0409a6e40.s.98.e.0" text="cholestyramine" type="Drug"><Normalization><mmtx cui="C0008402" phraseText="Single doses of either cholestyramine" preferredWord="Cholestyramine Resin" semType="phsu, orch"/><RxNorm RxCui="2447"/></Normalization></entity><entity charOffset="41:58" id="Dailymed.146d5da7-8c9e-43a2-9a2a-19c0409a6e40.s.98.e.1" text="colestipol resins" type="Drug_Class"><Normalization><mmtx cui="C0009279" phraseText="colestipol resins" preferredWord="Colestipol" semType="phsu, orch"/><RxNorm RxCui="104485"/></Normalization></entity><entity charOffset="68:87" id="Dailymed.146d5da7-8c9e-43a2-9a2a-19c0409a6e40.s.98.e.2" text="hydrochlorothiazide" type="Drug"><Normalization><mmtx cui="C0020261" phraseText="the hydrochlorothiazide" preferredWord="Hydrochlorothiazide" semType="phsu, orch"/><RxNorm RxCui="5487"/></Normalization></entity><entity charOffset="92:113" id="Dailymed.146d5da7-8c9e-43a2-9a2a-19c0409a6e40.s.98.e.3" text="reduce its absorption" type="Decrease_Interaction"/><drugInteraction id="Dailymed.146d5da7-8c9e-43a2-9a2a-19c0409a6e40.s.98.ddi.1"><interaction trigger="Dailymed.146d5da7-8c9e-43a2-9a2a-19c0409a6e40.s.98.e.3"><relations><relation type="hasPrecipitant"><entity id="Dailymed.146d5da7-8c9e-43a2-9a2a-19c0409a6e40.s.98.e.1"/></relation><relation type="hasPrecipitant"><entity id="Dailymed.146d5da7-8c9e-43a2-9a2a-19c0409a6e40.s.98.e.0"/></relation><relation type="hasObject"><entity id="Dailymed.146d5da7-8c9e-43a2-9a2a-19c0409a6e40.s.98.e.2"/></relation></relations></interaction></drugInteraction><pair ddi="true" e1="Dailymed.146d5da7-8c9e-43a2-9a2a-19c0409a6e40.s.98.e.1" e2="Dailymed.146d5da7-8c9e-43a2-9a2a-19c0409a6e40.s.98.e.2" trigger="Dailymed.146d5da7-8c9e-43a2-9a2a-19c0409a6e40.s.98.e.3" type="Decrease_Interaction"/><pair ddi="true" e1="Dailymed.146d5da7-8c9e-43a2-9a2a-19c0409a6e40.s.98.e.0" e2="Dailymed.146d5da7-8c9e-43a2-9a2a-19c0409a6e40.s.98.e.2" trigger="Dailymed.146d5da7-8c9e-43a2-9a2a-19c0409a6e40.s.98.e.3" type="Decrease_Interaction"/><pair ddi="false" e1="Dailymed.146d5da7-8c9e-43a2-9a2a-19c0409a6e40.s.98.e.0" e2="Dailymed.146d5da7-8c9e-43a2-9a2a-19c0409a6e40.s.98.e.1"/></sentence><sentence id="Dailymed.146d5da7-8c9e-43a2-9a2a-19c0409a6e40.s.100" text="Hydrochlorothiazide: Thiazides may decrease serum levels of protein-bound iodine without signs of thyroid disturbance. " type="negative"><entity charOffset="74:80" id="Dailymed.146d5da7-8c9e-43a2-9a2a-19c0409a6e40.s.100.e.0" text="iodine" type="Biomedical_Entity"><Normalization><mmtx cui="C0885449" phraseText="serum levels of protein-bound iodine" preferredWord="Iodine, Homeopathic preparation" semType="phsu"/><RxNorm RxCui="5933"/></Normalization></entity><entity charOffset="21:30" id="Dailymed.146d5da7-8c9e-43a2-9a2a-19c0409a6e40.s.100.e.1" text="thiazides" type="Biomedical_Entity"><Normalization><mmtx cui="C0541746" phraseText="Thiazides" preferredWord="Thiazides" semType="phsu, orch"/><RxNorm RxCui="141801"/></Normalization></entity><entity charOffset="0:19" id="Dailymed.146d5da7-8c9e-43a2-9a2a-19c0409a6e40.s.100.e.2" text="hydrochlorothiazide" type="Biomedical_Entity"><Normalization><mmtx cui="C0020261" phraseText="Hydrochlorothiazide" preferredWord="Hydrochlorothiazide" semType="phsu, orch"/><RxNorm RxCui="5487"/></Normalization></entity><pair ddi="false" e1="Dailymed.146d5da7-8c9e-43a2-9a2a-19c0409a6e40.s.100.e.1" e2="Dailymed.146d5da7-8c9e-43a2-9a2a-19c0409a6e40.s.100.e.0"/><pair ddi="false" e1="Dailymed.146d5da7-8c9e-43a2-9a2a-19c0409a6e40.s.100.e.2" e2="Dailymed.146d5da7-8c9e-43a2-9a2a-19c0409a6e40.s.100.e.0"/><pair ddi="false" e1="Dailymed.146d5da7-8c9e-43a2-9a2a-19c0409a6e40.s.100.e.2" e2="Dailymed.146d5da7-8c9e-43a2-9a2a-19c0409a6e40.s.100.e.1"/></sentence><sentence id="Dailymed.146d5da7-8c9e-43a2-9a2a-19c0409a6e40.s.102" text="(see General, Hydrochlorothiazide, Calcium excretion)." type="negative"><entity charOffset="35:42" id="Dailymed.146d5da7-8c9e-43a2-9a2a-19c0409a6e40.s.102.e.0" text="calcium" type="Biomedical_Entity"><Normalization><mmtx cui="C0006675" phraseText="Calcium excretion" preferredWord="Calcium" semType="bacs, phsu, elii"/><RxNorm RxCui="1895"/></Normalization></entity><entity charOffset="14:33" id="Dailymed.146d5da7-8c9e-43a2-9a2a-19c0409a6e40.s.102.e.1" text="hydrochlorothiazide" type="Biomedical_Entity"><Normalization><mmtx cui="C0020261" phraseText="General, Hydrochlorothiazide," preferredWord="Hydrochlorothiazide" semType="phsu, orch"/><RxNorm RxCui="5487"/></Normalization></entity><pair ddi="false" e1="Dailymed.146d5da7-8c9e-43a2-9a2a-19c0409a6e40.s.102.e.1" e2="Dailymed.146d5da7-8c9e-43a2-9a2a-19c0409a6e40.s.102.e.0"/></sentence><positiveExamples number="18"/><negativeExamples number="214"/></document>