<?xml version="1.0" encoding="UTF-8" standalone="no"?><document setID="18fb1c2b-0c1e-436c-a5b6-d4840b5da228"><labelDrug name="Nicardipine Hydrochloride"><Normalization/></labelDrug><generic name="Nicardipine Hydrochloride"/><sentence id="Dailymed.18fb1c2b-0c1e-436c-a5b6-d4840b5da228.s.1" text="Drug Label for drug brand Nicardipine Hydrochloride, containing Nicardipine Hydrochloride." type="negative"><entity charOffset="0:19" id="Dailymed.18fb1c2b-0c1e-436c-a5b6-d4840b5da228.s.1.e.0" text="drug drug" type="Biomedical_Entity"><Normalization><mmtx cui="C0013231" phraseText="Drug Label for drug brand Nicardipine Hydrochloride," preferredWord="Drugs, Non-Prescription" semType="phsu"/><RxNorm RxCui="NA"/></Normalization></entity><entity charOffset="64:89" id="Dailymed.18fb1c2b-0c1e-436c-a5b6-d4840b5da228.s.1.e.1" text="nicardipine hydrochloride" type="Biomedical_Entity"><Normalization><mmtx cui="C0770150" phraseText="Nicardipine Hydrochloride." preferredWord="Nicardipine hydrochloride" semType="phsu, orch"/><RxNorm RxCui="235230"/></Normalization></entity><entity charOffset="26:51" id="Dailymed.18fb1c2b-0c1e-436c-a5b6-d4840b5da228.s.1.e.2" text="nicardipine hydrochloride" type="Biomedical_Entity"><Normalization><mmtx cui="C0770150" phraseText="Drug Label for drug brand Nicardipine Hydrochloride," preferredWord="Nicardipine hydrochloride" semType="phsu, orch"/><RxNorm RxCui="235230"/></Normalization></entity><pair ddi="false" e1="Dailymed.18fb1c2b-0c1e-436c-a5b6-d4840b5da228.s.1.e.0" e2="Dailymed.18fb1c2b-0c1e-436c-a5b6-d4840b5da228.s.1.e.1"/><pair ddi="false" e1="Dailymed.18fb1c2b-0c1e-436c-a5b6-d4840b5da228.s.1.e.0" e2="Dailymed.18fb1c2b-0c1e-436c-a5b6-d4840b5da228.s.1.e.2"/></sentence><sentence id="Dailymed.18fb1c2b-0c1e-436c-a5b6-d4840b5da228.s.11" text="&lt;item&gt;Nicardipine is not a beta-blocker and therefore gives no protection against the dangers of abrupt beta-blocker withdrawal. " type="negative"><entity charOffset="104:116" id="Dailymed.18fb1c2b-0c1e-436c-a5b6-d4840b5da228.s.11.e.0" text="beta-blocker" type="Biomedical_Entity"><Normalization><mmtx cui="C0001645" phraseText="no protection against the dangers of abrupt beta-blocker withdrawal." preferredWord="Adrenergic beta-Antagonists" semType="phsu"/><RxNorm RxCui="371"/></Normalization></entity><entity charOffset="27:39" id="Dailymed.18fb1c2b-0c1e-436c-a5b6-d4840b5da228.s.11.e.1" text="beta-blocker" type="Biomedical_Entity"><Normalization><mmtx cui="C0001645" phraseText="not a beta-blocker" preferredWord="Adrenergic beta-Antagonists" semType="phsu"/><RxNorm RxCui="371"/></Normalization></entity><entity charOffset="6:17" id="Dailymed.18fb1c2b-0c1e-436c-a5b6-d4840b5da228.s.11.e.2" text="nicardipine" type="Biomedical_Entity"><Normalization><mmtx cui="C0028005" phraseText="&gt;Nicardipine" preferredWord="Nicardipine" semType="phsu, orch"/><RxNorm RxCui="235230"/></Normalization></entity><pair ddi="false" e1="Dailymed.18fb1c2b-0c1e-436c-a5b6-d4840b5da228.s.11.e.2" e2="Dailymed.18fb1c2b-0c1e-436c-a5b6-d4840b5da228.s.11.e.0"/><pair ddi="false" e1="Dailymed.18fb1c2b-0c1e-436c-a5b6-d4840b5da228.s.11.e.2" e2="Dailymed.18fb1c2b-0c1e-436c-a5b6-d4840b5da228.s.11.e.1"/></sentence><sentence biomedicalEntities="2" id="Dailymed.18fb1c2b-0c1e-436c-a5b6-d4840b5da228.s.28" lineNumber="48" text="Therefore, monitor vital signs carefully when using nicardipine, particularly in combination with a beta-blocker, in patients with CHF or significant left ventricular dysfunction." type="regular"><entity charOffset="11:18" id="Dailymed.18fb1c2b-0c1e-436c-a5b6-d4840b5da228.s.28.e.1" text="monitor" type="Caution_Interaction"/><entity charOffset="150:178" id="Dailymed.18fb1c2b-0c1e-436c-a5b6-d4840b5da228.s.28.e.2" text="left ventricular dysfunction" type="SPAN"/><entity charOffset="100:112" id="Dailymed.18fb1c2b-0c1e-436c-a5b6-d4840b5da228.s.28.e.3" text="beta-blocker" type="Drug_Class"><Normalization><mmtx cui="C0001645" phraseText="with a beta-blocker," preferredWord="Adrenergic beta-Antagonists" semType="phsu"/><RxNorm RxCui="371"/></Normalization></entity><entity charOffset="52:63" id="Dailymed.18fb1c2b-0c1e-436c-a5b6-d4840b5da228.s.28.e.4" text="nicardipine" type="Drug"><Normalization><mmtx cui="C0028005" phraseText="nicardipine," preferredWord="Nicardipine" semType="phsu, orch"/><RxNorm RxCui="235230"/></Normalization></entity><entity charOffset="131:134" id="Dailymed.18fb1c2b-0c1e-436c-a5b6-d4840b5da228.s.28.e.5" text="CHF" type="SPAN"><Normalization><mmtx cui="C0018802" phraseText="with CHF" preferredWord="Congestive heart failure" semType="dsyn"/></Normalization></entity><drugInteraction id="Dailymed.18fb1c2b-0c1e-436c-a5b6-d4840b5da228.s.28.ddi.1"><interaction trigger="Dailymed.18fb1c2b-0c1e-436c-a5b6-d4840b5da228.s.28.e.1"><relations><relation type="hasPrecipitant"><entity id="Dailymed.18fb1c2b-0c1e-436c-a5b6-d4840b5da228.s.28.e.3"/></relation><relation type="hasContext"><entity id="Dailymed.18fb1c2b-0c1e-436c-a5b6-d4840b5da228.s.28.e.2"/></relation><relation type="hasObject"><entity id="Dailymed.18fb1c2b-0c1e-436c-a5b6-d4840b5da228.s.28.e.4"/></relation><relation type="hasContext"><entity id="Dailymed.18fb1c2b-0c1e-436c-a5b6-d4840b5da228.s.28.e.5"/></relation></relations></interaction></drugInteraction><pair context="Dailymed.18fb1c2b-0c1e-436c-a5b6-d4840b5da228.s.28.e.2, Dailymed.18fb1c2b-0c1e-436c-a5b6-d4840b5da228.s.28.e.5" ddi="true" e1="Dailymed.18fb1c2b-0c1e-436c-a5b6-d4840b5da228.s.28.e.4" e2="Dailymed.18fb1c2b-0c1e-436c-a5b6-d4840b5da228.s.28.e.3" trigger="Dailymed.18fb1c2b-0c1e-436c-a5b6-d4840b5da228.s.28.e.1" type="Caution_Interaction"/></sentence><sentence id="Dailymed.18fb1c2b-0c1e-436c-a5b6-d4840b5da228.s.41" text="Nicardipine is not a beta-blocker and therefore gives no protection against the dangers of abrupt beta-blocker withdrawal. " type="negative"><entity charOffset="0:11" id="Dailymed.18fb1c2b-0c1e-436c-a5b6-d4840b5da228.s.41.e.0" text="nicardipine" type="Biomedical_Entity"><Normalization><mmtx cui="C0028005" phraseText="Nicardipine" preferredWord="Nicardipine" semType="phsu, orch"/><RxNorm RxCui="235230"/></Normalization></entity><entity charOffset="98:110" id="Dailymed.18fb1c2b-0c1e-436c-a5b6-d4840b5da228.s.41.e.1" text="beta-blocker" type="Biomedical_Entity"><Normalization><mmtx cui="C0001645" phraseText="no protection against the dangers of abrupt beta-blocker withdrawal." preferredWord="Adrenergic beta-Antagonists" semType="phsu"/><RxNorm RxCui="371"/></Normalization></entity><entity charOffset="21:33" id="Dailymed.18fb1c2b-0c1e-436c-a5b6-d4840b5da228.s.41.e.2" text="beta-blocker" type="Biomedical_Entity"><Normalization><mmtx cui="C0001645" phraseText="not a beta-blocker" preferredWord="Adrenergic beta-Antagonists" semType="phsu"/><RxNorm RxCui="371"/></Normalization></entity><pair ddi="false" e1="Dailymed.18fb1c2b-0c1e-436c-a5b6-d4840b5da228.s.41.e.0" e2="Dailymed.18fb1c2b-0c1e-436c-a5b6-d4840b5da228.s.41.e.1"/><pair ddi="false" e1="Dailymed.18fb1c2b-0c1e-436c-a5b6-d4840b5da228.s.41.e.0" e2="Dailymed.18fb1c2b-0c1e-436c-a5b6-d4840b5da228.s.41.e.2"/></sentence><sentence biomedicalEntities="2" id="Dailymed.18fb1c2b-0c1e-436c-a5b6-d4840b5da228.s.46" lineNumber="75" text="&lt;item&gt;Cimetidine increases nicardipine plasma levels (7.3)." type="regular"><entity charOffset="17:26|39:52" id="Dailymed.18fb1c2b-0c1e-436c-a5b6-d4840b5da228.s.46.e.1" text="increases plasma levels" type="Increase_Interaction"/><entity charOffset="27:38" id="Dailymed.18fb1c2b-0c1e-436c-a5b6-d4840b5da228.s.46.e.2" text="nicardipine" type="Drug"><Normalization><mmtx cui="C0028005" phraseText="nicardipine plasma levels" preferredWord="Nicardipine" semType="phsu, orch"/><mmtx cui="C0028005" phraseText="nicardipine plasma levels" preferredWord="Nicardipine" semType="phsu, orch"/><RxNorm RxCui="235230"/></Normalization></entity><entity charOffset="6:16" id="Dailymed.18fb1c2b-0c1e-436c-a5b6-d4840b5da228.s.46.e.3" text="Cimetidine" type="Drug"><Normalization><mmtx cui="C0008783" phraseText="&gt;Cimetidine" preferredWord="Cimetidine" semType="phsu, orch"/><RxNorm RxCui="2541"/></Normalization></entity><drugInteraction id="Dailymed.18fb1c2b-0c1e-436c-a5b6-d4840b5da228.s.46.ddi.1"><interaction trigger="Dailymed.18fb1c2b-0c1e-436c-a5b6-d4840b5da228.s.46.e.1"><relations><relation type="hasObject"><entity id="Dailymed.18fb1c2b-0c1e-436c-a5b6-d4840b5da228.s.46.e.2"/></relation><relation type="hasPrecipitant"><entity id="Dailymed.18fb1c2b-0c1e-436c-a5b6-d4840b5da228.s.46.e.3"/></relation></relations></interaction></drugInteraction><pair ddi="true" e1="Dailymed.18fb1c2b-0c1e-436c-a5b6-d4840b5da228.s.46.e.3" e2="Dailymed.18fb1c2b-0c1e-436c-a5b6-d4840b5da228.s.46.e.2" trigger="Dailymed.18fb1c2b-0c1e-436c-a5b6-d4840b5da228.s.46.e.1" type="Increase_Interaction"/></sentence><sentence biomedicalEntities="2" id="Dailymed.18fb1c2b-0c1e-436c-a5b6-d4840b5da228.s.47" lineNumber="77" text="&lt;item&gt;Nicardipine increases cyclosporine plasma levels. " type="regular"><entity charOffset="18:27|41:54" id="Dailymed.18fb1c2b-0c1e-436c-a5b6-d4840b5da228.s.47.e.1" text="increases plasma levels" type="Increase_Interaction"/><entity charOffset="6:17" id="Dailymed.18fb1c2b-0c1e-436c-a5b6-d4840b5da228.s.47.e.2" text="Nicardipine" type="Drug"><Normalization><mmtx cui="C0028005" phraseText="&gt;Nicardipine" preferredWord="Nicardipine" semType="phsu, orch"/><RxNorm RxCui="235230"/></Normalization></entity><entity charOffset="28:40" id="Dailymed.18fb1c2b-0c1e-436c-a5b6-d4840b5da228.s.47.e.3" text="cyclosporine" type="Drug"><Normalization><mmtx cui="C0010592" phraseText="cyclosporine plasma levels." preferredWord="Cyclosporine" semType="phsu, aapp"/><mmtx cui="C0010592" phraseText="cyclosporine plasma levels." preferredWord="Cyclosporine" semType="phsu, aapp"/><RxNorm RxCui="3008"/></Normalization></entity><drugInteraction id="Dailymed.18fb1c2b-0c1e-436c-a5b6-d4840b5da228.s.47.ddi.1"><interaction trigger="Dailymed.18fb1c2b-0c1e-436c-a5b6-d4840b5da228.s.47.e.1"><relations><relation type="hasPrecipitant"><entity id="Dailymed.18fb1c2b-0c1e-436c-a5b6-d4840b5da228.s.47.e.2"/></relation><relation type="hasObject"><entity id="Dailymed.18fb1c2b-0c1e-436c-a5b6-d4840b5da228.s.47.e.3"/></relation></relations></interaction></drugInteraction><pair ddi="true" e1="Dailymed.18fb1c2b-0c1e-436c-a5b6-d4840b5da228.s.47.e.2" e2="Dailymed.18fb1c2b-0c1e-436c-a5b6-d4840b5da228.s.47.e.3" trigger="Dailymed.18fb1c2b-0c1e-436c-a5b6-d4840b5da228.s.47.e.1" type="Increase_Interaction"/></sentence><sentence biomedicalEntities="2" id="Dailymed.18fb1c2b-0c1e-436c-a5b6-d4840b5da228.s.48" lineNumber="77" text="Monitor cyclosporine levels when co-administering with nicardipine (7.5)." type="regular"><entity charOffset="0:7" id="Dailymed.18fb1c2b-0c1e-436c-a5b6-d4840b5da228.s.48.e.1" text="Monitor" type="Caution_Interaction"/><entity charOffset="8:20" id="Dailymed.18fb1c2b-0c1e-436c-a5b6-d4840b5da228.s.48.e.2" text="cyclosporine" type="Drug"><Normalization><mmtx cui="C0010592" phraseText="Monitor cyclosporine levels" preferredWord="Cyclosporine" semType="phsu, aapp"/><RxNorm RxCui="3008"/></Normalization></entity><entity charOffset="55:66" id="Dailymed.18fb1c2b-0c1e-436c-a5b6-d4840b5da228.s.48.e.3" text="nicardipine" type="Drug"><Normalization><mmtx cui="C0028005" phraseText="co-administering with nicardipine" preferredWord="Nicardipine" semType="phsu, orch"/><RxNorm RxCui="235230"/></Normalization></entity><drugInteraction id="Dailymed.18fb1c2b-0c1e-436c-a5b6-d4840b5da228.s.48.ddi.1"><interaction trigger="Dailymed.18fb1c2b-0c1e-436c-a5b6-d4840b5da228.s.48.e.1"><relations><relation type="hasObject"><entity id="Dailymed.18fb1c2b-0c1e-436c-a5b6-d4840b5da228.s.48.e.2"/></relation><relation type="hasPrecipitant"><entity id="Dailymed.18fb1c2b-0c1e-436c-a5b6-d4840b5da228.s.48.e.3"/></relation></relations></interaction></drugInteraction><pair ddi="true" e1="Dailymed.18fb1c2b-0c1e-436c-a5b6-d4840b5da228.s.48.e.2" e2="Dailymed.18fb1c2b-0c1e-436c-a5b6-d4840b5da228.s.48.e.3" trigger="Dailymed.18fb1c2b-0c1e-436c-a5b6-d4840b5da228.s.48.e.1" type="Caution_Interaction"/></sentence><sentence biomedicalEntities="2" id="Dailymed.18fb1c2b-0c1e-436c-a5b6-d4840b5da228.s.50" lineNumber="84" text="Since nicardipine hydrochloride injection may be administered to patients already being treated with other medications, including other antihypertensive agents, careful monitoring of these patients is necessary to detect and to treat promptly any undesired effects from concomitant administration." type="regular"><entity charOffset="169:179" id="Dailymed.18fb1c2b-0c1e-436c-a5b6-d4840b5da228.s.50.e.1" text="monitoring" type="Caution_Interaction"/><entity charOffset="6:41" id="Dailymed.18fb1c2b-0c1e-436c-a5b6-d4840b5da228.s.50.e.2" text="nicardipine hydrochloride injection" type="Drug"><Normalization><mmtx cui="C0770150" phraseText="nicardipine hydrochloride injection" preferredWord="Nicardipine hydrochloride" semType="phsu, orch"/><RxNorm RxCui="235230"/></Normalization></entity><entity charOffset="136:159" id="Dailymed.18fb1c2b-0c1e-436c-a5b6-d4840b5da228.s.50.e.3" text="antihypertensive agents" type="Drug_Class"><Normalization><mmtx cui="C0003364" phraseText="other antihypertensive agents," preferredWord="Antihypertensive Agents" semType="phsu"/><RxNorm RxCui="968"/></Normalization></entity><drugInteraction id="Dailymed.18fb1c2b-0c1e-436c-a5b6-d4840b5da228.s.50.ddi.1"><interaction trigger="Dailymed.18fb1c2b-0c1e-436c-a5b6-d4840b5da228.s.50.e.1"><relations><relation type="hasObject"><entity id="Dailymed.18fb1c2b-0c1e-436c-a5b6-d4840b5da228.s.50.e.2"/></relation><relation type="hasPrecipitant"><entity id="Dailymed.18fb1c2b-0c1e-436c-a5b6-d4840b5da228.s.50.e.3"/></relation></relations></interaction></drugInteraction><pair ddi="true" e1="Dailymed.18fb1c2b-0c1e-436c-a5b6-d4840b5da228.s.50.e.2" e2="Dailymed.18fb1c2b-0c1e-436c-a5b6-d4840b5da228.s.50.e.3" trigger="Dailymed.18fb1c2b-0c1e-436c-a5b6-d4840b5da228.s.50.e.1" type="Caution_Interaction"/></sentence><sentence id="Dailymed.18fb1c2b-0c1e-436c-a5b6-d4840b5da228.s.52" text="In most patients, nicardipine hydrochloride injection can safely be used concomitantly with beta-blockers. " type="negative"><entity charOffset="92:105" id="Dailymed.18fb1c2b-0c1e-436c-a5b6-d4840b5da228.s.52.e.0" text="beta-blockers" type="Biomedical_Entity"><Normalization><mmtx cui="C0001645" phraseText="concomitantly with beta-blockers." preferredWord="Adrenergic beta-Antagonists" semType="phsu"/><RxNorm RxCui="371"/></Normalization></entity><entity charOffset="18:43" id="Dailymed.18fb1c2b-0c1e-436c-a5b6-d4840b5da228.s.52.e.1" text="nicardipine hydrochloride" type="Biomedical_Entity"><Normalization><mmtx cui="C0770150" phraseText="nicardipine hydrochloride injection" preferredWord="Nicardipine hydrochloride" semType="phsu, orch"/><RxNorm RxCui="235230"/></Normalization></entity><pair ddi="false" e1="Dailymed.18fb1c2b-0c1e-436c-a5b6-d4840b5da228.s.52.e.1" e2="Dailymed.18fb1c2b-0c1e-436c-a5b6-d4840b5da228.s.52.e.0"/></sentence><sentence biomedicalEntities="2" id="Dailymed.18fb1c2b-0c1e-436c-a5b6-d4840b5da228.s.53" lineNumber="88" text="However, monitor response carefully when combining nicardipine hydrochloride injection with a beta-blocker in the treatment of congestive heart failure patients see Warnings and Precautions (5.4)." type="regular"><entity charOffset="9:16" id="Dailymed.18fb1c2b-0c1e-436c-a5b6-d4840b5da228.s.53.e.1" text="monitor" type="Caution_Interaction"/><entity charOffset="94:106" id="Dailymed.18fb1c2b-0c1e-436c-a5b6-d4840b5da228.s.53.e.2" text="beta-blocker" type="Drug_Class"><Normalization><mmtx cui="C0001645" phraseText="combining nicardipine hydrochloride injection with a beta-blocker" preferredWord="Adrenergic beta-Antagonists" semType="phsu"/><RxNorm RxCui="371"/></Normalization></entity><entity charOffset="51:86" id="Dailymed.18fb1c2b-0c1e-436c-a5b6-d4840b5da228.s.53.e.3" text="nicardipine hydrochloride injection" type="Drug"><Normalization><mmtx cui="C0770150" phraseText="combining nicardipine hydrochloride injection with a beta-blocker" preferredWord="Nicardipine hydrochloride" semType="phsu, orch"/><RxNorm RxCui="235230"/></Normalization></entity><entity charOffset="127:151" id="Dailymed.18fb1c2b-0c1e-436c-a5b6-d4840b5da228.s.53.e.4" text="congestive heart failure" type="SPAN"><Normalization><mmtx cui="C0018802" phraseText="of congestive heart failure patients" preferredWord="Congestive heart failure" semType="dsyn"/></Normalization></entity><drugInteraction id="Dailymed.18fb1c2b-0c1e-436c-a5b6-d4840b5da228.s.53.ddi.1"><interaction trigger="Dailymed.18fb1c2b-0c1e-436c-a5b6-d4840b5da228.s.53.e.1"><relations><relation type="hasPrecipitant"><entity id="Dailymed.18fb1c2b-0c1e-436c-a5b6-d4840b5da228.s.53.e.2"/></relation><relation type="hasObject"><entity id="Dailymed.18fb1c2b-0c1e-436c-a5b6-d4840b5da228.s.53.e.3"/></relation><relation type="hasContext"><entity id="Dailymed.18fb1c2b-0c1e-436c-a5b6-d4840b5da228.s.53.e.4"/></relation></relations></interaction></drugInteraction><pair context="Dailymed.18fb1c2b-0c1e-436c-a5b6-d4840b5da228.s.53.e.4" ddi="true" e1="Dailymed.18fb1c2b-0c1e-436c-a5b6-d4840b5da228.s.53.e.3" e2="Dailymed.18fb1c2b-0c1e-436c-a5b6-d4840b5da228.s.53.e.2" trigger="Dailymed.18fb1c2b-0c1e-436c-a5b6-d4840b5da228.s.53.e.1" type="Caution_Interaction"/></sentence><sentence biomedicalEntities="2" id="Dailymed.18fb1c2b-0c1e-436c-a5b6-d4840b5da228.s.55" lineNumber="92" text="Cimetidine has been shown to increase nicardipine plasma concentrations with oral nicardipine administration. " type="regular"><anaphoraRelation><anaphoraEntity charOffset="77:93" id="Dailymed.18fb1c2b-0c1e-436c-a5b6-d4840b5da228.s.55.e.5" text="oral nicardipine" type="Expression"/><antecedentEntity charOffset="38-49" id="Dailymed.18fb1c2b-0c1e-436c-a5b6-d4840b5da228.s.55.e.3" text="nicardipine" type="Drug"/></anaphoraRelation><entity charOffset="29:37|50:71" id="Dailymed.18fb1c2b-0c1e-436c-a5b6-d4840b5da228.s.55.e.1" text="increase plasma concentrations" type="Increase_Interaction"/><entity charOffset="0:10" id="Dailymed.18fb1c2b-0c1e-436c-a5b6-d4840b5da228.s.55.e.2" text="Cimetidine" type="Drug"><Normalization><mmtx cui="C0008783" phraseText="Cimetidine" preferredWord="Cimetidine" semType="phsu, orch"/><RxNorm RxCui="2541"/></Normalization></entity><entity charOffset="38:49" id="Dailymed.18fb1c2b-0c1e-436c-a5b6-d4840b5da228.s.55.e.3" text="nicardipine" type="Drug"><Normalization><mmtx cui="C0028005" phraseText="nicardipine plasma concentrations with oral nicardipine administration." preferredWord="Nicardipine" semType="phsu, orch"/><mmtx cui="C0028005" phraseText="nicardipine plasma concentrations with oral nicardipine administration." preferredWord="Nicardipine" semType="phsu, orch"/><RxNorm RxCui="235230"/></Normalization></entity><drugInteraction id="Dailymed.18fb1c2b-0c1e-436c-a5b6-d4840b5da228.s.55.ddi.1"><interaction trigger="Dailymed.18fb1c2b-0c1e-436c-a5b6-d4840b5da228.s.55.e.1"><relations><relation type="hasPrecipitant"><entity id="Dailymed.18fb1c2b-0c1e-436c-a5b6-d4840b5da228.s.55.e.2"/></relation><relation type="hasObject"><entity id="Dailymed.18fb1c2b-0c1e-436c-a5b6-d4840b5da228.s.55.e.3"/></relation></relations></interaction></drugInteraction><pair ddi="true" e1="Dailymed.18fb1c2b-0c1e-436c-a5b6-d4840b5da228.s.55.e.2" e2="Dailymed.18fb1c2b-0c1e-436c-a5b6-d4840b5da228.s.55.e.3" trigger="Dailymed.18fb1c2b-0c1e-436c-a5b6-d4840b5da228.s.55.e.1" type="Increase_Interaction"/></sentence><sentence biomedicalEntities="0" id="Dailymed.18fb1c2b-0c1e-436c-a5b6-d4840b5da228.s.56" lineNumber="92" text="Carefully monitor patients receiving the two drugs concomitantly. " type="irregular"><entity charOffset="10:17" id="Dailymed.18fb1c2b-0c1e-436c-a5b6-d4840b5da228.s.56.e.1" text="monitor" type="Caution_Interaction"/><drugInteraction id="Dailymed.18fb1c2b-0c1e-436c-a5b6-d4840b5da228.s.56.ddi.1"><interaction trigger="Dailymed.18fb1c2b-0c1e-436c-a5b6-d4840b5da228.s.56.e.1"><relations><relation type="hasPrecipitant"><ellipsisSentence id="Dailymed.18fb1c2b-0c1e-436c-a5b6-d4840b5da228.s.55" text="Cimetidine has been shown to increase nicardipine plasma concentrations with oral nicardipine administration. "><entity id="Dailymed.18fb1c2b-0c1e-436c-a5b6-d4840b5da228.s.55.e.2"/></ellipsisSentence></relation><relation type="hasObject"><ellipsisSentence id="Dailymed.18fb1c2b-0c1e-436c-a5b6-d4840b5da228.s.55" text="Cimetidine has been shown to increase nicardipine plasma concentrations with oral nicardipine administration. "><entity id="Dailymed.18fb1c2b-0c1e-436c-a5b6-d4840b5da228.s.55.e.5"/></ellipsisSentence></relation></relations></interaction></drugInteraction></sentence><sentence id="Dailymed.18fb1c2b-0c1e-436c-a5b6-d4840b5da228.s.59" text="Studies have shown that oral nicardipine usually does not alter digoxin plasma concentrations." type="negative"><entity charOffset="64:71" id="Dailymed.18fb1c2b-0c1e-436c-a5b6-d4840b5da228.s.59.e.0" text="digoxin" type="Biomedical_Entity"><Normalization><mmtx cui="C0012265" phraseText="digoxin plasma concentrations." preferredWord="Digoxin" semType="strd, phsu, carb"/><RxNorm RxCui="3407"/></Normalization></entity><entity charOffset="29:40" id="Dailymed.18fb1c2b-0c1e-436c-a5b6-d4840b5da228.s.59.e.1" text="nicardipine" type="Biomedical_Entity"><Normalization><mmtx cui="C0028005" phraseText="that oral nicardipine usually" preferredWord="Nicardipine" semType="phsu, orch"/><RxNorm RxCui="235230"/></Normalization></entity><pair ddi="false" e1="Dailymed.18fb1c2b-0c1e-436c-a5b6-d4840b5da228.s.59.e.1" e2="Dailymed.18fb1c2b-0c1e-436c-a5b6-d4840b5da228.s.59.e.0"/></sentence><sentence biomedicalEntities="2" id="Dailymed.18fb1c2b-0c1e-436c-a5b6-d4840b5da228.s.61" lineNumber="100" text="Concomitant administration of oral nicardipine and cyclosporine results in elevated plasma cyclosporine levels. " type="regular"><entity charOffset="75:90|104:110" id="Dailymed.18fb1c2b-0c1e-436c-a5b6-d4840b5da228.s.61.e.1" text="elevated plasma levels" type="Increase_Interaction"/><entity charOffset="91:103" id="Dailymed.18fb1c2b-0c1e-436c-a5b6-d4840b5da228.s.61.e.2" text="cyclosporine" type="Drug"><Normalization><mmtx cui="C0010592" phraseText="results in elevated plasma cyclosporine levels." preferredWord="Cyclosporine" semType="phsu, aapp"/><mmtx cui="C0010592" phraseText="results in elevated plasma cyclosporine levels." preferredWord="Cyclosporine" semType="phsu, aapp"/><RxNorm RxCui="3008"/></Normalization></entity><entity charOffset="30:46" id="Dailymed.18fb1c2b-0c1e-436c-a5b6-d4840b5da228.s.61.e.3" text="oral nicardipine" type="Drug"><Normalization><mmtx cui="C0028005" phraseText="Concomitant administration of oral nicardipine" preferredWord="Nicardipine" semType="phsu, orch"/><RxNorm RxCui="NA"/></Normalization></entity><drugInteraction id="Dailymed.18fb1c2b-0c1e-436c-a5b6-d4840b5da228.s.61.ddi.1"><interaction trigger="Dailymed.18fb1c2b-0c1e-436c-a5b6-d4840b5da228.s.61.e.1"><relations><relation type="hasObject"><entity id="Dailymed.18fb1c2b-0c1e-436c-a5b6-d4840b5da228.s.61.e.2"/></relation><relation type="hasPrecipitant"><entity id="Dailymed.18fb1c2b-0c1e-436c-a5b6-d4840b5da228.s.61.e.3"/></relation></relations></interaction></drugInteraction><pair ddi="true" e1="Dailymed.18fb1c2b-0c1e-436c-a5b6-d4840b5da228.s.61.e.3" e2="Dailymed.18fb1c2b-0c1e-436c-a5b6-d4840b5da228.s.61.e.2" trigger="Dailymed.18fb1c2b-0c1e-436c-a5b6-d4840b5da228.s.61.e.1" type="Increase_Interaction"/></sentence><sentence biomedicalEntities="3" id="Dailymed.18fb1c2b-0c1e-436c-a5b6-d4840b5da228.s.62" lineNumber="100" text="Monitor closely plasma concentrations of cyclosporine during nicardipine hydrochloride injection administration, and adjust the dose of cyclosporine accordingly." type="regular"><entity charOffset="0:7" id="Dailymed.18fb1c2b-0c1e-436c-a5b6-d4840b5da228.s.62.e.1" text="Monitor" type="Caution_Interaction"/><entity charOffset="41:53" id="Dailymed.18fb1c2b-0c1e-436c-a5b6-d4840b5da228.s.62.e.2" text="cyclosporine" type="Drug"><Normalization><mmtx cui="C0010592" phraseText="closely plasma concentrations of cyclosporine" preferredWord="Cyclosporine" semType="phsu, aapp"/><mmtx cui="C0010592" phraseText="closely plasma concentrations of cyclosporine" preferredWord="Cyclosporine" semType="phsu, aapp"/><RxNorm RxCui="3008"/></Normalization></entity><entity charOffset="61:96" id="Dailymed.18fb1c2b-0c1e-436c-a5b6-d4840b5da228.s.62.e.3" text="nicardipine hydrochloride injection" type="Drug"><Normalization><mmtx cui="C0770150" phraseText="during nicardipine hydrochloride injection administration," preferredWord="Nicardipine hydrochloride" semType="phsu, orch"/><RxNorm RxCui="235230"/></Normalization></entity><entity charOffset="117:132" id="Dailymed.18fb1c2b-0c1e-436c-a5b6-d4840b5da228.s.62.e.5" text="adjust the dose" type="Caution_Interaction"/><entity charOffset="136:148" id="Dailymed.18fb1c2b-0c1e-436c-a5b6-d4840b5da228.s.62.e.6" text="cyclosporine" type="Drug"><Normalization><mmtx cui="C0010592" phraseText="the dose of cyclosporine accordingly." preferredWord="Cyclosporine" semType="phsu, aapp"/><RxNorm RxCui="3008"/></Normalization></entity><drugInteraction id="Dailymed.18fb1c2b-0c1e-436c-a5b6-d4840b5da228.s.62.ddi.1"><interaction trigger="Dailymed.18fb1c2b-0c1e-436c-a5b6-d4840b5da228.s.62.e.1"><relations><relation type="hasPrecipitant"><entity id="Dailymed.18fb1c2b-0c1e-436c-a5b6-d4840b5da228.s.62.e.2"/></relation><relation type="hasObject"><entity id="Dailymed.18fb1c2b-0c1e-436c-a5b6-d4840b5da228.s.62.e.3"/></relation></relations></interaction></drugInteraction><drugInteraction id="Dailymed.18fb1c2b-0c1e-436c-a5b6-d4840b5da228.s.62.ddi.2"><interaction trigger="Dailymed.18fb1c2b-0c1e-436c-a5b6-d4840b5da228.s.62.e.5"><relations><relation type="hasObject"><entity id="Dailymed.18fb1c2b-0c1e-436c-a5b6-d4840b5da228.s.62.e.6"/></relation><relation type="hasPrecipitant"><entity id="Dailymed.18fb1c2b-0c1e-436c-a5b6-d4840b5da228.s.62.e.3"/></relation></relations></interaction></drugInteraction><pair ddi="true" e1="Dailymed.18fb1c2b-0c1e-436c-a5b6-d4840b5da228.s.62.e.2" e2="Dailymed.18fb1c2b-0c1e-436c-a5b6-d4840b5da228.s.62.e.3" trigger="Dailymed.18fb1c2b-0c1e-436c-a5b6-d4840b5da228.s.62.e.1" type="Caution_Interaction"/><pair ddi="true" e1="Dailymed.18fb1c2b-0c1e-436c-a5b6-d4840b5da228.s.62.e.3" e2="Dailymed.18fb1c2b-0c1e-436c-a5b6-d4840b5da228.s.62.e.6" trigger="Dailymed.18fb1c2b-0c1e-436c-a5b6-d4840b5da228.s.62.e.5" type="Caution_Interaction"/></sentence><sentence id="Dailymed.18fb1c2b-0c1e-436c-a5b6-d4840b5da228.s.64" text="The plasma protein binding of nicardipine was not altered when therapeutic concentrations of furosemide, propranolol, dipyridamole, warfarin, quinidine, or naproxen were added to human plasma in vitro." type="negative"><entity charOffset="30:41" id="Dailymed.18fb1c2b-0c1e-436c-a5b6-d4840b5da228.s.64.e.0" text="nicardipine" type="Biomedical_Entity"><Normalization><mmtx cui="C0028005" phraseText="The plasma protein binding of nicardipine" preferredWord="Nicardipine" semType="phsu, orch"/><RxNorm RxCui="235230"/></Normalization></entity><entity charOffset="118:130" id="Dailymed.18fb1c2b-0c1e-436c-a5b6-d4840b5da228.s.64.e.1" text="dipyridamole" type="Biomedical_Entity"><Normalization><mmtx cui="C0012582" phraseText="dipyridamole," preferredWord="Dipyridamole" semType="phsu, orch"/><RxNorm RxCui="3521"/></Normalization></entity><entity charOffset="132:140" id="Dailymed.18fb1c2b-0c1e-436c-a5b6-d4840b5da228.s.64.e.2" text="warfarin" type="Biomedical_Entity"><Normalization><mmtx cui="C0043031" phraseText="warfarin," preferredWord="Warfarin" semType="phsu, orch, hops"/><RxNorm RxCui="11289"/></Normalization></entity><entity charOffset="142:151" id="Dailymed.18fb1c2b-0c1e-436c-a5b6-d4840b5da228.s.64.e.3" text="quinidine" type="Biomedical_Entity"><Normalization><mmtx cui="C0034414" phraseText="quinidine," preferredWord="Quinidine" semType="phsu, orch"/><RxNorm RxCui="9068"/></Normalization></entity><entity charOffset="93:103" id="Dailymed.18fb1c2b-0c1e-436c-a5b6-d4840b5da228.s.64.e.4" text="furosemide" type="Biomedical_Entity"><Normalization><mmtx cui="C0016860" phraseText="therapeutic concentrations of furosemide," preferredWord="Furosemide" semType="phsu, orch"/><RxNorm RxCui="4603"/></Normalization></entity><entity charOffset="105:116" id="Dailymed.18fb1c2b-0c1e-436c-a5b6-d4840b5da228.s.64.e.5" text="propranolol" type="Biomedical_Entity"><Normalization><mmtx cui="C0033497" phraseText="propranolol," preferredWord="Propranolol" semType="phsu, orch"/><RxNorm RxCui="82084"/></Normalization></entity><entity charOffset="179:191" id="Dailymed.18fb1c2b-0c1e-436c-a5b6-d4840b5da228.s.64.e.6" text="human plasma" type="Biomedical_Entity"><Normalization><mmtx cui="C0544357" phraseText="added to human plasma" preferredWord="Human plasma" semType="phsu"/><RxNorm RxCui="831503"/></Normalization></entity><entity charOffset="156:164" id="Dailymed.18fb1c2b-0c1e-436c-a5b6-d4840b5da228.s.64.e.7" text="naproxen" type="Biomedical_Entity"><Normalization><mmtx cui="C0027396" phraseText="naproxen" preferredWord="Naproxen" semType="phsu, orch"/><RxNorm RxCui="7258"/></Normalization></entity><pair ddi="false" e1="Dailymed.18fb1c2b-0c1e-436c-a5b6-d4840b5da228.s.64.e.0" e2="Dailymed.18fb1c2b-0c1e-436c-a5b6-d4840b5da228.s.64.e.1"/><pair ddi="false" e1="Dailymed.18fb1c2b-0c1e-436c-a5b6-d4840b5da228.s.64.e.0" e2="Dailymed.18fb1c2b-0c1e-436c-a5b6-d4840b5da228.s.64.e.2"/><pair ddi="false" e1="Dailymed.18fb1c2b-0c1e-436c-a5b6-d4840b5da228.s.64.e.0" e2="Dailymed.18fb1c2b-0c1e-436c-a5b6-d4840b5da228.s.64.e.3"/><pair ddi="false" e1="Dailymed.18fb1c2b-0c1e-436c-a5b6-d4840b5da228.s.64.e.0" e2="Dailymed.18fb1c2b-0c1e-436c-a5b6-d4840b5da228.s.64.e.4"/><pair ddi="false" e1="Dailymed.18fb1c2b-0c1e-436c-a5b6-d4840b5da228.s.64.e.0" e2="Dailymed.18fb1c2b-0c1e-436c-a5b6-d4840b5da228.s.64.e.5"/><pair ddi="false" e1="Dailymed.18fb1c2b-0c1e-436c-a5b6-d4840b5da228.s.64.e.0" e2="Dailymed.18fb1c2b-0c1e-436c-a5b6-d4840b5da228.s.64.e.6"/><pair ddi="false" e1="Dailymed.18fb1c2b-0c1e-436c-a5b6-d4840b5da228.s.64.e.0" e2="Dailymed.18fb1c2b-0c1e-436c-a5b6-d4840b5da228.s.64.e.7"/><pair ddi="false" e1="Dailymed.18fb1c2b-0c1e-436c-a5b6-d4840b5da228.s.64.e.1" e2="Dailymed.18fb1c2b-0c1e-436c-a5b6-d4840b5da228.s.64.e.2"/><pair ddi="false" e1="Dailymed.18fb1c2b-0c1e-436c-a5b6-d4840b5da228.s.64.e.1" e2="Dailymed.18fb1c2b-0c1e-436c-a5b6-d4840b5da228.s.64.e.3"/><pair ddi="false" e1="Dailymed.18fb1c2b-0c1e-436c-a5b6-d4840b5da228.s.64.e.4" e2="Dailymed.18fb1c2b-0c1e-436c-a5b6-d4840b5da228.s.64.e.1"/><pair ddi="false" e1="Dailymed.18fb1c2b-0c1e-436c-a5b6-d4840b5da228.s.64.e.5" e2="Dailymed.18fb1c2b-0c1e-436c-a5b6-d4840b5da228.s.64.e.1"/><pair ddi="false" e1="Dailymed.18fb1c2b-0c1e-436c-a5b6-d4840b5da228.s.64.e.1" e2="Dailymed.18fb1c2b-0c1e-436c-a5b6-d4840b5da228.s.64.e.6"/><pair ddi="false" e1="Dailymed.18fb1c2b-0c1e-436c-a5b6-d4840b5da228.s.64.e.1" e2="Dailymed.18fb1c2b-0c1e-436c-a5b6-d4840b5da228.s.64.e.7"/><pair ddi="false" e1="Dailymed.18fb1c2b-0c1e-436c-a5b6-d4840b5da228.s.64.e.2" e2="Dailymed.18fb1c2b-0c1e-436c-a5b6-d4840b5da228.s.64.e.3"/><pair ddi="false" e1="Dailymed.18fb1c2b-0c1e-436c-a5b6-d4840b5da228.s.64.e.4" e2="Dailymed.18fb1c2b-0c1e-436c-a5b6-d4840b5da228.s.64.e.2"/><pair ddi="false" e1="Dailymed.18fb1c2b-0c1e-436c-a5b6-d4840b5da228.s.64.e.5" e2="Dailymed.18fb1c2b-0c1e-436c-a5b6-d4840b5da228.s.64.e.2"/><pair ddi="false" e1="Dailymed.18fb1c2b-0c1e-436c-a5b6-d4840b5da228.s.64.e.2" e2="Dailymed.18fb1c2b-0c1e-436c-a5b6-d4840b5da228.s.64.e.6"/><pair ddi="false" e1="Dailymed.18fb1c2b-0c1e-436c-a5b6-d4840b5da228.s.64.e.2" e2="Dailymed.18fb1c2b-0c1e-436c-a5b6-d4840b5da228.s.64.e.7"/><pair ddi="false" e1="Dailymed.18fb1c2b-0c1e-436c-a5b6-d4840b5da228.s.64.e.4" e2="Dailymed.18fb1c2b-0c1e-436c-a5b6-d4840b5da228.s.64.e.3"/><pair ddi="false" e1="Dailymed.18fb1c2b-0c1e-436c-a5b6-d4840b5da228.s.64.e.5" e2="Dailymed.18fb1c2b-0c1e-436c-a5b6-d4840b5da228.s.64.e.3"/><pair ddi="false" e1="Dailymed.18fb1c2b-0c1e-436c-a5b6-d4840b5da228.s.64.e.3" e2="Dailymed.18fb1c2b-0c1e-436c-a5b6-d4840b5da228.s.64.e.6"/><pair ddi="false" e1="Dailymed.18fb1c2b-0c1e-436c-a5b6-d4840b5da228.s.64.e.3" e2="Dailymed.18fb1c2b-0c1e-436c-a5b6-d4840b5da228.s.64.e.7"/><pair ddi="false" e1="Dailymed.18fb1c2b-0c1e-436c-a5b6-d4840b5da228.s.64.e.4" e2="Dailymed.18fb1c2b-0c1e-436c-a5b6-d4840b5da228.s.64.e.5"/><pair ddi="false" e1="Dailymed.18fb1c2b-0c1e-436c-a5b6-d4840b5da228.s.64.e.4" e2="Dailymed.18fb1c2b-0c1e-436c-a5b6-d4840b5da228.s.64.e.6"/><pair ddi="false" e1="Dailymed.18fb1c2b-0c1e-436c-a5b6-d4840b5da228.s.64.e.4" e2="Dailymed.18fb1c2b-0c1e-436c-a5b6-d4840b5da228.s.64.e.7"/><pair ddi="false" e1="Dailymed.18fb1c2b-0c1e-436c-a5b6-d4840b5da228.s.64.e.5" e2="Dailymed.18fb1c2b-0c1e-436c-a5b6-d4840b5da228.s.64.e.6"/><pair ddi="false" e1="Dailymed.18fb1c2b-0c1e-436c-a5b6-d4840b5da228.s.64.e.5" e2="Dailymed.18fb1c2b-0c1e-436c-a5b6-d4840b5da228.s.64.e.7"/><pair ddi="false" e1="Dailymed.18fb1c2b-0c1e-436c-a5b6-d4840b5da228.s.64.e.7" e2="Dailymed.18fb1c2b-0c1e-436c-a5b6-d4840b5da228.s.64.e.6"/></sentence><positiveExamples number="10"/><negativeExamples number="36"/></document>