<?xml version="1.0" encoding="UTF-8" standalone="no"?><document setID="1b7e5c6e-e052-41b0-a4ce-05dfe62faaaf"><labelDrug name="Digoxin"><Normalization><mmtx cui="C0012265" preferredWord="Digoxin" semType="strd, phsu, carb"/></Normalization></labelDrug><generic name="Digoxin"/><sentence id="Dailymed.1b7e5c6e-e052-41b0-a4ce-05dfe62faaaf.s.1" text="Drug Label for drug brand Digoxin, containing Digoxin." type="negative"><entity charOffset="26:33" id="Dailymed.1b7e5c6e-e052-41b0-a4ce-05dfe62faaaf.s.1.e.0" text="digoxin" type="Biomedical_Entity"><Normalization><mmtx cui="C0012265" phraseText="Drug Label for drug brand Digoxin," preferredWord="Digoxin" semType="strd, phsu, carb"/><RxNorm RxCui="3407"/></Normalization></entity><entity charOffset="46:53" id="Dailymed.1b7e5c6e-e052-41b0-a4ce-05dfe62faaaf.s.1.e.1" text="digoxin" type="Biomedical_Entity"><Normalization><mmtx cui="C0012265" phraseText="Digoxin." preferredWord="Digoxin" semType="strd, phsu, carb"/><RxNorm RxCui="3407"/></Normalization></entity><entity charOffset="0:19" id="Dailymed.1b7e5c6e-e052-41b0-a4ce-05dfe62faaaf.s.1.e.2" text="drug drug" type="Biomedical_Entity"><Normalization><mmtx cui="C0013231" phraseText="Drug Label for drug brand Digoxin," preferredWord="Drugs, Non-Prescription" semType="phsu"/><RxNorm RxCui="NA"/></Normalization></entity><pair ddi="false" e1="Dailymed.1b7e5c6e-e052-41b0-a4ce-05dfe62faaaf.s.1.e.2" e2="Dailymed.1b7e5c6e-e052-41b0-a4ce-05dfe62faaaf.s.1.e.0"/><pair ddi="false" e1="Dailymed.1b7e5c6e-e052-41b0-a4ce-05dfe62faaaf.s.1.e.2" e2="Dailymed.1b7e5c6e-e052-41b0-a4ce-05dfe62faaaf.s.1.e.1"/></sentence><sentence id="Dailymed.1b7e5c6e-e052-41b0-a4ce-05dfe62faaaf.s.4" text="Digoxin is contraindicated in patients with a known hypersensitivity to digoxin or other forms of digitalis. " type="negative"><entity charOffset="0:7" id="Dailymed.1b7e5c6e-e052-41b0-a4ce-05dfe62faaaf.s.4.e.0" text="digoxin" type="Biomedical_Entity"><Normalization><mmtx cui="C0012265" phraseText="Digoxin" preferredWord="Digoxin" semType="strd, phsu, carb"/><RxNorm RxCui="3407"/></Normalization></entity><entity charOffset="72:79" id="Dailymed.1b7e5c6e-e052-41b0-a4ce-05dfe62faaaf.s.4.e.1" text="digoxin" type="Biomedical_Entity"><Normalization><mmtx cui="C0012265" phraseText="to digoxin" preferredWord="Digoxin" semType="strd, phsu, carb"/><RxNorm RxCui="3407"/></Normalization></entity><entity charOffset="98:107" id="Dailymed.1b7e5c6e-e052-41b0-a4ce-05dfe62faaaf.s.4.e.2" text="digitalis" type="Biomedical_Entity"><Normalization><mmtx cui="C0304520" phraseText="other forms of digitalis." preferredWord="Digitalis preparation" semType="phsu, carb"/><RxNorm RxCui="91235"/></Normalization></entity><pair ddi="false" e1="Dailymed.1b7e5c6e-e052-41b0-a4ce-05dfe62faaaf.s.4.e.0" e2="Dailymed.1b7e5c6e-e052-41b0-a4ce-05dfe62faaaf.s.4.e.2"/><pair ddi="false" e1="Dailymed.1b7e5c6e-e052-41b0-a4ce-05dfe62faaaf.s.4.e.1" e2="Dailymed.1b7e5c6e-e052-41b0-a4ce-05dfe62faaaf.s.4.e.2"/></sentence><sentence id="Dailymed.1b7e5c6e-e052-41b0-a4ce-05dfe62faaaf.s.5" text="Digitalis glycosides, such as digoxin, are contraindicated in ventricular fibrillation." type="negative"><entity charOffset="30:37" id="Dailymed.1b7e5c6e-e052-41b0-a4ce-05dfe62faaaf.s.5.e.0" text="digoxin" type="Biomedical_Entity"><Normalization><mmtx cui="C0012265" phraseText="such as digoxin," preferredWord="Digoxin" semType="strd, phsu, carb"/><RxNorm RxCui="3407"/></Normalization></entity><entity charOffset="0:20" id="Dailymed.1b7e5c6e-e052-41b0-a4ce-05dfe62faaaf.s.5.e.1" text="digitalis glycosides" type="Biomedical_Entity"><Normalization><mmtx cui="C0012253" phraseText="Digitalis glycosides," preferredWord="Digitalis Glycosides" semType="phsu, carb"/><RxNorm RxCui="91235"/></Normalization></entity><pair ddi="false" e1="Dailymed.1b7e5c6e-e052-41b0-a4ce-05dfe62faaaf.s.5.e.1" e2="Dailymed.1b7e5c6e-e052-41b0-a4ce-05dfe62faaaf.s.5.e.0"/></sentence><sentence id="Dailymed.1b7e5c6e-e052-41b0-a4ce-05dfe62faaaf.s.6" text="&lt;item&gt;Known hypersensitivity to digoxin or other forms of digitalis. " type="negative"><entity charOffset="58:67" id="Dailymed.1b7e5c6e-e052-41b0-a4ce-05dfe62faaaf.s.6.e.0" text="digitalis" type="Biomedical_Entity"><Normalization><mmtx cui="C0304520" phraseText="other forms of digitalis." preferredWord="Digitalis preparation" semType="phsu, carb"/><RxNorm RxCui="91235"/></Normalization></entity><entity charOffset="32:39" id="Dailymed.1b7e5c6e-e052-41b0-a4ce-05dfe62faaaf.s.6.e.1" text="digoxin" type="Biomedical_Entity"><Normalization><mmtx cui="C0012265" phraseText="&gt;Known hypersensitivity to digoxin" preferredWord="Digoxin" semType="strd, phsu, carb"/><RxNorm RxCui="3407"/></Normalization></entity><pair ddi="false" e1="Dailymed.1b7e5c6e-e052-41b0-a4ce-05dfe62faaaf.s.6.e.1" e2="Dailymed.1b7e5c6e-e052-41b0-a4ce-05dfe62faaaf.s.6.e.0"/></sentence><sentence id="Dailymed.1b7e5c6e-e052-41b0-a4ce-05dfe62faaaf.s.31" text="Treatment of these patients with digoxin leads to greater slowing of conduction in the atrioventricular node than in accessory pathways, and the risks of rapid ventricular response leading to ventricular fibrillation are thereby increased." type="negative"><entity charOffset="181:188" id="Dailymed.1b7e5c6e-e052-41b0-a4ce-05dfe62faaaf.s.31.e.0" text="leading" type="Biomedical_Entity"><Normalization><mmtx cui="C1442948" phraseText="leading to ventricular fibrillation" preferredWord="Plumbum metallicum, homeopathic preparation" semType="inch, phsu"/><RxNorm RxCui="1423667"/></Normalization></entity><entity charOffset="41:46" id="Dailymed.1b7e5c6e-e052-41b0-a4ce-05dfe62faaaf.s.31.e.1" text="leads" type="Biomedical_Entity"><Normalization><mmtx cui="C1442948" phraseText="leads to greater slowing of conduction" preferredWord="Plumbum metallicum, homeopathic preparation" semType="inch, phsu"/><RxNorm RxCui="1423667"/></Normalization></entity><entity charOffset="33:40" id="Dailymed.1b7e5c6e-e052-41b0-a4ce-05dfe62faaaf.s.31.e.2" text="digoxin" type="Biomedical_Entity"><Normalization><mmtx cui="C0012265" phraseText="with digoxin" preferredWord="Digoxin" semType="strd, phsu, carb"/><RxNorm RxCui="3407"/></Normalization></entity><pair ddi="false" e1="Dailymed.1b7e5c6e-e052-41b0-a4ce-05dfe62faaaf.s.31.e.2" e2="Dailymed.1b7e5c6e-e052-41b0-a4ce-05dfe62faaaf.s.31.e.0"/><pair ddi="false" e1="Dailymed.1b7e5c6e-e052-41b0-a4ce-05dfe62faaaf.s.31.e.2" e2="Dailymed.1b7e5c6e-e052-41b0-a4ce-05dfe62faaaf.s.31.e.1"/></sentence><sentence id="Dailymed.1b7e5c6e-e052-41b0-a4ce-05dfe62faaaf.s.42" text="In patients with hypertrophic cardiomyopathy (formerly called idiopathic hypertrophic subaortic stenosis), the positive inotropic effect of digoxin leads to an increased subvalvular outflow gradient and therefore, may compromise cardiac output. " type="negative"><entity charOffset="140:147" id="Dailymed.1b7e5c6e-e052-41b0-a4ce-05dfe62faaaf.s.42.e.0" text="digoxin" type="Biomedical_Entity"><Normalization><mmtx cui="C0012265" phraseText="the positive inotropic effect of digoxin" preferredWord="Digoxin" semType="strd, phsu, carb"/><RxNorm RxCui="3407"/></Normalization></entity><entity charOffset="148:153" id="Dailymed.1b7e5c6e-e052-41b0-a4ce-05dfe62faaaf.s.42.e.1" text="leads" type="Biomedical_Entity"><Normalization><mmtx cui="C1442948" phraseText="leads to an increased subvalvular outflow gradient" preferredWord="Plumbum metallicum, homeopathic preparation" semType="inch, phsu"/><RxNorm RxCui="1423667"/></Normalization></entity><pair ddi="false" e1="Dailymed.1b7e5c6e-e052-41b0-a4ce-05dfe62faaaf.s.42.e.0" e2="Dailymed.1b7e5c6e-e052-41b0-a4ce-05dfe62faaaf.s.42.e.1"/></sentence><sentence id="Dailymed.1b7e5c6e-e052-41b0-a4ce-05dfe62faaaf.s.46" text="Digoxin as an inotropic agent is of limited value in patients with restrictive cardiomyopathies, although it has been used for ventricular rate control in the subgroup of patients with atrial fibrillation. " type="negative"><entity charOffset="14:29" id="Dailymed.1b7e5c6e-e052-41b0-a4ce-05dfe62faaaf.s.46.e.0" text="inotropic agent" type="Biomedical_Entity"><Normalization><mmtx cui="C0304509" phraseText="Digoxin as an inotropic agent" preferredWord="Inotropic agent" semType="phsu"/><RxNorm RxCui="402120"/></Normalization></entity><entity charOffset="0:7" id="Dailymed.1b7e5c6e-e052-41b0-a4ce-05dfe62faaaf.s.46.e.1" text="digoxin" type="Biomedical_Entity"><Normalization><mmtx cui="C0012265" phraseText="Digoxin as an inotropic agent" preferredWord="Digoxin" semType="strd, phsu, carb"/><RxNorm RxCui="3407"/></Normalization></entity><pair ddi="false" e1="Dailymed.1b7e5c6e-e052-41b0-a4ce-05dfe62faaaf.s.46.e.1" e2="Dailymed.1b7e5c6e-e052-41b0-a4ce-05dfe62faaaf.s.46.e.0"/></sentence><sentence id="Dailymed.1b7e5c6e-e052-41b0-a4ce-05dfe62faaaf.s.53" text="In patients with hypokalemia or hypomagnesemia, toxicity may occur at concentrations within therapeutic range because potassium or magnesium depletion sensitizes the myocardium to digoxin. " type="negative"><entity charOffset="180:187" id="Dailymed.1b7e5c6e-e052-41b0-a4ce-05dfe62faaaf.s.53.e.0" text="digoxin" type="Biomedical_Entity"><Normalization><mmtx cui="C0012265" phraseText="the myocardium to digoxin." preferredWord="Digoxin" semType="strd, phsu, carb"/><RxNorm RxCui="3407"/></Normalization></entity><entity charOffset="118:127" id="Dailymed.1b7e5c6e-e052-41b0-a4ce-05dfe62faaaf.s.53.e.1" text="potassium" type="Biomedical_Entity"><Normalization><mmtx cui="C0597277" phraseText="potassium" preferredWord="Potassium Ion" semType="phsu, elii"/><RxNorm RxCui="8588"/></Normalization></entity><pair ddi="false" e1="Dailymed.1b7e5c6e-e052-41b0-a4ce-05dfe62faaaf.s.53.e.1" e2="Dailymed.1b7e5c6e-e052-41b0-a4ce-05dfe62faaaf.s.53.e.0"/></sentence><sentence id="Dailymed.1b7e5c6e-e052-41b0-a4ce-05dfe62faaaf.s.54" text="Therefore, it is desirable to maintain normal serum potassium and magnesium concentrations in patients being treated with digoxin. " type="negative"><entity charOffset="122:129" id="Dailymed.1b7e5c6e-e052-41b0-a4ce-05dfe62faaaf.s.54.e.0" text="digoxin" type="Biomedical_Entity"><Normalization><mmtx cui="C0012265" phraseText="treated with digoxin." preferredWord="Digoxin" semType="strd, phsu, carb"/><RxNorm RxCui="3407"/></Normalization></entity><entity charOffset="52:61" id="Dailymed.1b7e5c6e-e052-41b0-a4ce-05dfe62faaaf.s.54.e.1" text="potassium" type="Biomedical_Entity"><Normalization><mmtx cui="C0597277" phraseText="normal serum potassium" preferredWord="Potassium Ion" semType="phsu, elii"/><RxNorm RxCui="8588"/></Normalization></entity><pair ddi="false" e1="Dailymed.1b7e5c6e-e052-41b0-a4ce-05dfe62faaaf.s.54.e.1" e2="Dailymed.1b7e5c6e-e052-41b0-a4ce-05dfe62faaaf.s.54.e.0"/></sentence><sentence biomedicalEntities="4" id="Dailymed.1b7e5c6e-e052-41b0-a4ce-05dfe62faaaf.s.55" lineNumber="68" text="Serum potassium levels should be carefully monitored when digoxin is given to patients at high risk of hypokalemia (e.g., those receiving diuretics, corticosteroids, or other drugs that commonly lead to potassium loss, those with gastrointestinal losses through diarrhea, vomiting, or nasogastric suction, or those with potassium-losing endocrinopathies or nephropathies). " type="regular"><entity charOffset="43:52" id="Dailymed.1b7e5c6e-e052-41b0-a4ce-05dfe62faaaf.s.55.e.1" text="monitored" type="Caution_Interaction"/><entity charOffset="175:217" id="Dailymed.1b7e5c6e-e052-41b0-a4ce-05dfe62faaaf.s.55.e.2" text="drugs that commonly lead to potassium loss" type="Drug_Class"><Normalization><mmtx cui="C0013227" phraseText="other drugs" preferredWord="Pharmaceutical Preparations" semType="phsu"/><mmtx cui="C1442948" phraseText="lead to potassium loss," preferredWord="Plumbum metallicum, homeopathic preparation" semType="inch, phsu"/><mmtx cui="C0597277" phraseText="lead to potassium loss," preferredWord="Potassium Ion" semType="phsu, elii"/><RxNorm RxCui="NA"/></Normalization></entity><entity charOffset="138:147" id="Dailymed.1b7e5c6e-e052-41b0-a4ce-05dfe62faaaf.s.55.e.3" text="diuretics" type="Drug_Class"><Normalization><mmtx cui="C0012798" phraseText="those receiving diuretics," preferredWord="Diuretics" semType="phsu"/><RxNorm RxCui="3567"/></Normalization></entity><entity charOffset="149:164" id="Dailymed.1b7e5c6e-e052-41b0-a4ce-05dfe62faaaf.s.55.e.4" text="corticosteroids" type="Drug_Class"><Normalization><mmtx cui="C0001617" phraseText="corticosteroids," preferredWord="Adrenal Cortex Hormones" semType="strd, phsu, horm"/><RxNorm RxCui="1427675"/></Normalization></entity><entity charOffset="58:65" id="Dailymed.1b7e5c6e-e052-41b0-a4ce-05dfe62faaaf.s.55.e.5" text="digoxin" type="Drug"><Normalization><mmtx cui="C0012265" phraseText="digoxin" preferredWord="Digoxin" semType="strd, phsu, carb"/><RxNorm RxCui="3407"/></Normalization></entity><drugInteraction id="Dailymed.1b7e5c6e-e052-41b0-a4ce-05dfe62faaaf.s.55.ddi.1"><interaction trigger="Dailymed.1b7e5c6e-e052-41b0-a4ce-05dfe62faaaf.s.55.e.1"><relations><relation type="hasPrecipitant"><entity id="Dailymed.1b7e5c6e-e052-41b0-a4ce-05dfe62faaaf.s.55.e.2"/></relation><relation type="hasPrecipitant"><entity id="Dailymed.1b7e5c6e-e052-41b0-a4ce-05dfe62faaaf.s.55.e.3"/></relation><relation type="hasPrecipitant"><entity id="Dailymed.1b7e5c6e-e052-41b0-a4ce-05dfe62faaaf.s.55.e.4"/></relation><relation type="hasObject"><entity id="Dailymed.1b7e5c6e-e052-41b0-a4ce-05dfe62faaaf.s.55.e.5"/></relation></relations></interaction></drugInteraction><pair ddi="true" e1="Dailymed.1b7e5c6e-e052-41b0-a4ce-05dfe62faaaf.s.55.e.5" e2="Dailymed.1b7e5c6e-e052-41b0-a4ce-05dfe62faaaf.s.55.e.2" trigger="Dailymed.1b7e5c6e-e052-41b0-a4ce-05dfe62faaaf.s.55.e.1" type="Caution_Interaction"/><pair ddi="true" e1="Dailymed.1b7e5c6e-e052-41b0-a4ce-05dfe62faaaf.s.55.e.5" e2="Dailymed.1b7e5c6e-e052-41b0-a4ce-05dfe62faaaf.s.55.e.3" trigger="Dailymed.1b7e5c6e-e052-41b0-a4ce-05dfe62faaaf.s.55.e.1" type="Caution_Interaction"/><pair ddi="true" e1="Dailymed.1b7e5c6e-e052-41b0-a4ce-05dfe62faaaf.s.55.e.5" e2="Dailymed.1b7e5c6e-e052-41b0-a4ce-05dfe62faaaf.s.55.e.4" trigger="Dailymed.1b7e5c6e-e052-41b0-a4ce-05dfe62faaaf.s.55.e.1" type="Caution_Interaction"/><pair ddi="false" e1="Dailymed.1b7e5c6e-e052-41b0-a4ce-05dfe62faaaf.s.55.e.3" e2="Dailymed.1b7e5c6e-e052-41b0-a4ce-05dfe62faaaf.s.55.e.2"/><pair ddi="false" e1="Dailymed.1b7e5c6e-e052-41b0-a4ce-05dfe62faaaf.s.55.e.4" e2="Dailymed.1b7e5c6e-e052-41b0-a4ce-05dfe62faaaf.s.55.e.2"/><pair ddi="false" e1="Dailymed.1b7e5c6e-e052-41b0-a4ce-05dfe62faaaf.s.55.e.3" e2="Dailymed.1b7e5c6e-e052-41b0-a4ce-05dfe62faaaf.s.55.e.4"/></sentence><sentence id="Dailymed.1b7e5c6e-e052-41b0-a4ce-05dfe62faaaf.s.59" text="Because digoxin s therapeutic and toxic effects are all largely mediated by intracellular calcium distribution, they are affected by abnormalities in serum calcium levels. " type="negative"><entity charOffset="156:163" id="Dailymed.1b7e5c6e-e052-41b0-a4ce-05dfe62faaaf.s.59.e.0" text="calcium" type="Biomedical_Entity"><Normalization><mmtx cui="C2936886" phraseText="in serum calcium levels." preferredWord="Calcium [EPC]" semType="phsu"/><RxNorm RxCui="1895"/></Normalization></entity><entity charOffset="64:72" id="Dailymed.1b7e5c6e-e052-41b0-a4ce-05dfe62faaaf.s.59.e.1" text="mediated" type="Biomedical_Entity"><Normalization><mmtx cui="C0127400" phraseText="mediated by intracellular calcium distribution," preferredWord="Mediator brand of benfluorex hydrochloride" semType="phsu, orch"/><RxNorm RxCui="985488"/></Normalization></entity><entity charOffset="8:15" id="Dailymed.1b7e5c6e-e052-41b0-a4ce-05dfe62faaaf.s.59.e.2" text="digoxin" type="Biomedical_Entity"><Normalization><mmtx cui="C0012265" phraseText="digoxin s" preferredWord="Digoxin" semType="strd, phsu, carb"/><RxNorm RxCui="3407"/></Normalization></entity><entity charOffset="90:97" id="Dailymed.1b7e5c6e-e052-41b0-a4ce-05dfe62faaaf.s.59.e.3" text="calcium" type="Biomedical_Entity"><Normalization><mmtx cui="C0006675" phraseText="mediated by intracellular calcium distribution," preferredWord="Calcium" semType="bacs, phsu, elii"/><RxNorm RxCui="1895"/></Normalization></entity><pair ddi="false" e1="Dailymed.1b7e5c6e-e052-41b0-a4ce-05dfe62faaaf.s.59.e.1" e2="Dailymed.1b7e5c6e-e052-41b0-a4ce-05dfe62faaaf.s.59.e.0"/><pair ddi="false" e1="Dailymed.1b7e5c6e-e052-41b0-a4ce-05dfe62faaaf.s.59.e.2" e2="Dailymed.1b7e5c6e-e052-41b0-a4ce-05dfe62faaaf.s.59.e.0"/><pair ddi="false" e1="Dailymed.1b7e5c6e-e052-41b0-a4ce-05dfe62faaaf.s.59.e.2" e2="Dailymed.1b7e5c6e-e052-41b0-a4ce-05dfe62faaaf.s.59.e.1"/><pair ddi="false" e1="Dailymed.1b7e5c6e-e052-41b0-a4ce-05dfe62faaaf.s.59.e.1" e2="Dailymed.1b7e5c6e-e052-41b0-a4ce-05dfe62faaaf.s.59.e.3"/><pair ddi="false" e1="Dailymed.1b7e5c6e-e052-41b0-a4ce-05dfe62faaaf.s.59.e.2" e2="Dailymed.1b7e5c6e-e052-41b0-a4ce-05dfe62faaaf.s.59.e.3"/></sentence><sentence id="Dailymed.1b7e5c6e-e052-41b0-a4ce-05dfe62faaaf.s.74" text="Moreover, the use of digoxin may result in potentially detrimental increases in coronary vascular resistance mediated through alpha adrenergic receptor stimulation." type="negative"><entity charOffset="21:28" id="Dailymed.1b7e5c6e-e052-41b0-a4ce-05dfe62faaaf.s.74.e.0" text="digoxin" type="Biomedical_Entity"><Normalization><mmtx cui="C0012265" phraseText="the use of digoxin" preferredWord="Digoxin" semType="strd, phsu, carb"/><RxNorm RxCui="3407"/></Normalization></entity><entity charOffset="109:117" id="Dailymed.1b7e5c6e-e052-41b0-a4ce-05dfe62faaaf.s.74.e.1" text="mediated" type="Biomedical_Entity"><Normalization><mmtx cui="C0127400" phraseText="mediated through alpha adrenergic receptor stimulation." preferredWord="Mediator brand of benfluorex hydrochloride" semType="phsu, orch"/><RxNorm RxCui="985488"/></Normalization></entity><pair ddi="false" e1="Dailymed.1b7e5c6e-e052-41b0-a4ce-05dfe62faaaf.s.74.e.0" e2="Dailymed.1b7e5c6e-e052-41b0-a4ce-05dfe62faaaf.s.74.e.1"/></sentence><sentence id="Dailymed.1b7e5c6e-e052-41b0-a4ce-05dfe62faaaf.s.84" text="Patients receiving digoxin should have their serum electrolytes and renal function (serum creatinine concentrations) assessed periodically, the frequency of assessments will depend on the clinical setting." type="negative"><entity charOffset="51:63" id="Dailymed.1b7e5c6e-e052-41b0-a4ce-05dfe62faaaf.s.84.e.0" text="electrolytes" type="Biomedical_Entity"><Normalization><mmtx cui="C0013832" phraseText="their serum electrolytes" preferredWord="Electrolytes" semType="inch, phsu"/><RxNorm RxCui="3793"/></Normalization></entity><entity charOffset="19:26" id="Dailymed.1b7e5c6e-e052-41b0-a4ce-05dfe62faaaf.s.84.e.1" text="digoxin" type="Biomedical_Entity"><Normalization><mmtx cui="C0012265" phraseText="digoxin" preferredWord="Digoxin" semType="strd, phsu, carb"/><RxNorm RxCui="3407"/></Normalization></entity><pair ddi="false" e1="Dailymed.1b7e5c6e-e052-41b0-a4ce-05dfe62faaaf.s.84.e.1" e2="Dailymed.1b7e5c6e-e052-41b0-a4ce-05dfe62faaaf.s.84.e.0"/></sentence><sentence biomedicalEntities="3" id="Dailymed.1b7e5c6e-e052-41b0-a4ce-05dfe62faaaf.s.87" lineNumber="102" text="&lt;item&gt;PGP Inducers/Inhibitors: Drugs that induce or inhibit PGP have the potential to alter digoxin pharmacokinetics. " type="regular"><entity charOffset="86:91|100:116" id="Dailymed.1b7e5c6e-e052-41b0-a4ce-05dfe62faaaf.s.87.e.1" text="alter pharmacokinetics" type="Specific_Interaction"/><entity charOffset="92:99" id="Dailymed.1b7e5c6e-e052-41b0-a4ce-05dfe62faaaf.s.87.e.2" text="digoxin" type="Drug"><Normalization><mmtx cui="C0012265" phraseText="digoxin pharmacokinetics." preferredWord="Digoxin" semType="strd, phsu, carb"/><RxNorm RxCui="3407"/></Normalization></entity><entity charOffset="31:41|52:63" id="Dailymed.1b7e5c6e-e052-41b0-a4ce-05dfe62faaaf.s.87.e.3" text="Drugs that inhibit PGP" type="Drug_Class"><Normalization><mmtx cui="C0013227" phraseText="Drugs" preferredWord="Pharmaceutical Preparations" semType="phsu"/><RxNorm RxCui="NA"/></Normalization></entity><entity charOffset="31:48|60:63" id="Dailymed.1b7e5c6e-e052-41b0-a4ce-05dfe62faaaf.s.87.e.4" text="Drugs that induce PGP" type="Drug_Class"><Normalization><mmtx cui="C0013227" phraseText="Drugs" preferredWord="Pharmaceutical Preparations" semType="phsu"/><RxNorm RxCui="NA"/></Normalization></entity><drugInteraction id="Dailymed.1b7e5c6e-e052-41b0-a4ce-05dfe62faaaf.s.87.ddi.1"><interaction trigger="Dailymed.1b7e5c6e-e052-41b0-a4ce-05dfe62faaaf.s.87.e.1"><relations><relation type="hasPrecipitant"><entity id="Dailymed.1b7e5c6e-e052-41b0-a4ce-05dfe62faaaf.s.87.e.3"/></relation><relation type="hasObject"><entity id="Dailymed.1b7e5c6e-e052-41b0-a4ce-05dfe62faaaf.s.87.e.2"/></relation><relation type="hasPrecipitant"><entity id="Dailymed.1b7e5c6e-e052-41b0-a4ce-05dfe62faaaf.s.87.e.4"/></relation></relations></interaction></drugInteraction><pair ddi="true" e1="Dailymed.1b7e5c6e-e052-41b0-a4ce-05dfe62faaaf.s.87.e.3" e2="Dailymed.1b7e5c6e-e052-41b0-a4ce-05dfe62faaaf.s.87.e.2" trigger="Dailymed.1b7e5c6e-e052-41b0-a4ce-05dfe62faaaf.s.87.e.1" type="Specific_Interaction"/><pair ddi="true" e1="Dailymed.1b7e5c6e-e052-41b0-a4ce-05dfe62faaaf.s.87.e.4" e2="Dailymed.1b7e5c6e-e052-41b0-a4ce-05dfe62faaaf.s.87.e.2" trigger="Dailymed.1b7e5c6e-e052-41b0-a4ce-05dfe62faaaf.s.87.e.1" type="Specific_Interaction"/><pair ddi="false" e1="Dailymed.1b7e5c6e-e052-41b0-a4ce-05dfe62faaaf.s.87.e.4" e2="Dailymed.1b7e5c6e-e052-41b0-a4ce-05dfe62faaaf.s.87.e.3"/></sentence><sentence biomedicalEntities="3" id="Dailymed.1b7e5c6e-e052-41b0-a4ce-05dfe62faaaf.s.94" lineNumber="111" text="Therefore, drugs that induce/inhibit P-glycoprotein have the potential to alter digoxin pharmacokinetics." type="regular"><entity charOffset="74:79|88:104" id="Dailymed.1b7e5c6e-e052-41b0-a4ce-05dfe62faaaf.s.94.e.1" text="alter pharmacokinetics" type="Specific_Interaction"/><entity charOffset="11:21|29:51" id="Dailymed.1b7e5c6e-e052-41b0-a4ce-05dfe62faaaf.s.94.e.2" text="drugs that inhibit P-glycoprotein" type="Drug_Class"><Normalization><mmtx cui="C0013227" phraseText="drugs" preferredWord="Pharmaceutical Preparations" semType="phsu"/><RxNorm RxCui="NA"/></Normalization></entity><entity charOffset="80:87" id="Dailymed.1b7e5c6e-e052-41b0-a4ce-05dfe62faaaf.s.94.e.3" text="digoxin" type="Drug"><Normalization><mmtx cui="C0012265" phraseText="digoxin pharmacokinetics." preferredWord="Digoxin" semType="strd, phsu, carb"/><RxNorm RxCui="3407"/></Normalization></entity><entity charOffset="11:28|37:51" id="Dailymed.1b7e5c6e-e052-41b0-a4ce-05dfe62faaaf.s.94.e.4" text="drugs that induce P-glycoprotein" type="Drug_Class"><Normalization><mmtx cui="C0013227" phraseText="drugs" preferredWord="Pharmaceutical Preparations" semType="phsu"/><RxNorm RxCui="NA"/></Normalization></entity><drugInteraction id="Dailymed.1b7e5c6e-e052-41b0-a4ce-05dfe62faaaf.s.94.ddi.1"><interaction trigger="Dailymed.1b7e5c6e-e052-41b0-a4ce-05dfe62faaaf.s.94.e.1"><relations><relation type="hasPrecipitant"><entity id="Dailymed.1b7e5c6e-e052-41b0-a4ce-05dfe62faaaf.s.94.e.2"/></relation><relation type="hasObject"><entity id="Dailymed.1b7e5c6e-e052-41b0-a4ce-05dfe62faaaf.s.94.e.3"/></relation><relation type="hasPrecipitant"><entity id="Dailymed.1b7e5c6e-e052-41b0-a4ce-05dfe62faaaf.s.94.e.4"/></relation></relations></interaction></drugInteraction><pair ddi="true" e1="Dailymed.1b7e5c6e-e052-41b0-a4ce-05dfe62faaaf.s.94.e.2" e2="Dailymed.1b7e5c6e-e052-41b0-a4ce-05dfe62faaaf.s.94.e.3" trigger="Dailymed.1b7e5c6e-e052-41b0-a4ce-05dfe62faaaf.s.94.e.1" type="Specific_Interaction"/><pair ddi="true" e1="Dailymed.1b7e5c6e-e052-41b0-a4ce-05dfe62faaaf.s.94.e.4" e2="Dailymed.1b7e5c6e-e052-41b0-a4ce-05dfe62faaaf.s.94.e.3" trigger="Dailymed.1b7e5c6e-e052-41b0-a4ce-05dfe62faaaf.s.94.e.1" type="Specific_Interaction"/><pair ddi="false" e1="Dailymed.1b7e5c6e-e052-41b0-a4ce-05dfe62faaaf.s.94.e.4" e2="Dailymed.1b7e5c6e-e052-41b0-a4ce-05dfe62faaaf.s.94.e.2"/></sentence><sentence id="Dailymed.1b7e5c6e-e052-41b0-a4ce-05dfe62faaaf.s.104" text="In some assays, spironolactone, canrenone and potassium canrenoate may be falsely detected as digoxin, at levels up to 0.5 ng/mL. " type="negative"><entity charOffset="94:101" id="Dailymed.1b7e5c6e-e052-41b0-a4ce-05dfe62faaaf.s.104.e.0" text="digoxin" type="Biomedical_Entity"><Normalization><mmtx cui="C0012265" phraseText="detected as digoxin," preferredWord="Digoxin" semType="strd, phsu, carb"/><RxNorm RxCui="3407"/></Normalization></entity><entity charOffset="16:30" id="Dailymed.1b7e5c6e-e052-41b0-a4ce-05dfe62faaaf.s.104.e.1" text="spironolactone" type="Biomedical_Entity"><Normalization><mmtx cui="C0037982" phraseText="spironolactone," preferredWord="Spironolactone" semType="strd, phsu"/><RxNorm RxCui="9997"/></Normalization></entity><entity charOffset="46:66" id="Dailymed.1b7e5c6e-e052-41b0-a4ce-05dfe62faaaf.s.104.e.2" text="potassium canrenoate" type="Biomedical_Entity"><Normalization><mmtx cui="C0006881" phraseText="potassium canrenoate" preferredWord="Canrenoate Potassium" semType="strd, phsu"/><RxNorm RxCui="8588"/></Normalization></entity><entity charOffset="32:41" id="Dailymed.1b7e5c6e-e052-41b0-a4ce-05dfe62faaaf.s.104.e.3" text="canrenone" type="Biomedical_Entity"><Normalization><mmtx cui="C0006882" phraseText="canrenone" preferredWord="Canrenone" semType="strd, phsu"/><RxNorm RxCui="1982"/></Normalization></entity><pair ddi="false" e1="Dailymed.1b7e5c6e-e052-41b0-a4ce-05dfe62faaaf.s.104.e.1" e2="Dailymed.1b7e5c6e-e052-41b0-a4ce-05dfe62faaaf.s.104.e.0"/><pair ddi="false" e1="Dailymed.1b7e5c6e-e052-41b0-a4ce-05dfe62faaaf.s.104.e.2" e2="Dailymed.1b7e5c6e-e052-41b0-a4ce-05dfe62faaaf.s.104.e.0"/><pair ddi="false" e1="Dailymed.1b7e5c6e-e052-41b0-a4ce-05dfe62faaaf.s.104.e.3" e2="Dailymed.1b7e5c6e-e052-41b0-a4ce-05dfe62faaaf.s.104.e.0"/><pair ddi="false" e1="Dailymed.1b7e5c6e-e052-41b0-a4ce-05dfe62faaaf.s.104.e.1" e2="Dailymed.1b7e5c6e-e052-41b0-a4ce-05dfe62faaaf.s.104.e.2"/><pair ddi="false" e1="Dailymed.1b7e5c6e-e052-41b0-a4ce-05dfe62faaaf.s.104.e.1" e2="Dailymed.1b7e5c6e-e052-41b0-a4ce-05dfe62faaaf.s.104.e.3"/><pair ddi="false" e1="Dailymed.1b7e5c6e-e052-41b0-a4ce-05dfe62faaaf.s.104.e.3" e2="Dailymed.1b7e5c6e-e052-41b0-a4ce-05dfe62faaaf.s.104.e.2"/></sentence><sentence id="Dailymed.1b7e5c6e-e052-41b0-a4ce-05dfe62faaaf.s.105" text="Some traditional Chinese and Ayurvedic medicine substances like Chan Su, Siberian Ginseng, Asian Ginseng, Ashwagandha or Dashen, can cause similar interference." type="negative"><entity charOffset="91:104" id="Dailymed.1b7e5c6e-e052-41b0-a4ce-05dfe62faaaf.s.105.e.0" text="asian ginseng" type="Biomedical_Entity"><Normalization><mmtx cui="C2948830" phraseText="Asian Ginseng," preferredWord="Asian ginseng extract" semType="phsu, orch"/><RxNorm RxCui="1370774"/></Normalization></entity><entity charOffset="106:117" id="Dailymed.1b7e5c6e-e052-41b0-a4ce-05dfe62faaaf.s.105.e.1" text="ashwagandha" type="Biomedical_Entity"><Normalization><mmtx cui="C0613707" phraseText="Ashwagandha" preferredWord="Ashwagandha preparation" semType="phsu, orch"/><RxNorm RxCui="164090"/></Normalization></entity><entity charOffset="73:89" id="Dailymed.1b7e5c6e-e052-41b0-a4ce-05dfe62faaaf.s.105.e.2" text="siberian ginseng" type="Biomedical_Entity"><Normalization><mmtx cui="C1095891" phraseText="Siberian Ginseng," preferredWord="Siberian ginseng preparation" semType="phsu, orch"/><RxNorm RxCui="477070"/></Normalization></entity><entity charOffset="64:71" id="Dailymed.1b7e5c6e-e052-41b0-a4ce-05dfe62faaaf.s.105.e.3" text="chan su" type="Biomedical_Entity"><Normalization><mmtx cui="C0381424" phraseText="Ayurvedic medicine substances like Chan Su," preferredWord="chan su" semType="bacs, strd, phsu"/><RxNorm RxCui="1442760"/></Normalization></entity><pair ddi="false" e1="Dailymed.1b7e5c6e-e052-41b0-a4ce-05dfe62faaaf.s.105.e.0" e2="Dailymed.1b7e5c6e-e052-41b0-a4ce-05dfe62faaaf.s.105.e.1"/><pair ddi="false" e1="Dailymed.1b7e5c6e-e052-41b0-a4ce-05dfe62faaaf.s.105.e.2" e2="Dailymed.1b7e5c6e-e052-41b0-a4ce-05dfe62faaaf.s.105.e.0"/><pair ddi="false" e1="Dailymed.1b7e5c6e-e052-41b0-a4ce-05dfe62faaaf.s.105.e.3" e2="Dailymed.1b7e5c6e-e052-41b0-a4ce-05dfe62faaaf.s.105.e.0"/><pair ddi="false" e1="Dailymed.1b7e5c6e-e052-41b0-a4ce-05dfe62faaaf.s.105.e.2" e2="Dailymed.1b7e5c6e-e052-41b0-a4ce-05dfe62faaaf.s.105.e.1"/><pair ddi="false" e1="Dailymed.1b7e5c6e-e052-41b0-a4ce-05dfe62faaaf.s.105.e.3" e2="Dailymed.1b7e5c6e-e052-41b0-a4ce-05dfe62faaaf.s.105.e.1"/><pair ddi="false" e1="Dailymed.1b7e5c6e-e052-41b0-a4ce-05dfe62faaaf.s.105.e.3" e2="Dailymed.1b7e5c6e-e052-41b0-a4ce-05dfe62faaaf.s.105.e.2"/></sentence><sentence id="Dailymed.1b7e5c6e-e052-41b0-a4ce-05dfe62faaaf.s.106" text="Spironolactone and DLIS are much more extensively protein-bound than digoxin. " type="negative"><entity charOffset="69:76" id="Dailymed.1b7e5c6e-e052-41b0-a4ce-05dfe62faaaf.s.106.e.0" text="digoxin" type="Biomedical_Entity"><Normalization><mmtx cui="C0012265" phraseText="bound than digoxin." preferredWord="Digoxin" semType="strd, phsu, carb"/><RxNorm RxCui="3407"/></Normalization></entity><entity charOffset="0:14" id="Dailymed.1b7e5c6e-e052-41b0-a4ce-05dfe62faaaf.s.106.e.1" text="spironolactone" type="Biomedical_Entity"><Normalization><mmtx cui="C0037982" phraseText="Spironolactone" preferredWord="Spironolactone" semType="strd, phsu"/><RxNorm RxCui="9997"/></Normalization></entity><pair ddi="false" e1="Dailymed.1b7e5c6e-e052-41b0-a4ce-05dfe62faaaf.s.106.e.1" e2="Dailymed.1b7e5c6e-e052-41b0-a4ce-05dfe62faaaf.s.106.e.0"/></sentence><sentence id="Dailymed.1b7e5c6e-e052-41b0-a4ce-05dfe62faaaf.s.107" text="As a result, assays of free digoxin levels in protein-free ultrafiltrate (which tend to be about 25% less than total levels, consistent with the usual extent of protein binding) are less affected by spironolactone or DLIS. " type="negative"><entity charOffset="199:213" id="Dailymed.1b7e5c6e-e052-41b0-a4ce-05dfe62faaaf.s.107.e.0" text="spironolactone" type="Biomedical_Entity"><Normalization><mmtx cui="C0037982" phraseText="affected by spironolactone" preferredWord="Spironolactone" semType="strd, phsu"/><RxNorm RxCui="9997"/></Normalization></entity><entity charOffset="28:35" id="Dailymed.1b7e5c6e-e052-41b0-a4ce-05dfe62faaaf.s.107.e.1" text="digoxin" type="Biomedical_Entity"><Normalization><mmtx cui="C0012265" phraseText="assays of free digoxin levels" preferredWord="Digoxin" semType="strd, phsu, carb"/><RxNorm RxCui="3407"/></Normalization></entity><pair ddi="false" e1="Dailymed.1b7e5c6e-e052-41b0-a4ce-05dfe62faaaf.s.107.e.1" e2="Dailymed.1b7e5c6e-e052-41b0-a4ce-05dfe62faaaf.s.107.e.0"/></sentence><positiveExamples number="7"/><negativeExamples number="38"/></document>