<?xml version="1.0" encoding="UTF-8" standalone="no"?><document setID="2b70cf0c-45be-428f-b396-5001ed4e30fc"><labelDrug name="amiloride hydrocloride"><Normalization/></labelDrug><generic name="amiloride hydrocloride"/><sentence id="Dailymed.2b70cf0c-45be-428f-b396-5001ed4e30fc.s.2" text="Amiloride HCl, an antikaliuretic-diuretic agent, is a pyrazine-carbonyl-guanidine that is unrelated chemically to other known antikaliuretic or diuretic agents." type="negative"><entity charOffset="0:13" id="Dailymed.2b70cf0c-45be-428f-b396-5001ed4e30fc.s.2.e.0" text="amiloride hcl" type="Biomedical_Entity"><Normalization><mmtx cui="C0546849" phraseText="Amiloride HCl," preferredWord="Amiloride Hydrochloride" semType="phsu, orch"/><RxNorm RxCui="142424"/></Normalization></entity><entity charOffset="144:152" id="Dailymed.2b70cf0c-45be-428f-b396-5001ed4e30fc.s.2.e.1" text="diuretic" type="Biomedical_Entity"><Normalization><mmtx cui="C0012798" phraseText="diuretic agents." preferredWord="Diuretics" semType="phsu"/><RxNorm RxCui="3567"/></Normalization></entity><entity charOffset="33:41" id="Dailymed.2b70cf0c-45be-428f-b396-5001ed4e30fc.s.2.e.2" text="diuretic" type="Biomedical_Entity"><Normalization><mmtx cui="C0012798" phraseText="an antikaliuretic-diuretic agent," preferredWord="Diuretics" semType="phsu"/><RxNorm RxCui="3567"/></Normalization></entity><entity charOffset="72:81" id="Dailymed.2b70cf0c-45be-428f-b396-5001ed4e30fc.s.2.e.3" text="guanidine" type="Biomedical_Entity"><Normalization><mmtx cui="C0120446" phraseText="a pyrazine-carbonyl-guanidine" preferredWord="Guanidine" semType="bacs, phsu, orch"/><RxNorm RxCui="50676"/></Normalization></entity><pair ddi="false" e1="Dailymed.2b70cf0c-45be-428f-b396-5001ed4e30fc.s.2.e.0" e2="Dailymed.2b70cf0c-45be-428f-b396-5001ed4e30fc.s.2.e.1"/><pair ddi="false" e1="Dailymed.2b70cf0c-45be-428f-b396-5001ed4e30fc.s.2.e.0" e2="Dailymed.2b70cf0c-45be-428f-b396-5001ed4e30fc.s.2.e.2"/><pair ddi="false" e1="Dailymed.2b70cf0c-45be-428f-b396-5001ed4e30fc.s.2.e.0" e2="Dailymed.2b70cf0c-45be-428f-b396-5001ed4e30fc.s.2.e.3"/><pair ddi="false" e1="Dailymed.2b70cf0c-45be-428f-b396-5001ed4e30fc.s.2.e.3" e2="Dailymed.2b70cf0c-45be-428f-b396-5001ed4e30fc.s.2.e.1"/><pair ddi="false" e1="Dailymed.2b70cf0c-45be-428f-b396-5001ed4e30fc.s.2.e.2" e2="Dailymed.2b70cf0c-45be-428f-b396-5001ed4e30fc.s.2.e.3"/></sentence><sentence id="Dailymed.2b70cf0c-45be-428f-b396-5001ed4e30fc.s.5" text="Amiloride HCl should not be used in the presence of elevated serum potassium levels (greater than 5.5 mEq per liter)." type="negative"><entity charOffset="67:76" id="Dailymed.2b70cf0c-45be-428f-b396-5001ed4e30fc.s.5.e.0" text="potassium" type="Biomedical_Entity"><Normalization><mmtx cui="C0597277" phraseText="used in the presence of elevated serum potassium levels" preferredWord="Potassium Ion" semType="phsu, elii"/><RxNorm RxCui="8588"/></Normalization></entity><entity charOffset="0:13" id="Dailymed.2b70cf0c-45be-428f-b396-5001ed4e30fc.s.5.e.1" text="amiloride hcl" type="Biomedical_Entity"><Normalization><mmtx cui="C0546849" phraseText="Amiloride HCl" preferredWord="Amiloride Hydrochloride" semType="phsu, orch"/><RxNorm RxCui="142424"/></Normalization></entity><pair ddi="false" e1="Dailymed.2b70cf0c-45be-428f-b396-5001ed4e30fc.s.5.e.1" e2="Dailymed.2b70cf0c-45be-428f-b396-5001ed4e30fc.s.5.e.0"/></sentence><sentence biomedicalEntities="4" id="Dailymed.2b70cf0c-45be-428f-b396-5001ed4e30fc.s.7" lineNumber="13" text="Amiloride HCl should not be given to patients receiving other potassium-conserving agents, such as spironolactone or triamterene. " type="regular"><entity charOffset="62:89" id="Dailymed.2b70cf0c-45be-428f-b396-5001ed4e30fc.s.7.e.0" text="potassium-conserving agents" type="Drug_Class"><Normalization><mmtx cui="C0597277" phraseText="other potassium-" preferredWord="Potassium Ion" semType="phsu, elii"/><mmtx cui="C1254351" phraseText="agents," preferredWord="Pharmacologic Substance" semType="phsu"/><RxNorm RxCui="8588"/></Normalization></entity><entity charOffset="0:13" id="Dailymed.2b70cf0c-45be-428f-b396-5001ed4e30fc.s.7.e.1" text="Amiloride HCl" type="Drug"><Normalization><mmtx cui="C0546849" phraseText="Amiloride HCl" preferredWord="Amiloride Hydrochloride" semType="phsu, orch"/><RxNorm RxCui="142424"/></Normalization></entity><entity charOffset="99:113" id="Dailymed.2b70cf0c-45be-428f-b396-5001ed4e30fc.s.7.e.2" text="spironolactone" type="Drug"><Normalization><mmtx cui="C0037982" phraseText="such as spironolactone" preferredWord="Spironolactone" semType="strd, phsu"/><RxNorm RxCui="9997"/></Normalization></entity><entity charOffset="117:128" id="Dailymed.2b70cf0c-45be-428f-b396-5001ed4e30fc.s.7.e.3" text="triamterene" type="Drug"><Normalization><mmtx cui="C0040869" phraseText="triamterene." preferredWord="Triamterene" semType="phsu, orch"/><RxNorm RxCui="10763"/></Normalization></entity><entity charOffset="21:33" id="Dailymed.2b70cf0c-45be-428f-b396-5001ed4e30fc.s.7.e.6" text="not be given" type="Caution_Interaction"/><drugClassMembership drug="Dailymed.2b70cf0c-45be-428f-b396-5001ed4e30fc.s.7.e.2" drugClass="Dailymed.2b70cf0c-45be-428f-b396-5001ed4e30fc.s.7.e.0"/><drugClassMembership drug="Dailymed.2b70cf0c-45be-428f-b396-5001ed4e30fc.s.7.e.3" drugClass="Dailymed.2b70cf0c-45be-428f-b396-5001ed4e30fc.s.7.e.0"/><drugInteraction id="Dailymed.2b70cf0c-45be-428f-b396-5001ed4e30fc.s.7.ddi.1"><interaction trigger="Dailymed.2b70cf0c-45be-428f-b396-5001ed4e30fc.s.7.e.6"><relations><relation type="hasObject"><entity id="Dailymed.2b70cf0c-45be-428f-b396-5001ed4e30fc.s.7.e.1"/></relation><relation type="hasPrecipitant"><entity id="Dailymed.2b70cf0c-45be-428f-b396-5001ed4e30fc.s.7.e.0"/></relation></relations></interaction></drugInteraction><pair ddi="true" e1="Dailymed.2b70cf0c-45be-428f-b396-5001ed4e30fc.s.7.e.1" e2="Dailymed.2b70cf0c-45be-428f-b396-5001ed4e30fc.s.7.e.0" trigger="Dailymed.2b70cf0c-45be-428f-b396-5001ed4e30fc.s.7.e.6" type="Caution_Interaction"/></sentence><sentence biomedicalEntities="4" id="Dailymed.2b70cf0c-45be-428f-b396-5001ed4e30fc.s.8" lineNumber="13" text="Potassium supplementation in the form of medication, potassium-containing salt substitutes or a potassium-rich diet should not be used with amiloride HCl except in severe and/or refractory cases of hypokalemia. " type="regular"><entity charOffset="0:25" id="Dailymed.2b70cf0c-45be-428f-b396-5001ed4e30fc.s.8.e.0" text="Potassium supplementation" type="Drug_Class"><Normalization><mmtx cui="C0561938" phraseText="Potassium supplementation in the form of medication," preferredWord="Potassium supplementation" semType="phsu"/><RxNorm RxCui="8588"/></Normalization></entity><entity charOffset="53:90" id="Dailymed.2b70cf0c-45be-428f-b396-5001ed4e30fc.s.8.e.1" text="potassium-containing salt substitutes" type="Substance"><Normalization><mmtx cui="C0597277" phraseText="potassium-containing salt substitutes" preferredWord="Potassium Ion" semType="phsu, elii"/><mmtx cui="C0784217" phraseText="potassium-containing salt substitutes" preferredWord="Salt Substitute" semType="inch, phsu"/><RxNorm RxCui="8588"/></Normalization></entity><entity charOffset="96:115" id="Dailymed.2b70cf0c-45be-428f-b396-5001ed4e30fc.s.8.e.2" text="potassium-rich diet" type="Substance"><Normalization><mmtx cui="C0597277" phraseText="a potassium-rich diet" preferredWord="Potassium Ion" semType="phsu, elii"/><RxNorm RxCui="8588"/></Normalization></entity><entity charOffset="123:134" id="Dailymed.2b70cf0c-45be-428f-b396-5001ed4e30fc.s.8.e.3" text="not be used" type="Caution_Interaction"/><entity charOffset="140:153" id="Dailymed.2b70cf0c-45be-428f-b396-5001ed4e30fc.s.8.e.5" text="amiloride HCl" type="Drug"><Normalization><mmtx cui="C0546849" phraseText="used with amiloride HCl" preferredWord="Amiloride Hydrochloride" semType="phsu, orch"/><RxNorm RxCui="142424"/></Normalization></entity><entity charOffset="154:209" id="Dailymed.2b70cf0c-45be-428f-b396-5001ed4e30fc.s.8.e.6" text="except in severe and/or refractory cases of hypokalemia" type="SPAN"/><drugInteraction id="Dailymed.2b70cf0c-45be-428f-b396-5001ed4e30fc.s.8.ddi.1"><interaction trigger="Dailymed.2b70cf0c-45be-428f-b396-5001ed4e30fc.s.8.e.3"><relations><relation type="hasPrecipitant"><entity id="Dailymed.2b70cf0c-45be-428f-b396-5001ed4e30fc.s.8.e.0"/></relation><relation type="hasPrecipitant"><entity id="Dailymed.2b70cf0c-45be-428f-b396-5001ed4e30fc.s.8.e.2"/></relation><relation type="hasObject"><entity id="Dailymed.2b70cf0c-45be-428f-b396-5001ed4e30fc.s.8.e.5"/></relation><relation type="hasPrecipitant"><entity id="Dailymed.2b70cf0c-45be-428f-b396-5001ed4e30fc.s.8.e.1"/></relation><relation type="hasContext"><entity id="Dailymed.2b70cf0c-45be-428f-b396-5001ed4e30fc.s.8.e.6"/></relation></relations></interaction></drugInteraction><pair context="Dailymed.2b70cf0c-45be-428f-b396-5001ed4e30fc.s.8.e.6" ddi="true" e1="Dailymed.2b70cf0c-45be-428f-b396-5001ed4e30fc.s.8.e.0" e2="Dailymed.2b70cf0c-45be-428f-b396-5001ed4e30fc.s.8.e.5" trigger="Dailymed.2b70cf0c-45be-428f-b396-5001ed4e30fc.s.8.e.3" type="Caution_Interaction"/><pair context="Dailymed.2b70cf0c-45be-428f-b396-5001ed4e30fc.s.8.e.6" ddi="true" e1="Dailymed.2b70cf0c-45be-428f-b396-5001ed4e30fc.s.8.e.2" e2="Dailymed.2b70cf0c-45be-428f-b396-5001ed4e30fc.s.8.e.5" trigger="Dailymed.2b70cf0c-45be-428f-b396-5001ed4e30fc.s.8.e.3" type="Caution_Interaction"/><pair context="Dailymed.2b70cf0c-45be-428f-b396-5001ed4e30fc.s.8.e.6" ddi="true" e1="Dailymed.2b70cf0c-45be-428f-b396-5001ed4e30fc.s.8.e.1" e2="Dailymed.2b70cf0c-45be-428f-b396-5001ed4e30fc.s.8.e.5" trigger="Dailymed.2b70cf0c-45be-428f-b396-5001ed4e30fc.s.8.e.3" type="Caution_Interaction"/><pair ddi="false" e1="Dailymed.2b70cf0c-45be-428f-b396-5001ed4e30fc.s.8.e.0" e2="Dailymed.2b70cf0c-45be-428f-b396-5001ed4e30fc.s.8.e.2"/><pair ddi="false" e1="Dailymed.2b70cf0c-45be-428f-b396-5001ed4e30fc.s.8.e.0" e2="Dailymed.2b70cf0c-45be-428f-b396-5001ed4e30fc.s.8.e.1"/><pair ddi="false" e1="Dailymed.2b70cf0c-45be-428f-b396-5001ed4e30fc.s.8.e.1" e2="Dailymed.2b70cf0c-45be-428f-b396-5001ed4e30fc.s.8.e.2"/></sentence><sentence biomedicalEntities="1" id="Dailymed.2b70cf0c-45be-428f-b396-5001ed4e30fc.s.9" lineNumber="13" text="Such concomitant therapy can be associated with rapid increases in serum potassium levels. " type="irregular"><entity charOffset="54:72|83:89" id="Dailymed.2b70cf0c-45be-428f-b396-5001ed4e30fc.s.9.e.0" text="increases in serum levels" type="Increase_Interaction"/><entity charOffset="73:82" id="Dailymed.2b70cf0c-45be-428f-b396-5001ed4e30fc.s.9.e.2" text="potassium" type="Substance"><Normalization><mmtx cui="C0597277" phraseText="in serum potassium levels." preferredWord="Potassium Ion" semType="phsu, elii"/><mmtx cui="C0597277" phraseText="in serum potassium levels." preferredWord="Potassium Ion" semType="phsu, elii"/><RxNorm RxCui="8588"/></Normalization></entity><drugInteraction id="Dailymed.2b70cf0c-45be-428f-b396-5001ed4e30fc.s.9.ddi.1"><interaction trigger="Dailymed.2b70cf0c-45be-428f-b396-5001ed4e30fc.s.9.e.0"><relations><relation type="hasObject"><ellipsisSentence id="Dailymed.2b70cf0c-45be-428f-b396-5001ed4e30fc.s.8" text="Potassium supplementation in the form of medication, potassium-containing salt substitutes or a potassium-rich diet should not be used with amiloride HCl except in severe and/or refractory cases of hypokalemia. "><entity id="Dailymed.2b70cf0c-45be-428f-b396-5001ed4e30fc.s.8.e.5"/></ellipsisSentence></relation><relation type="hasPrecipitant"><entity id="Dailymed.2b70cf0c-45be-428f-b396-5001ed4e30fc.s.9.e.2"/></relation></relations></interaction></drugInteraction><pair ddi="true" e1="labelDrug" e2="Dailymed.2b70cf0c-45be-428f-b396-5001ed4e30fc.s.9.e.2"/></sentence><sentence id="Dailymed.2b70cf0c-45be-428f-b396-5001ed4e30fc.s.10" text="If potassium supplementation is used, careful monitoring of the serum potassium level is necessary." type="negative"><entity charOffset="70:79" id="Dailymed.2b70cf0c-45be-428f-b396-5001ed4e30fc.s.10.e.0" text="potassium" type="Biomedical_Entity"><Normalization><mmtx cui="C0597277" phraseText="careful monitoring of the serum potassium level" preferredWord="Potassium Ion" semType="phsu, elii"/><RxNorm RxCui="8588"/></Normalization></entity><entity charOffset="3:28" id="Dailymed.2b70cf0c-45be-428f-b396-5001ed4e30fc.s.10.e.1" text="potassium supplementation" type="Biomedical_Entity"><Normalization><mmtx cui="C0561938" phraseText="potassium supplementation" preferredWord="Potassium supplementation" semType="phsu"/><RxNorm RxCui="8588"/></Normalization></entity><pair ddi="false" e1="Dailymed.2b70cf0c-45be-428f-b396-5001ed4e30fc.s.10.e.1" e2="Dailymed.2b70cf0c-45be-428f-b396-5001ed4e30fc.s.10.e.0"/></sentence><sentence id="Dailymed.2b70cf0c-45be-428f-b396-5001ed4e30fc.s.13" text="Patients with evidence of renal functional impairment (blood urea nitrogen [BUN] levels over 30 mg per 100 mL or serum creatinine levels over 1.5 mg per 100 mL) or diabetes mellitus should not receive the drug without careful, frequent and continuing monitoring of serum electrolytes, creatinine, and BUN levels. " type="negative"><entity charOffset="271:283" id="Dailymed.2b70cf0c-45be-428f-b396-5001ed4e30fc.s.13.e.0" text="electrolytes" type="Biomedical_Entity"><Normalization><mmtx cui="C3536863" phraseText="continuing monitoring of serum electrolytes," preferredWord="Electrolyte [EPC]" semType="phsu"/><RxNorm RxCui="3793"/></Normalization></entity><entity charOffset="61:65" id="Dailymed.2b70cf0c-45be-428f-b396-5001ed4e30fc.s.13.e.1" text="urea" type="Biomedical_Entity"><Normalization><mmtx cui="C0041942" phraseText="(blood urea nitrogen [BUN] levels over 30 mg" preferredWord="Urea" semType="bacs, phsu, orch"/><RxNorm RxCui="11002"/></Normalization></entity><entity charOffset="301:304" id="Dailymed.2b70cf0c-45be-428f-b396-5001ed4e30fc.s.13.e.2" text="bun" type="Biomedical_Entity"><Normalization><mmtx cui="C0041942" phraseText="BUN levels." preferredWord="Urea" semType="bacs, phsu, orch"/><RxNorm RxCui="221770"/></Normalization></entity><entity charOffset="66:95" id="Dailymed.2b70cf0c-45be-428f-b396-5001ed4e30fc.s.13.e.3" text="nitrogen 30" type="Biomedical_Entity"><Normalization><mmtx cui="C3662986" phraseText="(blood urea nitrogen [BUN] levels over 30 mg" preferredWord="Nitrogen 30 %" semType="clnd"/><RxNorm RxCui="7456"/></Normalization></entity><pair ddi="false" e1="Dailymed.2b70cf0c-45be-428f-b396-5001ed4e30fc.s.13.e.1" e2="Dailymed.2b70cf0c-45be-428f-b396-5001ed4e30fc.s.13.e.0"/><pair ddi="false" e1="Dailymed.2b70cf0c-45be-428f-b396-5001ed4e30fc.s.13.e.0" e2="Dailymed.2b70cf0c-45be-428f-b396-5001ed4e30fc.s.13.e.2"/><pair ddi="false" e1="Dailymed.2b70cf0c-45be-428f-b396-5001ed4e30fc.s.13.e.3" e2="Dailymed.2b70cf0c-45be-428f-b396-5001ed4e30fc.s.13.e.0"/><pair ddi="false" e1="Dailymed.2b70cf0c-45be-428f-b396-5001ed4e30fc.s.13.e.1" e2="Dailymed.2b70cf0c-45be-428f-b396-5001ed4e30fc.s.13.e.3"/><pair ddi="false" e1="Dailymed.2b70cf0c-45be-428f-b396-5001ed4e30fc.s.13.e.3" e2="Dailymed.2b70cf0c-45be-428f-b396-5001ed4e30fc.s.13.e.2"/></sentence><sentence id="Dailymed.2b70cf0c-45be-428f-b396-5001ed4e30fc.s.19" text="Like other potassium-conserving agents, amiloride may cause hyperkalemia (serum potassium levels greater than 5.5 mEq per liter) which, if uncorrected, is potentially fatal. " type="negative"><entity charOffset="40:49" id="Dailymed.2b70cf0c-45be-428f-b396-5001ed4e30fc.s.19.e.0" text="amiloride" type="Biomedical_Entity"><Normalization><mmtx cui="C0002502" phraseText="amiloride" preferredWord="Amiloride" semType="phsu, orch"/><RxNorm RxCui="142424"/></Normalization></entity><entity charOffset="80:89" id="Dailymed.2b70cf0c-45be-428f-b396-5001ed4e30fc.s.19.e.1" text="potassium" type="Biomedical_Entity"><Normalization><mmtx cui="C0597277" phraseText="(serum potassium levels" preferredWord="Potassium Ion" semType="phsu, elii"/><RxNorm RxCui="8588"/></Normalization></entity><entity charOffset="11:20" id="Dailymed.2b70cf0c-45be-428f-b396-5001ed4e30fc.s.19.e.2" text="potassium" type="Biomedical_Entity"><Normalization><mmtx cui="C0597277" phraseText="Like other potassium-" preferredWord="Potassium Ion" semType="phsu, elii"/><RxNorm RxCui="8588"/></Normalization></entity><pair ddi="false" e1="Dailymed.2b70cf0c-45be-428f-b396-5001ed4e30fc.s.19.e.0" e2="Dailymed.2b70cf0c-45be-428f-b396-5001ed4e30fc.s.19.e.1"/><pair ddi="false" e1="Dailymed.2b70cf0c-45be-428f-b396-5001ed4e30fc.s.19.e.2" e2="Dailymed.2b70cf0c-45be-428f-b396-5001ed4e30fc.s.19.e.0"/></sentence><sentence id="Dailymed.2b70cf0c-45be-428f-b396-5001ed4e30fc.s.20" text="Hyperkalemia occurs commonly (about 10%) when amiloride is used without a kaliuretic diuretic. " type="negative"><entity charOffset="46:55" id="Dailymed.2b70cf0c-45be-428f-b396-5001ed4e30fc.s.20.e.0" text="amiloride" type="Biomedical_Entity"><Normalization><mmtx cui="C0002502" phraseText="amiloride" preferredWord="Amiloride" semType="phsu, orch"/><RxNorm RxCui="142424"/></Normalization></entity><entity charOffset="85:93" id="Dailymed.2b70cf0c-45be-428f-b396-5001ed4e30fc.s.20.e.1" text="diuretic" type="Biomedical_Entity"><Normalization><mmtx cui="C0012798" phraseText="used without a kaliuretic diuretic." preferredWord="Diuretics" semType="phsu"/><RxNorm RxCui="3567"/></Normalization></entity><pair ddi="false" e1="Dailymed.2b70cf0c-45be-428f-b396-5001ed4e30fc.s.20.e.0" e2="Dailymed.2b70cf0c-45be-428f-b396-5001ed4e30fc.s.20.e.1"/></sentence><sentence biomedicalEntities="2" id="Dailymed.2b70cf0c-45be-428f-b396-5001ed4e30fc.s.22" lineNumber="27" text="When amiloride HCl is used concomitantly with a thiazide diuretic in patients without these complications, the risk of hyperkalemia is reduced to about 1-2 percent. " type="regular"><entity charOffset="5:18" id="Dailymed.2b70cf0c-45be-428f-b396-5001ed4e30fc.s.22.e.0" text="amiloride HCl" type="Drug"><Normalization><mmtx cui="C0546849" phraseText="amiloride HCl" preferredWord="Amiloride Hydrochloride" semType="phsu, orch"/><RxNorm RxCui="142424"/></Normalization></entity><entity charOffset="48:65" id="Dailymed.2b70cf0c-45be-428f-b396-5001ed4e30fc.s.22.e.1" text="thiazide diuretic" type="Drug_Class"><Normalization><mmtx cui="C0012802" phraseText="concomitantly with a thiazide diuretic" preferredWord="Thiazide Diuretics" semType="phsu, orch"/><mmtx cui="C3536861" phraseText="concomitantly with a thiazide diuretic" preferredWord="Thiazide Diuretic [EPC]" semType="phsu"/><RxNorm RxCui="141801"/></Normalization></entity><entity charOffset="119:131" id="Dailymed.2b70cf0c-45be-428f-b396-5001ed4e30fc.s.22.e.2" text="hyperkalemia" type="Specific_Interaction"/><drugInteraction id="Dailymed.2b70cf0c-45be-428f-b396-5001ed4e30fc.s.22.ddi.1"><interaction trigger="Dailymed.2b70cf0c-45be-428f-b396-5001ed4e30fc.s.22.e.2"><relations><relation type="hasObject"><entity id="Dailymed.2b70cf0c-45be-428f-b396-5001ed4e30fc.s.22.e.0"/></relation><relation type="hasPrecipitant"><entity id="Dailymed.2b70cf0c-45be-428f-b396-5001ed4e30fc.s.22.e.1"/></relation></relations></interaction></drugInteraction><pair ddi="true" e1="Dailymed.2b70cf0c-45be-428f-b396-5001ed4e30fc.s.22.e.0" e2="Dailymed.2b70cf0c-45be-428f-b396-5001ed4e30fc.s.22.e.1" trigger="Dailymed.2b70cf0c-45be-428f-b396-5001ed4e30fc.s.22.e.2" type="Specific_Interaction"/></sentence><sentence biomedicalEntities="2" id="Dailymed.2b70cf0c-45be-428f-b396-5001ed4e30fc.s.23" lineNumber="27" text="It is thus essential to monitor serum potassium levels carefully in any patient receiving amiloride, particularly when it is first introduced, at the time of diuretic dosage adjustments, and during any illness that could affect renal function." type="regular"><entity charOffset="24:31" id="Dailymed.2b70cf0c-45be-428f-b396-5001ed4e30fc.s.23.e.0" text="monitor" type="Caution_Interaction"/><entity charOffset="90:99" id="Dailymed.2b70cf0c-45be-428f-b396-5001ed4e30fc.s.23.e.2" text="amiloride" type="Drug"><Normalization><mmtx cui="C0002502" phraseText="serum potassium levels carefully in any patient receiving amiloride," preferredWord="Amiloride" semType="phsu, orch"/><mmtx cui="C0002502" phraseText="serum potassium levels carefully in any patient receiving amiloride," preferredWord="Amiloride" semType="phsu, orch"/><RxNorm RxCui="142424"/></Normalization></entity><entity charOffset="158:166" id="Dailymed.2b70cf0c-45be-428f-b396-5001ed4e30fc.s.23.e.3" text="diuretic" type="Drug_Class"><Normalization><mmtx cui="C0012798" phraseText="of diuretic dosage adjustments," preferredWord="Diuretics" semType="phsu"/><RxNorm RxCui="3567"/></Normalization></entity><drugInteraction id="Dailymed.2b70cf0c-45be-428f-b396-5001ed4e30fc.s.23.ddi.1"><interaction trigger="Dailymed.2b70cf0c-45be-428f-b396-5001ed4e30fc.s.23.e.0"><relations><relation type="hasPrecipitant"><entity id="Dailymed.2b70cf0c-45be-428f-b396-5001ed4e30fc.s.23.e.3"/></relation><relation type="hasObject"><entity id="Dailymed.2b70cf0c-45be-428f-b396-5001ed4e30fc.s.23.e.2"/></relation></relations></interaction></drugInteraction><pair ddi="true" e1="Dailymed.2b70cf0c-45be-428f-b396-5001ed4e30fc.s.23.e.2" e2="Dailymed.2b70cf0c-45be-428f-b396-5001ed4e30fc.s.23.e.3" trigger="Dailymed.2b70cf0c-45be-428f-b396-5001ed4e30fc.s.23.e.0" type="Caution_Interaction"/></sentence><sentence biomedicalEntities="6" id="Dailymed.2b70cf0c-45be-428f-b396-5001ed4e30fc.s.24" lineNumber="29" text="The risk of hyperkalemia may be increased when potassium-conserving agents, including amiloride HCl, are administered concomitantly with an angiotensin-converting enzyme inhibitor, an angiotensin II receptor antagonist, cyclosporine or tacrolimus. " type="regular"><entity charOffset="12:24" id="Dailymed.2b70cf0c-45be-428f-b396-5001ed4e30fc.s.24.e.0" text="hyperkalemia" type="Specific_Interaction"/><entity charOffset="47:74" id="Dailymed.2b70cf0c-45be-428f-b396-5001ed4e30fc.s.24.e.2" text="potassium-conserving agents" type="Drug_Class"><Normalization><mmtx cui="C0597277" phraseText="potassium-" preferredWord="Potassium Ion" semType="phsu, elii"/><mmtx cui="C1254351" phraseText="agents," preferredWord="Pharmacologic Substance" semType="phsu"/><RxNorm RxCui="8588"/></Normalization></entity><entity charOffset="86:99" id="Dailymed.2b70cf0c-45be-428f-b396-5001ed4e30fc.s.24.e.3" text="amiloride HCl" type="Drug"><Normalization><mmtx cui="C0546849" phraseText="amiloride HCl," preferredWord="Amiloride Hydrochloride" semType="phsu, orch"/><RxNorm RxCui="142424"/></Normalization></entity><entity charOffset="140:179" id="Dailymed.2b70cf0c-45be-428f-b396-5001ed4e30fc.s.24.e.5" text="angiotensin-converting enzyme inhibitor" type="Drug_Class"><Normalization><mmtx cui="C0003015" phraseText="concomitantly with an angiotensin-converting enzyme inhibitor," preferredWord="Angiotensin-Converting Enzyme Inhibitors" semType="phsu"/><mmtx cui="C3536837" phraseText="concomitantly with an angiotensin-converting enzyme inhibitor," preferredWord="Angiotensin Converting Enzyme Inhibitor [EPC]" semType="phsu"/><RxNorm RxCui="6162"/></Normalization></entity><entity charOffset="184:218" id="Dailymed.2b70cf0c-45be-428f-b396-5001ed4e30fc.s.24.e.6" text="angiotensin II receptor antagonist" type="Drug_Class"><Normalization><mmtx cui="C0521942" phraseText="an angiotensin II receptor antagonist," preferredWord="Angiotensin II receptor antagonist" semType="phsu"/><RxNorm RxCui="839"/></Normalization></entity><entity charOffset="220:232" id="Dailymed.2b70cf0c-45be-428f-b396-5001ed4e30fc.s.24.e.7" text="cyclosporine" type="Drug"><Normalization><mmtx cui="C0010592" phraseText="cyclosporine" preferredWord="Cyclosporine" semType="phsu, aapp"/><RxNorm RxCui="3008"/></Normalization></entity><entity charOffset="236:246" id="Dailymed.2b70cf0c-45be-428f-b396-5001ed4e30fc.s.24.e.8" text="tacrolimus" type="Drug"><Normalization><mmtx cui="C0085149" phraseText="tacrolimus." preferredWord="Tacrolimus" semType="phsu, orch"/><RxNorm RxCui="42316"/></Normalization></entity><drugClassMembership drug="Dailymed.2b70cf0c-45be-428f-b396-5001ed4e30fc.s.24.e.3" drugClass="Dailymed.2b70cf0c-45be-428f-b396-5001ed4e30fc.s.24.e.2"/><drugInteraction id="Dailymed.2b70cf0c-45be-428f-b396-5001ed4e30fc.s.24.ddi.1"><interaction trigger="Dailymed.2b70cf0c-45be-428f-b396-5001ed4e30fc.s.24.e.0"><relations><relation type="hasPrecipitant"><entity id="Dailymed.2b70cf0c-45be-428f-b396-5001ed4e30fc.s.24.e.8"/></relation><relation type="hasPrecipitant"><entity id="Dailymed.2b70cf0c-45be-428f-b396-5001ed4e30fc.s.24.e.7"/></relation><relation type="hasPrecipitant"><entity id="Dailymed.2b70cf0c-45be-428f-b396-5001ed4e30fc.s.24.e.6"/></relation><relation type="hasObject"><entity id="Dailymed.2b70cf0c-45be-428f-b396-5001ed4e30fc.s.24.e.2"/></relation><relation type="hasPrecipitant"><entity id="Dailymed.2b70cf0c-45be-428f-b396-5001ed4e30fc.s.24.e.5"/></relation></relations></interaction></drugInteraction><pair ddi="true" e1="Dailymed.2b70cf0c-45be-428f-b396-5001ed4e30fc.s.24.e.2" e2="Dailymed.2b70cf0c-45be-428f-b396-5001ed4e30fc.s.24.e.8" trigger="Dailymed.2b70cf0c-45be-428f-b396-5001ed4e30fc.s.24.e.0" type="Specific_Interaction"/><pair ddi="true" e1="Dailymed.2b70cf0c-45be-428f-b396-5001ed4e30fc.s.24.e.2" e2="Dailymed.2b70cf0c-45be-428f-b396-5001ed4e30fc.s.24.e.7" trigger="Dailymed.2b70cf0c-45be-428f-b396-5001ed4e30fc.s.24.e.0" type="Specific_Interaction"/><pair ddi="true" e1="Dailymed.2b70cf0c-45be-428f-b396-5001ed4e30fc.s.24.e.2" e2="Dailymed.2b70cf0c-45be-428f-b396-5001ed4e30fc.s.24.e.6" trigger="Dailymed.2b70cf0c-45be-428f-b396-5001ed4e30fc.s.24.e.0" type="Specific_Interaction"/><pair ddi="true" e1="Dailymed.2b70cf0c-45be-428f-b396-5001ed4e30fc.s.24.e.2" e2="Dailymed.2b70cf0c-45be-428f-b396-5001ed4e30fc.s.24.e.5" trigger="Dailymed.2b70cf0c-45be-428f-b396-5001ed4e30fc.s.24.e.0" type="Specific_Interaction"/><pair ddi="false" e1="Dailymed.2b70cf0c-45be-428f-b396-5001ed4e30fc.s.24.e.7" e2="Dailymed.2b70cf0c-45be-428f-b396-5001ed4e30fc.s.24.e.8"/><pair ddi="false" e1="Dailymed.2b70cf0c-45be-428f-b396-5001ed4e30fc.s.24.e.6" e2="Dailymed.2b70cf0c-45be-428f-b396-5001ed4e30fc.s.24.e.8"/><pair ddi="false" e1="Dailymed.2b70cf0c-45be-428f-b396-5001ed4e30fc.s.24.e.5" e2="Dailymed.2b70cf0c-45be-428f-b396-5001ed4e30fc.s.24.e.8"/><pair ddi="false" e1="Dailymed.2b70cf0c-45be-428f-b396-5001ed4e30fc.s.24.e.6" e2="Dailymed.2b70cf0c-45be-428f-b396-5001ed4e30fc.s.24.e.7"/><pair ddi="false" e1="Dailymed.2b70cf0c-45be-428f-b396-5001ed4e30fc.s.24.e.5" e2="Dailymed.2b70cf0c-45be-428f-b396-5001ed4e30fc.s.24.e.7"/><pair ddi="false" e1="Dailymed.2b70cf0c-45be-428f-b396-5001ed4e30fc.s.24.e.5" e2="Dailymed.2b70cf0c-45be-428f-b396-5001ed4e30fc.s.24.e.6"/></sentence><sentence id="Dailymed.2b70cf0c-45be-428f-b396-5001ed4e30fc.s.32" text="If the serum potassium level exceeds 6.5 mEq per liter, active measures should be taken to reduce it. " type="negative"><entity charOffset="37:44" id="Dailymed.2b70cf0c-45be-428f-b396-5001ed4e30fc.s.32.e.0" text="6 meq" type="Biomedical_Entity"><Normalization><mmtx cui="C0378958" phraseText="6.5 mEq per liter," preferredWord="6-methoxy-N-ethylquinolinium" semType="phsu, orch"/><RxNorm RxCui="NA"/></Normalization></entity><entity charOffset="13:22" id="Dailymed.2b70cf0c-45be-428f-b396-5001ed4e30fc.s.32.e.1" text="potassium" type="Biomedical_Entity"><Normalization><mmtx cui="C0597277" phraseText="the serum potassium level" preferredWord="Potassium Ion" semType="phsu, elii"/><RxNorm RxCui="8588"/></Normalization></entity><pair ddi="false" e1="Dailymed.2b70cf0c-45be-428f-b396-5001ed4e30fc.s.32.e.1" e2="Dailymed.2b70cf0c-45be-428f-b396-5001ed4e30fc.s.32.e.0"/></sentence><sentence id="Dailymed.2b70cf0c-45be-428f-b396-5001ed4e30fc.s.33" text="Such measures include the intravenous administration of sodium bicarbonate solution or oral or parenteral glucose with a rapid-acting insulin preparation. " type="negative"><entity charOffset="106:153" id="Dailymed.2b70cf0c-45be-428f-b396-5001ed4e30fc.s.33.e.0" text="glucose preparation" type="Biomedical_Entity"><Normalization><mmtx cui="C0017725" phraseText="parenteral glucose with a rapid-acting insulin preparation." preferredWord="Glucose" semType="bacs, phsu, carb"/><RxNorm RxCui="4850"/></Normalization></entity><entity charOffset="56:83" id="Dailymed.2b70cf0c-45be-428f-b396-5001ed4e30fc.s.33.e.1" text="sodium bicarbonate solution" type="Biomedical_Entity"><Normalization><mmtx cui="C2987686" phraseText="the intravenous administration of sodium bicarbonate solution" preferredWord="Sodium Bicarbonate Solution" semType="phsu"/><RxNorm RxCui="9853"/></Normalization></entity><entity charOffset="121:141" id="Dailymed.2b70cf0c-45be-428f-b396-5001ed4e30fc.s.33.e.2" text="rapid-acting insulin" type="Biomedical_Entity"><Normalization><mmtx cui="C0356365" phraseText="parenteral glucose with a rapid-acting insulin preparation." preferredWord="Insulin, Short-Acting" semType="phsu, aapp, horm"/><RxNorm RxCui="105361"/></Normalization></entity><pair ddi="false" e1="Dailymed.2b70cf0c-45be-428f-b396-5001ed4e30fc.s.33.e.1" e2="Dailymed.2b70cf0c-45be-428f-b396-5001ed4e30fc.s.33.e.0"/><pair ddi="false" e1="Dailymed.2b70cf0c-45be-428f-b396-5001ed4e30fc.s.33.e.0" e2="Dailymed.2b70cf0c-45be-428f-b396-5001ed4e30fc.s.33.e.2"/><pair ddi="false" e1="Dailymed.2b70cf0c-45be-428f-b396-5001ed4e30fc.s.33.e.1" e2="Dailymed.2b70cf0c-45be-428f-b396-5001ed4e30fc.s.33.e.2"/></sentence><sentence id="Dailymed.2b70cf0c-45be-428f-b396-5001ed4e30fc.s.37" text="In diabetic patients, hyperkalemia has been reported with the use of all potassium-conserving diuretics, including amiloride HCl, even in patients without evidence of diabetic nephropathy. " type="negative"><entity charOffset="73:82" id="Dailymed.2b70cf0c-45be-428f-b396-5001ed4e30fc.s.37.e.0" text="potassium" type="Biomedical_Entity"><Normalization><mmtx cui="C0597277" phraseText="reported with the use of all potassium-" preferredWord="Potassium Ion" semType="phsu, elii"/><RxNorm RxCui="8588"/></Normalization></entity><entity charOffset="115:128" id="Dailymed.2b70cf0c-45be-428f-b396-5001ed4e30fc.s.37.e.1" text="amiloride hcl" type="Biomedical_Entity"><Normalization><mmtx cui="C0546849" phraseText="amiloride HCl," preferredWord="Amiloride Hydrochloride" semType="phsu, orch"/><RxNorm RxCui="142424"/></Normalization></entity><entity charOffset="94:103" id="Dailymed.2b70cf0c-45be-428f-b396-5001ed4e30fc.s.37.e.2" text="diuretics" type="Biomedical_Entity"><Normalization><mmtx cui="C0012798" phraseText="diuretics," preferredWord="Diuretics" semType="phsu"/><RxNorm RxCui="3567"/></Normalization></entity><pair ddi="false" e1="Dailymed.2b70cf0c-45be-428f-b396-5001ed4e30fc.s.37.e.0" e2="Dailymed.2b70cf0c-45be-428f-b396-5001ed4e30fc.s.37.e.1"/><pair ddi="false" e1="Dailymed.2b70cf0c-45be-428f-b396-5001ed4e30fc.s.37.e.0" e2="Dailymed.2b70cf0c-45be-428f-b396-5001ed4e30fc.s.37.e.2"/><pair ddi="false" e1="Dailymed.2b70cf0c-45be-428f-b396-5001ed4e30fc.s.37.e.2" e2="Dailymed.2b70cf0c-45be-428f-b396-5001ed4e30fc.s.37.e.1"/></sentence><sentence id="Dailymed.2b70cf0c-45be-428f-b396-5001ed4e30fc.s.38" text="Therefore, amiloride HCl should be avoided, if possible, in diabetic patients and, if it is used, serum electrolytes and renal function must be monitored frequently." type="negative"><entity charOffset="11:24" id="Dailymed.2b70cf0c-45be-428f-b396-5001ed4e30fc.s.38.e.0" text="amiloride hcl" type="Biomedical_Entity"><Normalization><mmtx cui="C0546849" phraseText="amiloride HCl" preferredWord="Amiloride Hydrochloride" semType="phsu, orch"/><RxNorm RxCui="142424"/></Normalization></entity><entity charOffset="104:116" id="Dailymed.2b70cf0c-45be-428f-b396-5001ed4e30fc.s.38.e.1" text="electrolytes" type="Biomedical_Entity"><Normalization><mmtx cui="C0013832" phraseText="serum electrolytes" preferredWord="Electrolytes" semType="inch, phsu"/><RxNorm RxCui="3793"/></Normalization></entity><pair ddi="false" e1="Dailymed.2b70cf0c-45be-428f-b396-5001ed4e30fc.s.38.e.0" e2="Dailymed.2b70cf0c-45be-428f-b396-5001ed4e30fc.s.38.e.1"/></sentence><sentence id="Dailymed.2b70cf0c-45be-428f-b396-5001ed4e30fc.s.39" text="Amiloride HCl should be discontinued at least three days before glucose tolerance testing." type="negative"><entity charOffset="0:13" id="Dailymed.2b70cf0c-45be-428f-b396-5001ed4e30fc.s.39.e.0" text="amiloride hcl" type="Biomedical_Entity"><Normalization><mmtx cui="C0546849" phraseText="Amiloride HCl" preferredWord="Amiloride Hydrochloride" semType="phsu, orch"/><RxNorm RxCui="142424"/></Normalization></entity><entity charOffset="64:71" id="Dailymed.2b70cf0c-45be-428f-b396-5001ed4e30fc.s.39.e.1" text="glucose" type="Biomedical_Entity"><Normalization><mmtx cui="C0017725" phraseText="before glucose tolerance testing." preferredWord="Glucose" semType="bacs, phsu, carb"/><RxNorm RxCui="4850"/></Normalization></entity><pair ddi="false" e1="Dailymed.2b70cf0c-45be-428f-b396-5001ed4e30fc.s.39.e.0" e2="Dailymed.2b70cf0c-45be-428f-b396-5001ed4e30fc.s.39.e.1"/></sentence><sentence biomedicalEntities="2" id="Dailymed.2b70cf0c-45be-428f-b396-5001ed4e30fc.s.47" lineNumber="53" text="Hyponatremia and hypochloremia may occur when amiloride HCl is used with other diuretics and increases in BUN levels have been reported. " type="regular"><entity charOffset="0:12" id="Dailymed.2b70cf0c-45be-428f-b396-5001ed4e30fc.s.47.e.0" text="Hyponatremia" type="Specific_Interaction"><Normalization><mmtx cui="C0857122" phraseText="Hyponatremia" preferredWord="hyponatremic" semType="dsyn"/></Normalization></entity><entity charOffset="17:30" id="Dailymed.2b70cf0c-45be-428f-b396-5001ed4e30fc.s.47.e.2" text="hypochloremia" type="Specific_Interaction"><Normalization><mmtx cui="C0085680" phraseText="hypochloremia" preferredWord="Hypochloremia" semType="dsyn"/></Normalization></entity><entity charOffset="46:59" id="Dailymed.2b70cf0c-45be-428f-b396-5001ed4e30fc.s.47.e.4" text="amiloride HCl" type="Drug"><Normalization><mmtx cui="C0546849" phraseText="amiloride HCl" preferredWord="Amiloride Hydrochloride" semType="phsu, orch"/><RxNorm RxCui="142424"/></Normalization></entity><entity charOffset="79:88" id="Dailymed.2b70cf0c-45be-428f-b396-5001ed4e30fc.s.47.e.5" text="diuretics" type="Drug_Class"><Normalization><mmtx cui="C0012798" phraseText="used with other diuretics" preferredWord="Diuretics" semType="phsu"/><RxNorm RxCui="3567"/></Normalization></entity><entity charOffset="93:116" id="Dailymed.2b70cf0c-45be-428f-b396-5001ed4e30fc.s.47.e.6" text="increases in BUN levels" type="Specific_Interaction"/><drugInteraction id="Dailymed.2b70cf0c-45be-428f-b396-5001ed4e30fc.s.47.ddi.1"><interaction trigger="Dailymed.2b70cf0c-45be-428f-b396-5001ed4e30fc.s.47.e.0"><relations><relation type="hasObject"><entity id="Dailymed.2b70cf0c-45be-428f-b396-5001ed4e30fc.s.47.e.4"/></relation><relation type="hasPrecipitant"><entity id="Dailymed.2b70cf0c-45be-428f-b396-5001ed4e30fc.s.47.e.5"/></relation></relations></interaction></drugInteraction><drugInteraction id="Dailymed.2b70cf0c-45be-428f-b396-5001ed4e30fc.s.47.ddi.2"><interaction trigger="Dailymed.2b70cf0c-45be-428f-b396-5001ed4e30fc.s.47.e.2"><relations><relation type="hasObject"><entity id="Dailymed.2b70cf0c-45be-428f-b396-5001ed4e30fc.s.47.e.4"/></relation><relation type="hasPrecipitant"><entity id="Dailymed.2b70cf0c-45be-428f-b396-5001ed4e30fc.s.47.e.5"/></relation></relations></interaction></drugInteraction><drugInteraction id="Dailymed.2b70cf0c-45be-428f-b396-5001ed4e30fc.s.47.ddi.3"><interaction trigger="Dailymed.2b70cf0c-45be-428f-b396-5001ed4e30fc.s.47.e.6"><relations><relation type="hasObject"><entity id="Dailymed.2b70cf0c-45be-428f-b396-5001ed4e30fc.s.47.e.4"/></relation><relation type="hasPrecipitant"><entity id="Dailymed.2b70cf0c-45be-428f-b396-5001ed4e30fc.s.47.e.5"/></relation></relations></interaction></drugInteraction><pair ddi="true" e1="Dailymed.2b70cf0c-45be-428f-b396-5001ed4e30fc.s.47.e.4" e2="Dailymed.2b70cf0c-45be-428f-b396-5001ed4e30fc.s.47.e.5" trigger="Dailymed.2b70cf0c-45be-428f-b396-5001ed4e30fc.s.47.e.0" type="Specific_Interaction"/></sentence><sentence biomedicalEntities="2" id="Dailymed.2b70cf0c-45be-428f-b396-5001ed4e30fc.s.49" lineNumber="53" text="Therefore, when amiloride HCl is given with other diuretics to such patients, careful monitoring of serum electrolytes and BUN levels is important. " type="regular"><entity charOffset="16:29" id="Dailymed.2b70cf0c-45be-428f-b396-5001ed4e30fc.s.49.e.0" text="amiloride HCl" type="Drug"><Normalization><mmtx cui="C0546849" phraseText="amiloride HCl" preferredWord="Amiloride Hydrochloride" semType="phsu, orch"/><RxNorm RxCui="142424"/></Normalization></entity><entity charOffset="50:59" id="Dailymed.2b70cf0c-45be-428f-b396-5001ed4e30fc.s.49.e.1" text="diuretics" type="Drug_Class"><Normalization><mmtx cui="C0012798" phraseText="given with other diuretics" preferredWord="Diuretics" semType="phsu"/><RxNorm RxCui="3567"/></Normalization></entity><entity charOffset="86:96" id="Dailymed.2b70cf0c-45be-428f-b396-5001ed4e30fc.s.49.e.2" text="monitoring" type="Caution_Interaction"/><drugInteraction id="Dailymed.2b70cf0c-45be-428f-b396-5001ed4e30fc.s.49.ddi.1"><interaction trigger="Dailymed.2b70cf0c-45be-428f-b396-5001ed4e30fc.s.49.e.2"><relations><relation type="hasObject"><entity id="Dailymed.2b70cf0c-45be-428f-b396-5001ed4e30fc.s.49.e.0"/></relation><relation type="hasPrecipitant"><entity id="Dailymed.2b70cf0c-45be-428f-b396-5001ed4e30fc.s.49.e.1"/></relation></relations></interaction></drugInteraction><pair ddi="true" e1="Dailymed.2b70cf0c-45be-428f-b396-5001ed4e30fc.s.49.e.0" e2="Dailymed.2b70cf0c-45be-428f-b396-5001ed4e30fc.s.49.e.1" trigger="Dailymed.2b70cf0c-45be-428f-b396-5001ed4e30fc.s.49.e.2" type="Caution_Interaction"/></sentence><sentence id="Dailymed.2b70cf0c-45be-428f-b396-5001ed4e30fc.s.50" text="In patients with pre-existing severe liver disease, hepatic encephalopathy, manifested by tremors, confusion, and coma, and increased jaundice, have been reported in association with diuretics, including amiloride HCl." type="negative"><entity charOffset="204:217" id="Dailymed.2b70cf0c-45be-428f-b396-5001ed4e30fc.s.50.e.0" text="amiloride hcl" type="Biomedical_Entity"><Normalization><mmtx cui="C0546849" phraseText="amiloride HCl." preferredWord="Amiloride Hydrochloride" semType="phsu, orch"/><RxNorm RxCui="142424"/></Normalization></entity><entity charOffset="183:192" id="Dailymed.2b70cf0c-45be-428f-b396-5001ed4e30fc.s.50.e.1" text="diuretics" type="Biomedical_Entity"><Normalization><mmtx cui="C0012798" phraseText="with diuretics," preferredWord="Diuretics" semType="phsu"/><RxNorm RxCui="3567"/></Normalization></entity><pair ddi="false" e1="Dailymed.2b70cf0c-45be-428f-b396-5001ed4e30fc.s.50.e.1" e2="Dailymed.2b70cf0c-45be-428f-b396-5001ed4e30fc.s.50.e.0"/></sentence><sentence biomedicalEntities="5" id="Dailymed.2b70cf0c-45be-428f-b396-5001ed4e30fc.s.52" lineNumber="57" text="When amiloride HCl is administered concomitantly with an angiotensin-converting enzyme inhibitor, an angiotensin II receptor antagonist, cyclosporine or tacrolimus, the risk of hyperkalemia may be increased. " type="regular"><entity charOffset="5:18" id="Dailymed.2b70cf0c-45be-428f-b396-5001ed4e30fc.s.52.e.0" text="amiloride HCl" type="Drug"><Normalization><mmtx cui="C0546849" phraseText="amiloride HCl" preferredWord="Amiloride Hydrochloride" semType="phsu, orch"/><RxNorm RxCui="142424"/></Normalization></entity><entity charOffset="57:96" id="Dailymed.2b70cf0c-45be-428f-b396-5001ed4e30fc.s.52.e.1" text="angiotensin-converting enzyme inhibitor" type="Drug_Class"><Normalization><mmtx cui="C0003015" phraseText="concomitantly with an angiotensin-converting enzyme inhibitor," preferredWord="Angiotensin-Converting Enzyme Inhibitors" semType="phsu"/><mmtx cui="C3536837" phraseText="concomitantly with an angiotensin-converting enzyme inhibitor," preferredWord="Angiotensin Converting Enzyme Inhibitor [EPC]" semType="phsu"/><RxNorm RxCui="6162"/></Normalization></entity><entity charOffset="101:135" id="Dailymed.2b70cf0c-45be-428f-b396-5001ed4e30fc.s.52.e.2" text="angiotensin II receptor antagonist" type="Drug_Class"><Normalization><mmtx cui="C0521942" phraseText="an angiotensin II receptor antagonist," preferredWord="Angiotensin II receptor antagonist" semType="phsu"/><RxNorm RxCui="839"/></Normalization></entity><entity charOffset="137:149" id="Dailymed.2b70cf0c-45be-428f-b396-5001ed4e30fc.s.52.e.3" text="cyclosporine" type="Drug"><Normalization><mmtx cui="C0010592" phraseText="cyclosporine" preferredWord="Cyclosporine" semType="phsu, aapp"/><RxNorm RxCui="3008"/></Normalization></entity><entity charOffset="153:163" id="Dailymed.2b70cf0c-45be-428f-b396-5001ed4e30fc.s.52.e.4" text="tacrolimus" type="Drug"><Normalization><mmtx cui="C0085149" phraseText="tacrolimus," preferredWord="Tacrolimus" semType="phsu, orch"/><RxNorm RxCui="42316"/></Normalization></entity><entity charOffset="177:189" id="Dailymed.2b70cf0c-45be-428f-b396-5001ed4e30fc.s.52.e.5" text="hyperkalemia" type="Specific_Interaction"/><drugInteraction id="Dailymed.2b70cf0c-45be-428f-b396-5001ed4e30fc.s.52.ddi.1"><interaction trigger="Dailymed.2b70cf0c-45be-428f-b396-5001ed4e30fc.s.52.e.5"><relations><relation type="hasPrecipitant"><entity id="Dailymed.2b70cf0c-45be-428f-b396-5001ed4e30fc.s.52.e.3"/></relation><relation type="hasPrecipitant"><entity id="Dailymed.2b70cf0c-45be-428f-b396-5001ed4e30fc.s.52.e.2"/></relation><relation type="hasPrecipitant"><entity id="Dailymed.2b70cf0c-45be-428f-b396-5001ed4e30fc.s.52.e.4"/></relation><relation type="hasPrecipitant"><entity id="Dailymed.2b70cf0c-45be-428f-b396-5001ed4e30fc.s.52.e.1"/></relation><relation type="hasObject"><entity id="Dailymed.2b70cf0c-45be-428f-b396-5001ed4e30fc.s.52.e.0"/></relation></relations></interaction></drugInteraction><pair ddi="true" e1="Dailymed.2b70cf0c-45be-428f-b396-5001ed4e30fc.s.52.e.0" e2="Dailymed.2b70cf0c-45be-428f-b396-5001ed4e30fc.s.52.e.3" trigger="Dailymed.2b70cf0c-45be-428f-b396-5001ed4e30fc.s.52.e.5" type="Specific_Interaction"/><pair ddi="true" e1="Dailymed.2b70cf0c-45be-428f-b396-5001ed4e30fc.s.52.e.0" e2="Dailymed.2b70cf0c-45be-428f-b396-5001ed4e30fc.s.52.e.2" trigger="Dailymed.2b70cf0c-45be-428f-b396-5001ed4e30fc.s.52.e.5" type="Specific_Interaction"/><pair ddi="true" e1="Dailymed.2b70cf0c-45be-428f-b396-5001ed4e30fc.s.52.e.0" e2="Dailymed.2b70cf0c-45be-428f-b396-5001ed4e30fc.s.52.e.4" trigger="Dailymed.2b70cf0c-45be-428f-b396-5001ed4e30fc.s.52.e.5" type="Specific_Interaction"/><pair ddi="true" e1="Dailymed.2b70cf0c-45be-428f-b396-5001ed4e30fc.s.52.e.0" e2="Dailymed.2b70cf0c-45be-428f-b396-5001ed4e30fc.s.52.e.1" trigger="Dailymed.2b70cf0c-45be-428f-b396-5001ed4e30fc.s.52.e.5" type="Specific_Interaction"/><pair ddi="false" e1="Dailymed.2b70cf0c-45be-428f-b396-5001ed4e30fc.s.52.e.2" e2="Dailymed.2b70cf0c-45be-428f-b396-5001ed4e30fc.s.52.e.3"/><pair ddi="false" e1="Dailymed.2b70cf0c-45be-428f-b396-5001ed4e30fc.s.52.e.3" e2="Dailymed.2b70cf0c-45be-428f-b396-5001ed4e30fc.s.52.e.4"/><pair ddi="false" e1="Dailymed.2b70cf0c-45be-428f-b396-5001ed4e30fc.s.52.e.1" e2="Dailymed.2b70cf0c-45be-428f-b396-5001ed4e30fc.s.52.e.3"/><pair ddi="false" e1="Dailymed.2b70cf0c-45be-428f-b396-5001ed4e30fc.s.52.e.2" e2="Dailymed.2b70cf0c-45be-428f-b396-5001ed4e30fc.s.52.e.4"/><pair ddi="false" e1="Dailymed.2b70cf0c-45be-428f-b396-5001ed4e30fc.s.52.e.1" e2="Dailymed.2b70cf0c-45be-428f-b396-5001ed4e30fc.s.52.e.2"/><pair ddi="false" e1="Dailymed.2b70cf0c-45be-428f-b396-5001ed4e30fc.s.52.e.1" e2="Dailymed.2b70cf0c-45be-428f-b396-5001ed4e30fc.s.52.e.4"/></sentence><sentence biomedicalEntities="0" id="Dailymed.2b70cf0c-45be-428f-b396-5001ed4e30fc.s.53" lineNumber="57" text="Therefore, if concomitant use of these agents is indicated because of demonstrated hypokalemia, they should be used with caution and with frequent monitoring of serum potassium. " type="irregular"><entity charOffset="121:128" id="Dailymed.2b70cf0c-45be-428f-b396-5001ed4e30fc.s.53.e.0" text="caution" type="Caution_Interaction"/><entity charOffset="147:157" id="Dailymed.2b70cf0c-45be-428f-b396-5001ed4e30fc.s.53.e.2" text="monitoring" type="Caution_Interaction"/><drugInteraction id="Dailymed.2b70cf0c-45be-428f-b396-5001ed4e30fc.s.53.ddi.1"><interaction trigger="Dailymed.2b70cf0c-45be-428f-b396-5001ed4e30fc.s.53.e.0"><relations><relation type="hasPrecipitant"><ellipsisSentence id="Dailymed.2b70cf0c-45be-428f-b396-5001ed4e30fc.s.52" text="When amiloride HCl is administered concomitantly with an angiotensin-converting enzyme inhibitor, an angiotensin II receptor antagonist, cyclosporine or tacrolimus, the risk of hyperkalemia may be increased. "><entity id="Dailymed.2b70cf0c-45be-428f-b396-5001ed4e30fc.s.52.e.3"/></ellipsisSentence></relation><relation type="hasPrecipitant"><ellipsisSentence id="Dailymed.2b70cf0c-45be-428f-b396-5001ed4e30fc.s.52" text="When amiloride HCl is administered concomitantly with an angiotensin-converting enzyme inhibitor, an angiotensin II receptor antagonist, cyclosporine or tacrolimus, the risk of hyperkalemia may be increased. "><entity id="Dailymed.2b70cf0c-45be-428f-b396-5001ed4e30fc.s.52.e.2"/></ellipsisSentence></relation><relation type="hasPrecipitant"><ellipsisSentence id="Dailymed.2b70cf0c-45be-428f-b396-5001ed4e30fc.s.52" text="When amiloride HCl is administered concomitantly with an angiotensin-converting enzyme inhibitor, an angiotensin II receptor antagonist, cyclosporine or tacrolimus, the risk of hyperkalemia may be increased. "><entity id="Dailymed.2b70cf0c-45be-428f-b396-5001ed4e30fc.s.52.e.4"/></ellipsisSentence></relation><relation type="hasPrecipitant"><ellipsisSentence id="Dailymed.2b70cf0c-45be-428f-b396-5001ed4e30fc.s.52" text="When amiloride HCl is administered concomitantly with an angiotensin-converting enzyme inhibitor, an angiotensin II receptor antagonist, cyclosporine or tacrolimus, the risk of hyperkalemia may be increased. "><entity id="Dailymed.2b70cf0c-45be-428f-b396-5001ed4e30fc.s.52.e.1"/></ellipsisSentence></relation><relation type="hasObject"><ellipsisSentence id="Dailymed.2b70cf0c-45be-428f-b396-5001ed4e30fc.s.52" text="When amiloride HCl is administered concomitantly with an angiotensin-converting enzyme inhibitor, an angiotensin II receptor antagonist, cyclosporine or tacrolimus, the risk of hyperkalemia may be increased. "><entity id="Dailymed.2b70cf0c-45be-428f-b396-5001ed4e30fc.s.52.e.0"/></ellipsisSentence></relation></relations></interaction></drugInteraction><drugInteraction id="Dailymed.2b70cf0c-45be-428f-b396-5001ed4e30fc.s.53.ddi.2"><interaction trigger="Dailymed.2b70cf0c-45be-428f-b396-5001ed4e30fc.s.53.e.2"><relations><relation type="hasPrecipitant"><ellipsisSentence id="Dailymed.2b70cf0c-45be-428f-b396-5001ed4e30fc.s.52" text="When amiloride HCl is administered concomitantly with an angiotensin-converting enzyme inhibitor, an angiotensin II receptor antagonist, cyclosporine or tacrolimus, the risk of hyperkalemia may be increased. "><entity id="Dailymed.2b70cf0c-45be-428f-b396-5001ed4e30fc.s.52.e.3"/></ellipsisSentence></relation><relation type="hasPrecipitant"><ellipsisSentence id="Dailymed.2b70cf0c-45be-428f-b396-5001ed4e30fc.s.52" text="When amiloride HCl is administered concomitantly with an angiotensin-converting enzyme inhibitor, an angiotensin II receptor antagonist, cyclosporine or tacrolimus, the risk of hyperkalemia may be increased. "><entity id="Dailymed.2b70cf0c-45be-428f-b396-5001ed4e30fc.s.52.e.2"/></ellipsisSentence></relation><relation type="hasPrecipitant"><ellipsisSentence id="Dailymed.2b70cf0c-45be-428f-b396-5001ed4e30fc.s.52" text="When amiloride HCl is administered concomitantly with an angiotensin-converting enzyme inhibitor, an angiotensin II receptor antagonist, cyclosporine or tacrolimus, the risk of hyperkalemia may be increased. "><entity id="Dailymed.2b70cf0c-45be-428f-b396-5001ed4e30fc.s.52.e.4"/></ellipsisSentence></relation><relation type="hasPrecipitant"><ellipsisSentence id="Dailymed.2b70cf0c-45be-428f-b396-5001ed4e30fc.s.52" text="When amiloride HCl is administered concomitantly with an angiotensin-converting enzyme inhibitor, an angiotensin II receptor antagonist, cyclosporine or tacrolimus, the risk of hyperkalemia may be increased. "><entity id="Dailymed.2b70cf0c-45be-428f-b396-5001ed4e30fc.s.52.e.1"/></ellipsisSentence></relation><relation type="hasObject"><ellipsisSentence id="Dailymed.2b70cf0c-45be-428f-b396-5001ed4e30fc.s.52" text="When amiloride HCl is administered concomitantly with an angiotensin-converting enzyme inhibitor, an angiotensin II receptor antagonist, cyclosporine or tacrolimus, the risk of hyperkalemia may be increased. "><entity id="Dailymed.2b70cf0c-45be-428f-b396-5001ed4e30fc.s.52.e.0"/></ellipsisSentence></relation></relations></interaction></drugInteraction></sentence><sentence biomedicalEntities="3" id="Dailymed.2b70cf0c-45be-428f-b396-5001ed4e30fc.s.55" lineNumber="59" text="Lithium generally should not be given with diuretics because they reduce its renal clearance and add a high risk of lithium toxicity. " type="irregular"><anaphoraRelation><anaphoraEntity charOffset="73:76" id="Dailymed.2b70cf0c-45be-428f-b396-5001ed4e30fc.s.55.e.4" text="its" type="Expression"/><antecedentEntity charOffset="0-7" id="Dailymed.2b70cf0c-45be-428f-b396-5001ed4e30fc.s.55.e.5" text="Lithium" type="Drug"/></anaphoraRelation><anaphoraRelation><anaphoraEntity charOffset="61:65" id="Dailymed.2b70cf0c-45be-428f-b396-5001ed4e30fc.s.55.e.3" text="they" type="Expression"/><antecedentEntity charOffset="43-52" id="Dailymed.2b70cf0c-45be-428f-b396-5001ed4e30fc.s.55.e.2" text="diuretics" type="Drug_Class"/></anaphoraRelation><entity charOffset="25:37" id="Dailymed.2b70cf0c-45be-428f-b396-5001ed4e30fc.s.55.e.0" text="not be given" type="Caution_Interaction"/><entity charOffset="43:52" id="Dailymed.2b70cf0c-45be-428f-b396-5001ed4e30fc.s.55.e.2" text="diuretics" type="Drug_Class"><Normalization><mmtx cui="C0012798" phraseText="given with diuretics" preferredWord="Diuretics" semType="phsu"/><RxNorm RxCui="3567"/></Normalization></entity><entity charOffset="0:7" id="Dailymed.2b70cf0c-45be-428f-b396-5001ed4e30fc.s.55.e.5" text="Lithium" type="Drug"><Normalization><mmtx cui="C0023870" phraseText="Lithium generally" preferredWord="Lithium" semType="phsu, elii"/><RxNorm RxCui="1428998"/></Normalization></entity><entity charOffset="66:72|77:92" id="Dailymed.2b70cf0c-45be-428f-b396-5001ed4e30fc.s.55.e.8" text="reduce renal clearance" type="Increase_Interaction"/><entity charOffset="116:123" id="Dailymed.2b70cf0c-45be-428f-b396-5001ed4e30fc.s.55.e.10" text="lithium" type="Drug"><Normalization><mmtx cui="C0023870" phraseText="a high risk of lithium toxicity." preferredWord="Lithium" semType="phsu, elii"/><RxNorm RxCui="1428998"/></Normalization></entity><entity charOffset="124:132" id="Dailymed.2b70cf0c-45be-428f-b396-5001ed4e30fc.s.55.e.11" text="toxicity" type="Increase_Interaction"/><drugInteraction id="Dailymed.2b70cf0c-45be-428f-b396-5001ed4e30fc.s.55.ddi.1"><interaction trigger="Dailymed.2b70cf0c-45be-428f-b396-5001ed4e30fc.s.55.e.0"><relations><relation type="hasObject"><labelDrug text="amiloride hydrocloride"/><normalization/></relation></relations></interaction></drugInteraction><drugInteraction id="Dailymed.2b70cf0c-45be-428f-b396-5001ed4e30fc.s.55.ddi.2"><interaction trigger="Dailymed.2b70cf0c-45be-428f-b396-5001ed4e30fc.s.55.e.8"><relations><relation type="hasPrecipitant"><entity id="Dailymed.2b70cf0c-45be-428f-b396-5001ed4e30fc.s.55.e.3"/></relation><relation type="hasObject"><entity id="Dailymed.2b70cf0c-45be-428f-b396-5001ed4e30fc.s.55.e.4"/></relation></relations></interaction></drugInteraction><drugInteraction id="Dailymed.2b70cf0c-45be-428f-b396-5001ed4e30fc.s.55.ddi.3"><interaction trigger="Dailymed.2b70cf0c-45be-428f-b396-5001ed4e30fc.s.55.e.11"><relations><relation type="hasObject"><entity id="Dailymed.2b70cf0c-45be-428f-b396-5001ed4e30fc.s.55.e.10"/></relation><relation type="hasPrecipitant"><entity id="Dailymed.2b70cf0c-45be-428f-b396-5001ed4e30fc.s.55.e.3"/></relation></relations></interaction></drugInteraction><pair ddi="true" e1="Dailymed.2b70cf0c-45be-428f-b396-5001ed4e30fc.s.55.e.3" e2="Dailymed.2b70cf0c-45be-428f-b396-5001ed4e30fc.s.55.e.4" trigger="Dailymed.2b70cf0c-45be-428f-b396-5001ed4e30fc.s.55.e.8" type="Increase_Interaction"/><pair ddi="true" e1="Dailymed.2b70cf0c-45be-428f-b396-5001ed4e30fc.s.55.e.3" e2="Dailymed.2b70cf0c-45be-428f-b396-5001ed4e30fc.s.55.e.10" trigger="Dailymed.2b70cf0c-45be-428f-b396-5001ed4e30fc.s.55.e.11" type="Increase_Interaction"/></sentence><sentence biomedicalEntities="1" id="Dailymed.2b70cf0c-45be-428f-b396-5001ed4e30fc.s.56" lineNumber="59" text="Read circulars for lithium preparations before use of such concomitant therapy." type="irregular"><entity charOffset="0:14" id="Dailymed.2b70cf0c-45be-428f-b396-5001ed4e30fc.s.56.e.0" text="Read circulars" type="Caution_Interaction"/><entity charOffset="19:26" id="Dailymed.2b70cf0c-45be-428f-b396-5001ed4e30fc.s.56.e.2" text="lithium" type="Drug"><Normalization><mmtx cui="C0023870" phraseText="Read circulars for lithium preparations" preferredWord="Lithium" semType="phsu, elii"/><RxNorm RxCui="1428998"/></Normalization></entity><drugInteraction id="Dailymed.2b70cf0c-45be-428f-b396-5001ed4e30fc.s.56.ddi.1"><interaction trigger="Dailymed.2b70cf0c-45be-428f-b396-5001ed4e30fc.s.56.e.0"><relations><relation type="hasObject"><entity id="Dailymed.2b70cf0c-45be-428f-b396-5001ed4e30fc.s.56.e.2"/></relation><relation type="hasPrecipitant"><ellipsisSentence id="Dailymed.2b70cf0c-45be-428f-b396-5001ed4e30fc.s.55" text="Lithium generally should not be given with diuretics because they reduce its renal clearance and add a high risk of lithium toxicity. "><entity id="Dailymed.2b70cf0c-45be-428f-b396-5001ed4e30fc.s.55.e.2"/></ellipsisSentence></relation></relations></interaction></drugInteraction></sentence><sentence biomedicalEntities="4" id="Dailymed.2b70cf0c-45be-428f-b396-5001ed4e30fc.s.57" lineNumber="61" text="In some patients, the administration of a non-steroidal anti-inflammatory agent can reduce the diuretic, natriuretic, and antihypertensive effects of loop, potassium-sparing and thiazide diuretics. " type="regular"><entity charOffset="42:79" id="Dailymed.2b70cf0c-45be-428f-b396-5001ed4e30fc.s.57.e.0" text="non-steroidal anti-inflammatory agent" type="Drug_Class"><Normalization><mmtx cui="C0003211" phraseText="the administration of a non-steroidal anti-inflammatory agent" preferredWord="Anti-Inflammatory Agents, Non-Steroidal" semType="phsu"/><mmtx cui="C3536840" phraseText="the administration of a non-steroidal anti-inflammatory agent" preferredWord="Nonsteroidal Anti-inflammatory Drug [EPC]" semType="phsu"/><RxNorm RxCui="1005832"/></Normalization></entity><entity charOffset="150:154|187:196" id="Dailymed.2b70cf0c-45be-428f-b396-5001ed4e30fc.s.57.e.1" text="loop diuretics" type="Drug_Class"><Normalization><mmtx cui="C0597277" phraseText="potassium-sparing" preferredWord="Potassium Ion" semType="phsu, elii"/><mmtx cui="C0012802" phraseText="thiazide diuretics." preferredWord="Thiazide Diuretics" semType="phsu, orch"/><RxNorm RxCui="104215"/></Normalization></entity><entity charOffset="156:173|187:196" id="Dailymed.2b70cf0c-45be-428f-b396-5001ed4e30fc.s.57.e.2" text="potassium-sparing diuretics" type="Drug_Class"><Normalization><mmtx cui="C0597277" phraseText="potassium-sparing" preferredWord="Potassium Ion" semType="phsu, elii"/><mmtx cui="C0012802" phraseText="thiazide diuretics." preferredWord="Thiazide Diuretics" semType="phsu, orch"/><RxNorm RxCui="1437061"/></Normalization></entity><entity charOffset="178:196" id="Dailymed.2b70cf0c-45be-428f-b396-5001ed4e30fc.s.57.e.3" text="thiazide diuretics" type="Drug_Class"><Normalization><mmtx cui="C0012802" phraseText="thiazide diuretics." preferredWord="Thiazide Diuretics" semType="phsu, orch"/><RxNorm RxCui="141801"/></Normalization></entity><entity charOffset="84:103|139:146" id="Dailymed.2b70cf0c-45be-428f-b396-5001ed4e30fc.s.57.e.4" text="reduce the diuretic effects" type="Specific_Interaction"/><entity charOffset="84:94|105:116|139:146" id="Dailymed.2b70cf0c-45be-428f-b396-5001ed4e30fc.s.57.e.6" text="reduce the natriuretic effects" type="Specific_Interaction"/><entity charOffset="84:94|122:146" id="Dailymed.2b70cf0c-45be-428f-b396-5001ed4e30fc.s.57.e.8" text="reduce the antihypertensive effects" type="Specific_Interaction"/><drugInteraction id="Dailymed.2b70cf0c-45be-428f-b396-5001ed4e30fc.s.57.ddi.1"><interaction trigger="Dailymed.2b70cf0c-45be-428f-b396-5001ed4e30fc.s.57.e.4"><relations><relation type="hasObject"><entity id="Dailymed.2b70cf0c-45be-428f-b396-5001ed4e30fc.s.57.e.3"/></relation><relation type="hasObject"><entity id="Dailymed.2b70cf0c-45be-428f-b396-5001ed4e30fc.s.57.e.2"/></relation><relation type="hasPrecipitant"><entity id="Dailymed.2b70cf0c-45be-428f-b396-5001ed4e30fc.s.57.e.0"/></relation><relation type="hasObject"><entity id="Dailymed.2b70cf0c-45be-428f-b396-5001ed4e30fc.s.57.e.1"/></relation></relations></interaction></drugInteraction><drugInteraction id="Dailymed.2b70cf0c-45be-428f-b396-5001ed4e30fc.s.57.ddi.2"><interaction trigger="Dailymed.2b70cf0c-45be-428f-b396-5001ed4e30fc.s.57.e.6"><relations><relation type="hasObject"><entity id="Dailymed.2b70cf0c-45be-428f-b396-5001ed4e30fc.s.57.e.3"/></relation><relation type="hasObject"><entity id="Dailymed.2b70cf0c-45be-428f-b396-5001ed4e30fc.s.57.e.2"/></relation><relation type="hasPrecipitant"><entity id="Dailymed.2b70cf0c-45be-428f-b396-5001ed4e30fc.s.57.e.0"/></relation><relation type="hasObject"><entity id="Dailymed.2b70cf0c-45be-428f-b396-5001ed4e30fc.s.57.e.1"/></relation></relations></interaction></drugInteraction><drugInteraction id="Dailymed.2b70cf0c-45be-428f-b396-5001ed4e30fc.s.57.ddi.3"><interaction trigger="Dailymed.2b70cf0c-45be-428f-b396-5001ed4e30fc.s.57.e.8"><relations><relation type="hasObject"><entity id="Dailymed.2b70cf0c-45be-428f-b396-5001ed4e30fc.s.57.e.3"/></relation><relation type="hasObject"><entity id="Dailymed.2b70cf0c-45be-428f-b396-5001ed4e30fc.s.57.e.2"/></relation><relation type="hasPrecipitant"><entity id="Dailymed.2b70cf0c-45be-428f-b396-5001ed4e30fc.s.57.e.0"/></relation><relation type="hasObject"><entity id="Dailymed.2b70cf0c-45be-428f-b396-5001ed4e30fc.s.57.e.1"/></relation></relations></interaction></drugInteraction><pair ddi="true" e1="Dailymed.2b70cf0c-45be-428f-b396-5001ed4e30fc.s.57.e.0" e2="Dailymed.2b70cf0c-45be-428f-b396-5001ed4e30fc.s.57.e.3" trigger="Dailymed.2b70cf0c-45be-428f-b396-5001ed4e30fc.s.57.e.4" type="Specific_Interaction"/><pair ddi="true" e1="Dailymed.2b70cf0c-45be-428f-b396-5001ed4e30fc.s.57.e.0" e2="Dailymed.2b70cf0c-45be-428f-b396-5001ed4e30fc.s.57.e.2" trigger="Dailymed.2b70cf0c-45be-428f-b396-5001ed4e30fc.s.57.e.4" type="Specific_Interaction"/><pair ddi="true" e1="Dailymed.2b70cf0c-45be-428f-b396-5001ed4e30fc.s.57.e.0" e2="Dailymed.2b70cf0c-45be-428f-b396-5001ed4e30fc.s.57.e.1" trigger="Dailymed.2b70cf0c-45be-428f-b396-5001ed4e30fc.s.57.e.4" type="Specific_Interaction"/></sentence><sentence biomedicalEntities="2" id="Dailymed.2b70cf0c-45be-428f-b396-5001ed4e30fc.s.58" lineNumber="61" text="Therefore, when amiloride HCl and non-steroidal anti-inflammatory agents are used concomitantly, the patient should be observed closely to determine if the desired effect of the diuretic is obtained. " type="regular"><entity charOffset="16:29" id="Dailymed.2b70cf0c-45be-428f-b396-5001ed4e30fc.s.58.e.0" text="amiloride HCl" type="Drug"><Normalization><mmtx cui="C0546849" phraseText="amiloride HCl" preferredWord="Amiloride Hydrochloride" semType="phsu, orch"/><RxNorm RxCui="142424"/></Normalization></entity><entity charOffset="34:72" id="Dailymed.2b70cf0c-45be-428f-b396-5001ed4e30fc.s.58.e.1" text="non-steroidal anti-inflammatory agents" type="Drug_Class"><Normalization><mmtx cui="C0003211" phraseText="non-steroidal anti-inflammatory agents" preferredWord="Anti-Inflammatory Agents, Non-Steroidal" semType="phsu"/><RxNorm RxCui="1005832"/></Normalization></entity><entity charOffset="119:127" id="Dailymed.2b70cf0c-45be-428f-b396-5001ed4e30fc.s.58.e.2" text="observed" type="Caution_Interaction"/><drugInteraction id="Dailymed.2b70cf0c-45be-428f-b396-5001ed4e30fc.s.58.ddi.1"><interaction trigger="Dailymed.2b70cf0c-45be-428f-b396-5001ed4e30fc.s.58.e.2"><relations><relation type="hasObject"><entity id="Dailymed.2b70cf0c-45be-428f-b396-5001ed4e30fc.s.58.e.0"/></relation><relation type="hasPrecipitant"><entity id="Dailymed.2b70cf0c-45be-428f-b396-5001ed4e30fc.s.58.e.1"/></relation></relations></interaction></drugInteraction><pair ddi="true" e1="Dailymed.2b70cf0c-45be-428f-b396-5001ed4e30fc.s.58.e.0" e2="Dailymed.2b70cf0c-45be-428f-b396-5001ed4e30fc.s.58.e.1" trigger="Dailymed.2b70cf0c-45be-428f-b396-5001ed4e30fc.s.58.e.2" type="Caution_Interaction"/></sentence><sentence biomedicalEntities="3" id="Dailymed.2b70cf0c-45be-428f-b396-5001ed4e30fc.s.59" lineNumber="61" text="Since indomethacin and potassium-sparing diuretics, including amiloride HCl, may each be associated with increased serum potassium levels, the potential effects on potassium kinetics and renal function should be considered when these agents are administered concurrently." type="regular"><entity charOffset="6:18" id="Dailymed.2b70cf0c-45be-428f-b396-5001ed4e30fc.s.59.e.0" text="indomethacin" type="Drug"><Normalization><mmtx cui="C0021246" phraseText="indomethacin" preferredWord="Indomethacin" semType="phsu, orch"/><RxNorm RxCui="5781"/></Normalization></entity><entity charOffset="23:50" id="Dailymed.2b70cf0c-45be-428f-b396-5001ed4e30fc.s.59.e.1" text="potassium-sparing diuretics" type="Drug_Class"><Normalization><mmtx cui="C0304490" phraseText="potassium-sparing diuretics," preferredWord="Potassium Sparing Diuretics" semType="phsu"/><RxNorm RxCui="1437061"/></Normalization></entity><entity charOffset="62:75" id="Dailymed.2b70cf0c-45be-428f-b396-5001ed4e30fc.s.59.e.2" text="amiloride HCl" type="Drug"><Normalization><mmtx cui="C0546849" phraseText="amiloride HCl," preferredWord="Amiloride Hydrochloride" semType="phsu, orch"/><RxNorm RxCui="142424"/></Normalization></entity><entity charOffset="164:182" id="Dailymed.2b70cf0c-45be-428f-b396-5001ed4e30fc.s.59.e.4" text="potassium kinetics" type="Specific_Interaction"/><entity charOffset="187:201" id="Dailymed.2b70cf0c-45be-428f-b396-5001ed4e30fc.s.59.e.6" text="renal function" type="Specific_Interaction"/><drugClassMembership drug="Dailymed.2b70cf0c-45be-428f-b396-5001ed4e30fc.s.59.e.2" drugClass="Dailymed.2b70cf0c-45be-428f-b396-5001ed4e30fc.s.59.e.1"/><drugInteraction id="Dailymed.2b70cf0c-45be-428f-b396-5001ed4e30fc.s.59.ddi.1"><interaction trigger="Dailymed.2b70cf0c-45be-428f-b396-5001ed4e30fc.s.59.e.4"><relations><relation type="hasPrecipitant"><entity id="Dailymed.2b70cf0c-45be-428f-b396-5001ed4e30fc.s.59.e.0"/></relation><relation type="hasObject"><entity id="Dailymed.2b70cf0c-45be-428f-b396-5001ed4e30fc.s.59.e.1"/></relation></relations></interaction></drugInteraction><drugInteraction id="Dailymed.2b70cf0c-45be-428f-b396-5001ed4e30fc.s.59.ddi.2"><interaction trigger="Dailymed.2b70cf0c-45be-428f-b396-5001ed4e30fc.s.59.e.6"><relations><relation type="hasPrecipitant"><entity id="Dailymed.2b70cf0c-45be-428f-b396-5001ed4e30fc.s.59.e.0"/></relation><relation type="hasObject"><entity id="Dailymed.2b70cf0c-45be-428f-b396-5001ed4e30fc.s.59.e.1"/></relation></relations></interaction></drugInteraction><pair ddi="true" e1="Dailymed.2b70cf0c-45be-428f-b396-5001ed4e30fc.s.59.e.0" e2="Dailymed.2b70cf0c-45be-428f-b396-5001ed4e30fc.s.59.e.1" trigger="Dailymed.2b70cf0c-45be-428f-b396-5001ed4e30fc.s.59.e.4" type="Specific_Interaction"/></sentence><sentence id="Dailymed.2b70cf0c-45be-428f-b396-5001ed4e30fc.s.62" text="Amiloride HCl, one 5 mg tablet daily, should be added to the usual antihypertensive or diuretic dosage of a kaliuretic diuretic. " type="negative"><entity charOffset="67:83" id="Dailymed.2b70cf0c-45be-428f-b396-5001ed4e30fc.s.62.e.0" text="antihypertensive" type="Biomedical_Entity"><Normalization><mmtx cui="C0003364" phraseText="added to the usual antihypertensive" preferredWord="Antihypertensive Agents" semType="phsu"/><RxNorm RxCui="968"/></Normalization></entity><entity charOffset="87:95" id="Dailymed.2b70cf0c-45be-428f-b396-5001ed4e30fc.s.62.e.1" text="diuretic" type="Biomedical_Entity"><Normalization><mmtx cui="C0012798" phraseText="diuretic dosage of a kaliuretic diuretic." preferredWord="Diuretics" semType="phsu"/><RxNorm RxCui="3567"/></Normalization></entity><entity charOffset="0:13" id="Dailymed.2b70cf0c-45be-428f-b396-5001ed4e30fc.s.62.e.2" text="amiloride hcl" type="Biomedical_Entity"><Normalization><mmtx cui="C0546849" phraseText="Amiloride HCl," preferredWord="Amiloride Hydrochloride" semType="phsu, orch"/><RxNorm RxCui="142424"/></Normalization></entity><pair ddi="false" e1="Dailymed.2b70cf0c-45be-428f-b396-5001ed4e30fc.s.62.e.0" e2="Dailymed.2b70cf0c-45be-428f-b396-5001ed4e30fc.s.62.e.1"/><pair ddi="false" e1="Dailymed.2b70cf0c-45be-428f-b396-5001ed4e30fc.s.62.e.2" e2="Dailymed.2b70cf0c-45be-428f-b396-5001ed4e30fc.s.62.e.0"/><pair ddi="false" e1="Dailymed.2b70cf0c-45be-428f-b396-5001ed4e30fc.s.62.e.2" e2="Dailymed.2b70cf0c-45be-428f-b396-5001ed4e30fc.s.62.e.1"/></sentence><sentence biomedicalEntities="0" id="Dailymed.2b70cf0c-45be-428f-b396-5001ed4e30fc.s.65" lineNumber="67" text="If persistent hypokalemia is documented with 10 mg, the dose can be increased to 15 mg, then 20 mg, with careful monitoring of electrolytes." type="irregular"><entity charOffset="14:25" id="Dailymed.2b70cf0c-45be-428f-b396-5001ed4e30fc.s.65.e.0" text="hypokalemia" type="Specific_Interaction"/><drugInteraction id="Dailymed.2b70cf0c-45be-428f-b396-5001ed4e30fc.s.65.ddi.1"><interaction trigger="Dailymed.2b70cf0c-45be-428f-b396-5001ed4e30fc.s.65.e.0"><relations><relation type="hasObject"><ellipsisSentence id="Dailymed.2b70cf0c-45be-428f-b396-5001ed4e30fc.s.64" text="More than two 5 mg tablets of amiloride HCl daily usually are not needed, and there is little controlled experience with such doses. "><entity charOffset="30:43" id="Dailymed.2b70cf0c-45be-428f-b396-5001ed4e30fc.s.64.e.0" text="amiloride HCl" type="Drug"><Normalization><mmtx cui="C0546849" phraseText="More than two 5 mg tablets of amiloride HCl daily usually" preferredWord="Amiloride Hydrochloride" semType="phsu, orch"/></Normalization></entity></ellipsisSentence></relation><relation type="hasPrecipitant"><ellipsisSentence id="Dailymed.2b70cf0c-45be-428f-b396-5001ed4e30fc.s.62" text="Amiloride HCl, one 5 mg tablet daily, should be added to the usual antihypertensive or diuretic dosage of a kaliuretic diuretic. "><entity charOffset="108:127" id="Dailymed.2b70cf0c-45be-428f-b396-5001ed4e30fc.s.62.e.0" text="kaliuretic diuretic" type="Drug_Class"/></ellipsisSentence><middleSentence id="Dailymed.2b70cf0c-45be-428f-b396-5001ed4e30fc.s.63" text="The dosage may be increased to 10 mg per day, if necessary. "/><middleSentence id="Dailymed.2b70cf0c-45be-428f-b396-5001ed4e30fc.s.64" text="More than two 5 mg tablets of amiloride HCl daily usually are not needed, and there is little controlled experience with such doses. "/></relation></relations></interaction></drugInteraction></sentence><sentence id="Dailymed.2b70cf0c-45be-428f-b396-5001ed4e30fc.s.66" text="In treating patients with congestive heart failure after an initial diuresis has been achieved, potassium loss may also decrease and the need for amiloride HCl should be re-evaluated. " type="negative"><entity charOffset="146:159" id="Dailymed.2b70cf0c-45be-428f-b396-5001ed4e30fc.s.66.e.0" text="amiloride hcl" type="Biomedical_Entity"><Normalization><mmtx cui="C0546849" phraseText="the need for amiloride HCl" preferredWord="Amiloride Hydrochloride" semType="phsu, orch"/><RxNorm RxCui="142424"/></Normalization></entity><entity charOffset="96:105" id="Dailymed.2b70cf0c-45be-428f-b396-5001ed4e30fc.s.66.e.1" text="potassium" type="Biomedical_Entity"><Normalization><mmtx cui="C0597277" phraseText="potassium loss" preferredWord="Potassium Ion" semType="phsu, elii"/><RxNorm RxCui="8588"/></Normalization></entity><pair ddi="false" e1="Dailymed.2b70cf0c-45be-428f-b396-5001ed4e30fc.s.66.e.1" e2="Dailymed.2b70cf0c-45be-428f-b396-5001ed4e30fc.s.66.e.0"/></sentence><sentence biomedicalEntities="0" id="Dailymed.2b70cf0c-45be-428f-b396-5001ed4e30fc.s.67" lineNumber="69" text="Dosage adjustment may be necessary. " type="irregular"><entity charOffset="0:17" id="Dailymed.2b70cf0c-45be-428f-b396-5001ed4e30fc.s.67.e.0" text="Dosage adjustment" type="Caution_Interaction"/><drugInteraction id="Dailymed.2b70cf0c-45be-428f-b396-5001ed4e30fc.s.67.ddi.1"><interaction trigger="Dailymed.2b70cf0c-45be-428f-b396-5001ed4e30fc.s.67.e.0"><relations><relation type="hasContext"><ellipsisSentence id="Dailymed.2b70cf0c-45be-428f-b396-5001ed4e30fc.s.66" text="In treating patients with congestive heart failure after an initial diuresis has been achieved, potassium loss may also decrease and the need for amiloride HCl should be re-evaluated. "><entity charOffset="26:50" id="Dailymed.2b70cf0c-45be-428f-b396-5001ed4e30fc.s.66.e.1" text="congestive heart failure" type="SPAN"><Normalization><mmtx cui="C0018802" phraseText="with congestive heart failure" preferredWord="Congestive heart failure" semType="dsyn"/></Normalization></entity></ellipsisSentence></relation><relation type="hasPrecipitant"><ellipsisSentence id="Dailymed.2b70cf0c-45be-428f-b396-5001ed4e30fc.s.62" text="Amiloride HCl, one 5 mg tablet daily, should be added to the usual antihypertensive or diuretic dosage of a kaliuretic diuretic. "><entity charOffset="108:127" id="Dailymed.2b70cf0c-45be-428f-b396-5001ed4e30fc.s.62.e.0" text="kaliuretic diuretic" type="Drug_Class"/></ellipsisSentence><middleSentence id="Dailymed.2b70cf0c-45be-428f-b396-5001ed4e30fc.s.63" text="The dosage may be increased to 10 mg per day, if necessary. "/><middleSentence id="Dailymed.2b70cf0c-45be-428f-b396-5001ed4e30fc.s.64" text="More than two 5 mg tablets of amiloride HCl daily usually are not needed, and there is little controlled experience with such doses. "/><middleSentence id="Dailymed.2b70cf0c-45be-428f-b396-5001ed4e30fc.s.65" text="If persistent hypokalemia is documented with 10 mg, the dose can be increased to 15 mg, then 20 mg, with careful monitoring of electrolytes."/><middleSentence id="Dailymed.2b70cf0c-45be-428f-b396-5001ed4e30fc.s.66" text="In treating patients with congestive heart failure after an initial diuresis has been achieved, potassium loss may also decrease and the need for amiloride HCl should be re-evaluated. "/></relation><relation type="hasObject"><ellipsisSentence id="Dailymed.2b70cf0c-45be-428f-b396-5001ed4e30fc.s.66" text="In treating patients with congestive heart failure after an initial diuresis has been achieved, potassium loss may also decrease and the need for amiloride HCl should be re-evaluated. "><entity charOffset="146:159" id="Dailymed.2b70cf0c-45be-428f-b396-5001ed4e30fc.s.66.e.0" text="amiloride HCl" type="Drug"><Normalization><mmtx cui="C0546849" phraseText="the need for amiloride HCl" preferredWord="Amiloride Hydrochloride" semType="phsu, orch"/></Normalization></entity></ellipsisSentence></relation></relations></interaction></drugInteraction></sentence><positiveExamples number="24"/><negativeExamples number="44"/></document>