<?xml version="1.0" encoding="UTF-8" standalone="no"?><document setID="2e0570e7-d28f-4936-cba8-81ee0c4c3547"><labelDrug name="Levophed"><Normalization><mmtx cui="C0733815" preferredWord="Levophed" semType="phsu, orch"/></Normalization></labelDrug><generic name="Norepinephrine bitartrate"/><sentence id="Dailymed.2e0570e7-d28f-4936-cba8-81ee0c4c3547.s.1" text="Drug Label for drug brand Levophed, containing Norepinephrine bitartrate." type="negative"><entity charOffset="0:19" id="Dailymed.2e0570e7-d28f-4936-cba8-81ee0c4c3547.s.1.e.0" text="drug drug" type="Biomedical_Entity"><Normalization><mmtx cui="C0013231" phraseText="Drug Label for drug brand Levophed," preferredWord="Drugs, Non-Prescription" semType="phsu"/><RxNorm RxCui="NA"/></Normalization></entity><entity charOffset="26:34" id="Dailymed.2e0570e7-d28f-4936-cba8-81ee0c4c3547.s.1.e.1" text="levophed" type="Biomedical_Entity"><Normalization><mmtx cui="C0733815" phraseText="Drug Label for drug brand Levophed," preferredWord="Levophed" semType="phsu, orch"/><RxNorm RxCui="227559"/></Normalization></entity><entity charOffset="47:72" id="Dailymed.2e0570e7-d28f-4936-cba8-81ee0c4c3547.s.1.e.2" text="norepinephrine bitartrate" type="Biomedical_Entity"><Normalization><mmtx cui="C0028333" phraseText="Norepinephrine bitartrate." preferredWord="Norepinephrine Bitartrate" semType="phsu, orch"/><RxNorm RxCui="7508"/></Normalization></entity><pair ddi="false" e1="Dailymed.2e0570e7-d28f-4936-cba8-81ee0c4c3547.s.1.e.0" e2="Dailymed.2e0570e7-d28f-4936-cba8-81ee0c4c3547.s.1.e.1"/><pair ddi="false" e1="Dailymed.2e0570e7-d28f-4936-cba8-81ee0c4c3547.s.1.e.0" e2="Dailymed.2e0570e7-d28f-4936-cba8-81ee0c4c3547.s.1.e.2"/><pair ddi="false" e1="Dailymed.2e0570e7-d28f-4936-cba8-81ee0c4c3547.s.1.e.1" e2="Dailymed.2e0570e7-d28f-4936-cba8-81ee0c4c3547.s.1.e.2"/></sentence><sentence id="Dailymed.2e0570e7-d28f-4936-cba8-81ee0c4c3547.s.4" text="If LEVOPHED is continuously administered to maintain blood pressure in the absence of blood volume replacement, the following may occur: severe peripheral and visceral vasoconstriction, decreased renal perfusion and urine output, poor systemic blood flow despite normal blood pressure, tissue hypoxia, and lactate acidosis." type="negative"><entity charOffset="306:313" id="Dailymed.2e0570e7-d28f-4936-cba8-81ee0c4c3547.s.4.e.0" text="lactate" type="Biomedical_Entity"><Normalization><mmtx cui="C0376261" phraseText="lactate acidosis." preferredWord="Lactate" semType="phsu, orch"/><RxNorm RxCui="114202"/></Normalization></entity><entity charOffset="3:11" id="Dailymed.2e0570e7-d28f-4936-cba8-81ee0c4c3547.s.4.e.1" text="levophed" type="Biomedical_Entity"><Normalization><mmtx cui="C0733815" phraseText="LEVOPHED" preferredWord="Levophed" semType="phsu, orch"/><RxNorm RxCui="227559"/></Normalization></entity><pair ddi="false" e1="Dailymed.2e0570e7-d28f-4936-cba8-81ee0c4c3547.s.4.e.1" e2="Dailymed.2e0570e7-d28f-4936-cba8-81ee0c4c3547.s.4.e.0"/></sentence><sentence id="Dailymed.2e0570e7-d28f-4936-cba8-81ee0c4c3547.s.6" text="Cyclopropane and halothane anesthetics increase cardiac autonomic irritability and therefore seem to sensitize the myocardium to the action of intravenously administered epinephrine or norepinephrine. " type="negative"><entity charOffset="185:199" id="Dailymed.2e0570e7-d28f-4936-cba8-81ee0c4c3547.s.6.e.0" text="norepinephrine" type="Biomedical_Entity"><Normalization><mmtx cui="C0028351" phraseText="norepinephrine." preferredWord="Norepinephrine" semType="phsu, orch, nsba"/><RxNorm RxCui="7508"/></Normalization></entity><entity charOffset="17:26" id="Dailymed.2e0570e7-d28f-4936-cba8-81ee0c4c3547.s.6.e.1" text="halothane" type="Biomedical_Entity"><Normalization><mmtx cui="C0018549" phraseText="halothane anesthetics" preferredWord="Halothane" semType="phsu, orch"/><RxNorm RxCui="5095"/></Normalization></entity><entity charOffset="170:181" id="Dailymed.2e0570e7-d28f-4936-cba8-81ee0c4c3547.s.6.e.2" text="epinephrine" type="Biomedical_Entity"><Normalization><mmtx cui="C0014563" phraseText="the myocardium to the action of intravenously administered epinephrine" preferredWord="Epinephrine" semType="phsu, orch, horm, nsba"/><RxNorm RxCui="362"/></Normalization></entity><entity charOffset="27:38" id="Dailymed.2e0570e7-d28f-4936-cba8-81ee0c4c3547.s.6.e.3" text="anesthetics" type="Biomedical_Entity"><Normalization><mmtx cui="C0002932" phraseText="halothane anesthetics" preferredWord="Anesthetics" semType="phsu"/><RxNorm RxCui="817"/></Normalization></entity><entity charOffset="0:12" id="Dailymed.2e0570e7-d28f-4936-cba8-81ee0c4c3547.s.6.e.4" text="cyclopropane" type="Biomedical_Entity"><Normalization><mmtx cui="C0010587" phraseText="Cyclopropane" preferredWord="cyclopropane" semType="phsu, orch"/><RxNorm RxCui="3004"/></Normalization></entity><pair ddi="false" e1="Dailymed.2e0570e7-d28f-4936-cba8-81ee0c4c3547.s.6.e.1" e2="Dailymed.2e0570e7-d28f-4936-cba8-81ee0c4c3547.s.6.e.0"/><pair ddi="false" e1="Dailymed.2e0570e7-d28f-4936-cba8-81ee0c4c3547.s.6.e.2" e2="Dailymed.2e0570e7-d28f-4936-cba8-81ee0c4c3547.s.6.e.0"/><pair ddi="false" e1="Dailymed.2e0570e7-d28f-4936-cba8-81ee0c4c3547.s.6.e.3" e2="Dailymed.2e0570e7-d28f-4936-cba8-81ee0c4c3547.s.6.e.0"/><pair ddi="false" e1="Dailymed.2e0570e7-d28f-4936-cba8-81ee0c4c3547.s.6.e.4" e2="Dailymed.2e0570e7-d28f-4936-cba8-81ee0c4c3547.s.6.e.0"/><pair ddi="false" e1="Dailymed.2e0570e7-d28f-4936-cba8-81ee0c4c3547.s.6.e.1" e2="Dailymed.2e0570e7-d28f-4936-cba8-81ee0c4c3547.s.6.e.2"/><pair ddi="false" e1="Dailymed.2e0570e7-d28f-4936-cba8-81ee0c4c3547.s.6.e.1" e2="Dailymed.2e0570e7-d28f-4936-cba8-81ee0c4c3547.s.6.e.3"/><pair ddi="false" e1="Dailymed.2e0570e7-d28f-4936-cba8-81ee0c4c3547.s.6.e.4" e2="Dailymed.2e0570e7-d28f-4936-cba8-81ee0c4c3547.s.6.e.1"/><pair ddi="false" e1="Dailymed.2e0570e7-d28f-4936-cba8-81ee0c4c3547.s.6.e.3" e2="Dailymed.2e0570e7-d28f-4936-cba8-81ee0c4c3547.s.6.e.2"/><pair ddi="false" e1="Dailymed.2e0570e7-d28f-4936-cba8-81ee0c4c3547.s.6.e.4" e2="Dailymed.2e0570e7-d28f-4936-cba8-81ee0c4c3547.s.6.e.2"/><pair ddi="false" e1="Dailymed.2e0570e7-d28f-4936-cba8-81ee0c4c3547.s.6.e.4" e2="Dailymed.2e0570e7-d28f-4936-cba8-81ee0c4c3547.s.6.e.3"/></sentence><sentence biomedicalEntities="3" id="Dailymed.2e0570e7-d28f-4936-cba8-81ee0c4c3547.s.7" lineNumber="9" text="Hence, the use of LEVOPHED during cyclopropane and halothane anesthesia is generally considered contraindicated because of the risk of producing ventricular tachycardia or fibrillation." type="regular"><entity charOffset="96:111" id="Dailymed.2e0570e7-d28f-4936-cba8-81ee0c4c3547.s.7.e.1" text="contraindicated" type="Caution_Interaction"/><entity charOffset="96:111" id="Dailymed.2e0570e7-d28f-4936-cba8-81ee0c4c3547.s.7.e.2" text="contraindicated" type="SPAN"/><entity charOffset="34:46|61:71" id="Dailymed.2e0570e7-d28f-4936-cba8-81ee0c4c3547.s.7.e.3" text="cyclopropane anesthesia" type="Drug"><Normalization><mmtx cui="C0010587" phraseText="during cyclopropane" preferredWord="cyclopropane" semType="phsu, orch"/><mmtx cui="C0018549" phraseText="halothane anesthesia" preferredWord="Halothane" semType="phsu, orch"/><mmtx cui="C0002932" phraseText="halothane anesthesia" preferredWord="Anesthetics" semType="phsu"/><RxNorm RxCui="3004"/></Normalization></entity><entity charOffset="51:71" id="Dailymed.2e0570e7-d28f-4936-cba8-81ee0c4c3547.s.7.e.4" text="halothane anesthesia" type="Drug"><Normalization><mmtx cui="C0018549" phraseText="halothane anesthesia" preferredWord="Halothane" semType="phsu, orch"/><mmtx cui="C0002932" phraseText="halothane anesthesia" preferredWord="Anesthetics" semType="phsu"/><RxNorm RxCui="5095"/></Normalization></entity><entity charOffset="18:26" id="Dailymed.2e0570e7-d28f-4936-cba8-81ee0c4c3547.s.7.e.5" text="LEVOPHED" type="Drug"><Normalization><mmtx cui="C0733815" phraseText="the use of LEVOPHED" preferredWord="Levophed" semType="phsu, orch"/><RxNorm RxCui="227559"/></Normalization></entity><entity charOffset="145:168" id="Dailymed.2e0570e7-d28f-4936-cba8-81ee0c4c3547.s.7.e.7" text="ventricular tachycardia" type="Specific_Interaction"/><entity charOffset="172:184" id="Dailymed.2e0570e7-d28f-4936-cba8-81ee0c4c3547.s.7.e.9" text="fibrillation" type="Specific_Interaction"><Normalization><mmtx cui="C0232197" phraseText="fibrillation." preferredWord="Fibrillation" semType="dsyn"/></Normalization></entity><drugInteraction id="Dailymed.2e0570e7-d28f-4936-cba8-81ee0c4c3547.s.7.ddi.1"><interaction trigger="Dailymed.2e0570e7-d28f-4936-cba8-81ee0c4c3547.s.7.e.1"><relations><relation type="hasSeverity"><entity id="Dailymed.2e0570e7-d28f-4936-cba8-81ee0c4c3547.s.7.e.2"/></relation><relation type="hasPrecipitant"><entity id="Dailymed.2e0570e7-d28f-4936-cba8-81ee0c4c3547.s.7.e.3"/></relation><relation type="hasObject"><entity id="Dailymed.2e0570e7-d28f-4936-cba8-81ee0c4c3547.s.7.e.5"/></relation><relation type="hasPrecipitant"><entity id="Dailymed.2e0570e7-d28f-4936-cba8-81ee0c4c3547.s.7.e.4"/></relation></relations></interaction></drugInteraction><drugInteraction id="Dailymed.2e0570e7-d28f-4936-cba8-81ee0c4c3547.s.7.ddi.2"><interaction trigger="Dailymed.2e0570e7-d28f-4936-cba8-81ee0c4c3547.s.7.e.7"><relations><relation type="hasPrecipitant"><entity id="Dailymed.2e0570e7-d28f-4936-cba8-81ee0c4c3547.s.7.e.3"/></relation><relation type="hasObject"><entity id="Dailymed.2e0570e7-d28f-4936-cba8-81ee0c4c3547.s.7.e.5"/></relation><relation type="hasPrecipitant"><entity id="Dailymed.2e0570e7-d28f-4936-cba8-81ee0c4c3547.s.7.e.4"/></relation></relations></interaction></drugInteraction><drugInteraction id="Dailymed.2e0570e7-d28f-4936-cba8-81ee0c4c3547.s.7.ddi.3"><interaction trigger="Dailymed.2e0570e7-d28f-4936-cba8-81ee0c4c3547.s.7.e.9"><relations><relation type="hasPrecipitant"><entity id="Dailymed.2e0570e7-d28f-4936-cba8-81ee0c4c3547.s.7.e.3"/></relation><relation type="hasObject"><entity id="Dailymed.2e0570e7-d28f-4936-cba8-81ee0c4c3547.s.7.e.5"/></relation><relation type="hasPrecipitant"><entity id="Dailymed.2e0570e7-d28f-4936-cba8-81ee0c4c3547.s.7.e.4"/></relation></relations></interaction></drugInteraction><pair ddi="true" e1="Dailymed.2e0570e7-d28f-4936-cba8-81ee0c4c3547.s.7.e.5" e2="Dailymed.2e0570e7-d28f-4936-cba8-81ee0c4c3547.s.7.e.3" severity="Dailymed.2e0570e7-d28f-4936-cba8-81ee0c4c3547.s.7.e.2" trigger="Dailymed.2e0570e7-d28f-4936-cba8-81ee0c4c3547.s.7.e.1" type="Caution_Interaction"/><pair ddi="true" e1="Dailymed.2e0570e7-d28f-4936-cba8-81ee0c4c3547.s.7.e.5" e2="Dailymed.2e0570e7-d28f-4936-cba8-81ee0c4c3547.s.7.e.4" severity="Dailymed.2e0570e7-d28f-4936-cba8-81ee0c4c3547.s.7.e.2" trigger="Dailymed.2e0570e7-d28f-4936-cba8-81ee0c4c3547.s.7.e.1" type="Caution_Interaction"/><pair ddi="false" e1="Dailymed.2e0570e7-d28f-4936-cba8-81ee0c4c3547.s.7.e.3" e2="Dailymed.2e0570e7-d28f-4936-cba8-81ee0c4c3547.s.7.e.4"/></sentence><sentence biomedicalEntities="4" id="Dailymed.2e0570e7-d28f-4936-cba8-81ee0c4c3547.s.10" lineNumber="15" text="LEVOPHED should be used with extreme caution in patients receiving monoamine oxidase inhibitors (MAOI) or antidepressants of the triptyline or imipramine types, because severe, prolonged hypertension may result." type="regular"><entity charOffset="187:199" id="Dailymed.2e0570e7-d28f-4936-cba8-81ee0c4c3547.s.10.e.1" text="hypertension" type="Specific_Interaction"><Normalization><mmtx cui="C0020538" phraseText="severe, prolonged hypertension" preferredWord="Hypertensive disease" semType="dsyn"/></Normalization></entity><entity charOffset="67:95" id="Dailymed.2e0570e7-d28f-4936-cba8-81ee0c4c3547.s.10.e.2" text="monoamine oxidase inhibitors" type="Drug_Class"><Normalization><mmtx cui="C0026457" phraseText="monoamine oxidase inhibitors (MAOI)" preferredWord="Monoamine Oxidase Inhibitors" semType="phsu, orch"/><RxNorm RxCui="1565"/></Normalization></entity><entity charOffset="106:139|154:159" id="Dailymed.2e0570e7-d28f-4936-cba8-81ee0c4c3547.s.10.e.3" text="antidepressants of the triptyline types" type="Drug_Class"><Normalization><mmtx cui="C0003289" phraseText="antidepressants of the triptyline" preferredWord="Antidepressive Agents" semType="phsu"/><mmtx cui="C0020934" phraseText="imipramine types," preferredWord="Imipramine" semType="phsu, orch"/><RxNorm RxCui="927"/></Normalization></entity><entity charOffset="106:128|143:159" id="Dailymed.2e0570e7-d28f-4936-cba8-81ee0c4c3547.s.10.e.4" text="antidepressants of the imipramine types" type="Drug_Class"><Normalization><mmtx cui="C0003289" phraseText="antidepressants of the triptyline" preferredWord="Antidepressive Agents" semType="phsu"/><mmtx cui="C0020934" phraseText="imipramine types," preferredWord="Imipramine" semType="phsu, orch"/><RxNorm RxCui="927"/></Normalization></entity><entity charOffset="0:8" id="Dailymed.2e0570e7-d28f-4936-cba8-81ee0c4c3547.s.10.e.5" text="LEVOPHED" type="Drug"><Normalization><mmtx cui="C0733815" phraseText="LEVOPHED" preferredWord="Levophed" semType="phsu, orch"/><RxNorm RxCui="227559"/></Normalization></entity><drugInteraction id="Dailymed.2e0570e7-d28f-4936-cba8-81ee0c4c3547.s.10.ddi.1"><interaction trigger="Dailymed.2e0570e7-d28f-4936-cba8-81ee0c4c3547.s.10.e.1"><relations><relation type="hasPrecipitant"><entity id="Dailymed.2e0570e7-d28f-4936-cba8-81ee0c4c3547.s.10.e.2"/></relation><relation type="hasPrecipitant"><entity id="Dailymed.2e0570e7-d28f-4936-cba8-81ee0c4c3547.s.10.e.3"/></relation><relation type="hasObject"><entity id="Dailymed.2e0570e7-d28f-4936-cba8-81ee0c4c3547.s.10.e.5"/></relation><relation type="hasPrecipitant"><entity id="Dailymed.2e0570e7-d28f-4936-cba8-81ee0c4c3547.s.10.e.4"/></relation></relations></interaction></drugInteraction><pair ddi="true" e1="Dailymed.2e0570e7-d28f-4936-cba8-81ee0c4c3547.s.10.e.5" e2="Dailymed.2e0570e7-d28f-4936-cba8-81ee0c4c3547.s.10.e.2" trigger="Dailymed.2e0570e7-d28f-4936-cba8-81ee0c4c3547.s.10.e.1" type="Specific_Interaction"/><pair ddi="true" e1="Dailymed.2e0570e7-d28f-4936-cba8-81ee0c4c3547.s.10.e.5" e2="Dailymed.2e0570e7-d28f-4936-cba8-81ee0c4c3547.s.10.e.3" trigger="Dailymed.2e0570e7-d28f-4936-cba8-81ee0c4c3547.s.10.e.1" type="Specific_Interaction"/><pair ddi="true" e1="Dailymed.2e0570e7-d28f-4936-cba8-81ee0c4c3547.s.10.e.5" e2="Dailymed.2e0570e7-d28f-4936-cba8-81ee0c4c3547.s.10.e.4" trigger="Dailymed.2e0570e7-d28f-4936-cba8-81ee0c4c3547.s.10.e.1" type="Specific_Interaction"/><pair ddi="false" e1="Dailymed.2e0570e7-d28f-4936-cba8-81ee0c4c3547.s.10.e.2" e2="Dailymed.2e0570e7-d28f-4936-cba8-81ee0c4c3547.s.10.e.3"/><pair ddi="false" e1="Dailymed.2e0570e7-d28f-4936-cba8-81ee0c4c3547.s.10.e.2" e2="Dailymed.2e0570e7-d28f-4936-cba8-81ee0c4c3547.s.10.e.4"/><pair ddi="false" e1="Dailymed.2e0570e7-d28f-4936-cba8-81ee0c4c3547.s.10.e.4" e2="Dailymed.2e0570e7-d28f-4936-cba8-81ee0c4c3547.s.10.e.3"/></sentence><sentence id="Dailymed.2e0570e7-d28f-4936-cba8-81ee0c4c3547.s.11" text="LEVOPHED Bitartrate Injection contains sodium metabisulfite, a sulfite that may cause allergic-type reactions including anaphylactic symptoms and life-threatening or less severe asthmatic episodes in certain susceptible people. " type="negative"><entity charOffset="0:29" id="Dailymed.2e0570e7-d28f-4936-cba8-81ee0c4c3547.s.11.e.0" text="levophed bitartrate injection" type="Biomedical_Entity"><Normalization><mmtx cui="C0306614" phraseText="LEVOPHED Bitartrate Injection" preferredWord="Norepinephrine Injectable Solution [Levophed]" semType="clnd"/><RxNorm RxCui="227559"/></Normalization></entity><entity charOffset="39:59" id="Dailymed.2e0570e7-d28f-4936-cba8-81ee0c4c3547.s.11.e.1" text="sodium metabisulfite" type="Biomedical_Entity"><Normalization><mmtx cui="C0074744" phraseText="sodium metabisulfite," preferredWord="sodium metabisulfite" semType="inch, phsu"/><RxNorm RxCui="9853"/></Normalization></entity><pair ddi="false" e1="Dailymed.2e0570e7-d28f-4936-cba8-81ee0c4c3547.s.11.e.0" e2="Dailymed.2e0570e7-d28f-4936-cba8-81ee0c4c3547.s.11.e.1"/></sentence><sentence id="Dailymed.2e0570e7-d28f-4936-cba8-81ee0c4c3547.s.16" text="Avoid Hypertension: Because of the potency of LEVOPHED and because of varying response to pressor substances, the possibility always exists that dangerously high blood pressure may be produced with overdoses of this pressor agent. " type="negative"><entity charOffset="90:97" id="Dailymed.2e0570e7-d28f-4936-cba8-81ee0c4c3547.s.16.e.0" text="pressor" type="Biomedical_Entity"><Normalization><mmtx cui="C0237795" phraseText="to pressor substances," preferredWord="Pressors" semType="phsu"/><RxNorm RxCui="203344"/></Normalization></entity><entity charOffset="216:223" id="Dailymed.2e0570e7-d28f-4936-cba8-81ee0c4c3547.s.16.e.1" text="pressor" type="Biomedical_Entity"><Normalization><mmtx cui="C0237795" phraseText="produced with overdoses of this pressor agent." preferredWord="Pressors" semType="phsu"/><RxNorm RxCui="203344"/></Normalization></entity><entity charOffset="46:54" id="Dailymed.2e0570e7-d28f-4936-cba8-81ee0c4c3547.s.16.e.2" text="levophed" type="Biomedical_Entity"><Normalization><mmtx cui="C0733815" phraseText="of LEVOPHED" preferredWord="Levophed" semType="phsu, orch"/><RxNorm RxCui="227559"/></Normalization></entity><pair ddi="false" e1="Dailymed.2e0570e7-d28f-4936-cba8-81ee0c4c3547.s.16.e.2" e2="Dailymed.2e0570e7-d28f-4936-cba8-81ee0c4c3547.s.16.e.0"/><pair ddi="false" e1="Dailymed.2e0570e7-d28f-4936-cba8-81ee0c4c3547.s.16.e.2" e2="Dailymed.2e0570e7-d28f-4936-cba8-81ee0c4c3547.s.16.e.1"/></sentence><sentence id="Dailymed.2e0570e7-d28f-4936-cba8-81ee0c4c3547.s.31" text="IMPORTANT Antidote for Extravasation Ischemia: To prevent sloughing and necrosis in areas in which extravasation has taken place, the area should be infiltrated as soon as possible with 10 mL to 15 mL of saline solution containing from 5 mg to 10 mg of Regitine (brand of phentolamine), an adrenergic blocking agent. " type="negative"><entity charOffset="10:18" id="Dailymed.2e0570e7-d28f-4936-cba8-81ee0c4c3547.s.31.e.0" text="antidote" type="Biomedical_Entity"><Normalization><mmtx cui="C0003295" phraseText="IMPORTANT Antidote for Extravasation Ischemia" preferredWord="Antidote" semType="phsu"/><RxNorm RxCui="930"/></Normalization></entity><entity charOffset="290:315" id="Dailymed.2e0570e7-d28f-4936-cba8-81ee0c4c3547.s.31.e.1" text="adrenergic blocking agent" type="Biomedical_Entity"><Normalization><mmtx cui="C0242889" phraseText="an adrenergic blocking agent." preferredWord="Adrenergic Antagonists" semType="phsu"/><RxNorm RxCui="1430615"/></Normalization></entity><entity charOffset="272:284" id="Dailymed.2e0570e7-d28f-4936-cba8-81ee0c4c3547.s.31.e.2" text="phentolamine" type="Biomedical_Entity"><Normalization><mmtx cui="C0031448" phraseText="(brand of phentolamine" preferredWord="Phentolamine" semType="phsu, orch"/><RxNorm RxCui="8153"/></Normalization></entity><entity charOffset="253:261" id="Dailymed.2e0570e7-d28f-4936-cba8-81ee0c4c3547.s.31.e.3" text="regitine" type="Biomedical_Entity"><Normalization><mmtx cui="C0136603" phraseText="of Regitine" preferredWord="Regitine" semType="phsu, orch"/><RxNorm RxCui="54635"/></Normalization></entity><pair ddi="false" e1="Dailymed.2e0570e7-d28f-4936-cba8-81ee0c4c3547.s.31.e.0" e2="Dailymed.2e0570e7-d28f-4936-cba8-81ee0c4c3547.s.31.e.1"/><pair ddi="false" e1="Dailymed.2e0570e7-d28f-4936-cba8-81ee0c4c3547.s.31.e.0" e2="Dailymed.2e0570e7-d28f-4936-cba8-81ee0c4c3547.s.31.e.2"/><pair ddi="false" e1="Dailymed.2e0570e7-d28f-4936-cba8-81ee0c4c3547.s.31.e.0" e2="Dailymed.2e0570e7-d28f-4936-cba8-81ee0c4c3547.s.31.e.3"/><pair ddi="false" e1="Dailymed.2e0570e7-d28f-4936-cba8-81ee0c4c3547.s.31.e.2" e2="Dailymed.2e0570e7-d28f-4936-cba8-81ee0c4c3547.s.31.e.1"/><pair ddi="false" e1="Dailymed.2e0570e7-d28f-4936-cba8-81ee0c4c3547.s.31.e.3" e2="Dailymed.2e0570e7-d28f-4936-cba8-81ee0c4c3547.s.31.e.1"/><pair ddi="false" e1="Dailymed.2e0570e7-d28f-4936-cba8-81ee0c4c3547.s.31.e.3" e2="Dailymed.2e0570e7-d28f-4936-cba8-81ee0c4c3547.s.31.e.2"/></sentence><sentence id="Dailymed.2e0570e7-d28f-4936-cba8-81ee0c4c3547.s.33" text="Sympathetic blockade with phentolamine causes immediate and conspicuous local hyperemic changes if the area is infiltrated within 12 hours. " type="negative"><entity charOffset="12:20" id="Dailymed.2e0570e7-d28f-4936-cba8-81ee0c4c3547.s.33.e.0" text="blockade" type="Biomedical_Entity"><Normalization><mmtx cui="C3540676" phraseText="Sympathetic blockade with phentolamine" preferredWord="Blockade" semType="phsu"/><RxNorm RxCui="1423936"/></Normalization></entity><entity charOffset="26:38" id="Dailymed.2e0570e7-d28f-4936-cba8-81ee0c4c3547.s.33.e.1" text="phentolamine" type="Biomedical_Entity"><Normalization><mmtx cui="C0031448" phraseText="Sympathetic blockade with phentolamine" preferredWord="Phentolamine" semType="phsu, orch"/><RxNorm RxCui="8153"/></Normalization></entity><pair ddi="false" e1="Dailymed.2e0570e7-d28f-4936-cba8-81ee0c4c3547.s.33.e.0" e2="Dailymed.2e0570e7-d28f-4936-cba8-81ee0c4c3547.s.33.e.1"/></sentence><sentence id="Dailymed.2e0570e7-d28f-4936-cba8-81ee0c4c3547.s.36" text="Cyclopropane and halothane anesthetics increase cardiac autonomic irritability and therefore seem to sensitize the myocardium to the action of intravenously administered epinephrine or norepinephrine. " type="negative"><entity charOffset="17:26" id="Dailymed.2e0570e7-d28f-4936-cba8-81ee0c4c3547.s.36.e.0" text="halothane" type="Biomedical_Entity"><Normalization><mmtx cui="C0018549" phraseText="halothane anesthetics" preferredWord="Halothane" semType="phsu, orch"/><RxNorm RxCui="5095"/></Normalization></entity><entity charOffset="170:181" id="Dailymed.2e0570e7-d28f-4936-cba8-81ee0c4c3547.s.36.e.1" text="epinephrine" type="Biomedical_Entity"><Normalization><mmtx cui="C0014563" phraseText="the myocardium to the action of intravenously administered epinephrine" preferredWord="Epinephrine" semType="phsu, orch, horm, nsba"/><RxNorm RxCui="362"/></Normalization></entity><entity charOffset="0:12" id="Dailymed.2e0570e7-d28f-4936-cba8-81ee0c4c3547.s.36.e.2" text="cyclopropane" type="Biomedical_Entity"><Normalization><mmtx cui="C0010587" phraseText="Cyclopropane" preferredWord="cyclopropane" semType="phsu, orch"/><RxNorm RxCui="3004"/></Normalization></entity><entity charOffset="185:199" id="Dailymed.2e0570e7-d28f-4936-cba8-81ee0c4c3547.s.36.e.3" text="norepinephrine" type="Biomedical_Entity"><Normalization><mmtx cui="C0028351" phraseText="norepinephrine." preferredWord="Norepinephrine" semType="phsu, orch, nsba"/><RxNorm RxCui="7508"/></Normalization></entity><entity charOffset="27:38" id="Dailymed.2e0570e7-d28f-4936-cba8-81ee0c4c3547.s.36.e.4" text="anesthetics" type="Biomedical_Entity"><Normalization><mmtx cui="C0002932" phraseText="halothane anesthetics" preferredWord="Anesthetics" semType="phsu"/><RxNorm RxCui="817"/></Normalization></entity><pair ddi="false" e1="Dailymed.2e0570e7-d28f-4936-cba8-81ee0c4c3547.s.36.e.0" e2="Dailymed.2e0570e7-d28f-4936-cba8-81ee0c4c3547.s.36.e.1"/><pair ddi="false" e1="Dailymed.2e0570e7-d28f-4936-cba8-81ee0c4c3547.s.36.e.2" e2="Dailymed.2e0570e7-d28f-4936-cba8-81ee0c4c3547.s.36.e.0"/><pair ddi="false" e1="Dailymed.2e0570e7-d28f-4936-cba8-81ee0c4c3547.s.36.e.0" e2="Dailymed.2e0570e7-d28f-4936-cba8-81ee0c4c3547.s.36.e.3"/><pair ddi="false" e1="Dailymed.2e0570e7-d28f-4936-cba8-81ee0c4c3547.s.36.e.0" e2="Dailymed.2e0570e7-d28f-4936-cba8-81ee0c4c3547.s.36.e.4"/><pair ddi="false" e1="Dailymed.2e0570e7-d28f-4936-cba8-81ee0c4c3547.s.36.e.2" e2="Dailymed.2e0570e7-d28f-4936-cba8-81ee0c4c3547.s.36.e.1"/><pair ddi="false" e1="Dailymed.2e0570e7-d28f-4936-cba8-81ee0c4c3547.s.36.e.1" e2="Dailymed.2e0570e7-d28f-4936-cba8-81ee0c4c3547.s.36.e.3"/><pair ddi="false" e1="Dailymed.2e0570e7-d28f-4936-cba8-81ee0c4c3547.s.36.e.4" e2="Dailymed.2e0570e7-d28f-4936-cba8-81ee0c4c3547.s.36.e.1"/><pair ddi="false" e1="Dailymed.2e0570e7-d28f-4936-cba8-81ee0c4c3547.s.36.e.2" e2="Dailymed.2e0570e7-d28f-4936-cba8-81ee0c4c3547.s.36.e.3"/><pair ddi="false" e1="Dailymed.2e0570e7-d28f-4936-cba8-81ee0c4c3547.s.36.e.2" e2="Dailymed.2e0570e7-d28f-4936-cba8-81ee0c4c3547.s.36.e.4"/><pair ddi="false" e1="Dailymed.2e0570e7-d28f-4936-cba8-81ee0c4c3547.s.36.e.4" e2="Dailymed.2e0570e7-d28f-4936-cba8-81ee0c4c3547.s.36.e.3"/></sentence><sentence biomedicalEntities="3" id="Dailymed.2e0570e7-d28f-4936-cba8-81ee0c4c3547.s.37" lineNumber="36" text="Hence, the use of LEVOPHED during cyclopropane and halothane anesthesia is generally considered contraindicated because of the risk of producing ventricular tachycardia or fibrillation. " type="regular"><entity charOffset="145:168" id="Dailymed.2e0570e7-d28f-4936-cba8-81ee0c4c3547.s.37.e.1" text="ventricular tachycardia" type="Specific_Interaction"/><entity charOffset="18:26" id="Dailymed.2e0570e7-d28f-4936-cba8-81ee0c4c3547.s.37.e.2" text="LEVOPHED" type="Drug"><Normalization><mmtx cui="C0733815" phraseText="the use of LEVOPHED" preferredWord="Levophed" semType="phsu, orch"/><RxNorm RxCui="227559"/></Normalization></entity><entity charOffset="34:46|61:71" id="Dailymed.2e0570e7-d28f-4936-cba8-81ee0c4c3547.s.37.e.3" text="cyclopropane anesthesia" type="Drug"><Normalization><mmtx cui="C0010587" phraseText="during cyclopropane" preferredWord="cyclopropane" semType="phsu, orch"/><mmtx cui="C0018549" phraseText="halothane anesthesia" preferredWord="Halothane" semType="phsu, orch"/><mmtx cui="C0002932" phraseText="halothane anesthesia" preferredWord="Anesthetics" semType="phsu"/><RxNorm RxCui="3004"/></Normalization></entity><entity charOffset="51:71" id="Dailymed.2e0570e7-d28f-4936-cba8-81ee0c4c3547.s.37.e.4" text="halothane anesthesia" type="Drug"><Normalization><mmtx cui="C0018549" phraseText="halothane anesthesia" preferredWord="Halothane" semType="phsu, orch"/><mmtx cui="C0002932" phraseText="halothane anesthesia" preferredWord="Anesthetics" semType="phsu"/><RxNorm RxCui="5095"/></Normalization></entity><entity charOffset="96:111" id="Dailymed.2e0570e7-d28f-4936-cba8-81ee0c4c3547.s.37.e.6" text="contraindicated" type="Caution_Interaction"/><entity charOffset="96:111" id="Dailymed.2e0570e7-d28f-4936-cba8-81ee0c4c3547.s.37.e.7" text="contraindicated" type="SPAN"/><entity charOffset="172:184" id="Dailymed.2e0570e7-d28f-4936-cba8-81ee0c4c3547.s.37.e.9" text="fibrillation" type="Specific_Interaction"><Normalization><mmtx cui="C0232197" phraseText="fibrillation." preferredWord="Fibrillation" semType="dsyn"/></Normalization></entity><drugInteraction id="Dailymed.2e0570e7-d28f-4936-cba8-81ee0c4c3547.s.37.ddi.1"><interaction trigger="Dailymed.2e0570e7-d28f-4936-cba8-81ee0c4c3547.s.37.e.1"><relations><relation type="hasObject"><entity id="Dailymed.2e0570e7-d28f-4936-cba8-81ee0c4c3547.s.37.e.2"/></relation><relation type="hasPrecipitant"><entity id="Dailymed.2e0570e7-d28f-4936-cba8-81ee0c4c3547.s.37.e.3"/></relation><relation type="hasPrecipitant"><entity id="Dailymed.2e0570e7-d28f-4936-cba8-81ee0c4c3547.s.37.e.4"/></relation></relations></interaction></drugInteraction><drugInteraction id="Dailymed.2e0570e7-d28f-4936-cba8-81ee0c4c3547.s.37.ddi.2"><interaction trigger="Dailymed.2e0570e7-d28f-4936-cba8-81ee0c4c3547.s.37.e.6"><relations><relation type="hasObject"><entity id="Dailymed.2e0570e7-d28f-4936-cba8-81ee0c4c3547.s.37.e.2"/></relation><relation type="hasSeverity"><entity id="Dailymed.2e0570e7-d28f-4936-cba8-81ee0c4c3547.s.37.e.7"/></relation><relation type="hasPrecipitant"><entity id="Dailymed.2e0570e7-d28f-4936-cba8-81ee0c4c3547.s.37.e.3"/></relation><relation type="hasPrecipitant"><entity id="Dailymed.2e0570e7-d28f-4936-cba8-81ee0c4c3547.s.37.e.4"/></relation></relations></interaction></drugInteraction><drugInteraction id="Dailymed.2e0570e7-d28f-4936-cba8-81ee0c4c3547.s.37.ddi.3"><interaction trigger="Dailymed.2e0570e7-d28f-4936-cba8-81ee0c4c3547.s.37.e.9"><relations><relation type="hasObject"><entity id="Dailymed.2e0570e7-d28f-4936-cba8-81ee0c4c3547.s.37.e.2"/></relation><relation type="hasPrecipitant"><entity id="Dailymed.2e0570e7-d28f-4936-cba8-81ee0c4c3547.s.37.e.3"/></relation><relation type="hasPrecipitant"><entity id="Dailymed.2e0570e7-d28f-4936-cba8-81ee0c4c3547.s.37.e.4"/></relation></relations></interaction></drugInteraction><pair ddi="true" e1="Dailymed.2e0570e7-d28f-4936-cba8-81ee0c4c3547.s.37.e.2" e2="Dailymed.2e0570e7-d28f-4936-cba8-81ee0c4c3547.s.37.e.3" trigger="Dailymed.2e0570e7-d28f-4936-cba8-81ee0c4c3547.s.37.e.1" type="Specific_Interaction"/><pair ddi="true" e1="Dailymed.2e0570e7-d28f-4936-cba8-81ee0c4c3547.s.37.e.2" e2="Dailymed.2e0570e7-d28f-4936-cba8-81ee0c4c3547.s.37.e.4" trigger="Dailymed.2e0570e7-d28f-4936-cba8-81ee0c4c3547.s.37.e.1" type="Specific_Interaction"/><pair ddi="false" e1="Dailymed.2e0570e7-d28f-4936-cba8-81ee0c4c3547.s.37.e.3" e2="Dailymed.2e0570e7-d28f-4936-cba8-81ee0c4c3547.s.37.e.4"/></sentence><positiveExamples number="7"/><negativeExamples number="39"/></document>