<?xml version="1.0" encoding="UTF-8" standalone="no"?><document setID="3a4d74d7-2e63-4789-b50e-af17ced92462"><labelDrug name="Reserpine"><Normalization><mmtx cui="C0035179" preferredWord="Reserpine" semType="phsu, orch"/></Normalization></labelDrug><generic name="Reserpine"/><sentence id="Dailymed.3a4d74d7-2e63-4789-b50e-af17ced92462.s.1" text="Drug Label for drug brand Reserpine, containing Reserpine." type="negative"><entity charOffset="0:19" id="Dailymed.3a4d74d7-2e63-4789-b50e-af17ced92462.s.1.e.0" text="drug drug" type="Biomedical_Entity"><Normalization><mmtx cui="C0013231" phraseText="Drug Label for drug brand Reserpine," preferredWord="Drugs, Non-Prescription" semType="phsu"/><RxNorm RxCui="NA"/></Normalization></entity><entity charOffset="48:57" id="Dailymed.3a4d74d7-2e63-4789-b50e-af17ced92462.s.1.e.1" text="reserpine" type="Biomedical_Entity"><Normalization><mmtx cui="C0035179" phraseText="Reserpine." preferredWord="Reserpine" semType="phsu, orch"/><RxNorm RxCui="9260"/></Normalization></entity><entity charOffset="26:35" id="Dailymed.3a4d74d7-2e63-4789-b50e-af17ced92462.s.1.e.2" text="reserpine" type="Biomedical_Entity"><Normalization><mmtx cui="C0035179" phraseText="Drug Label for drug brand Reserpine," preferredWord="Reserpine" semType="phsu, orch"/><RxNorm RxCui="9260"/></Normalization></entity><pair ddi="false" e1="Dailymed.3a4d74d7-2e63-4789-b50e-af17ced92462.s.1.e.0" e2="Dailymed.3a4d74d7-2e63-4789-b50e-af17ced92462.s.1.e.1"/><pair ddi="false" e1="Dailymed.3a4d74d7-2e63-4789-b50e-af17ced92462.s.1.e.0" e2="Dailymed.3a4d74d7-2e63-4789-b50e-af17ced92462.s.1.e.2"/></sentence><sentence id="Dailymed.3a4d74d7-2e63-4789-b50e-af17ced92462.s.16" text="Anticholinergic and/or adrenergic drugs (e.g., metaraminol, norepinephrine) have been employed to treat adverse vagocirculatory effects." type="negative"><entity charOffset="60:74" id="Dailymed.3a4d74d7-2e63-4789-b50e-af17ced92462.s.16.e.0" text="norepinephrine" type="Biomedical_Entity"><Normalization><mmtx cui="C0028351" phraseText="norepinephrine" preferredWord="Norepinephrine" semType="phsu, orch, nsba"/><RxNorm RxCui="7508"/></Normalization></entity><entity charOffset="0:15" id="Dailymed.3a4d74d7-2e63-4789-b50e-af17ced92462.s.16.e.1" text="anticholinergic" type="Biomedical_Entity"><Normalization><mmtx cui="C0242896" phraseText="Anticholinergic" preferredWord="Anticholinergic Agents" semType="phsu"/><RxNorm RxCui="1437161"/></Normalization></entity><entity charOffset="47:58" id="Dailymed.3a4d74d7-2e63-4789-b50e-af17ced92462.s.16.e.2" text="metaraminol" type="Biomedical_Entity"><Normalization><mmtx cui="C0025575" phraseText="metaraminol," preferredWord="Metaraminol" semType="phsu, orch"/><RxNorm RxCui="6805"/></Normalization></entity><entity charOffset="23:39" id="Dailymed.3a4d74d7-2e63-4789-b50e-af17ced92462.s.16.e.3" text="adrenergic drugs" type="Biomedical_Entity"><Normalization><mmtx cui="C0001637" phraseText="adrenergic drugs" preferredWord="Adrenergic Agents" semType="phsu"/><RxNorm RxCui="1430615"/></Normalization></entity><pair ddi="false" e1="Dailymed.3a4d74d7-2e63-4789-b50e-af17ced92462.s.16.e.1" e2="Dailymed.3a4d74d7-2e63-4789-b50e-af17ced92462.s.16.e.0"/><pair ddi="false" e1="Dailymed.3a4d74d7-2e63-4789-b50e-af17ced92462.s.16.e.2" e2="Dailymed.3a4d74d7-2e63-4789-b50e-af17ced92462.s.16.e.0"/><pair ddi="false" e1="Dailymed.3a4d74d7-2e63-4789-b50e-af17ced92462.s.16.e.3" e2="Dailymed.3a4d74d7-2e63-4789-b50e-af17ced92462.s.16.e.0"/><pair ddi="false" e1="Dailymed.3a4d74d7-2e63-4789-b50e-af17ced92462.s.16.e.1" e2="Dailymed.3a4d74d7-2e63-4789-b50e-af17ced92462.s.16.e.2"/><pair ddi="false" e1="Dailymed.3a4d74d7-2e63-4789-b50e-af17ced92462.s.16.e.1" e2="Dailymed.3a4d74d7-2e63-4789-b50e-af17ced92462.s.16.e.3"/><pair ddi="false" e1="Dailymed.3a4d74d7-2e63-4789-b50e-af17ced92462.s.16.e.3" e2="Dailymed.3a4d74d7-2e63-4789-b50e-af17ced92462.s.16.e.2"/></sentence><sentence biomedicalEntities="1" id="Dailymed.3a4d74d7-2e63-4789-b50e-af17ced92462.s.20" lineNumber="30" text="MAO inhibitors should be avoided or used with extreme caution." type="irregular"><entity charOffset="25:32" id="Dailymed.3a4d74d7-2e63-4789-b50e-af17ced92462.s.20.e.1" text="avoided" type="Caution_Interaction"/><entity charOffset="0:14" id="Dailymed.3a4d74d7-2e63-4789-b50e-af17ced92462.s.20.e.2" text="MAO inhibitors" type="Drug_Class"><Normalization><mmtx cui="C0026457" phraseText="MAO inhibitors" preferredWord="Monoamine Oxidase Inhibitors" semType="phsu, orch"/><RxNorm RxCui="7029"/></Normalization></entity><drugInteraction id="Dailymed.3a4d74d7-2e63-4789-b50e-af17ced92462.s.20.ddi.1"><interaction trigger="Dailymed.3a4d74d7-2e63-4789-b50e-af17ced92462.s.20.e.1"><relations><relation type="hasPrecipitant"><entity id="Dailymed.3a4d74d7-2e63-4789-b50e-af17ced92462.s.20.e.2"/></relation><relation type="hasObject"><labelDrug text="Reserpine"/><normalization><mmtx><preferredWord>Reserpine</preferredWord><phraseText>the antihypertensive effect of reserpine.</phraseText><cuiCode>C0035179</cuiCode><semType>phsu</semType><semType>orch</semType></mmtx></normalization></relation></relations></interaction></drugInteraction><pair ddi="true" e1="labelDrug" e2="Dailymed.3a4d74d7-2e63-4789-b50e-af17ced92462.s.20.e.2"/></sentence><sentence biomedicalEntities="2" id="Dailymed.3a4d74d7-2e63-4789-b50e-af17ced92462.s.21" lineNumber="31" text="Concurrent use of tricyclic antidepressants may decrease the antihypertensive effect of reserpine." type="regular"><entity charOffset="48:84" id="Dailymed.3a4d74d7-2e63-4789-b50e-af17ced92462.s.21.e.1" text="decrease the antihypertensive effect" type="Specific_Interaction"/><entity charOffset="88:97" id="Dailymed.3a4d74d7-2e63-4789-b50e-af17ced92462.s.21.e.2" text="reserpine" type="Drug"><Normalization><mmtx cui="C0035179" phraseText="the antihypertensive effect of reserpine." preferredWord="Reserpine" semType="phsu, orch"/><RxNorm RxCui="9260"/></Normalization></entity><entity charOffset="18:43" id="Dailymed.3a4d74d7-2e63-4789-b50e-af17ced92462.s.21.e.3" text="tricyclic antidepressants" type="Drug_Class"><Normalization><mmtx cui="C0003290" phraseText="Concurrent use of tricyclic antidepressants" preferredWord="Tricyclic Antidepressive Agents" semType="phsu"/><RxNorm RxCui="928"/></Normalization></entity><drugInteraction id="Dailymed.3a4d74d7-2e63-4789-b50e-af17ced92462.s.21.ddi.1"><interaction trigger="Dailymed.3a4d74d7-2e63-4789-b50e-af17ced92462.s.21.e.1"><relations><relation type="hasObject"><entity id="Dailymed.3a4d74d7-2e63-4789-b50e-af17ced92462.s.21.e.2"/></relation><relation type="hasPrecipitant"><entity id="Dailymed.3a4d74d7-2e63-4789-b50e-af17ced92462.s.21.e.3"/></relation></relations></interaction></drugInteraction><pair ddi="true" e1="Dailymed.3a4d74d7-2e63-4789-b50e-af17ced92462.s.21.e.3" e2="Dailymed.3a4d74d7-2e63-4789-b50e-af17ced92462.s.21.e.2" trigger="Dailymed.3a4d74d7-2e63-4789-b50e-af17ced92462.s.21.e.1" type="Specific_Interaction"/></sentence><sentence biomedicalEntities="3" id="Dailymed.3a4d74d7-2e63-4789-b50e-af17ced92462.s.22" lineNumber="32" text="Concurrent use of reserpine and direct-or-indirect acting sympathomimetics should be closely monitored. " type="regular"><entity charOffset="93:102" id="Dailymed.3a4d74d7-2e63-4789-b50e-af17ced92462.s.22.e.1" text="monitored" type="Caution_Interaction"/><entity charOffset="32:38|51:74" id="Dailymed.3a4d74d7-2e63-4789-b50e-af17ced92462.s.22.e.2" text="direct acting sympathomimetics" type="Drug_Class"><Normalization><mmtx cui="C0039052" phraseText="or-indirect acting sympathomimetics" preferredWord="Sympathomimetics" semType="phsu"/><RxNorm RxCui="3525"/></Normalization></entity><entity charOffset="42:74" id="Dailymed.3a4d74d7-2e63-4789-b50e-af17ced92462.s.22.e.3" text="indirect acting sympathomimetics" type="Drug_Class"><Normalization><mmtx cui="C0039052" phraseText="or-indirect acting sympathomimetics" preferredWord="Sympathomimetics" semType="phsu"/><RxNorm RxCui="108146"/></Normalization></entity><entity charOffset="18:27" id="Dailymed.3a4d74d7-2e63-4789-b50e-af17ced92462.s.22.e.4" text="reserpine" type="Drug"><Normalization><mmtx cui="C0035179" phraseText="Concurrent use of reserpine" preferredWord="Reserpine" semType="phsu, orch"/><RxNorm RxCui="9260"/></Normalization></entity><drugInteraction id="Dailymed.3a4d74d7-2e63-4789-b50e-af17ced92462.s.22.ddi.1"><interaction trigger="Dailymed.3a4d74d7-2e63-4789-b50e-af17ced92462.s.22.e.1"><relations><relation type="hasPrecipitant"><entity id="Dailymed.3a4d74d7-2e63-4789-b50e-af17ced92462.s.22.e.2"/></relation><relation type="hasPrecipitant"><entity id="Dailymed.3a4d74d7-2e63-4789-b50e-af17ced92462.s.22.e.3"/></relation><relation type="hasObject"><entity id="Dailymed.3a4d74d7-2e63-4789-b50e-af17ced92462.s.22.e.4"/></relation></relations></interaction></drugInteraction><pair ddi="true" e1="Dailymed.3a4d74d7-2e63-4789-b50e-af17ced92462.s.22.e.4" e2="Dailymed.3a4d74d7-2e63-4789-b50e-af17ced92462.s.22.e.2" trigger="Dailymed.3a4d74d7-2e63-4789-b50e-af17ced92462.s.22.e.1" type="Caution_Interaction"/><pair ddi="true" e1="Dailymed.3a4d74d7-2e63-4789-b50e-af17ced92462.s.22.e.4" e2="Dailymed.3a4d74d7-2e63-4789-b50e-af17ced92462.s.22.e.3" trigger="Dailymed.3a4d74d7-2e63-4789-b50e-af17ced92462.s.22.e.1" type="Caution_Interaction"/><pair ddi="false" e1="Dailymed.3a4d74d7-2e63-4789-b50e-af17ced92462.s.22.e.2" e2="Dailymed.3a4d74d7-2e63-4789-b50e-af17ced92462.s.22.e.3"/></sentence><sentence biomedicalEntities="6" id="Dailymed.3a4d74d7-2e63-4789-b50e-af17ced92462.s.23" lineNumber="32" text="The action of direct-acting amines (epinephrine, isoproterenol, phenylephrine, metaraminol) may be prolonged when given to patients taking reserpine. " type="regular"><entity charOffset="14:34" id="Dailymed.3a4d74d7-2e63-4789-b50e-af17ced92462.s.23.e.1" text="direct-acting amines" type="Drug_Class"><Normalization><RxNorm RxCui="108144"/></Normalization></entity><entity charOffset="36:47" id="Dailymed.3a4d74d7-2e63-4789-b50e-af17ced92462.s.23.e.2" text="epinephrine" type="Drug"><Normalization><mmtx cui="C0014563" phraseText="(epinephrine," preferredWord="Epinephrine" semType="phsu, orch, horm, nsba"/><RxNorm RxCui="362"/></Normalization></entity><entity charOffset="49:62" id="Dailymed.3a4d74d7-2e63-4789-b50e-af17ced92462.s.23.e.4" text="isoproterenol" type="Drug"><Normalization><mmtx cui="C0022245" phraseText="isoproterenol," preferredWord="Isoproterenol" semType="phsu, orch"/><RxNorm RxCui="82030"/></Normalization></entity><entity charOffset="64:77" id="Dailymed.3a4d74d7-2e63-4789-b50e-af17ced92462.s.23.e.6" text="phenylephrine" type="Drug"><Normalization><mmtx cui="C0031469" phraseText="phenylephrine," preferredWord="Phenylephrine" semType="phsu, orch"/><RxNorm RxCui="221139"/></Normalization></entity><entity charOffset="79:90" id="Dailymed.3a4d74d7-2e63-4789-b50e-af17ced92462.s.23.e.8" text="metaraminol" type="Drug"><Normalization><mmtx cui="C0025575" phraseText="metaraminol" preferredWord="Metaraminol" semType="phsu, orch"/><RxNorm RxCui="6805"/></Normalization></entity><entity charOffset="4:10|99:108" id="Dailymed.3a4d74d7-2e63-4789-b50e-af17ced92462.s.23.e.10" text="action prolonged" type="Increase_Interaction"/><entity charOffset="139:148" id="Dailymed.3a4d74d7-2e63-4789-b50e-af17ced92462.s.23.e.11" text="reserpine" type="Drug"><Normalization><mmtx cui="C0035179" phraseText="reserpine." preferredWord="Reserpine" semType="phsu, orch"/><RxNorm RxCui="9260"/></Normalization></entity><drugClassMembership drug="Dailymed.3a4d74d7-2e63-4789-b50e-af17ced92462.s.23.e.2" drugClass="Dailymed.3a4d74d7-2e63-4789-b50e-af17ced92462.s.23.e.1"/><drugClassMembership drug="Dailymed.3a4d74d7-2e63-4789-b50e-af17ced92462.s.23.e.4" drugClass="Dailymed.3a4d74d7-2e63-4789-b50e-af17ced92462.s.23.e.1"/><drugClassMembership drug="Dailymed.3a4d74d7-2e63-4789-b50e-af17ced92462.s.23.e.6" drugClass="Dailymed.3a4d74d7-2e63-4789-b50e-af17ced92462.s.23.e.1"/><drugClassMembership drug="Dailymed.3a4d74d7-2e63-4789-b50e-af17ced92462.s.23.e.8" drugClass="Dailymed.3a4d74d7-2e63-4789-b50e-af17ced92462.s.23.e.1"/><drugInteraction id="Dailymed.3a4d74d7-2e63-4789-b50e-af17ced92462.s.23.ddi.1"><interaction trigger="Dailymed.3a4d74d7-2e63-4789-b50e-af17ced92462.s.23.e.10"><relations><relation type="hasObject"><entity id="Dailymed.3a4d74d7-2e63-4789-b50e-af17ced92462.s.23.e.1"/></relation><relation type="hasPrecipitant"><entity id="Dailymed.3a4d74d7-2e63-4789-b50e-af17ced92462.s.23.e.11"/></relation></relations></interaction></drugInteraction><pair ddi="true" e1="Dailymed.3a4d74d7-2e63-4789-b50e-af17ced92462.s.23.e.1" e2="Dailymed.3a4d74d7-2e63-4789-b50e-af17ced92462.s.23.e.11" trigger="Dailymed.3a4d74d7-2e63-4789-b50e-af17ced92462.s.23.e.10" type="Increase_Interaction"/></sentence><sentence biomedicalEntities="4" id="Dailymed.3a4d74d7-2e63-4789-b50e-af17ced92462.s.24" lineNumber="32" text="The action of indirect-acting amines (ephedrine, tyramine, amphetamines) is inhibited." type="irregular"><entity charOffset="14:36" id="Dailymed.3a4d74d7-2e63-4789-b50e-af17ced92462.s.24.e.1" text="indirect-acting amines" type="Drug_Class"><Normalization><RxNorm RxCui="108146"/></Normalization></entity><entity charOffset="38:47" id="Dailymed.3a4d74d7-2e63-4789-b50e-af17ced92462.s.24.e.2" text="ephedrine" type="Drug"><Normalization><mmtx cui="C0014479" phraseText="(ephedrine," preferredWord="Ephedrine" semType="phsu, orch"/><RxNorm RxCui="3966"/></Normalization></entity><entity charOffset="49:57" id="Dailymed.3a4d74d7-2e63-4789-b50e-af17ced92462.s.24.e.4" text="tyramine" type="Drug"><Normalization><mmtx cui="C0041479" phraseText="tyramine," preferredWord="Tyramine" semType="phsu, orch, nsba"/><RxNorm RxCui="10958"/></Normalization></entity><entity charOffset="59:71" id="Dailymed.3a4d74d7-2e63-4789-b50e-af17ced92462.s.24.e.6" text="amphetamines" type="Drug"><Normalization><mmtx cui="C0002667" phraseText="amphetamines" preferredWord="Amphetamines" semType="phsu, orch, nsba"/><RxNorm RxCui="725"/></Normalization></entity><entity charOffset="4:10|76:85" id="Dailymed.3a4d74d7-2e63-4789-b50e-af17ced92462.s.24.e.8" text="action inhibited" type="Decrease_Interaction"><Normalization><mmtx cui="C0018790" phraseText="inhibited." preferredWord="Cardiac Arrest" semType="dsyn"/></Normalization></entity><drugClassMembership drug="Dailymed.3a4d74d7-2e63-4789-b50e-af17ced92462.s.24.e.2" drugClass="Dailymed.3a4d74d7-2e63-4789-b50e-af17ced92462.s.24.e.1"/><drugClassMembership drug="Dailymed.3a4d74d7-2e63-4789-b50e-af17ced92462.s.24.e.4" drugClass="Dailymed.3a4d74d7-2e63-4789-b50e-af17ced92462.s.24.e.1"/><drugClassMembership drug="Dailymed.3a4d74d7-2e63-4789-b50e-af17ced92462.s.24.e.6" drugClass="Dailymed.3a4d74d7-2e63-4789-b50e-af17ced92462.s.24.e.1"/><drugInteraction id="Dailymed.3a4d74d7-2e63-4789-b50e-af17ced92462.s.24.ddi.1"><interaction trigger="Dailymed.3a4d74d7-2e63-4789-b50e-af17ced92462.s.24.e.8"><relations><relation type="hasObject"><entity id="Dailymed.3a4d74d7-2e63-4789-b50e-af17ced92462.s.24.e.1"/></relation><relation type="hasPrecipitant"><ellipsisSentence id="Dailymed.3a4d74d7-2e63-4789-b50e-af17ced92462.s.23" text="The action of direct-acting amines (epinephrine, isoproterenol, phenylephrine, metaraminol) may be prolonged when given to patients taking reserpine. "><entity id="Dailymed.3a4d74d7-2e63-4789-b50e-af17ced92462.s.23.e.11"/></ellipsisSentence></relation></relations></interaction></drugInteraction></sentence><sentence biomedicalEntities="4" id="Dailymed.3a4d74d7-2e63-4789-b50e-af17ced92462.s.25" lineNumber="33" text="Reserpine should be used cautiously with digitalis and quinidine, since cardiac arrhythmias have occurred with rauwolfia preparations." type="regular"><entity charOffset="111:133" id="Dailymed.3a4d74d7-2e63-4789-b50e-af17ced92462.s.25.e.1" text="rauwolfia preparations" type="Drug_Class"><Normalization><mmtx cui="C0260195" phraseText="occurred with rauwolfia preparations." preferredWord="Rauwolfia preparation" semType="phsu, orch"/><RxNorm RxCui="78678"/></Normalization></entity><entity charOffset="0:9" id="Dailymed.3a4d74d7-2e63-4789-b50e-af17ced92462.s.25.e.2" text="Reserpine" type="Drug"><Normalization><mmtx cui="C0035179" phraseText="Reserpine" preferredWord="Reserpine" semType="phsu, orch"/><RxNorm RxCui="9260"/></Normalization></entity><entity charOffset="25:35" id="Dailymed.3a4d74d7-2e63-4789-b50e-af17ced92462.s.25.e.4" text="cautiously" type="Caution_Interaction"/><entity charOffset="41:50" id="Dailymed.3a4d74d7-2e63-4789-b50e-af17ced92462.s.25.e.5" text="digitalis" type="Drug"><Normalization><mmtx cui="C0304520" phraseText="cautiously with digitalis" preferredWord="Digitalis preparation" semType="phsu, carb"/><RxNorm RxCui="91235"/></Normalization></entity><entity charOffset="55:64" id="Dailymed.3a4d74d7-2e63-4789-b50e-af17ced92462.s.25.e.6" text="quinidine" type="Drug"><Normalization><mmtx cui="C0034414" phraseText="quinidine," preferredWord="Quinidine" semType="phsu, orch"/><RxNorm RxCui="9068"/></Normalization></entity><drugClassMembership drug="Dailymed.3a4d74d7-2e63-4789-b50e-af17ced92462.s.25.e.2" drugClass="Dailymed.3a4d74d7-2e63-4789-b50e-af17ced92462.s.25.e.1"/><drugInteraction id="Dailymed.3a4d74d7-2e63-4789-b50e-af17ced92462.s.25.ddi.1"><interaction trigger="Dailymed.3a4d74d7-2e63-4789-b50e-af17ced92462.s.25.e.4"><relations><relation type="hasPrecipitant"><entity id="Dailymed.3a4d74d7-2e63-4789-b50e-af17ced92462.s.25.e.5"/></relation><relation type="hasPrecipitant"><entity id="Dailymed.3a4d74d7-2e63-4789-b50e-af17ced92462.s.25.e.6"/></relation><relation type="hasObject"><entity id="Dailymed.3a4d74d7-2e63-4789-b50e-af17ced92462.s.25.e.2"/></relation></relations></interaction></drugInteraction><pair ddi="true" e1="Dailymed.3a4d74d7-2e63-4789-b50e-af17ced92462.s.25.e.2" e2="Dailymed.3a4d74d7-2e63-4789-b50e-af17ced92462.s.25.e.5" trigger="Dailymed.3a4d74d7-2e63-4789-b50e-af17ced92462.s.25.e.4" type="Caution_Interaction"/><pair ddi="true" e1="Dailymed.3a4d74d7-2e63-4789-b50e-af17ced92462.s.25.e.2" e2="Dailymed.3a4d74d7-2e63-4789-b50e-af17ced92462.s.25.e.6" trigger="Dailymed.3a4d74d7-2e63-4789-b50e-af17ced92462.s.25.e.4" type="Caution_Interaction"/><pair ddi="false" e1="Dailymed.3a4d74d7-2e63-4789-b50e-af17ced92462.s.25.e.5" e2="Dailymed.3a4d74d7-2e63-4789-b50e-af17ced92462.s.25.e.6"/></sentence><sentence biomedicalEntities="2" id="Dailymed.3a4d74d7-2e63-4789-b50e-af17ced92462.s.26" lineNumber="34" text="Concomitant use of reserpine with other antihypertensive agents necessitates careful titration of dosage with each agent." type="regular"><entity charOffset="85:104" id="Dailymed.3a4d74d7-2e63-4789-b50e-af17ced92462.s.26.e.1" text="titration of dosage" type="Caution_Interaction"/><entity charOffset="19:28" id="Dailymed.3a4d74d7-2e63-4789-b50e-af17ced92462.s.26.e.2" text="reserpine" type="Drug"><Normalization><mmtx cui="C0035179" phraseText="Concomitant use of reserpine" preferredWord="Reserpine" semType="phsu, orch"/><RxNorm RxCui="9260"/></Normalization></entity><entity charOffset="40:63" id="Dailymed.3a4d74d7-2e63-4789-b50e-af17ced92462.s.26.e.3" text="antihypertensive agents" type="Drug_Class"><Normalization><mmtx cui="C0003364" phraseText="with other antihypertensive agents" preferredWord="Antihypertensive Agents" semType="phsu"/><RxNorm RxCui="968"/></Normalization></entity><drugInteraction id="Dailymed.3a4d74d7-2e63-4789-b50e-af17ced92462.s.26.ddi.1"><interaction trigger="Dailymed.3a4d74d7-2e63-4789-b50e-af17ced92462.s.26.e.1"><relations><relation type="hasObject"><entity id="Dailymed.3a4d74d7-2e63-4789-b50e-af17ced92462.s.26.e.2"/></relation><relation type="hasPrecipitant"><entity id="Dailymed.3a4d74d7-2e63-4789-b50e-af17ced92462.s.26.e.3"/></relation></relations></interaction></drugInteraction><pair ddi="true" e1="Dailymed.3a4d74d7-2e63-4789-b50e-af17ced92462.s.26.e.2" e2="Dailymed.3a4d74d7-2e63-4789-b50e-af17ced92462.s.26.e.3" trigger="Dailymed.3a4d74d7-2e63-4789-b50e-af17ced92462.s.26.e.1" type="Caution_Interaction"/></sentence><sentence id="Dailymed.3a4d74d7-2e63-4789-b50e-af17ced92462.s.31" text="The breast neoplasms are thought to be related to reserpine s prolactin-elevating effect. " type="negative"><entity charOffset="62:71" id="Dailymed.3a4d74d7-2e63-4789-b50e-af17ced92462.s.31.e.0" text="prolactin" type="Biomedical_Entity"><Normalization><mmtx cui="C0033371" phraseText="related to reserpine s prolactin-elevating effect." preferredWord="Prolactin" semType="phsu, aapp, horm"/><RxNorm RxCui="1426890"/></Normalization></entity><entity charOffset="50:59" id="Dailymed.3a4d74d7-2e63-4789-b50e-af17ced92462.s.31.e.1" text="reserpine" type="Biomedical_Entity"><Normalization><mmtx cui="C0035179" phraseText="related to reserpine s prolactin-elevating effect." preferredWord="Reserpine" semType="phsu, orch"/><RxNorm RxCui="9260"/></Normalization></entity><pair ddi="false" e1="Dailymed.3a4d74d7-2e63-4789-b50e-af17ced92462.s.31.e.1" e2="Dailymed.3a4d74d7-2e63-4789-b50e-af17ced92462.s.31.e.0"/></sentence><sentence id="Dailymed.3a4d74d7-2e63-4789-b50e-af17ced92462.s.37" text="Epidemiologic studies conducted using other drugs (neuroleptic agents) that, like reserpine, increase prolactin levels and therefore would be considered rodent mammary carcinogens have not shown an association between chronic administration of the drug and human mammary tumorigenesis. " type="negative"><entity charOffset="102:111" id="Dailymed.3a4d74d7-2e63-4789-b50e-af17ced92462.s.37.e.0" text="prolactin" type="Biomedical_Entity"><Normalization><mmtx cui="C0033371" phraseText="increase prolactin levels" preferredWord="Prolactin" semType="phsu, aapp, horm"/><RxNorm RxCui="1426890"/></Normalization></entity><entity charOffset="82:91" id="Dailymed.3a4d74d7-2e63-4789-b50e-af17ced92462.s.37.e.1" text="reserpine" type="Biomedical_Entity"><Normalization><mmtx cui="C0035179" phraseText="like reserpine," preferredWord="Reserpine" semType="phsu, orch"/><RxNorm RxCui="9260"/></Normalization></entity><entity charOffset="51:69" id="Dailymed.3a4d74d7-2e63-4789-b50e-af17ced92462.s.37.e.2" text="neuroleptic agents" type="Biomedical_Entity"><Normalization><mmtx cui="C0040615" phraseText="(neuroleptic agents" preferredWord="Antipsychotic Agents" semType="phsu"/><RxNorm RxCui="10693"/></Normalization></entity><pair ddi="false" e1="Dailymed.3a4d74d7-2e63-4789-b50e-af17ced92462.s.37.e.1" e2="Dailymed.3a4d74d7-2e63-4789-b50e-af17ced92462.s.37.e.0"/><pair ddi="false" e1="Dailymed.3a4d74d7-2e63-4789-b50e-af17ced92462.s.37.e.2" e2="Dailymed.3a4d74d7-2e63-4789-b50e-af17ced92462.s.37.e.0"/><pair ddi="false" e1="Dailymed.3a4d74d7-2e63-4789-b50e-af17ced92462.s.37.e.2" e2="Dailymed.3a4d74d7-2e63-4789-b50e-af17ced92462.s.37.e.1"/></sentence><sentence id="Dailymed.3a4d74d7-2e63-4789-b50e-af17ced92462.s.51" text="Because of adverse effects such as emotional depression and lability, sedation, and stuffy nose, reserpine is not usually recommended as a step-2 drug in the treatment of hypertension in children." type="negative"><entity charOffset="97:106" id="Dailymed.3a4d74d7-2e63-4789-b50e-af17ced92462.s.51.e.0" text="reserpine" type="Biomedical_Entity"><Normalization><mmtx cui="C0035179" phraseText="reserpine" preferredWord="Reserpine" semType="phsu, orch"/><RxNorm RxCui="9260"/></Normalization></entity><entity charOffset="139:145" id="Dailymed.3a4d74d7-2e63-4789-b50e-af17ced92462.s.51.e.1" text="step-2" type="Biomedical_Entity"><Normalization><mmtx cui="C1875784" phraseText="recommended as a step-2 drug" preferredWord="STEP 2" semType="phsu"/><RxNorm RxCui="693226"/></Normalization></entity><pair ddi="false" e1="Dailymed.3a4d74d7-2e63-4789-b50e-af17ced92462.s.51.e.0" e2="Dailymed.3a4d74d7-2e63-4789-b50e-af17ced92462.s.51.e.1"/></sentence><positiveExamples number="8"/><negativeExamples number="15"/></document>