<?xml version="1.0" encoding="UTF-8" standalone="no"?><document setID="457a026c-ebce-4701-9deb-2d7652759a99"><labelDrug name="Nitroglycerin In Dextrose"><Normalization/></labelDrug><generic name="Nitroglycerin"/><sentence id="Dailymed.457a026c-ebce-4701-9deb-2d7652759a99.s.1" text="Drug Label for drug brand Nitroglycerin In Dextrose, containing Nitroglycerin." type="negative"><entity charOffset="64:77" id="Dailymed.457a026c-ebce-4701-9deb-2d7652759a99.s.1.e.0" text="nitroglycerin" type="Biomedical_Entity"><Normalization><mmtx cui="C0885378" phraseText="Nitroglycerin." preferredWord="Glonoine, nitroglycerine, Homeopathic preparation" semType="phsu, orch"/><RxNorm RxCui="4917"/></Normalization></entity><entity charOffset="26:39" id="Dailymed.457a026c-ebce-4701-9deb-2d7652759a99.s.1.e.1" text="nitroglycerin" type="Biomedical_Entity"><Normalization><mmtx cui="C0885378" phraseText="Drug Label for drug brand Nitroglycerin" preferredWord="Glonoine, nitroglycerine, Homeopathic preparation" semType="phsu, orch"/><RxNorm RxCui="4917"/></Normalization></entity><entity charOffset="0:19" id="Dailymed.457a026c-ebce-4701-9deb-2d7652759a99.s.1.e.2" text="drug drug" type="Biomedical_Entity"><Normalization><mmtx cui="C0013231" phraseText="Drug Label for drug brand Nitroglycerin" preferredWord="Drugs, Non-Prescription" semType="phsu"/><RxNorm RxCui="NA"/></Normalization></entity><entity charOffset="43:51" id="Dailymed.457a026c-ebce-4701-9deb-2d7652759a99.s.1.e.3" text="dextrose" type="Biomedical_Entity"><Normalization><mmtx cui="C0017725" phraseText="In Dextrose," preferredWord="Glucose" semType="bacs, phsu, carb"/><RxNorm RxCui="4850"/></Normalization></entity><pair ddi="false" e1="Dailymed.457a026c-ebce-4701-9deb-2d7652759a99.s.1.e.2" e2="Dailymed.457a026c-ebce-4701-9deb-2d7652759a99.s.1.e.0"/><pair ddi="false" e1="Dailymed.457a026c-ebce-4701-9deb-2d7652759a99.s.1.e.3" e2="Dailymed.457a026c-ebce-4701-9deb-2d7652759a99.s.1.e.0"/><pair ddi="false" e1="Dailymed.457a026c-ebce-4701-9deb-2d7652759a99.s.1.e.2" e2="Dailymed.457a026c-ebce-4701-9deb-2d7652759a99.s.1.e.1"/><pair ddi="false" e1="Dailymed.457a026c-ebce-4701-9deb-2d7652759a99.s.1.e.1" e2="Dailymed.457a026c-ebce-4701-9deb-2d7652759a99.s.1.e.3"/><pair ddi="false" e1="Dailymed.457a026c-ebce-4701-9deb-2d7652759a99.s.1.e.2" e2="Dailymed.457a026c-ebce-4701-9deb-2d7652759a99.s.1.e.3"/></sentence><sentence id="Dailymed.457a026c-ebce-4701-9deb-2d7652759a99.s.6" text="Dextrose (Dextrose Hydrous, USP) is D-glucose monohydrate, a hexose sugar whose structural formula is" type="negative"><entity charOffset="38:45" id="Dailymed.457a026c-ebce-4701-9deb-2d7652759a99.s.6.e.0" text="glucose" type="Biomedical_Entity"><Normalization><mmtx cui="C0017725" phraseText="glucose monohydrate," preferredWord="Glucose" semType="bacs, phsu, carb"/><RxNorm RxCui="4850"/></Normalization></entity><entity charOffset="10:18" id="Dailymed.457a026c-ebce-4701-9deb-2d7652759a99.s.6.e.1" text="dextrose" type="Biomedical_Entity"><Normalization><mmtx cui="C0017725" phraseText="(Dextrose Hydrous, USP)" preferredWord="Glucose" semType="bacs, phsu, carb"/><RxNorm RxCui="4850"/></Normalization></entity><entity charOffset="68:73" id="Dailymed.457a026c-ebce-4701-9deb-2d7652759a99.s.6.e.2" text="sugar" type="Biomedical_Entity"><Normalization><mmtx cui="C0242209" phraseText="a hexose sugar" preferredWord="Sugars" semType="phsu, carb"/><RxNorm RxCui="71470"/></Normalization></entity><entity charOffset="0:8" id="Dailymed.457a026c-ebce-4701-9deb-2d7652759a99.s.6.e.3" text="dextrose" type="Biomedical_Entity"><Normalization><mmtx cui="C0017725" phraseText="Dextrose" preferredWord="Glucose" semType="bacs, phsu, carb"/><RxNorm RxCui="4850"/></Normalization></entity><pair ddi="false" e1="Dailymed.457a026c-ebce-4701-9deb-2d7652759a99.s.6.e.0" e2="Dailymed.457a026c-ebce-4701-9deb-2d7652759a99.s.6.e.2"/><pair ddi="false" e1="Dailymed.457a026c-ebce-4701-9deb-2d7652759a99.s.6.e.1" e2="Dailymed.457a026c-ebce-4701-9deb-2d7652759a99.s.6.e.2"/><pair ddi="false" e1="Dailymed.457a026c-ebce-4701-9deb-2d7652759a99.s.6.e.3" e2="Dailymed.457a026c-ebce-4701-9deb-2d7652759a99.s.6.e.2"/></sentence><sentence id="Dailymed.457a026c-ebce-4701-9deb-2d7652759a99.s.8" text="Nitroglycerin in 5% Dextrose Injection is a sterile, nonpyrogenic solution of nitroglycerin and dextrose in water for injection. " type="negative"><entity charOffset="17:28" id="Dailymed.457a026c-ebce-4701-9deb-2d7652759a99.s.8.e.0" text="5 dextrose" type="Biomedical_Entity"><Normalization><mmtx cui="C0985452" phraseText="Nitroglycerin in 5% Dextrose Injection" preferredWord="Glucose 50 MG/ML" semType="clnd"/><RxNorm RxCui="NA"/></Normalization></entity><entity charOffset="96:113" id="Dailymed.457a026c-ebce-4701-9deb-2d7652759a99.s.8.e.1" text="dextrose water" type="Biomedical_Entity"><Normalization><mmtx cui="C0719841" phraseText="dextrose in water" preferredWord="dextrose and water" semType="phsu, orch"/><RxNorm RxCui="4850"/></Normalization></entity><entity charOffset="78:91" id="Dailymed.457a026c-ebce-4701-9deb-2d7652759a99.s.8.e.2" text="nitroglycerin" type="Biomedical_Entity"><Normalization><mmtx cui="C0885378" phraseText="a sterile, nonpyrogenic solution of nitroglycerin" preferredWord="Glonoine, nitroglycerine, Homeopathic preparation" semType="phsu, orch"/><RxNorm RxCui="4917"/></Normalization></entity><entity charOffset="0:13" id="Dailymed.457a026c-ebce-4701-9deb-2d7652759a99.s.8.e.3" text="nitroglycerin" type="Biomedical_Entity"><Normalization><mmtx cui="C0885378" phraseText="Nitroglycerin in 5% Dextrose Injection" preferredWord="Glonoine, nitroglycerine, Homeopathic preparation" semType="phsu, orch"/><RxNorm RxCui="4917"/></Normalization></entity><pair ddi="false" e1="Dailymed.457a026c-ebce-4701-9deb-2d7652759a99.s.8.e.0" e2="Dailymed.457a026c-ebce-4701-9deb-2d7652759a99.s.8.e.1"/><pair ddi="false" e1="Dailymed.457a026c-ebce-4701-9deb-2d7652759a99.s.8.e.0" e2="Dailymed.457a026c-ebce-4701-9deb-2d7652759a99.s.8.e.2"/><pair ddi="false" e1="Dailymed.457a026c-ebce-4701-9deb-2d7652759a99.s.8.e.3" e2="Dailymed.457a026c-ebce-4701-9deb-2d7652759a99.s.8.e.0"/><pair ddi="false" e1="Dailymed.457a026c-ebce-4701-9deb-2d7652759a99.s.8.e.2" e2="Dailymed.457a026c-ebce-4701-9deb-2d7652759a99.s.8.e.1"/><pair ddi="false" e1="Dailymed.457a026c-ebce-4701-9deb-2d7652759a99.s.8.e.3" e2="Dailymed.457a026c-ebce-4701-9deb-2d7652759a99.s.8.e.1"/></sentence><sentence id="Dailymed.457a026c-ebce-4701-9deb-2d7652759a99.s.10" text="Each 100 mL contains 10 mg, 20 mg, or 40 mg nitroglycerin (added as Diluted Nitroglycerin, USP with propylene glycol), 5 g Dextrose Hydrous, USP, 0.84 mL Alcohol, USP (added as a dissolution aid), and 105 mg Citric Acid Hydrous, USP (added as a buffer). " type="negative"><entity charOffset="76:89" id="Dailymed.457a026c-ebce-4701-9deb-2d7652759a99.s.10.e.0" text="nitroglycerin" type="Biomedical_Entity"><Normalization><mmtx cui="C0017887" phraseText="added as Diluted Nitroglycerin," preferredWord="Nitroglycerin" semType="phsu, orch"/><RxNorm RxCui="4917"/></Normalization></entity><entity charOffset="44:57" id="Dailymed.457a026c-ebce-4701-9deb-2d7652759a99.s.10.e.1" text="nitroglycerin" type="Biomedical_Entity"><Normalization><mmtx cui="C0885378" phraseText="40 mg nitroglycerin" preferredWord="Glonoine, nitroglycerine, Homeopathic preparation" semType="phsu, orch"/><RxNorm RxCui="4917"/></Normalization></entity><entity charOffset="119:131" id="Dailymed.457a026c-ebce-4701-9deb-2d7652759a99.s.10.e.2" text="5 dextrose" type="Biomedical_Entity"><Normalization><mmtx cui="C0985452" phraseText="5 g Dextrose Hydrous, USP," preferredWord="Glucose 50 MG/ML" semType="clnd"/><RxNorm RxCui="NA"/></Normalization></entity><entity charOffset="245:251" id="Dailymed.457a026c-ebce-4701-9deb-2d7652759a99.s.10.e.3" text="buffer" type="Biomedical_Entity"><Normalization><mmtx cui="C0006353" phraseText="added as a buffer" preferredWord="Buffers" semType="phsu, irda"/><RxNorm RxCui="604979"/></Normalization></entity><entity charOffset="100:116" id="Dailymed.457a026c-ebce-4701-9deb-2d7652759a99.s.10.e.4" text="propylene glycol" type="Biomedical_Entity"><Normalization><mmtx cui="C0072225" phraseText="USP with propylene glycol" preferredWord="Propylene glycol" semType="phsu, bodm, orch"/><RxNorm RxCui="1314239"/></Normalization></entity><entity charOffset="208:219" id="Dailymed.457a026c-ebce-4701-9deb-2d7652759a99.s.10.e.5" text="citric acid" type="Biomedical_Entity"><Normalization><mmtx cui="C0055819" phraseText="105 mg Citric Acid Hydrous, USP (" preferredWord="Citric Acid" semType="bacs, phsu, orch"/><RxNorm RxCui="21183"/></Normalization></entity><pair ddi="false" e1="Dailymed.457a026c-ebce-4701-9deb-2d7652759a99.s.10.e.0" e2="Dailymed.457a026c-ebce-4701-9deb-2d7652759a99.s.10.e.2"/><pair ddi="false" e1="Dailymed.457a026c-ebce-4701-9deb-2d7652759a99.s.10.e.0" e2="Dailymed.457a026c-ebce-4701-9deb-2d7652759a99.s.10.e.3"/><pair ddi="false" e1="Dailymed.457a026c-ebce-4701-9deb-2d7652759a99.s.10.e.0" e2="Dailymed.457a026c-ebce-4701-9deb-2d7652759a99.s.10.e.4"/><pair ddi="false" e1="Dailymed.457a026c-ebce-4701-9deb-2d7652759a99.s.10.e.0" e2="Dailymed.457a026c-ebce-4701-9deb-2d7652759a99.s.10.e.5"/><pair ddi="false" e1="Dailymed.457a026c-ebce-4701-9deb-2d7652759a99.s.10.e.1" e2="Dailymed.457a026c-ebce-4701-9deb-2d7652759a99.s.10.e.2"/><pair ddi="false" e1="Dailymed.457a026c-ebce-4701-9deb-2d7652759a99.s.10.e.1" e2="Dailymed.457a026c-ebce-4701-9deb-2d7652759a99.s.10.e.3"/><pair ddi="false" e1="Dailymed.457a026c-ebce-4701-9deb-2d7652759a99.s.10.e.1" e2="Dailymed.457a026c-ebce-4701-9deb-2d7652759a99.s.10.e.4"/><pair ddi="false" e1="Dailymed.457a026c-ebce-4701-9deb-2d7652759a99.s.10.e.1" e2="Dailymed.457a026c-ebce-4701-9deb-2d7652759a99.s.10.e.5"/><pair ddi="false" e1="Dailymed.457a026c-ebce-4701-9deb-2d7652759a99.s.10.e.2" e2="Dailymed.457a026c-ebce-4701-9deb-2d7652759a99.s.10.e.3"/><pair ddi="false" e1="Dailymed.457a026c-ebce-4701-9deb-2d7652759a99.s.10.e.4" e2="Dailymed.457a026c-ebce-4701-9deb-2d7652759a99.s.10.e.2"/><pair ddi="false" e1="Dailymed.457a026c-ebce-4701-9deb-2d7652759a99.s.10.e.2" e2="Dailymed.457a026c-ebce-4701-9deb-2d7652759a99.s.10.e.5"/><pair ddi="false" e1="Dailymed.457a026c-ebce-4701-9deb-2d7652759a99.s.10.e.4" e2="Dailymed.457a026c-ebce-4701-9deb-2d7652759a99.s.10.e.3"/><pair ddi="false" e1="Dailymed.457a026c-ebce-4701-9deb-2d7652759a99.s.10.e.5" e2="Dailymed.457a026c-ebce-4701-9deb-2d7652759a99.s.10.e.3"/><pair ddi="false" e1="Dailymed.457a026c-ebce-4701-9deb-2d7652759a99.s.10.e.4" e2="Dailymed.457a026c-ebce-4701-9deb-2d7652759a99.s.10.e.5"/></sentence><sentence id="Dailymed.457a026c-ebce-4701-9deb-2d7652759a99.s.12" text="Although dry nitroglycerin is explosive, nitroglycerin in 5% dextrose is not." type="negative"><entity charOffset="13:26" id="Dailymed.457a026c-ebce-4701-9deb-2d7652759a99.s.12.e.0" text="nitroglycerin" type="Biomedical_Entity"><Normalization><mmtx cui="C0017887" phraseText="dry nitroglycerin" preferredWord="Nitroglycerin" semType="phsu, orch"/><RxNorm RxCui="4917"/></Normalization></entity><entity charOffset="58:69" id="Dailymed.457a026c-ebce-4701-9deb-2d7652759a99.s.12.e.1" text="5 dextrose" type="Biomedical_Entity"><Normalization><mmtx cui="C0985452" phraseText="explosive, nitroglycerin in 5% dextrose" preferredWord="Glucose 50 MG/ML" semType="clnd"/><RxNorm RxCui="NA"/></Normalization></entity><entity charOffset="41:54" id="Dailymed.457a026c-ebce-4701-9deb-2d7652759a99.s.12.e.2" text="nitroglycerin" type="Biomedical_Entity"><Normalization><mmtx cui="C0885378" phraseText="explosive, nitroglycerin in 5% dextrose" preferredWord="Glonoine, nitroglycerine, Homeopathic preparation" semType="phsu, orch"/><RxNorm RxCui="4917"/></Normalization></entity><pair ddi="false" e1="Dailymed.457a026c-ebce-4701-9deb-2d7652759a99.s.12.e.0" e2="Dailymed.457a026c-ebce-4701-9deb-2d7652759a99.s.12.e.1"/><pair ddi="false" e1="Dailymed.457a026c-ebce-4701-9deb-2d7652759a99.s.12.e.2" e2="Dailymed.457a026c-ebce-4701-9deb-2d7652759a99.s.12.e.1"/></sentence><sentence id="Dailymed.457a026c-ebce-4701-9deb-2d7652759a99.s.18" text="Nitroglycerin in 5% Dextrose Injection is contraindicated in patients who are allergic to it." type="negative"><entity charOffset="0:13" id="Dailymed.457a026c-ebce-4701-9deb-2d7652759a99.s.18.e.0" text="nitroglycerin" type="Biomedical_Entity"><Normalization><mmtx cui="C0885378" phraseText="Nitroglycerin in 5% Dextrose Injection" preferredWord="Glonoine, nitroglycerine, Homeopathic preparation" semType="phsu, orch"/><RxNorm RxCui="4917"/></Normalization></entity><entity charOffset="17:28" id="Dailymed.457a026c-ebce-4701-9deb-2d7652759a99.s.18.e.1" text="5 dextrose" type="Biomedical_Entity"><Normalization><mmtx cui="C0985452" phraseText="Nitroglycerin in 5% Dextrose Injection" preferredWord="Glucose 50 MG/ML" semType="clnd"/><RxNorm RxCui="NA"/></Normalization></entity><pair ddi="false" e1="Dailymed.457a026c-ebce-4701-9deb-2d7652759a99.s.18.e.0" e2="Dailymed.457a026c-ebce-4701-9deb-2d7652759a99.s.18.e.1"/></sentence><sentence id="Dailymed.457a026c-ebce-4701-9deb-2d7652759a99.s.21" text="Solutions containing dextrose may be contraindicated in patients with known allergy to corn or corn products." type="negative"><entity charOffset="95:99" id="Dailymed.457a026c-ebce-4701-9deb-2d7652759a99.s.21.e.0" text="corn" type="Biomedical_Entity"><Normalization><mmtx cui="C1095906" phraseText="corn products." preferredWord="corn extract" semType="phsu"/><RxNorm RxCui="1323308"/></Normalization></entity><entity charOffset="21:29" id="Dailymed.457a026c-ebce-4701-9deb-2d7652759a99.s.21.e.1" text="dextrose" type="Biomedical_Entity"><Normalization><mmtx cui="C0017725" phraseText="dextrose" preferredWord="Glucose" semType="bacs, phsu, carb"/><RxNorm RxCui="4850"/></Normalization></entity><entity charOffset="87:91" id="Dailymed.457a026c-ebce-4701-9deb-2d7652759a99.s.21.e.2" text="corn" type="Biomedical_Entity"><Normalization><mmtx cui="C1095906" phraseText="to corn" preferredWord="corn extract" semType="phsu"/><RxNorm RxCui="1323308"/></Normalization></entity><pair ddi="false" e1="Dailymed.457a026c-ebce-4701-9deb-2d7652759a99.s.21.e.1" e2="Dailymed.457a026c-ebce-4701-9deb-2d7652759a99.s.21.e.0"/><pair ddi="false" e1="Dailymed.457a026c-ebce-4701-9deb-2d7652759a99.s.21.e.1" e2="Dailymed.457a026c-ebce-4701-9deb-2d7652759a99.s.21.e.2"/></sentence><sentence biomedicalEntities="2" id="Dailymed.457a026c-ebce-4701-9deb-2d7652759a99.s.23" lineNumber="24" text="Amplification of the vasodilatory effects of Nitroglycerin by sildenafil can result in severe hypotension. " type="regular"><entity charOffset="45:58" id="Dailymed.457a026c-ebce-4701-9deb-2d7652759a99.s.23.e.0" text="Nitroglycerin" type="Drug"><Normalization><mmtx cui="C0017887" phraseText="Amplification of the vasodilatory effects of Nitroglycerin" preferredWord="Nitroglycerin" semType="phsu, orch"/><mmtx cui="C0885378" phraseText="Amplification of the vasodilatory effects of Nitroglycerin" preferredWord="Glonoine, nitroglycerine, Homeopathic preparation" semType="phsu, orch"/><RxNorm RxCui="4917"/></Normalization></entity><entity charOffset="62:72" id="Dailymed.457a026c-ebce-4701-9deb-2d7652759a99.s.23.e.1" text="sildenafil" type="Drug"><Normalization><mmtx cui="C0529793" phraseText="by sildenafil" preferredWord="sildenafil" semType="phsu, orch"/><RxNorm RxCui="136411"/></Normalization></entity><entity charOffset="87:105" id="Dailymed.457a026c-ebce-4701-9deb-2d7652759a99.s.23.e.2" text="severe hypotension" type="Specific_Interaction"/><drugInteraction id="Dailymed.457a026c-ebce-4701-9deb-2d7652759a99.s.23.ddi.1"><interaction trigger="Dailymed.457a026c-ebce-4701-9deb-2d7652759a99.s.23.e.2"><relations><relation type="hasPrecipitant"><entity id="Dailymed.457a026c-ebce-4701-9deb-2d7652759a99.s.23.e.1"/></relation><relation type="hasObject"><entity id="Dailymed.457a026c-ebce-4701-9deb-2d7652759a99.s.23.e.0"/></relation></relations></interaction></drugInteraction><pair ddi="true" e1="Dailymed.457a026c-ebce-4701-9deb-2d7652759a99.s.23.e.0" e2="Dailymed.457a026c-ebce-4701-9deb-2d7652759a99.s.23.e.1" trigger="Dailymed.457a026c-ebce-4701-9deb-2d7652759a99.s.23.e.2" type="Specific_Interaction"/></sentence><sentence id="Dailymed.457a026c-ebce-4701-9deb-2d7652759a99.s.28" text="The delivered fraction of the solution's original nitroglycerin content has been 20-60% in published studies using PVC tubing, the fraction varies with time during a single infusion, and no simple correction factor can be used. " type="negative"><entity charOffset="50:63" id="Dailymed.457a026c-ebce-4701-9deb-2d7652759a99.s.28.e.0" text="nitroglycerin" type="Biomedical_Entity"><Normalization><mmtx cui="C0017887" phraseText="The delivered fraction of the solution's original nitroglycerin content" preferredWord="Nitroglycerin" semType="phsu, orch"/><RxNorm RxCui="4917"/></Normalization></entity><entity charOffset="4:13" id="Dailymed.457a026c-ebce-4701-9deb-2d7652759a99.s.28.e.1" text="delivered" type="Biomedical_Entity"><Normalization><mmtx cui="C1874964" phraseText="The delivered fraction of the solution's original nitroglycerin content" preferredWord="DELIVER (Dietary Supplement)" semType="phsu"/><RxNorm RxCui="693491"/></Normalization></entity><pair ddi="false" e1="Dailymed.457a026c-ebce-4701-9deb-2d7652759a99.s.28.e.1" e2="Dailymed.457a026c-ebce-4701-9deb-2d7652759a99.s.28.e.0"/></sentence><sentence id="Dailymed.457a026c-ebce-4701-9deb-2d7652759a99.s.35" text="The intravenous administration of solutions may cause fluid overloading resulting in dilution of serum electrolyte concentrations, overhydration and congested states of pulmonary edema. " type="negative"><entity charOffset="149:158" id="Dailymed.457a026c-ebce-4701-9deb-2d7652759a99.s.35.e.0" text="congested" type="Biomedical_Entity"><Normalization><mmtx cui="C0700150" phraseText="congested states of pulmonary edema." preferredWord="Congest" semType="strd, phsu, horm"/><RxNorm RxCui="1096425"/></Normalization></entity><entity charOffset="103:114" id="Dailymed.457a026c-ebce-4701-9deb-2d7652759a99.s.35.e.1" text="electrolyte" type="Biomedical_Entity"><Normalization><mmtx cui="C3536863" phraseText="resulting in dilution of serum electrolyte concentrations," preferredWord="Electrolyte [EPC]" semType="phsu"/><RxNorm RxCui="3793"/></Normalization></entity><pair ddi="false" e1="Dailymed.457a026c-ebce-4701-9deb-2d7652759a99.s.35.e.1" e2="Dailymed.457a026c-ebce-4701-9deb-2d7652759a99.s.35.e.0"/></sentence><sentence id="Dailymed.457a026c-ebce-4701-9deb-2d7652759a99.s.37" text="The risk of solute overload causing congested states with peripheral and pulmonary edema is directly proportional to the electrolyte concentration of the injections." type="negative"><entity charOffset="121:132" id="Dailymed.457a026c-ebce-4701-9deb-2d7652759a99.s.37.e.0" text="electrolyte" type="Biomedical_Entity"><Normalization><mmtx cui="C0013832" phraseText="directly proportional to the electrolyte concentration of the injections." preferredWord="Electrolytes" semType="inch, phsu"/><RxNorm RxCui="3793"/></Normalization></entity><entity charOffset="36:45" id="Dailymed.457a026c-ebce-4701-9deb-2d7652759a99.s.37.e.1" text="congested" type="Biomedical_Entity"><Normalization><mmtx cui="C0700150" phraseText="congested states with peripheral" preferredWord="Congest" semType="strd, phsu, horm"/><RxNorm RxCui="1096425"/></Normalization></entity><pair ddi="false" e1="Dailymed.457a026c-ebce-4701-9deb-2d7652759a99.s.37.e.1" e2="Dailymed.457a026c-ebce-4701-9deb-2d7652759a99.s.37.e.0"/></sentence><sentence id="Dailymed.457a026c-ebce-4701-9deb-2d7652759a99.s.49" text="Lower concentrations of Nitroglycerin in 5% Dextrose Injection increase the potential precision of dosing, but these concentrations increase the total fluid volume that must be delivered to the patient. " type="negative"><entity charOffset="24:37" id="Dailymed.457a026c-ebce-4701-9deb-2d7652759a99.s.49.e.0" text="nitroglycerin" type="Biomedical_Entity"><Normalization><mmtx cui="C0017887" phraseText="Lower concentrations of Nitroglycerin" preferredWord="Nitroglycerin" semType="phsu, orch"/><RxNorm RxCui="4917"/></Normalization></entity><entity charOffset="41:52" id="Dailymed.457a026c-ebce-4701-9deb-2d7652759a99.s.49.e.1" text="5 dextrose" type="Biomedical_Entity"><Normalization><mmtx cui="C0985452" phraseText="in 5% Dextrose Injection" preferredWord="Glucose 50 MG/ML" semType="clnd"/><RxNorm RxCui="NA"/></Normalization></entity><entity charOffset="177:186" id="Dailymed.457a026c-ebce-4701-9deb-2d7652759a99.s.49.e.2" text="delivered" type="Biomedical_Entity"><Normalization><mmtx cui="C1874964" phraseText="delivered to the patient." preferredWord="DELIVER (Dietary Supplement)" semType="phsu"/><RxNorm RxCui="693491"/></Normalization></entity><entity charOffset="86:95" id="Dailymed.457a026c-ebce-4701-9deb-2d7652759a99.s.49.e.3" text="precision" type="Biomedical_Entity"><Normalization><mmtx cui="C2939802" phraseText="the potential precision of dosing," preferredWord="Precise" semType="phsu"/><RxNorm RxCui="317175"/></Normalization></entity><pair ddi="false" e1="Dailymed.457a026c-ebce-4701-9deb-2d7652759a99.s.49.e.0" e2="Dailymed.457a026c-ebce-4701-9deb-2d7652759a99.s.49.e.1"/><pair ddi="false" e1="Dailymed.457a026c-ebce-4701-9deb-2d7652759a99.s.49.e.0" e2="Dailymed.457a026c-ebce-4701-9deb-2d7652759a99.s.49.e.2"/><pair ddi="false" e1="Dailymed.457a026c-ebce-4701-9deb-2d7652759a99.s.49.e.0" e2="Dailymed.457a026c-ebce-4701-9deb-2d7652759a99.s.49.e.3"/><pair ddi="false" e1="Dailymed.457a026c-ebce-4701-9deb-2d7652759a99.s.49.e.1" e2="Dailymed.457a026c-ebce-4701-9deb-2d7652759a99.s.49.e.2"/><pair ddi="false" e1="Dailymed.457a026c-ebce-4701-9deb-2d7652759a99.s.49.e.1" e2="Dailymed.457a026c-ebce-4701-9deb-2d7652759a99.s.49.e.3"/><pair ddi="false" e1="Dailymed.457a026c-ebce-4701-9deb-2d7652759a99.s.49.e.3" e2="Dailymed.457a026c-ebce-4701-9deb-2d7652759a99.s.49.e.2"/></sentence><sentence id="Dailymed.457a026c-ebce-4701-9deb-2d7652759a99.s.51" text="Nitroglycerin in 5% Dextrose Injection should be administered only via an infusion pump that can maintain a constant infusion rate." type="negative"><entity charOffset="0:13" id="Dailymed.457a026c-ebce-4701-9deb-2d7652759a99.s.51.e.0" text="nitroglycerin" type="Biomedical_Entity"><Normalization><mmtx cui="C0885378" phraseText="Nitroglycerin in 5% Dextrose Injection" preferredWord="Glonoine, nitroglycerine, Homeopathic preparation" semType="phsu, orch"/><RxNorm RxCui="4917"/></Normalization></entity><entity charOffset="17:28" id="Dailymed.457a026c-ebce-4701-9deb-2d7652759a99.s.51.e.1" text="5 dextrose" type="Biomedical_Entity"><Normalization><mmtx cui="C0985452" phraseText="Nitroglycerin in 5% Dextrose Injection" preferredWord="Glucose 50 MG/ML" semType="clnd"/><RxNorm RxCui="NA"/></Normalization></entity><pair ddi="false" e1="Dailymed.457a026c-ebce-4701-9deb-2d7652759a99.s.51.e.0" e2="Dailymed.457a026c-ebce-4701-9deb-2d7652759a99.s.51.e.1"/></sentence><sentence id="Dailymed.457a026c-ebce-4701-9deb-2d7652759a99.s.52" text="Intracoronary injection of Nitroglycerin in 5% Dextrose Injection has not been studied." type="negative"><entity charOffset="27:40" id="Dailymed.457a026c-ebce-4701-9deb-2d7652759a99.s.52.e.0" text="nitroglycerin" type="Biomedical_Entity"><Normalization><mmtx cui="C0017887" phraseText="Intracoronary injection of Nitroglycerin" preferredWord="Nitroglycerin" semType="phsu, orch"/><RxNorm RxCui="4917"/></Normalization></entity><entity charOffset="44:55" id="Dailymed.457a026c-ebce-4701-9deb-2d7652759a99.s.52.e.1" text="5 dextrose" type="Biomedical_Entity"><Normalization><mmtx cui="C0985452" phraseText="in 5% Dextrose Injection" preferredWord="Glucose 50 MG/ML" semType="clnd"/><RxNorm RxCui="NA"/></Normalization></entity><pair ddi="false" e1="Dailymed.457a026c-ebce-4701-9deb-2d7652759a99.s.52.e.0" e2="Dailymed.457a026c-ebce-4701-9deb-2d7652759a99.s.52.e.1"/></sentence><sentence id="Dailymed.457a026c-ebce-4701-9deb-2d7652759a99.s.54" text="Because of the propylene glycol content of intravenous nitroglycerin, serum triglyceride assays that rely on glycerol oxidase may give falsely elevated results in patients receiving this medication." type="negative"><entity charOffset="15:31" id="Dailymed.457a026c-ebce-4701-9deb-2d7652759a99.s.54.e.0" text="propylene glycol" type="Biomedical_Entity"><Normalization><mmtx cui="C0072225" phraseText="Because of the propylene glycol content" preferredWord="Propylene glycol" semType="phsu, bodm, orch"/><RxNorm RxCui="1314239"/></Normalization></entity><entity charOffset="109:117" id="Dailymed.457a026c-ebce-4701-9deb-2d7652759a99.s.54.e.1" text="glycerol" type="Biomedical_Entity"><Normalization><mmtx cui="C0017861" phraseText="rely on glycerol oxidase" preferredWord="Glycerin" semType="bacs, phsu, orch"/><RxNorm RxCui="4910"/></Normalization></entity><entity charOffset="55:68" id="Dailymed.457a026c-ebce-4701-9deb-2d7652759a99.s.54.e.2" text="nitroglycerin" type="Biomedical_Entity"><Normalization><mmtx cui="C0885378" phraseText="of intravenous nitroglycerin," preferredWord="Glonoine, nitroglycerine, Homeopathic preparation" semType="phsu, orch"/><RxNorm RxCui="4917"/></Normalization></entity><pair ddi="false" e1="Dailymed.457a026c-ebce-4701-9deb-2d7652759a99.s.54.e.0" e2="Dailymed.457a026c-ebce-4701-9deb-2d7652759a99.s.54.e.1"/><pair ddi="false" e1="Dailymed.457a026c-ebce-4701-9deb-2d7652759a99.s.54.e.0" e2="Dailymed.457a026c-ebce-4701-9deb-2d7652759a99.s.54.e.2"/><pair ddi="false" e1="Dailymed.457a026c-ebce-4701-9deb-2d7652759a99.s.54.e.2" e2="Dailymed.457a026c-ebce-4701-9deb-2d7652759a99.s.54.e.1"/></sentence><sentence biomedicalEntities="2" id="Dailymed.457a026c-ebce-4701-9deb-2d7652759a99.s.55" lineNumber="43" text="The vasodilating effects of nitroglycerin may be additive with those of other vasodilators." type="regular"><entity charOffset="78:90" id="Dailymed.457a026c-ebce-4701-9deb-2d7652759a99.s.55.e.0" text="vasodilators" type="Drug_Class"><Normalization><mmtx cui="C0042402" phraseText="additive with those of other vasodilators." preferredWord="Vasodilator Agents" semType="phsu"/><RxNorm RxCui="11146"/></Normalization></entity><entity charOffset="28:41" id="Dailymed.457a026c-ebce-4701-9deb-2d7652759a99.s.55.e.1" text="nitroglycerin" type="Drug"><Normalization><mmtx cui="C0017887" phraseText="The vasodilating effects of nitroglycerin" preferredWord="Nitroglycerin" semType="phsu, orch"/><mmtx cui="C0885378" phraseText="The vasodilating effects of nitroglycerin" preferredWord="Glonoine, nitroglycerine, Homeopathic preparation" semType="phsu, orch"/><RxNorm RxCui="4917"/></Normalization></entity><entity charOffset="4:24|49:57" id="Dailymed.457a026c-ebce-4701-9deb-2d7652759a99.s.55.e.2" text="vasodilating effects additive" type="Specific_Interaction"/><drugInteraction id="Dailymed.457a026c-ebce-4701-9deb-2d7652759a99.s.55.ddi.1"><interaction trigger="Dailymed.457a026c-ebce-4701-9deb-2d7652759a99.s.55.e.2"><relations><relation type="hasPrecipitant"><entity id="Dailymed.457a026c-ebce-4701-9deb-2d7652759a99.s.55.e.0"/></relation><relation type="hasObject"><entity id="Dailymed.457a026c-ebce-4701-9deb-2d7652759a99.s.55.e.1"/></relation></relations></interaction></drugInteraction><pair ddi="true" e1="Dailymed.457a026c-ebce-4701-9deb-2d7652759a99.s.55.e.1" e2="Dailymed.457a026c-ebce-4701-9deb-2d7652759a99.s.55.e.0" trigger="Dailymed.457a026c-ebce-4701-9deb-2d7652759a99.s.55.e.2" type="Specific_Interaction"/></sentence><sentence biomedicalEntities="2" id="Dailymed.457a026c-ebce-4701-9deb-2d7652759a99.s.56" lineNumber="44" text="Marked symptomatic orthostatic hypotension has been reported when calcium channel blockers and organic nitrates were used in combination." type="regular"><entity charOffset="7:42" id="Dailymed.457a026c-ebce-4701-9deb-2d7652759a99.s.56.e.0" text="symptomatic orthostatic hypotension" type="Specific_Interaction"><Normalization><mmtx cui="C0149746" phraseText="Marked symptomatic orthostatic hypotension" preferredWord="Orthostasis" semType="sosy"/></Normalization></entity><entity charOffset="66:90" id="Dailymed.457a026c-ebce-4701-9deb-2d7652759a99.s.56.e.2" text="calcium channel blockers" type="Drug_Class"><Normalization><mmtx cui="C0006684" phraseText="calcium channel blockers" preferredWord="Calcium Channel Blockers" semType="phsu"/><RxNorm RxCui="1895"/></Normalization></entity><entity charOffset="95:111" id="Dailymed.457a026c-ebce-4701-9deb-2d7652759a99.s.56.e.3" text="organic nitrates" type="Drug_Class"><Normalization><RxNorm RxCui="1427579"/></Normalization></entity><drugInteraction id="Dailymed.457a026c-ebce-4701-9deb-2d7652759a99.s.56.ddi.1"><interaction trigger="Dailymed.457a026c-ebce-4701-9deb-2d7652759a99.s.56.e.0"><relations><relation type="hasPrecipitant"><entity id="Dailymed.457a026c-ebce-4701-9deb-2d7652759a99.s.56.e.2"/></relation><relation type="hasObject"><entity id="Dailymed.457a026c-ebce-4701-9deb-2d7652759a99.s.56.e.3"/></relation></relations></interaction></drugInteraction><pair ddi="true" e1="Dailymed.457a026c-ebce-4701-9deb-2d7652759a99.s.56.e.2" e2="Dailymed.457a026c-ebce-4701-9deb-2d7652759a99.s.56.e.3" trigger="Dailymed.457a026c-ebce-4701-9deb-2d7652759a99.s.56.e.0" type="Specific_Interaction"/></sentence><sentence biomedicalEntities="2" id="Dailymed.457a026c-ebce-4701-9deb-2d7652759a99.s.57" lineNumber="45" text="Intravenous nitroglycerin interferes, at least in some patients, with the anticoagulant effect of heparin. " type="regular"><entity charOffset="0:25" id="Dailymed.457a026c-ebce-4701-9deb-2d7652759a99.s.57.e.0" text="Intravenous nitroglycerin" type="Drug"><Normalization><mmtx cui="C0017887" phraseText="Intravenous nitroglycerin" preferredWord="Nitroglycerin" semType="phsu, orch"/><mmtx cui="C0885378" phraseText="Intravenous nitroglycerin" preferredWord="Glonoine, nitroglycerine, Homeopathic preparation" semType="phsu, orch"/><RxNorm RxCui="NA"/></Normalization></entity><entity charOffset="98:105" id="Dailymed.457a026c-ebce-4701-9deb-2d7652759a99.s.57.e.1" text="heparin" type="Drug"><Normalization><mmtx cui="C0019134" phraseText="of heparin." preferredWord="Heparin" semType="bacs, phsu, carb"/><mmtx cui="C0770546" phraseText="of heparin." preferredWord="heparin, porcine" semType="bacs, phsu, carb"/><RxNorm RxCui="5224"/></Normalization></entity><entity charOffset="26:36|65:94" id="Dailymed.457a026c-ebce-4701-9deb-2d7652759a99.s.57.e.2" text="interferes with the anticoagulant effect" type="Specific_Interaction"/><drugInteraction id="Dailymed.457a026c-ebce-4701-9deb-2d7652759a99.s.57.ddi.1"><interaction trigger="Dailymed.457a026c-ebce-4701-9deb-2d7652759a99.s.57.e.2"><relations><relation type="hasPrecipitant"><entity id="Dailymed.457a026c-ebce-4701-9deb-2d7652759a99.s.57.e.1"/></relation><relation type="hasObject"><entity id="Dailymed.457a026c-ebce-4701-9deb-2d7652759a99.s.57.e.0"/></relation></relations></interaction></drugInteraction><pair ddi="true" e1="Dailymed.457a026c-ebce-4701-9deb-2d7652759a99.s.57.e.0" e2="Dailymed.457a026c-ebce-4701-9deb-2d7652759a99.s.57.e.1" trigger="Dailymed.457a026c-ebce-4701-9deb-2d7652759a99.s.57.e.2" type="Specific_Interaction"/></sentence><sentence biomedicalEntities="2" id="Dailymed.457a026c-ebce-4701-9deb-2d7652759a99.s.58" lineNumber="45" text="In patients receiving intravenous nitroglycerin, concomitant heparin therapy should be guided by frequent measurement of the activated partial thromboplastin time." type="regular"><entity charOffset="22:47" id="Dailymed.457a026c-ebce-4701-9deb-2d7652759a99.s.58.e.0" text="intravenous nitroglycerin" type="Drug"><Normalization><mmtx cui="C0017887" phraseText="intravenous nitroglycerin," preferredWord="Nitroglycerin" semType="phsu, orch"/><mmtx cui="C0885378" phraseText="intravenous nitroglycerin," preferredWord="Glonoine, nitroglycerine, Homeopathic preparation" semType="phsu, orch"/><RxNorm RxCui="NA"/></Normalization></entity><entity charOffset="61:68" id="Dailymed.457a026c-ebce-4701-9deb-2d7652759a99.s.58.e.1" text="heparin" type="Drug"><Normalization><mmtx cui="C0019134" phraseText="concomitant heparin therapy" preferredWord="Heparin" semType="bacs, phsu, carb"/><mmtx cui="C0770546" phraseText="concomitant heparin therapy" preferredWord="heparin, porcine" semType="bacs, phsu, carb"/><RxNorm RxCui="5224"/></Normalization></entity><entity charOffset="106:117" id="Dailymed.457a026c-ebce-4701-9deb-2d7652759a99.s.58.e.2" text="measurement" type="Caution_Interaction"/><drugInteraction id="Dailymed.457a026c-ebce-4701-9deb-2d7652759a99.s.58.ddi.1"><interaction trigger="Dailymed.457a026c-ebce-4701-9deb-2d7652759a99.s.58.e.2"><relations><relation type="hasObject"><entity id="Dailymed.457a026c-ebce-4701-9deb-2d7652759a99.s.58.e.0"/></relation><relation type="hasPrecipitant"><entity id="Dailymed.457a026c-ebce-4701-9deb-2d7652759a99.s.58.e.1"/></relation></relations></interaction></drugInteraction><pair ddi="true" e1="Dailymed.457a026c-ebce-4701-9deb-2d7652759a99.s.58.e.0" e2="Dailymed.457a026c-ebce-4701-9deb-2d7652759a99.s.58.e.1" trigger="Dailymed.457a026c-ebce-4701-9deb-2d7652759a99.s.58.e.2" type="Caution_Interaction"/></sentence><sentence id="Dailymed.457a026c-ebce-4701-9deb-2d7652759a99.s.59" text="Administration of Nitroglycerin in 5% Dextrose Injection through the same infusion set as blood can result in pseudoagglutination and hemolysis. " type="negative"><entity charOffset="35:46" id="Dailymed.457a026c-ebce-4701-9deb-2d7652759a99.s.59.e.0" text="5 dextrose" type="Biomedical_Entity"><Normalization><mmtx cui="C0985452" phraseText="in 5% Dextrose Injection" preferredWord="Glucose 50 MG/ML" semType="clnd"/><RxNorm RxCui="NA"/></Normalization></entity><entity charOffset="18:31" id="Dailymed.457a026c-ebce-4701-9deb-2d7652759a99.s.59.e.1" text="nitroglycerin" type="Biomedical_Entity"><Normalization><mmtx cui="C0885378" phraseText="Administration of Nitroglycerin" preferredWord="Glonoine, nitroglycerine, Homeopathic preparation" semType="phsu, orch"/><RxNorm RxCui="4917"/></Normalization></entity><pair ddi="false" e1="Dailymed.457a026c-ebce-4701-9deb-2d7652759a99.s.59.e.1" e2="Dailymed.457a026c-ebce-4701-9deb-2d7652759a99.s.59.e.0"/></sentence><sentence id="Dailymed.457a026c-ebce-4701-9deb-2d7652759a99.s.60" text="More generally, Nitroglycerin in 5% Dextrose Injection should not be mixed with any other medication of any kind." type="negative"><entity charOffset="33:44" id="Dailymed.457a026c-ebce-4701-9deb-2d7652759a99.s.60.e.0" text="5 dextrose" type="Biomedical_Entity"><Normalization><mmtx cui="C0985452" phraseText="Nitroglycerin in 5% Dextrose Injection" preferredWord="Glucose 50 MG/ML" semType="clnd"/><RxNorm RxCui="NA"/></Normalization></entity><entity charOffset="84:100" id="Dailymed.457a026c-ebce-4701-9deb-2d7652759a99.s.60.e.1" text="other medication" type="Biomedical_Entity"><Normalization><mmtx cui="C1115771" phraseText="other medication of any kind." preferredWord="Other medications" semType="phsu"/><RxNorm RxCui="1429329"/></Normalization></entity><entity charOffset="16:29" id="Dailymed.457a026c-ebce-4701-9deb-2d7652759a99.s.60.e.2" text="nitroglycerin" type="Biomedical_Entity"><Normalization><mmtx cui="C0885378" phraseText="Nitroglycerin in 5% Dextrose Injection" preferredWord="Glonoine, nitroglycerine, Homeopathic preparation" semType="phsu, orch"/><RxNorm RxCui="4917"/></Normalization></entity><pair ddi="false" e1="Dailymed.457a026c-ebce-4701-9deb-2d7652759a99.s.60.e.0" e2="Dailymed.457a026c-ebce-4701-9deb-2d7652759a99.s.60.e.1"/><pair ddi="false" e1="Dailymed.457a026c-ebce-4701-9deb-2d7652759a99.s.60.e.2" e2="Dailymed.457a026c-ebce-4701-9deb-2d7652759a99.s.60.e.0"/><pair ddi="false" e1="Dailymed.457a026c-ebce-4701-9deb-2d7652759a99.s.60.e.2" e2="Dailymed.457a026c-ebce-4701-9deb-2d7652759a99.s.60.e.1"/></sentence><sentence id="Dailymed.457a026c-ebce-4701-9deb-2d7652759a99.s.87" text="Nitroglycerin in 5% Dextrose Injection is intended for intravenous administration using sterile equipment. " type="negative"><entity charOffset="17:28" id="Dailymed.457a026c-ebce-4701-9deb-2d7652759a99.s.87.e.0" text="5 dextrose" type="Biomedical_Entity"><Normalization><mmtx cui="C0985452" phraseText="Nitroglycerin in 5% Dextrose Injection" preferredWord="Glucose 50 MG/ML" semType="clnd"/><RxNorm RxCui="NA"/></Normalization></entity><entity charOffset="0:13" id="Dailymed.457a026c-ebce-4701-9deb-2d7652759a99.s.87.e.1" text="nitroglycerin" type="Biomedical_Entity"><Normalization><mmtx cui="C0885378" phraseText="Nitroglycerin in 5% Dextrose Injection" preferredWord="Glonoine, nitroglycerine, Homeopathic preparation" semType="phsu, orch"/><RxNorm RxCui="4917"/></Normalization></entity><pair ddi="false" e1="Dailymed.457a026c-ebce-4701-9deb-2d7652759a99.s.87.e.1" e2="Dailymed.457a026c-ebce-4701-9deb-2d7652759a99.s.87.e.0"/></sentence><sentence id="Dailymed.457a026c-ebce-4701-9deb-2d7652759a99.s.96" text="Lower concentrations of Nitroglycerin in 5% Dextrose Injection increase the potential precision of dosing, but these concentrations increase the total fluid volume that must be delivered to the patient. " type="negative"><entity charOffset="24:37" id="Dailymed.457a026c-ebce-4701-9deb-2d7652759a99.s.96.e.0" text="nitroglycerin" type="Biomedical_Entity"><Normalization><mmtx cui="C0885378" phraseText="Lower concentrations of Nitroglycerin" preferredWord="Glonoine, nitroglycerine, Homeopathic preparation" semType="phsu, orch"/><RxNorm RxCui="4917"/></Normalization></entity><entity charOffset="177:186" id="Dailymed.457a026c-ebce-4701-9deb-2d7652759a99.s.96.e.1" text="delivered" type="Biomedical_Entity"><Normalization><mmtx cui="C0308779" phraseText="delivered to the patient." preferredWord="DELIVER (veterinary product)" semType="phsu, orch"/><RxNorm RxCui="693491"/></Normalization></entity><entity charOffset="41:52" id="Dailymed.457a026c-ebce-4701-9deb-2d7652759a99.s.96.e.2" text="5 dextrose" type="Biomedical_Entity"><Normalization><mmtx cui="C0985452" phraseText="in 5% Dextrose Injection" preferredWord="Glucose 50 MG/ML" semType="clnd"/><RxNorm RxCui="NA"/></Normalization></entity><entity charOffset="86:95" id="Dailymed.457a026c-ebce-4701-9deb-2d7652759a99.s.96.e.3" text="precision" type="Biomedical_Entity"><Normalization><mmtx cui="C2939802" phraseText="the potential precision of dosing," preferredWord="Precise" semType="phsu"/><RxNorm RxCui="317175"/></Normalization></entity><pair ddi="false" e1="Dailymed.457a026c-ebce-4701-9deb-2d7652759a99.s.96.e.0" e2="Dailymed.457a026c-ebce-4701-9deb-2d7652759a99.s.96.e.1"/><pair ddi="false" e1="Dailymed.457a026c-ebce-4701-9deb-2d7652759a99.s.96.e.0" e2="Dailymed.457a026c-ebce-4701-9deb-2d7652759a99.s.96.e.2"/><pair ddi="false" e1="Dailymed.457a026c-ebce-4701-9deb-2d7652759a99.s.96.e.0" e2="Dailymed.457a026c-ebce-4701-9deb-2d7652759a99.s.96.e.3"/><pair ddi="false" e1="Dailymed.457a026c-ebce-4701-9deb-2d7652759a99.s.96.e.2" e2="Dailymed.457a026c-ebce-4701-9deb-2d7652759a99.s.96.e.1"/><pair ddi="false" e1="Dailymed.457a026c-ebce-4701-9deb-2d7652759a99.s.96.e.3" e2="Dailymed.457a026c-ebce-4701-9deb-2d7652759a99.s.96.e.1"/><pair ddi="false" e1="Dailymed.457a026c-ebce-4701-9deb-2d7652759a99.s.96.e.2" e2="Dailymed.457a026c-ebce-4701-9deb-2d7652759a99.s.96.e.3"/></sentence><sentence id="Dailymed.457a026c-ebce-4701-9deb-2d7652759a99.s.99" text="Using nonabsorptive tubing, the initial adult dosage of Nitroglycerin in 5% Dextrose Injection should be 5 mcg/min. " type="negative"><entity charOffset="56:69" id="Dailymed.457a026c-ebce-4701-9deb-2d7652759a99.s.99.e.0" text="nitroglycerin" type="Biomedical_Entity"><Normalization><mmtx cui="C0885378" phraseText="the initial adult dosage of Nitroglycerin" preferredWord="Glonoine, nitroglycerine, Homeopathic preparation" semType="phsu, orch"/><RxNorm RxCui="4917"/></Normalization></entity><entity charOffset="73:84" id="Dailymed.457a026c-ebce-4701-9deb-2d7652759a99.s.99.e.1" text="5 dextrose" type="Biomedical_Entity"><Normalization><mmtx cui="C0985452" phraseText="in 5% Dextrose Injection" preferredWord="Glucose 50 MG/ML" semType="clnd"/><RxNorm RxCui="NA"/></Normalization></entity><pair ddi="false" e1="Dailymed.457a026c-ebce-4701-9deb-2d7652759a99.s.99.e.0" e2="Dailymed.457a026c-ebce-4701-9deb-2d7652759a99.s.99.e.1"/></sentence><sentence id="Dailymed.457a026c-ebce-4701-9deb-2d7652759a99.s.105" text="If this precaution is not taken, then depending upon the tubing, pump, and flow rate used, it might be several hours before nitroglycerin is delivered at the desired rate." type="negative"><entity charOffset="124:137" id="Dailymed.457a026c-ebce-4701-9deb-2d7652759a99.s.105.e.0" text="nitroglycerin" type="Biomedical_Entity"><Normalization><mmtx cui="C0885378" phraseText="several hours before nitroglycerin" preferredWord="Glonoine, nitroglycerine, Homeopathic preparation" semType="phsu, orch"/><RxNorm RxCui="4917"/></Normalization></entity><entity charOffset="141:150" id="Dailymed.457a026c-ebce-4701-9deb-2d7652759a99.s.105.e.1" text="delivered" type="Biomedical_Entity"><Normalization><mmtx cui="C0308779" phraseText="delivered at the desired rate." preferredWord="DELIVER (veterinary product)" semType="phsu, orch"/><RxNorm RxCui="693491"/></Normalization></entity><pair ddi="false" e1="Dailymed.457a026c-ebce-4701-9deb-2d7652759a99.s.105.e.0" e2="Dailymed.457a026c-ebce-4701-9deb-2d7652759a99.s.105.e.1"/></sentence><sentence id="Dailymed.457a026c-ebce-4701-9deb-2d7652759a99.s.107" text="Do not add supplementary medication to Nitroglycerin in 5% Dextrose Injection." type="negative"><entity charOffset="39:52" id="Dailymed.457a026c-ebce-4701-9deb-2d7652759a99.s.107.e.0" text="nitroglycerin" type="Biomedical_Entity"><Normalization><mmtx cui="C0017887" phraseText="supplementary medication to Nitroglycerin" preferredWord="Nitroglycerin" semType="phsu, orch"/><RxNorm RxCui="4917"/></Normalization></entity><entity charOffset="56:67" id="Dailymed.457a026c-ebce-4701-9deb-2d7652759a99.s.107.e.1" text="5 dextrose" type="Biomedical_Entity"><Normalization><mmtx cui="C0985452" phraseText="in 5% Dextrose Injection." preferredWord="Glucose 50 MG/ML" semType="clnd"/><RxNorm RxCui="NA"/></Normalization></entity><pair ddi="false" e1="Dailymed.457a026c-ebce-4701-9deb-2d7652759a99.s.107.e.0" e2="Dailymed.457a026c-ebce-4701-9deb-2d7652759a99.s.107.e.1"/></sentence><positiveExamples number="5"/><negativeExamples number="60"/></document>