<?xml version="1.0" encoding="UTF-8" standalone="no"?><document setID="494a714e-923c-cd57-df6c-12886afb265a"><labelDrug name="Thiola"><Normalization/></labelDrug><generic name="tiopronin"/><sentence id="Dailymed.494a714e-923c-cd57-df6c-12886afb265a.s.1" text="Drug Label for drug brand Thiola, containing tiopronin." type="negative"><entity charOffset="26:32" id="Dailymed.494a714e-923c-cd57-df6c-12886afb265a.s.1.e.0" text="thiola" type="Biomedical_Entity"><Normalization><mmtx cui="C0733414" phraseText="Drug Label for drug brand Thiola," preferredWord="Thiola" semType="phsu, aapp"/><RxNorm RxCui="227253"/></Normalization></entity><entity charOffset="0:19" id="Dailymed.494a714e-923c-cd57-df6c-12886afb265a.s.1.e.1" text="drug drug" type="Biomedical_Entity"><Normalization><mmtx cui="C0013231" phraseText="Drug Label for drug brand Thiola," preferredWord="Drugs, Non-Prescription" semType="phsu"/><RxNorm RxCui="NA"/></Normalization></entity><entity charOffset="45:54" id="Dailymed.494a714e-923c-cd57-df6c-12886afb265a.s.1.e.2" text="tiopronin" type="Biomedical_Entity"><Normalization><mmtx cui="C0025405" phraseText="tiopronin." preferredWord="tiopronin" semType="phsu, aapp"/><RxNorm RxCui="6765"/></Normalization></entity><pair ddi="false" e1="Dailymed.494a714e-923c-cd57-df6c-12886afb265a.s.1.e.1" e2="Dailymed.494a714e-923c-cd57-df6c-12886afb265a.s.1.e.0"/><pair ddi="false" e1="Dailymed.494a714e-923c-cd57-df6c-12886afb265a.s.1.e.0" e2="Dailymed.494a714e-923c-cd57-df6c-12886afb265a.s.1.e.2"/><pair ddi="false" e1="Dailymed.494a714e-923c-cd57-df6c-12886afb265a.s.1.e.1" e2="Dailymed.494a714e-923c-cd57-df6c-12886afb265a.s.1.e.2"/></sentence><sentence id="Dailymed.494a714e-923c-cd57-df6c-12886afb265a.s.7" text="Despite apparent lower toxicity of THIOLA, THIOLA may potentially cause all the serious adverse reactions reported for d-penicillamine. " type="negative"><entity charOffset="43:49" id="Dailymed.494a714e-923c-cd57-df6c-12886afb265a.s.7.e.0" text="thiola" type="Biomedical_Entity"><Normalization><mmtx cui="C0733414" phraseText="THIOLA" preferredWord="Thiola" semType="phsu, aapp"/><RxNorm RxCui="227253"/></Normalization></entity><entity charOffset="121:134" id="Dailymed.494a714e-923c-cd57-df6c-12886afb265a.s.7.e.1" text="penicillamine" type="Biomedical_Entity"><Normalization><mmtx cui="C0030817" phraseText="penicillamine." preferredWord="Penicillamine" semType="phsu, aapp"/><RxNorm RxCui="7975"/></Normalization></entity><entity charOffset="35:41" id="Dailymed.494a714e-923c-cd57-df6c-12886afb265a.s.7.e.2" text="thiola" type="Biomedical_Entity"><Normalization><mmtx cui="C0733414" phraseText="of THIOLA," preferredWord="Thiola" semType="phsu, aapp"/><RxNorm RxCui="227253"/></Normalization></entity><pair ddi="false" e1="Dailymed.494a714e-923c-cd57-df6c-12886afb265a.s.7.e.0" e2="Dailymed.494a714e-923c-cd57-df6c-12886afb265a.s.7.e.1"/><pair ddi="false" e1="Dailymed.494a714e-923c-cd57-df6c-12886afb265a.s.7.e.2" e2="Dailymed.494a714e-923c-cd57-df6c-12886afb265a.s.7.e.1"/></sentence><sentence id="Dailymed.494a714e-923c-cd57-df6c-12886afb265a.s.8" text="Thus, although no death has been reported to result directly from THIOLA treatment, a fatal outcome from THIOLA is possible, as has been reported with d-penicillamine therapy from such complications as aplastic anemia, agranulocytosis, thrombocytopenia, Goodpasture s syndrome or myasthenia gravis." type="negative"><entity charOffset="105:111" id="Dailymed.494a714e-923c-cd57-df6c-12886afb265a.s.8.e.0" text="thiola" type="Biomedical_Entity"><Normalization><mmtx cui="C0733414" phraseText="a fatal outcome from THIOLA" preferredWord="Thiola" semType="phsu, aapp"/><RxNorm RxCui="227253"/></Normalization></entity><entity charOffset="66:72" id="Dailymed.494a714e-923c-cd57-df6c-12886afb265a.s.8.e.1" text="thiola" type="Biomedical_Entity"><Normalization><mmtx cui="C0733414" phraseText="directly from THIOLA treatment," preferredWord="Thiola" semType="phsu, aapp"/><RxNorm RxCui="227253"/></Normalization></entity><entity charOffset="153:166" id="Dailymed.494a714e-923c-cd57-df6c-12886afb265a.s.8.e.2" text="penicillamine" type="Biomedical_Entity"><Normalization><mmtx cui="C0030817" phraseText="penicillamine therapy from such complications" preferredWord="Penicillamine" semType="phsu, aapp"/><RxNorm RxCui="7975"/></Normalization></entity><pair ddi="false" e1="Dailymed.494a714e-923c-cd57-df6c-12886afb265a.s.8.e.0" e2="Dailymed.494a714e-923c-cd57-df6c-12886afb265a.s.8.e.2"/><pair ddi="false" e1="Dailymed.494a714e-923c-cd57-df6c-12886afb265a.s.8.e.1" e2="Dailymed.494a714e-923c-cd57-df6c-12886afb265a.s.8.e.2"/></sentence><sentence id="Dailymed.494a714e-923c-cd57-df6c-12886afb265a.s.15" text="The following complications, though rare, have been reported during d-penicillamine therapy and could occur during THIOLA treatment. " type="negative"><entity charOffset="70:83" id="Dailymed.494a714e-923c-cd57-df6c-12886afb265a.s.15.e.0" text="penicillamine" type="Biomedical_Entity"><Normalization><mmtx cui="C0030817" phraseText="penicillamine therapy" preferredWord="Penicillamine" semType="phsu, aapp"/><RxNorm RxCui="7975"/></Normalization></entity><entity charOffset="115:121" id="Dailymed.494a714e-923c-cd57-df6c-12886afb265a.s.15.e.1" text="thiola" type="Biomedical_Entity"><Normalization><mmtx cui="C0733414" phraseText="occur during THIOLA treatment." preferredWord="Thiola" semType="phsu, aapp"/><RxNorm RxCui="227253"/></Normalization></entity><pair ddi="false" e1="Dailymed.494a714e-923c-cd57-df6c-12886afb265a.s.15.e.0" e2="Dailymed.494a714e-923c-cd57-df6c-12886afb265a.s.15.e.1"/></sentence><positiveExamples number="0"/><negativeExamples number="8"/></document>