<?xml version="1.0" encoding="UTF-8" standalone="no"?><document setID="4fcdf9ca-78a8-4e4b-958e-2f795bbbf9ca"><labelDrug name="Dibenzyline"><Normalization><mmtx cui="C0701367" preferredWord="Dibenzyline" semType="phsu, orch"/></Normalization></labelDrug><generic name="Phenoxybenzamine Hydrochloride"/><sentence id="Dailymed.4fcdf9ca-78a8-4e4b-958e-2f795bbbf9ca.s.1" text="Drug Label for drug brand Dibenzyline, containing Phenoxybenzamine Hydrochloride." type="negative"><entity charOffset="50:80" id="Dailymed.4fcdf9ca-78a8-4e4b-958e-2f795bbbf9ca.s.1.e.0" text="phenoxybenzamine hydrochloride" type="Biomedical_Entity"><Normalization><mmtx cui="C0242430" phraseText="Phenoxybenzamine Hydrochloride." preferredWord="Phenoxybenzamine Hydrochloride" semType="phsu, orch"/><RxNorm RxCui="71512"/></Normalization></entity><entity charOffset="26:37" id="Dailymed.4fcdf9ca-78a8-4e4b-958e-2f795bbbf9ca.s.1.e.1" text="dibenzyline" type="Biomedical_Entity"><Normalization><mmtx cui="C0701367" phraseText="Drug Label for drug brand Dibenzyline," preferredWord="Dibenzyline" semType="phsu, orch"/><RxNorm RxCui="203778"/></Normalization></entity><entity charOffset="0:19" id="Dailymed.4fcdf9ca-78a8-4e4b-958e-2f795bbbf9ca.s.1.e.2" text="drug drug" type="Biomedical_Entity"><Normalization><mmtx cui="C0013231" phraseText="Drug Label for drug brand Dibenzyline," preferredWord="Drugs, Non-Prescription" semType="phsu"/><RxNorm RxCui="NA"/></Normalization></entity><pair ddi="false" e1="Dailymed.4fcdf9ca-78a8-4e4b-958e-2f795bbbf9ca.s.1.e.1" e2="Dailymed.4fcdf9ca-78a8-4e4b-958e-2f795bbbf9ca.s.1.e.0"/><pair ddi="false" e1="Dailymed.4fcdf9ca-78a8-4e4b-958e-2f795bbbf9ca.s.1.e.2" e2="Dailymed.4fcdf9ca-78a8-4e4b-958e-2f795bbbf9ca.s.1.e.0"/><pair ddi="false" e1="Dailymed.4fcdf9ca-78a8-4e4b-958e-2f795bbbf9ca.s.1.e.2" e2="Dailymed.4fcdf9ca-78a8-4e4b-958e-2f795bbbf9ca.s.1.e.1"/></sentence><sentence id="Dailymed.4fcdf9ca-78a8-4e4b-958e-2f795bbbf9ca.s.5" text="Dibenzyline-induced alpha -adrenergic blockade leaves beta -adrenergic receptors unopposed. " type="negative"><entity charOffset="38:46" id="Dailymed.4fcdf9ca-78a8-4e4b-958e-2f795bbbf9ca.s.5.e.0" text="blockade" type="Biomedical_Entity"><Normalization><mmtx cui="C3540676" phraseText="Dibenzyline-induced alpha -adrenergic blockade" preferredWord="Blockade" semType="phsu"/><RxNorm RxCui="1423936"/></Normalization></entity><entity charOffset="0:11" id="Dailymed.4fcdf9ca-78a8-4e4b-958e-2f795bbbf9ca.s.5.e.1" text="dibenzyline" type="Biomedical_Entity"><Normalization><mmtx cui="C0701367" phraseText="Dibenzyline-induced alpha -adrenergic blockade" preferredWord="Dibenzyline" semType="phsu, orch"/><RxNorm RxCui="203778"/></Normalization></entity><pair ddi="false" e1="Dailymed.4fcdf9ca-78a8-4e4b-958e-2f795bbbf9ca.s.5.e.1" e2="Dailymed.4fcdf9ca-78a8-4e4b-958e-2f795bbbf9ca.s.5.e.0"/></sentence><sentence biomedicalEntities="3" id="Dailymed.4fcdf9ca-78a8-4e4b-958e-2f795bbbf9ca.s.11" lineNumber="21" text="Dibenzyline (phenoxybenzamine hydrochloride) may interact with compounds that stimulate both alpha- and beta- adrenergic receptors (i.e., epinephrine) to produce an exaggerated hypotensive response and tachycardia.(See WARNING.)" type="regular"><entity charOffset="63:130" id="Dailymed.4fcdf9ca-78a8-4e4b-958e-2f795bbbf9ca.s.11.e.1" text="compounds that stimulate both alpha- and beta- adrenergic receptors" type="Drug_Class"><Normalization><mmtx cui="C1706082" phraseText="interact with compounds" preferredWord="Compound (substance)" semType="chem"/><RxNorm RxCui="NA"/></Normalization></entity><entity charOffset="138:149" id="Dailymed.4fcdf9ca-78a8-4e4b-958e-2f795bbbf9ca.s.11.e.2" text="epinephrine" type="Drug"><Normalization><mmtx cui="C0014563" phraseText="(i.e., epinephrine" preferredWord="Epinephrine" semType="phsu, orch, horm, nsba"/><RxNorm RxCui="362"/></Normalization></entity><entity charOffset="165:197" id="Dailymed.4fcdf9ca-78a8-4e4b-958e-2f795bbbf9ca.s.11.e.4" text="exaggerated hypotensive response" type="Specific_Interaction"/><entity charOffset="13:43" id="Dailymed.4fcdf9ca-78a8-4e4b-958e-2f795bbbf9ca.s.11.e.5" text="phenoxybenzamine hydrochloride" type="Drug"><Normalization><mmtx cui="C0242430" phraseText="(phenoxybenzamine hydrochloride" preferredWord="Phenoxybenzamine Hydrochloride" semType="phsu, orch"/><RxNorm RxCui="71512"/></Normalization></entity><entity charOffset="202:213" id="Dailymed.4fcdf9ca-78a8-4e4b-958e-2f795bbbf9ca.s.11.e.7" text="tachycardia" type="Specific_Interaction"/><drugClassMembership drug="Dailymed.4fcdf9ca-78a8-4e4b-958e-2f795bbbf9ca.s.11.e.2" drugClass="Dailymed.4fcdf9ca-78a8-4e4b-958e-2f795bbbf9ca.s.11.e.1"/><drugInteraction id="Dailymed.4fcdf9ca-78a8-4e4b-958e-2f795bbbf9ca.s.11.ddi.1"><interaction trigger="Dailymed.4fcdf9ca-78a8-4e4b-958e-2f795bbbf9ca.s.11.e.4"><relations><relation type="hasObject"><entity id="Dailymed.4fcdf9ca-78a8-4e4b-958e-2f795bbbf9ca.s.11.e.5"/></relation><relation type="hasPrecipitant"><entity id="Dailymed.4fcdf9ca-78a8-4e4b-958e-2f795bbbf9ca.s.11.e.1"/></relation></relations></interaction></drugInteraction><drugInteraction id="Dailymed.4fcdf9ca-78a8-4e4b-958e-2f795bbbf9ca.s.11.ddi.2"><interaction trigger="Dailymed.4fcdf9ca-78a8-4e4b-958e-2f795bbbf9ca.s.11.e.7"><relations><relation type="hasObject"><entity id="Dailymed.4fcdf9ca-78a8-4e4b-958e-2f795bbbf9ca.s.11.e.5"/></relation><relation type="hasPrecipitant"><entity id="Dailymed.4fcdf9ca-78a8-4e4b-958e-2f795bbbf9ca.s.11.e.1"/></relation></relations></interaction></drugInteraction><pair ddi="true" e1="Dailymed.4fcdf9ca-78a8-4e4b-958e-2f795bbbf9ca.s.11.e.5" e2="Dailymed.4fcdf9ca-78a8-4e4b-958e-2f795bbbf9ca.s.11.e.1" trigger="Dailymed.4fcdf9ca-78a8-4e4b-958e-2f795bbbf9ca.s.11.e.4" type="Specific_Interaction"/></sentence><sentence biomedicalEntities="3" id="Dailymed.4fcdf9ca-78a8-4e4b-958e-2f795bbbf9ca.s.12" lineNumber="22" text="Dibenzyline blocks hyperthermia production by levarterenol, and blocks hypothermia production by reserpine." type="regular"><entity charOffset="12:42" id="Dailymed.4fcdf9ca-78a8-4e4b-958e-2f795bbbf9ca.s.12.e.1" text="blocks hyperthermia production" type="Specific_Interaction"/><entity charOffset="46:58" id="Dailymed.4fcdf9ca-78a8-4e4b-958e-2f795bbbf9ca.s.12.e.2" text="levarterenol" type="Drug"><Normalization><mmtx cui="C0028351" phraseText="hyperthermia production by levarterenol," preferredWord="Norepinephrine" semType="phsu, orch, nsba"/><RxNorm RxCui="7512"/></Normalization></entity><entity charOffset="0:11" id="Dailymed.4fcdf9ca-78a8-4e4b-958e-2f795bbbf9ca.s.12.e.3" text="Dibenzyline" type="Drug"><Normalization><mmtx cui="C0701367" phraseText="Dibenzyline" preferredWord="Dibenzyline" semType="phsu, orch"/><RxNorm RxCui="203778"/></Normalization></entity><entity charOffset="64:93" id="Dailymed.4fcdf9ca-78a8-4e4b-958e-2f795bbbf9ca.s.12.e.5" text="blocks hypothermia production" type="Specific_Interaction"/><entity charOffset="97:106" id="Dailymed.4fcdf9ca-78a8-4e4b-958e-2f795bbbf9ca.s.12.e.6" text="reserpine" type="Drug"><Normalization><mmtx cui="C0035179" phraseText="hypothermia production by reserpine." preferredWord="Reserpine" semType="phsu, orch"/><RxNorm RxCui="9260"/></Normalization></entity><drugInteraction id="Dailymed.4fcdf9ca-78a8-4e4b-958e-2f795bbbf9ca.s.12.ddi.1"><interaction trigger="Dailymed.4fcdf9ca-78a8-4e4b-958e-2f795bbbf9ca.s.12.e.1"><relations><relation type="hasPrecipitant"><entity id="Dailymed.4fcdf9ca-78a8-4e4b-958e-2f795bbbf9ca.s.12.e.3"/></relation><relation type="hasObject"><entity id="Dailymed.4fcdf9ca-78a8-4e4b-958e-2f795bbbf9ca.s.12.e.2"/></relation></relations></interaction></drugInteraction><drugInteraction id="Dailymed.4fcdf9ca-78a8-4e4b-958e-2f795bbbf9ca.s.12.ddi.2"><interaction trigger="Dailymed.4fcdf9ca-78a8-4e4b-958e-2f795bbbf9ca.s.12.e.5"><relations><relation type="hasPrecipitant"><entity id="Dailymed.4fcdf9ca-78a8-4e4b-958e-2f795bbbf9ca.s.12.e.3"/></relation><relation type="hasObject"><entity id="Dailymed.4fcdf9ca-78a8-4e4b-958e-2f795bbbf9ca.s.12.e.6"/></relation></relations></interaction></drugInteraction><pair ddi="true" e1="Dailymed.4fcdf9ca-78a8-4e4b-958e-2f795bbbf9ca.s.12.e.3" e2="Dailymed.4fcdf9ca-78a8-4e4b-958e-2f795bbbf9ca.s.12.e.2" trigger="Dailymed.4fcdf9ca-78a8-4e4b-958e-2f795bbbf9ca.s.12.e.1" type="Specific_Interaction"/><pair ddi="true" e1="Dailymed.4fcdf9ca-78a8-4e4b-958e-2f795bbbf9ca.s.12.e.3" e2="Dailymed.4fcdf9ca-78a8-4e4b-958e-2f795bbbf9ca.s.12.e.6" trigger="Dailymed.4fcdf9ca-78a8-4e4b-958e-2f795bbbf9ca.s.12.e.5" type="Specific_Interaction"/></sentence><sentence id="Dailymed.4fcdf9ca-78a8-4e4b-958e-2f795bbbf9ca.s.19" text="Whereas squamous cell carcinomas of the non-glandular stomach were observed at all tested doses of phenoxybenzamine hydrochloride, there was a no-observed-effect-level of 10 mg/kg for tumors (carcinomas and sarcomas) of the small intestine. " type="negative"><entity charOffset="141:173" id="Dailymed.4fcdf9ca-78a8-4e4b-958e-2f795bbbf9ca.s.19.e.0" text="a 10" type="Biomedical_Entity"><Normalization><mmtx cui="C0052080" phraseText="a no-observed-effect-level of 10 mg/kg" preferredWord="antineoplaston A10" semType="phsu, orch"/><RxNorm RxCui="NA"/></Normalization></entity><entity charOffset="99:129" id="Dailymed.4fcdf9ca-78a8-4e4b-958e-2f795bbbf9ca.s.19.e.1" text="phenoxybenzamine hydrochloride" type="Biomedical_Entity"><Normalization><mmtx cui="C0242430" phraseText="observed at all tested doses of phenoxybenzamine hydrochloride," preferredWord="Phenoxybenzamine Hydrochloride" semType="phsu, orch"/><RxNorm RxCui="71512"/></Normalization></entity><pair ddi="false" e1="Dailymed.4fcdf9ca-78a8-4e4b-958e-2f795bbbf9ca.s.19.e.1" e2="Dailymed.4fcdf9ca-78a8-4e4b-958e-2f795bbbf9ca.s.19.e.0"/></sentence><sentence id="Dailymed.4fcdf9ca-78a8-4e4b-958e-2f795bbbf9ca.s.23" text="Adequate reproductive studies in animals have not been performed with Dibenzyline (phenoxybenzamine hydrochloride). " type="negative"><entity charOffset="70:81" id="Dailymed.4fcdf9ca-78a8-4e4b-958e-2f795bbbf9ca.s.23.e.0" text="dibenzyline" type="Biomedical_Entity"><Normalization><mmtx cui="C0701367" phraseText="performed with Dibenzyline" preferredWord="Dibenzyline" semType="phsu, orch"/><RxNorm RxCui="203778"/></Normalization></entity><entity charOffset="83:113" id="Dailymed.4fcdf9ca-78a8-4e4b-958e-2f795bbbf9ca.s.23.e.1" text="phenoxybenzamine hydrochloride" type="Biomedical_Entity"><Normalization><mmtx cui="C0242430" phraseText="(phenoxybenzamine hydrochloride" preferredWord="Phenoxybenzamine Hydrochloride" semType="phsu, orch"/><RxNorm RxCui="71512"/></Normalization></entity><pair ddi="false" e1="Dailymed.4fcdf9ca-78a8-4e4b-958e-2f795bbbf9ca.s.23.e.0" e2="Dailymed.4fcdf9ca-78a8-4e4b-958e-2f795bbbf9ca.s.23.e.1"/></sentence><positiveExamples number="3"/><negativeExamples number="6"/></document>