<?xml version="1.0" encoding="UTF-8" standalone="no"?><document setID="5012f997-9fb2-4c3d-99fd-4f7efd7c39af"><labelDrug name="Dyrenium"><Normalization><mmtx cui="C0700653" preferredWord="Dyrenium" semType="phsu, orch"/></Normalization></labelDrug><generic name="Triamterene"/><sentence id="Dailymed.5012f997-9fb2-4c3d-99fd-4f7efd7c39af.s.1" text="Drug Label for drug brand Dyrenium, containing Triamterene." type="negative"><entity charOffset="26:34" id="Dailymed.5012f997-9fb2-4c3d-99fd-4f7efd7c39af.s.1.e.0" text="dyrenium" type="Biomedical_Entity"><Normalization><mmtx cui="C0700653" phraseText="Drug Label for drug brand Dyrenium," preferredWord="Dyrenium" semType="phsu, orch"/><RxNorm RxCui="203238"/></Normalization></entity><entity charOffset="47:58" id="Dailymed.5012f997-9fb2-4c3d-99fd-4f7efd7c39af.s.1.e.1" text="triamterene" type="Biomedical_Entity"><Normalization><mmtx cui="C0040869" phraseText="Triamterene." preferredWord="Triamterene" semType="phsu, orch"/><RxNorm RxCui="10763"/></Normalization></entity><entity charOffset="0:19" id="Dailymed.5012f997-9fb2-4c3d-99fd-4f7efd7c39af.s.1.e.2" text="drug drug" type="Biomedical_Entity"><Normalization><mmtx cui="C0013231" phraseText="Drug Label for drug brand Dyrenium," preferredWord="Drugs, Non-Prescription" semType="phsu"/><RxNorm RxCui="NA"/></Normalization></entity><pair ddi="false" e1="Dailymed.5012f997-9fb2-4c3d-99fd-4f7efd7c39af.s.1.e.0" e2="Dailymed.5012f997-9fb2-4c3d-99fd-4f7efd7c39af.s.1.e.1"/><pair ddi="false" e1="Dailymed.5012f997-9fb2-4c3d-99fd-4f7efd7c39af.s.1.e.2" e2="Dailymed.5012f997-9fb2-4c3d-99fd-4f7efd7c39af.s.1.e.0"/><pair ddi="false" e1="Dailymed.5012f997-9fb2-4c3d-99fd-4f7efd7c39af.s.1.e.2" e2="Dailymed.5012f997-9fb2-4c3d-99fd-4f7efd7c39af.s.1.e.1"/></sentence><sentence id="Dailymed.5012f997-9fb2-4c3d-99fd-4f7efd7c39af.s.3" text="Abnormal elevation of serum potassium levels (greater than or equal to 5.5 mEq/liter) can occur with all potassium-sparing agents, including Dyrenium. " type="negative"><entity charOffset="28:37" id="Dailymed.5012f997-9fb2-4c3d-99fd-4f7efd7c39af.s.3.e.0" text="potassium" type="Biomedical_Entity"><Normalization><mmtx cui="C0597277" phraseText="Abnormal elevation of serum potassium levels" preferredWord="Potassium Ion" semType="phsu, elii"/><RxNorm RxCui="8588"/></Normalization></entity><entity charOffset="105:114" id="Dailymed.5012f997-9fb2-4c3d-99fd-4f7efd7c39af.s.3.e.1" text="potassium" type="Biomedical_Entity"><Normalization><mmtx cui="C0597277" phraseText="occur with all potassium-sparing agents," preferredWord="Potassium Ion" semType="phsu, elii"/><RxNorm RxCui="8588"/></Normalization></entity><entity charOffset="141:149" id="Dailymed.5012f997-9fb2-4c3d-99fd-4f7efd7c39af.s.3.e.2" text="dyrenium" type="Biomedical_Entity"><Normalization><mmtx cui="C0700653" phraseText="Dyrenium." preferredWord="Dyrenium" semType="phsu, orch"/><RxNorm RxCui="203238"/></Normalization></entity><pair ddi="false" e1="Dailymed.5012f997-9fb2-4c3d-99fd-4f7efd7c39af.s.3.e.0" e2="Dailymed.5012f997-9fb2-4c3d-99fd-4f7efd7c39af.s.3.e.2"/><pair ddi="false" e1="Dailymed.5012f997-9fb2-4c3d-99fd-4f7efd7c39af.s.3.e.1" e2="Dailymed.5012f997-9fb2-4c3d-99fd-4f7efd7c39af.s.3.e.2"/></sentence><sentence id="Dailymed.5012f997-9fb2-4c3d-99fd-4f7efd7c39af.s.5" text="Since uncorrected hyperkalemia may be fatal, serum potassium levels must be monitored at frequent intervals especially in patients receiving Dyrenium, when dosages are changed or with any illness that may influence renal function." type="negative"><entity charOffset="51:60" id="Dailymed.5012f997-9fb2-4c3d-99fd-4f7efd7c39af.s.5.e.0" text="potassium" type="Biomedical_Entity"><Normalization><mmtx cui="C0597277" phraseText="fatal, serum potassium levels" preferredWord="Potassium Ion" semType="phsu, elii"/><RxNorm RxCui="8588"/></Normalization></entity><entity charOffset="141:149" id="Dailymed.5012f997-9fb2-4c3d-99fd-4f7efd7c39af.s.5.e.1" text="dyrenium" type="Biomedical_Entity"><Normalization><mmtx cui="C0700653" phraseText="Dyrenium," preferredWord="Dyrenium" semType="phsu, orch"/><RxNorm RxCui="203238"/></Normalization></entity><pair ddi="false" e1="Dailymed.5012f997-9fb2-4c3d-99fd-4f7efd7c39af.s.5.e.0" e2="Dailymed.5012f997-9fb2-4c3d-99fd-4f7efd7c39af.s.5.e.1"/></sentence><sentence id="Dailymed.5012f997-9fb2-4c3d-99fd-4f7efd7c39af.s.11" text="Dyrenium (triamterene) should not be used in patients with pre-existing elevated serum potassium, as is sometimes seen in patients with impaired renal function or azotemia, or in patients who develop hyperkalemia while on the drug. " type="negative"><entity charOffset="87:96" id="Dailymed.5012f997-9fb2-4c3d-99fd-4f7efd7c39af.s.11.e.0" text="potassium" type="Biomedical_Entity"><Normalization><mmtx cui="C0597277" phraseText="with pre-existing elevated serum potassium," preferredWord="Potassium Ion" semType="phsu, elii"/><RxNorm RxCui="8588"/></Normalization></entity><entity charOffset="10:21" id="Dailymed.5012f997-9fb2-4c3d-99fd-4f7efd7c39af.s.11.e.1" text="triamterene" type="Biomedical_Entity"><Normalization><mmtx cui="C0040869" phraseText="(triamterene" preferredWord="Triamterene" semType="phsu, orch"/><RxNorm RxCui="10763"/></Normalization></entity><entity charOffset="0:8" id="Dailymed.5012f997-9fb2-4c3d-99fd-4f7efd7c39af.s.11.e.2" text="dyrenium" type="Biomedical_Entity"><Normalization><mmtx cui="C0700653" phraseText="Dyrenium" preferredWord="Dyrenium" semType="phsu, orch"/><RxNorm RxCui="203238"/></Normalization></entity><pair ddi="false" e1="Dailymed.5012f997-9fb2-4c3d-99fd-4f7efd7c39af.s.11.e.1" e2="Dailymed.5012f997-9fb2-4c3d-99fd-4f7efd7c39af.s.11.e.0"/><pair ddi="false" e1="Dailymed.5012f997-9fb2-4c3d-99fd-4f7efd7c39af.s.11.e.2" e2="Dailymed.5012f997-9fb2-4c3d-99fd-4f7efd7c39af.s.11.e.0"/><pair ddi="false" e1="Dailymed.5012f997-9fb2-4c3d-99fd-4f7efd7c39af.s.11.e.2" e2="Dailymed.5012f997-9fb2-4c3d-99fd-4f7efd7c39af.s.11.e.1"/></sentence><sentence biomedicalEntities="4" id="Dailymed.5012f997-9fb2-4c3d-99fd-4f7efd7c39af.s.12" lineNumber="13" text="Patients should not be placed on dietary potassium supplements, potassium salts or potassium-containing salt substitutes in conjunction with Dyrenium." type="regular"><entity charOffset="16:29" id="Dailymed.5012f997-9fb2-4c3d-99fd-4f7efd7c39af.s.12.e.0" text="not be placed" type="Caution_Interaction"><Normalization><mmtx cui="C3496241" phraseText="placed on dietary potassium supplements," preferredWord="Ocular Myopathy with Hypogonadism" semType="dsyn"/></Normalization></entity><entity charOffset="33:62" id="Dailymed.5012f997-9fb2-4c3d-99fd-4f7efd7c39af.s.12.e.2" text="dietary potassium supplements" type="Drug_Class"><Normalization><mmtx cui="C0304475" phraseText="placed on dietary potassium supplements," preferredWord="Potassium supplement" semType="inch, phsu"/><RxNorm RxCui="114273"/></Normalization></entity><entity charOffset="64:79" id="Dailymed.5012f997-9fb2-4c3d-99fd-4f7efd7c39af.s.12.e.3" text="potassium salts" type="Drug_Class"><Normalization><mmtx cui="C0351297" phraseText="potassium salts" preferredWord="Potassium salt" semType="inch, phsu"/><RxNorm RxCui="8588"/></Normalization></entity><entity charOffset="83:120" id="Dailymed.5012f997-9fb2-4c3d-99fd-4f7efd7c39af.s.12.e.4" text="potassium-containing salt substitutes" type="Substance"><Normalization><mmtx cui="C0597277" phraseText="potassium-containing salt substitutes in conjunction with Dyrenium." preferredWord="Potassium Ion" semType="phsu, elii"/><mmtx cui="C0784217" phraseText="potassium-containing salt substitutes in conjunction with Dyrenium." preferredWord="Salt Substitute" semType="inch, phsu"/><RxNorm RxCui="8588"/></Normalization></entity><entity charOffset="141:149" id="Dailymed.5012f997-9fb2-4c3d-99fd-4f7efd7c39af.s.12.e.5" text="Dyrenium" type="Drug"><Normalization><mmtx cui="C0700653" phraseText="potassium-containing salt substitutes in conjunction with Dyrenium." preferredWord="Dyrenium" semType="phsu, orch"/><RxNorm RxCui="203238"/></Normalization></entity><drugInteraction id="Dailymed.5012f997-9fb2-4c3d-99fd-4f7efd7c39af.s.12.ddi.1"><interaction trigger="Dailymed.5012f997-9fb2-4c3d-99fd-4f7efd7c39af.s.12.e.0"><relations><relation type="hasPrecipitant"><entity id="Dailymed.5012f997-9fb2-4c3d-99fd-4f7efd7c39af.s.12.e.4"/></relation><relation type="hasPrecipitant"><entity id="Dailymed.5012f997-9fb2-4c3d-99fd-4f7efd7c39af.s.12.e.2"/></relation><relation type="hasObject"><entity id="Dailymed.5012f997-9fb2-4c3d-99fd-4f7efd7c39af.s.12.e.5"/></relation><relation type="hasPrecipitant"><entity id="Dailymed.5012f997-9fb2-4c3d-99fd-4f7efd7c39af.s.12.e.3"/></relation></relations></interaction></drugInteraction><pair ddi="true" e1="Dailymed.5012f997-9fb2-4c3d-99fd-4f7efd7c39af.s.12.e.4" e2="Dailymed.5012f997-9fb2-4c3d-99fd-4f7efd7c39af.s.12.e.5" trigger="Dailymed.5012f997-9fb2-4c3d-99fd-4f7efd7c39af.s.12.e.0" type="Caution_Interaction"/><pair ddi="true" e1="Dailymed.5012f997-9fb2-4c3d-99fd-4f7efd7c39af.s.12.e.2" e2="Dailymed.5012f997-9fb2-4c3d-99fd-4f7efd7c39af.s.12.e.5" trigger="Dailymed.5012f997-9fb2-4c3d-99fd-4f7efd7c39af.s.12.e.0" type="Caution_Interaction"/><pair ddi="true" e1="Dailymed.5012f997-9fb2-4c3d-99fd-4f7efd7c39af.s.12.e.3" e2="Dailymed.5012f997-9fb2-4c3d-99fd-4f7efd7c39af.s.12.e.5" trigger="Dailymed.5012f997-9fb2-4c3d-99fd-4f7efd7c39af.s.12.e.0" type="Caution_Interaction"/><pair ddi="false" e1="Dailymed.5012f997-9fb2-4c3d-99fd-4f7efd7c39af.s.12.e.2" e2="Dailymed.5012f997-9fb2-4c3d-99fd-4f7efd7c39af.s.12.e.4"/><pair ddi="false" e1="Dailymed.5012f997-9fb2-4c3d-99fd-4f7efd7c39af.s.12.e.3" e2="Dailymed.5012f997-9fb2-4c3d-99fd-4f7efd7c39af.s.12.e.4"/><pair ddi="false" e1="Dailymed.5012f997-9fb2-4c3d-99fd-4f7efd7c39af.s.12.e.2" e2="Dailymed.5012f997-9fb2-4c3d-99fd-4f7efd7c39af.s.12.e.3"/></sentence><sentence biomedicalEntities="5" id="Dailymed.5012f997-9fb2-4c3d-99fd-4f7efd7c39af.s.13" lineNumber="14" text="Dyrenium should not be given to patients receiving other potassium-sparing agents, such as spironolactone, amiloride hydrochloride, or other formulations containing triamterene. " type="regular"><entity charOffset="16:28" id="Dailymed.5012f997-9fb2-4c3d-99fd-4f7efd7c39af.s.13.e.0" text="not be given" type="Caution_Interaction"/><entity charOffset="0:8" id="Dailymed.5012f997-9fb2-4c3d-99fd-4f7efd7c39af.s.13.e.2" text="Dyrenium" type="Drug"><Normalization><mmtx cui="C0700653" phraseText="Dyrenium" preferredWord="Dyrenium" semType="phsu, orch"/><RxNorm RxCui="203238"/></Normalization></entity><entity charOffset="57:81" id="Dailymed.5012f997-9fb2-4c3d-99fd-4f7efd7c39af.s.13.e.3" text="potassium-sparing agents" type="Drug_Class"><Normalization><mmtx cui="C0597277" phraseText="other potassium-sparing agents," preferredWord="Potassium Ion" semType="phsu, elii"/><mmtx cui="C1254351" phraseText="other potassium-sparing agents," preferredWord="Pharmacologic Substance" semType="phsu"/><RxNorm RxCui="1437061"/></Normalization></entity><entity charOffset="91:105" id="Dailymed.5012f997-9fb2-4c3d-99fd-4f7efd7c39af.s.13.e.4" text="spironolactone" type="Drug"><Normalization><mmtx cui="C0037982" phraseText="such as spironolactone," preferredWord="Spironolactone" semType="strd, phsu"/><RxNorm RxCui="9997"/></Normalization></entity><entity charOffset="107:130" id="Dailymed.5012f997-9fb2-4c3d-99fd-4f7efd7c39af.s.13.e.5" text="amiloride hydrochloride" type="Drug"><Normalization><mmtx cui="C0546849" phraseText="amiloride hydrochloride," preferredWord="Amiloride Hydrochloride" semType="phsu, orch"/><RxNorm RxCui="142424"/></Normalization></entity><entity charOffset="141:176" id="Dailymed.5012f997-9fb2-4c3d-99fd-4f7efd7c39af.s.13.e.8" text="formulations containing triamterene" type="Drug_Class"><Normalization><mmtx cui="C0040869" phraseText="triamterene." preferredWord="Triamterene" semType="phsu, orch"/><RxNorm RxCui="217195"/></Normalization></entity><drugClassMembership drug="Dailymed.5012f997-9fb2-4c3d-99fd-4f7efd7c39af.s.13.e.4" drugClass="Dailymed.5012f997-9fb2-4c3d-99fd-4f7efd7c39af.s.13.e.3"/><drugClassMembership drug="Dailymed.5012f997-9fb2-4c3d-99fd-4f7efd7c39af.s.13.e.5" drugClass="Dailymed.5012f997-9fb2-4c3d-99fd-4f7efd7c39af.s.13.e.3"/><classClassMembership drugClass="Dailymed.5012f997-9fb2-4c3d-99fd-4f7efd7c39af.s.13.e.8"/><drugInteraction id="Dailymed.5012f997-9fb2-4c3d-99fd-4f7efd7c39af.s.13.ddi.1"><interaction trigger="Dailymed.5012f997-9fb2-4c3d-99fd-4f7efd7c39af.s.13.e.0"><relations><relation type="hasPrecipitant"><entity id="Dailymed.5012f997-9fb2-4c3d-99fd-4f7efd7c39af.s.13.e.3"/></relation><relation type="hasObject"><entity id="Dailymed.5012f997-9fb2-4c3d-99fd-4f7efd7c39af.s.13.e.2"/></relation></relations></interaction></drugInteraction><pair ddi="true" e1="Dailymed.5012f997-9fb2-4c3d-99fd-4f7efd7c39af.s.13.e.2" e2="Dailymed.5012f997-9fb2-4c3d-99fd-4f7efd7c39af.s.13.e.3" trigger="Dailymed.5012f997-9fb2-4c3d-99fd-4f7efd7c39af.s.13.e.0" type="Caution_Interaction"/></sentence><sentence biomedicalEntities="3" id="Dailymed.5012f997-9fb2-4c3d-99fd-4f7efd7c39af.s.14" lineNumber="14" text="Two deaths have been reported in patients receiving concomitant spironolactone and Dyrenium or Dyazide. " type="regular"><entity charOffset="4:10" id="Dailymed.5012f997-9fb2-4c3d-99fd-4f7efd7c39af.s.14.e.0" text="deaths" type="Specific_Interaction"/><entity charOffset="0:3" id="Dailymed.5012f997-9fb2-4c3d-99fd-4f7efd7c39af.s.14.e.2" text="Two" type="SPAN"/><entity charOffset="64:78" id="Dailymed.5012f997-9fb2-4c3d-99fd-4f7efd7c39af.s.14.e.3" text="spironolactone" type="Drug"><Normalization><mmtx cui="C0037982" phraseText="concomitant spironolactone" preferredWord="Spironolactone" semType="strd, phsu"/><RxNorm RxCui="9997"/></Normalization></entity><entity charOffset="83:91" id="Dailymed.5012f997-9fb2-4c3d-99fd-4f7efd7c39af.s.14.e.4" text="Dyrenium" type="Drug"><Normalization><mmtx cui="C0700653" phraseText="Dyrenium" preferredWord="Dyrenium" semType="phsu, orch"/><RxNorm RxCui="203238"/></Normalization></entity><entity charOffset="95:102" id="Dailymed.5012f997-9fb2-4c3d-99fd-4f7efd7c39af.s.14.e.5" text="Dyazide" type="Drug"><Normalization><mmtx cui="C0058829" phraseText="Dyazide." preferredWord="Dyazide" semType="phsu, orch"/><RxNorm RxCui="23742"/></Normalization></entity><drugInteraction id="Dailymed.5012f997-9fb2-4c3d-99fd-4f7efd7c39af.s.14.ddi.1"><interaction trigger="Dailymed.5012f997-9fb2-4c3d-99fd-4f7efd7c39af.s.14.e.0"><relations><relation type="hasObject"><entity id="Dailymed.5012f997-9fb2-4c3d-99fd-4f7efd7c39af.s.14.e.4"/></relation><relation type="hasObject"><entity id="Dailymed.5012f997-9fb2-4c3d-99fd-4f7efd7c39af.s.14.e.5"/></relation><relation type="hasEvidence"><entity id="Dailymed.5012f997-9fb2-4c3d-99fd-4f7efd7c39af.s.14.e.2"/></relation><relation type="hasPrecipitant"><entity id="Dailymed.5012f997-9fb2-4c3d-99fd-4f7efd7c39af.s.14.e.3"/></relation></relations></interaction></drugInteraction><pair ddi="true" e1="Dailymed.5012f997-9fb2-4c3d-99fd-4f7efd7c39af.s.14.e.3" e2="Dailymed.5012f997-9fb2-4c3d-99fd-4f7efd7c39af.s.14.e.4" evidence="Dailymed.5012f997-9fb2-4c3d-99fd-4f7efd7c39af.s.14.e.2" trigger="Dailymed.5012f997-9fb2-4c3d-99fd-4f7efd7c39af.s.14.e.0" type="Specific_Interaction"/><pair ddi="true" e1="Dailymed.5012f997-9fb2-4c3d-99fd-4f7efd7c39af.s.14.e.3" e2="Dailymed.5012f997-9fb2-4c3d-99fd-4f7efd7c39af.s.14.e.5" evidence="Dailymed.5012f997-9fb2-4c3d-99fd-4f7efd7c39af.s.14.e.2" trigger="Dailymed.5012f997-9fb2-4c3d-99fd-4f7efd7c39af.s.14.e.0" type="Specific_Interaction"/></sentence><sentence biomedicalEntities="0" id="Dailymed.5012f997-9fb2-4c3d-99fd-4f7efd7c39af.s.15" lineNumber="14" text="Although dosage recommendations were exceeded in one case and in the other serum electrolytes were not properly monitored, these two drugs should not be given concomitantly." type="irregular"><entity charOffset="146:158" id="Dailymed.5012f997-9fb2-4c3d-99fd-4f7efd7c39af.s.15.e.0" text="not be given" type="Caution_Interaction"/><drugInteraction id="Dailymed.5012f997-9fb2-4c3d-99fd-4f7efd7c39af.s.15.ddi.1"><interaction trigger="Dailymed.5012f997-9fb2-4c3d-99fd-4f7efd7c39af.s.15.e.0"><relations><relation type="hasObject"><ellipsisSentence id="Dailymed.5012f997-9fb2-4c3d-99fd-4f7efd7c39af.s.14" text="Two deaths have been reported in patients receiving concomitant spironolactone and Dyrenium or Dyazide. "><entity id="Dailymed.5012f997-9fb2-4c3d-99fd-4f7efd7c39af.s.14.e.4"/></ellipsisSentence></relation><relation type="hasObject"><ellipsisSentence id="Dailymed.5012f997-9fb2-4c3d-99fd-4f7efd7c39af.s.14" text="Two deaths have been reported in patients receiving concomitant spironolactone and Dyrenium or Dyazide. "><entity id="Dailymed.5012f997-9fb2-4c3d-99fd-4f7efd7c39af.s.14.e.5"/></ellipsisSentence></relation><relation type="hasPrecipitant"><ellipsisSentence id="Dailymed.5012f997-9fb2-4c3d-99fd-4f7efd7c39af.s.14" text="Two deaths have been reported in patients receiving concomitant spironolactone and Dyrenium or Dyazide. "><entity id="Dailymed.5012f997-9fb2-4c3d-99fd-4f7efd7c39af.s.14.e.3"/></ellipsisSentence></relation></relations></interaction></drugInteraction></sentence><sentence id="Dailymed.5012f997-9fb2-4c3d-99fd-4f7efd7c39af.s.21" text="If the ECG shows no widening of the QRS or arrhythmia in the presence of hyperkalemia, it is usually sufficient to discontinue Dyrenium (triamterene) and any potassium supplementation, and substitute a thiazide alone. " type="negative"><entity charOffset="202:210" id="Dailymed.5012f997-9fb2-4c3d-99fd-4f7efd7c39af.s.21.e.0" text="thiazide" type="Biomedical_Entity"><Normalization><mmtx cui="C0541746" phraseText="a thiazide" preferredWord="Thiazides" semType="phsu, orch"/><RxNorm RxCui="141801"/></Normalization></entity><entity charOffset="158:183" id="Dailymed.5012f997-9fb2-4c3d-99fd-4f7efd7c39af.s.21.e.1" text="potassium supplementation" type="Biomedical_Entity"><Normalization><mmtx cui="C0561938" phraseText="any potassium supplementation," preferredWord="Potassium supplementation" semType="phsu"/><RxNorm RxCui="8588"/></Normalization></entity><entity charOffset="127:135" id="Dailymed.5012f997-9fb2-4c3d-99fd-4f7efd7c39af.s.21.e.2" text="dyrenium" type="Biomedical_Entity"><Normalization><mmtx cui="C0700653" phraseText="Dyrenium" preferredWord="Dyrenium" semType="phsu, orch"/><RxNorm RxCui="203238"/></Normalization></entity><entity charOffset="137:148" id="Dailymed.5012f997-9fb2-4c3d-99fd-4f7efd7c39af.s.21.e.3" text="triamterene" type="Biomedical_Entity"><Normalization><mmtx cui="C0040869" phraseText="(triamterene" preferredWord="Triamterene" semType="phsu, orch"/><RxNorm RxCui="10763"/></Normalization></entity><pair ddi="false" e1="Dailymed.5012f997-9fb2-4c3d-99fd-4f7efd7c39af.s.21.e.1" e2="Dailymed.5012f997-9fb2-4c3d-99fd-4f7efd7c39af.s.21.e.0"/><pair ddi="false" e1="Dailymed.5012f997-9fb2-4c3d-99fd-4f7efd7c39af.s.21.e.2" e2="Dailymed.5012f997-9fb2-4c3d-99fd-4f7efd7c39af.s.21.e.0"/><pair ddi="false" e1="Dailymed.5012f997-9fb2-4c3d-99fd-4f7efd7c39af.s.21.e.3" e2="Dailymed.5012f997-9fb2-4c3d-99fd-4f7efd7c39af.s.21.e.0"/><pair ddi="false" e1="Dailymed.5012f997-9fb2-4c3d-99fd-4f7efd7c39af.s.21.e.2" e2="Dailymed.5012f997-9fb2-4c3d-99fd-4f7efd7c39af.s.21.e.1"/><pair ddi="false" e1="Dailymed.5012f997-9fb2-4c3d-99fd-4f7efd7c39af.s.21.e.3" e2="Dailymed.5012f997-9fb2-4c3d-99fd-4f7efd7c39af.s.21.e.1"/><pair ddi="false" e1="Dailymed.5012f997-9fb2-4c3d-99fd-4f7efd7c39af.s.21.e.2" e2="Dailymed.5012f997-9fb2-4c3d-99fd-4f7efd7c39af.s.21.e.3"/></sentence><sentence id="Dailymed.5012f997-9fb2-4c3d-99fd-4f7efd7c39af.s.22" text="Sodium polystyrene sulfonate (Kayexalate, Sanofi Synthelabo) may be administered to enhance the excretion of excess potassium. " type="negative"><entity charOffset="116:125" id="Dailymed.5012f997-9fb2-4c3d-99fd-4f7efd7c39af.s.22.e.0" text="potassium" type="Biomedical_Entity"><Normalization><mmtx cui="C0597277" phraseText="the excretion of excess potassium." preferredWord="Potassium Ion" semType="phsu, elii"/><RxNorm RxCui="8588"/></Normalization></entity><entity charOffset="30:40" id="Dailymed.5012f997-9fb2-4c3d-99fd-4f7efd7c39af.s.22.e.1" text="kayexalate" type="Biomedical_Entity"><Normalization><mmtx cui="C0124498" phraseText="(Kayexalate," preferredWord="Kayexalate" semType="phsu, orch"/><RxNorm RxCui="51670"/></Normalization></entity><entity charOffset="0:28" id="Dailymed.5012f997-9fb2-4c3d-99fd-4f7efd7c39af.s.22.e.2" text="sodium polystyrene sulfonate" type="Biomedical_Entity"><Normalization><mmtx cui="C0142915" phraseText="Sodium polystyrene sulfonate" preferredWord="Sodium polystyrene sulfonate" semType="phsu, orch"/><RxNorm RxCui="9853"/></Normalization></entity><pair ddi="false" e1="Dailymed.5012f997-9fb2-4c3d-99fd-4f7efd7c39af.s.22.e.1" e2="Dailymed.5012f997-9fb2-4c3d-99fd-4f7efd7c39af.s.22.e.0"/><pair ddi="false" e1="Dailymed.5012f997-9fb2-4c3d-99fd-4f7efd7c39af.s.22.e.2" e2="Dailymed.5012f997-9fb2-4c3d-99fd-4f7efd7c39af.s.22.e.0"/><pair ddi="false" e1="Dailymed.5012f997-9fb2-4c3d-99fd-4f7efd7c39af.s.22.e.2" e2="Dailymed.5012f997-9fb2-4c3d-99fd-4f7efd7c39af.s.22.e.1"/></sentence><sentence id="Dailymed.5012f997-9fb2-4c3d-99fd-4f7efd7c39af.s.24" text="For tachyarrhythmia, infuse 44 mEq of sodium bicarbonate or 10 mL of 10% calcium gluconate or calcium chloride over several minutes. " type="negative"><entity charOffset="73:90" id="Dailymed.5012f997-9fb2-4c3d-99fd-4f7efd7c39af.s.24.e.0" text="calcium gluconate" type="Biomedical_Entity"><Normalization><mmtx cui="C0006699" phraseText="10 mL of 10% calcium gluconate" preferredWord="Calcium Gluconate" semType="phsu, orch"/><RxNorm RxCui="1895"/></Normalization></entity><entity charOffset="94:110" id="Dailymed.5012f997-9fb2-4c3d-99fd-4f7efd7c39af.s.24.e.1" text="calcium chloride" type="Biomedical_Entity"><Normalization><mmtx cui="C0006686" phraseText="calcium chloride over several minutes." preferredWord="Calcium Chloride" semType="inch, phsu"/><RxNorm RxCui="1895"/></Normalization></entity><entity charOffset="38:56" id="Dailymed.5012f997-9fb2-4c3d-99fd-4f7efd7c39af.s.24.e.2" text="sodium bicarbonate" type="Biomedical_Entity"><Normalization><mmtx cui="C0074722" phraseText="44 mEq of sodium bicarbonate" preferredWord="Sodium Bicarbonate" semType="phsu, orch"/><RxNorm RxCui="9853"/></Normalization></entity><pair ddi="false" e1="Dailymed.5012f997-9fb2-4c3d-99fd-4f7efd7c39af.s.24.e.0" e2="Dailymed.5012f997-9fb2-4c3d-99fd-4f7efd7c39af.s.24.e.1"/><pair ddi="false" e1="Dailymed.5012f997-9fb2-4c3d-99fd-4f7efd7c39af.s.24.e.2" e2="Dailymed.5012f997-9fb2-4c3d-99fd-4f7efd7c39af.s.24.e.0"/><pair ddi="false" e1="Dailymed.5012f997-9fb2-4c3d-99fd-4f7efd7c39af.s.24.e.2" e2="Dailymed.5012f997-9fb2-4c3d-99fd-4f7efd7c39af.s.24.e.1"/></sentence><sentence id="Dailymed.5012f997-9fb2-4c3d-99fd-4f7efd7c39af.s.26" text="The effect of calcium and sodium bicarbonate is transient and repeated administration may be required. " type="negative"><entity charOffset="26:44" id="Dailymed.5012f997-9fb2-4c3d-99fd-4f7efd7c39af.s.26.e.0" text="sodium bicarbonate" type="Biomedical_Entity"><Normalization><mmtx cui="C0074722" phraseText="sodium bicarbonate" preferredWord="Sodium Bicarbonate" semType="phsu, orch"/><RxNorm RxCui="9853"/></Normalization></entity><entity charOffset="14:21" id="Dailymed.5012f997-9fb2-4c3d-99fd-4f7efd7c39af.s.26.e.1" text="calcium" type="Biomedical_Entity"><Normalization><mmtx cui="C2936886" phraseText="The effect of calcium" preferredWord="Calcium [EPC]" semType="phsu"/><RxNorm RxCui="1895"/></Normalization></entity><pair ddi="false" e1="Dailymed.5012f997-9fb2-4c3d-99fd-4f7efd7c39af.s.26.e.1" e2="Dailymed.5012f997-9fb2-4c3d-99fd-4f7efd7c39af.s.26.e.0"/></sentence><sentence id="Dailymed.5012f997-9fb2-4c3d-99fd-4f7efd7c39af.s.27" text="When indicated by the clinical situation, excess K+ may be removed by dialysis or oral or rectal administration of Kayexalate. " type="negative"><entity charOffset="115:125" id="Dailymed.5012f997-9fb2-4c3d-99fd-4f7efd7c39af.s.27.e.0" text="kayexalate" type="Biomedical_Entity"><Normalization><mmtx cui="C0124498" phraseText="rectal administration of Kayexalate." preferredWord="Kayexalate" semType="phsu, orch"/><RxNorm RxCui="51670"/></Normalization></entity><entity charOffset="49:50" id="Dailymed.5012f997-9fb2-4c3d-99fd-4f7efd7c39af.s.27.e.1" text="k" type="Biomedical_Entity"><Normalization><mmtx cui="C0597277" phraseText="K+" preferredWord="Potassium Ion" semType="phsu, elii"/><RxNorm RxCui="405158"/></Normalization></entity><pair ddi="false" e1="Dailymed.5012f997-9fb2-4c3d-99fd-4f7efd7c39af.s.27.e.1" e2="Dailymed.5012f997-9fb2-4c3d-99fd-4f7efd7c39af.s.27.e.0"/></sentence><sentence id="Dailymed.5012f997-9fb2-4c3d-99fd-4f7efd7c39af.s.28" text="Infusion of glucose and insulin has also been used to treat hyperkalemia." type="negative"><entity charOffset="24:31" id="Dailymed.5012f997-9fb2-4c3d-99fd-4f7efd7c39af.s.28.e.0" text="insulin" type="Biomedical_Entity"><Normalization><mmtx cui="C1579433" phraseText="insulin" preferredWord="Insulin [EPC]" semType="phsu"/><RxNorm RxCui="5856"/></Normalization></entity><entity charOffset="12:19" id="Dailymed.5012f997-9fb2-4c3d-99fd-4f7efd7c39af.s.28.e.1" text="glucose" type="Biomedical_Entity"><Normalization><mmtx cui="C0017725" phraseText="Infusion of glucose" preferredWord="Glucose" semType="bacs, phsu, carb"/><RxNorm RxCui="4850"/></Normalization></entity><pair ddi="false" e1="Dailymed.5012f997-9fb2-4c3d-99fd-4f7efd7c39af.s.28.e.1" e2="Dailymed.5012f997-9fb2-4c3d-99fd-4f7efd7c39af.s.28.e.0"/></sentence><sentence biomedicalEntities="4" id="Dailymed.5012f997-9fb2-4c3d-99fd-4f7efd7c39af.s.30" lineNumber="30" text="Caution should be used when lithium and diuretics are used concomitantly because diuretic-induced sodium loss may reduce the renal clearance of lithium and increase serum lithium levels with risk of lithium toxicity. " type="regular"><entity charOffset="114:140" id="Dailymed.5012f997-9fb2-4c3d-99fd-4f7efd7c39af.s.30.e.0" text="reduce the renal clearance" type="Increase_Interaction"/><entity charOffset="144:151" id="Dailymed.5012f997-9fb2-4c3d-99fd-4f7efd7c39af.s.30.e.2" text="lithium" type="Drug"><Normalization><mmtx cui="C0023870" phraseText="the renal clearance of lithium" preferredWord="Lithium" semType="phsu, elii"/><RxNorm RxCui="1428998"/></Normalization></entity><entity charOffset="40:49" id="Dailymed.5012f997-9fb2-4c3d-99fd-4f7efd7c39af.s.30.e.3" text="diuretics" type="Drug_Class"><Normalization><mmtx cui="C0012798" phraseText="diuretics" preferredWord="Diuretics" semType="phsu"/><RxNorm RxCui="3567"/></Normalization></entity><entity charOffset="156:170|179:185" id="Dailymed.5012f997-9fb2-4c3d-99fd-4f7efd7c39af.s.30.e.4" text="increase serum levels" type="Increase_Interaction"/><entity charOffset="171:178" id="Dailymed.5012f997-9fb2-4c3d-99fd-4f7efd7c39af.s.30.e.6" text="lithium" type="Drug"><Normalization><mmtx cui="C1441405" phraseText="increase serum lithium levels with risk of lithium toxicity." preferredWord="Lithium.serum" semType="phsu, elii"/><RxNorm RxCui="1428998"/></Normalization></entity><entity charOffset="199:206" id="Dailymed.5012f997-9fb2-4c3d-99fd-4f7efd7c39af.s.30.e.7" text="lithium" type="Drug"><Normalization><RxNorm RxCui="1428998"/></Normalization></entity><entity charOffset="207:215" id="Dailymed.5012f997-9fb2-4c3d-99fd-4f7efd7c39af.s.30.e.8" text="toxicity" type="Increase_Interaction"/><drugInteraction id="Dailymed.5012f997-9fb2-4c3d-99fd-4f7efd7c39af.s.30.ddi.1"><interaction trigger="Dailymed.5012f997-9fb2-4c3d-99fd-4f7efd7c39af.s.30.e.0"><relations><relation type="hasPrecipitant"><entity id="Dailymed.5012f997-9fb2-4c3d-99fd-4f7efd7c39af.s.30.e.3"/></relation><relation type="hasObject"><entity id="Dailymed.5012f997-9fb2-4c3d-99fd-4f7efd7c39af.s.30.e.2"/></relation></relations></interaction></drugInteraction><drugInteraction id="Dailymed.5012f997-9fb2-4c3d-99fd-4f7efd7c39af.s.30.ddi.2"><interaction trigger="Dailymed.5012f997-9fb2-4c3d-99fd-4f7efd7c39af.s.30.e.4"><relations><relation type="hasObject"><entity id="Dailymed.5012f997-9fb2-4c3d-99fd-4f7efd7c39af.s.30.e.6"/></relation><relation type="hasPrecipitant"><entity id="Dailymed.5012f997-9fb2-4c3d-99fd-4f7efd7c39af.s.30.e.3"/></relation></relations></interaction></drugInteraction><drugInteraction id="Dailymed.5012f997-9fb2-4c3d-99fd-4f7efd7c39af.s.30.ddi.3"><interaction trigger="Dailymed.5012f997-9fb2-4c3d-99fd-4f7efd7c39af.s.30.e.8"><relations><relation type="hasPrecipitant"><entity id="Dailymed.5012f997-9fb2-4c3d-99fd-4f7efd7c39af.s.30.e.3"/></relation><relation type="hasObject"><entity id="Dailymed.5012f997-9fb2-4c3d-99fd-4f7efd7c39af.s.30.e.7"/></relation></relations></interaction></drugInteraction><pair ddi="true" e1="Dailymed.5012f997-9fb2-4c3d-99fd-4f7efd7c39af.s.30.e.3" e2="Dailymed.5012f997-9fb2-4c3d-99fd-4f7efd7c39af.s.30.e.2" trigger="Dailymed.5012f997-9fb2-4c3d-99fd-4f7efd7c39af.s.30.e.0" type="Increase_Interaction"/><pair ddi="true" e1="Dailymed.5012f997-9fb2-4c3d-99fd-4f7efd7c39af.s.30.e.3" e2="Dailymed.5012f997-9fb2-4c3d-99fd-4f7efd7c39af.s.30.e.6" trigger="Dailymed.5012f997-9fb2-4c3d-99fd-4f7efd7c39af.s.30.e.4" type="Increase_Interaction"/><pair ddi="true" e1="Dailymed.5012f997-9fb2-4c3d-99fd-4f7efd7c39af.s.30.e.3" e2="Dailymed.5012f997-9fb2-4c3d-99fd-4f7efd7c39af.s.30.e.7" trigger="Dailymed.5012f997-9fb2-4c3d-99fd-4f7efd7c39af.s.30.e.8" type="Increase_Interaction"/></sentence><sentence biomedicalEntities="2" id="Dailymed.5012f997-9fb2-4c3d-99fd-4f7efd7c39af.s.31" lineNumber="30" text="Patients receiving such combined therapy should have serum lithium levels monitored closely and the lithium dosage adjusted if necessary." type="irregular"><entity charOffset="74:83" id="Dailymed.5012f997-9fb2-4c3d-99fd-4f7efd7c39af.s.31.e.0" text="monitored" type="Caution_Interaction"/><entity charOffset="59:66" id="Dailymed.5012f997-9fb2-4c3d-99fd-4f7efd7c39af.s.31.e.2" text="lithium" type="Drug"><Normalization><mmtx cui="C0023870" phraseText="serum lithium levels" preferredWord="Lithium" semType="phsu, elii"/><mmtx cui="C0023870" phraseText="serum lithium levels" preferredWord="Lithium" semType="phsu, elii"/><RxNorm RxCui="1428998"/></Normalization></entity><entity charOffset="108:123" id="Dailymed.5012f997-9fb2-4c3d-99fd-4f7efd7c39af.s.31.e.3" text="dosage adjusted" type="Caution_Interaction"/><entity charOffset="100:107" id="Dailymed.5012f997-9fb2-4c3d-99fd-4f7efd7c39af.s.31.e.5" text="lithium" type="Drug"><Normalization><mmtx cui="C0023870" phraseText="the lithium dosage" preferredWord="Lithium" semType="phsu, elii"/><RxNorm RxCui="1428998"/></Normalization></entity><drugInteraction id="Dailymed.5012f997-9fb2-4c3d-99fd-4f7efd7c39af.s.31.ddi.1"><interaction trigger="Dailymed.5012f997-9fb2-4c3d-99fd-4f7efd7c39af.s.31.e.0"><relations><relation type="hasPrecipitant"><entity id="Dailymed.5012f997-9fb2-4c3d-99fd-4f7efd7c39af.s.31.e.2"/></relation><relation type="hasObject"><ellipsisSentence id="Dailymed.5012f997-9fb2-4c3d-99fd-4f7efd7c39af.s.30" text="Caution should be used when lithium and diuretics are used concomitantly because diuretic-induced sodium loss may reduce the renal clearance of lithium and increase serum lithium levels with risk of lithium toxicity. "><entity id="Dailymed.5012f997-9fb2-4c3d-99fd-4f7efd7c39af.s.30.e.3"/></ellipsisSentence></relation></relations></interaction></drugInteraction><drugInteraction id="Dailymed.5012f997-9fb2-4c3d-99fd-4f7efd7c39af.s.31.ddi.2"><interaction trigger="Dailymed.5012f997-9fb2-4c3d-99fd-4f7efd7c39af.s.31.e.3"><relations><relation type="hasPrecipitant"><entity id="Dailymed.5012f997-9fb2-4c3d-99fd-4f7efd7c39af.s.31.e.5"/></relation><relation type="hasObject"><ellipsisSentence id="Dailymed.5012f997-9fb2-4c3d-99fd-4f7efd7c39af.s.30" text="Caution should be used when lithium and diuretics are used concomitantly because diuretic-induced sodium loss may reduce the renal clearance of lithium and increase serum lithium levels with risk of lithium toxicity. "><entity id="Dailymed.5012f997-9fb2-4c3d-99fd-4f7efd7c39af.s.30.e.3"/></ellipsisSentence></relation></relations></interaction></drugInteraction><pair ddi="true" e1="labelDrug" e2="Dailymed.5012f997-9fb2-4c3d-99fd-4f7efd7c39af.s.31.e.2"/><pair ddi="true" e1="labelDrug" e2="Dailymed.5012f997-9fb2-4c3d-99fd-4f7efd7c39af.s.31.e.5"/></sentence><sentence biomedicalEntities="3" id="Dailymed.5012f997-9fb2-4c3d-99fd-4f7efd7c39af.s.32" lineNumber="31" text="A possible interaction resulting in acute renal failure has been reported in a few subjects when indomethacin, a nonsteroidal anti-inflammatory agent, was given with triamterene. " type="regular"><entity charOffset="36:55" id="Dailymed.5012f997-9fb2-4c3d-99fd-4f7efd7c39af.s.32.e.0" text="acute renal failure" type="Specific_Interaction"><Normalization><mmtx cui="C0022660" phraseText="resulting in acute renal failure" preferredWord="Kidney Failure, Acute" semType="dsyn"/></Normalization></entity><entity charOffset="97:109" id="Dailymed.5012f997-9fb2-4c3d-99fd-4f7efd7c39af.s.32.e.2" text="indomethacin" type="Drug"><Normalization><mmtx cui="C0021246" phraseText="indomethacin," preferredWord="Indomethacin" semType="phsu, orch"/><RxNorm RxCui="5781"/></Normalization></entity><entity charOffset="113:149" id="Dailymed.5012f997-9fb2-4c3d-99fd-4f7efd7c39af.s.32.e.3" text="nonsteroidal anti-inflammatory agent" type="Drug_Class"><Normalization><mmtx cui="C0003211" phraseText="a nonsteroidal anti-inflammatory agent," preferredWord="Anti-Inflammatory Agents, Non-Steroidal" semType="phsu"/><mmtx cui="C3536840" phraseText="a nonsteroidal anti-inflammatory agent," preferredWord="Nonsteroidal Anti-inflammatory Drug [EPC]" semType="phsu"/><RxNorm RxCui="402125"/></Normalization></entity><entity charOffset="166:177" id="Dailymed.5012f997-9fb2-4c3d-99fd-4f7efd7c39af.s.32.e.5" text="triamterene" type="Drug"><Normalization><mmtx cui="C0040869" phraseText="given with triamterene." preferredWord="Triamterene" semType="phsu, orch"/><RxNorm RxCui="10763"/></Normalization></entity><entity charOffset="79:91" id="Dailymed.5012f997-9fb2-4c3d-99fd-4f7efd7c39af.s.32.e.6" text="few subjects" type="SPAN"/><drugClassMembership drug="Dailymed.5012f997-9fb2-4c3d-99fd-4f7efd7c39af.s.32.e.2" drugClass="Dailymed.5012f997-9fb2-4c3d-99fd-4f7efd7c39af.s.32.e.3"/><drugInteraction id="Dailymed.5012f997-9fb2-4c3d-99fd-4f7efd7c39af.s.32.ddi.1"><interaction trigger="Dailymed.5012f997-9fb2-4c3d-99fd-4f7efd7c39af.s.32.e.0"><relations><relation type="hasPrecipitant"><entity id="Dailymed.5012f997-9fb2-4c3d-99fd-4f7efd7c39af.s.32.e.2"/></relation><relation type="hasObject"><entity id="Dailymed.5012f997-9fb2-4c3d-99fd-4f7efd7c39af.s.32.e.5"/></relation><relation type="hasEvidence"><entity id="Dailymed.5012f997-9fb2-4c3d-99fd-4f7efd7c39af.s.32.e.6"/></relation></relations></interaction></drugInteraction><pair ddi="true" e1="Dailymed.5012f997-9fb2-4c3d-99fd-4f7efd7c39af.s.32.e.2" e2="Dailymed.5012f997-9fb2-4c3d-99fd-4f7efd7c39af.s.32.e.5" evidence="Dailymed.5012f997-9fb2-4c3d-99fd-4f7efd7c39af.s.32.e.6" trigger="Dailymed.5012f997-9fb2-4c3d-99fd-4f7efd7c39af.s.32.e.0" type="Specific_Interaction"/></sentence><sentence biomedicalEntities="2" id="Dailymed.5012f997-9fb2-4c3d-99fd-4f7efd7c39af.s.33" lineNumber="31" text="Caution is advised in administering nonsteroidal anti-inflammatory agents with triamterene." type="regular"><entity charOffset="0:7" id="Dailymed.5012f997-9fb2-4c3d-99fd-4f7efd7c39af.s.33.e.0" text="Caution" type="Caution_Interaction"/><entity charOffset="36:73" id="Dailymed.5012f997-9fb2-4c3d-99fd-4f7efd7c39af.s.33.e.2" text="nonsteroidal anti-inflammatory agents" type="Drug_Class"><Normalization><mmtx cui="C0003211" phraseText="advised in administering nonsteroidal anti-inflammatory agents" preferredWord="Anti-Inflammatory Agents, Non-Steroidal" semType="phsu"/><RxNorm RxCui="402125"/></Normalization></entity><entity charOffset="79:90" id="Dailymed.5012f997-9fb2-4c3d-99fd-4f7efd7c39af.s.33.e.3" text="triamterene" type="Drug"><Normalization><mmtx cui="C0040869" phraseText="with triamterene." preferredWord="Triamterene" semType="phsu, orch"/><RxNorm RxCui="10763"/></Normalization></entity><drugInteraction id="Dailymed.5012f997-9fb2-4c3d-99fd-4f7efd7c39af.s.33.ddi.1"><interaction trigger="Dailymed.5012f997-9fb2-4c3d-99fd-4f7efd7c39af.s.33.e.0"><relations><relation type="hasPrecipitant"><entity id="Dailymed.5012f997-9fb2-4c3d-99fd-4f7efd7c39af.s.33.e.2"/></relation><relation type="hasObject"><entity id="Dailymed.5012f997-9fb2-4c3d-99fd-4f7efd7c39af.s.33.e.3"/></relation></relations></interaction></drugInteraction><pair ddi="true" e1="Dailymed.5012f997-9fb2-4c3d-99fd-4f7efd7c39af.s.33.e.2" e2="Dailymed.5012f997-9fb2-4c3d-99fd-4f7efd7c39af.s.33.e.3" trigger="Dailymed.5012f997-9fb2-4c3d-99fd-4f7efd7c39af.s.33.e.0" type="Caution_Interaction"/></sentence><sentence biomedicalEntities="6" id="Dailymed.5012f997-9fb2-4c3d-99fd-4f7efd7c39af.s.34" lineNumber="32" text="The effects of the following drugs may be potentiated when given together with triamterene: antihypertensive medication, other diuretics, preanesthetic and anesthetic agents, skeletal muscle relaxants (nondepolarizing)." type="regular"><anaphoraRelation><anaphoraEntity charOffset="29:34" id="Dailymed.5012f997-9fb2-4c3d-99fd-4f7efd7c39af.s.34.e.2" text="drugs" type="Expression"/><antecedentEntity charOffset="92-119" id="Dailymed.5012f997-9fb2-4c3d-99fd-4f7efd7c39af.s.34.e.3" text="antihypertensive medication" type="Drug_Class"/></anaphoraRelation><anaphoraRelation><anaphoraEntity charOffset="29:34" id="Dailymed.5012f997-9fb2-4c3d-99fd-4f7efd7c39af.s.34.e.2" text="drugs" type="Expression"/><antecedentEntity charOffset="127-136" id="Dailymed.5012f997-9fb2-4c3d-99fd-4f7efd7c39af.s.34.e.4" text="diuretics" type="Drug_Class"/></anaphoraRelation><anaphoraRelation><anaphoraEntity charOffset="29:34" id="Dailymed.5012f997-9fb2-4c3d-99fd-4f7efd7c39af.s.34.e.2" text="drugs" type="Expression"/><antecedentEntity charOffset="138-173" id="Dailymed.5012f997-9fb2-4c3d-99fd-4f7efd7c39af.s.34.e.5" text="preanesthetic agents" type="Drug_Class"/></anaphoraRelation><anaphoraRelation><anaphoraEntity charOffset="29:34" id="Dailymed.5012f997-9fb2-4c3d-99fd-4f7efd7c39af.s.34.e.2" text="drugs" type="Expression"/><antecedentEntity charOffset="156-173" id="Dailymed.5012f997-9fb2-4c3d-99fd-4f7efd7c39af.s.34.e.6" text="anesthetic agents" type="Drug_Class"/></anaphoraRelation><anaphoraRelation><anaphoraEntity charOffset="29:34" id="Dailymed.5012f997-9fb2-4c3d-99fd-4f7efd7c39af.s.34.e.2" text="drugs" type="Expression"/><antecedentEntity charOffset="175-218" id="Dailymed.5012f997-9fb2-4c3d-99fd-4f7efd7c39af.s.34.e.7" text="skeletal muscle relaxants (nondepolarizing)" type="Drug_Class"/></anaphoraRelation><entity charOffset="4:11|42:53" id="Dailymed.5012f997-9fb2-4c3d-99fd-4f7efd7c39af.s.34.e.0" text="effects potentiated" type="Increase_Interaction"/><entity charOffset="92:119" id="Dailymed.5012f997-9fb2-4c3d-99fd-4f7efd7c39af.s.34.e.3" text="antihypertensive medication" type="Drug_Class"><Normalization><mmtx cui="C0003364" phraseText="antihypertensive medication," preferredWord="Antihypertensive Agents" semType="phsu"/><mmtx cui="C0013227" phraseText="antihypertensive medication," preferredWord="Pharmaceutical Preparations" semType="phsu"/><RxNorm RxCui="968"/></Normalization></entity><entity charOffset="127:136" id="Dailymed.5012f997-9fb2-4c3d-99fd-4f7efd7c39af.s.34.e.4" text="diuretics" type="Drug_Class"><Normalization><mmtx cui="C0012798" phraseText="other diuretics," preferredWord="Diuretics" semType="phsu"/><RxNorm RxCui="3567"/></Normalization></entity><entity charOffset="138:151|167:173" id="Dailymed.5012f997-9fb2-4c3d-99fd-4f7efd7c39af.s.34.e.5" text="preanesthetic agents" type="Drug_Class"><Normalization><mmtx cui="C0002932" phraseText="anesthetic agents," preferredWord="Anesthetics" semType="phsu"/><RxNorm RxCui="NA"/></Normalization></entity><entity charOffset="156:173" id="Dailymed.5012f997-9fb2-4c3d-99fd-4f7efd7c39af.s.34.e.6" text="anesthetic agents" type="Drug_Class"><Normalization><mmtx cui="C0002932" phraseText="anesthetic agents," preferredWord="Anesthetics" semType="phsu"/><RxNorm RxCui="817"/></Normalization></entity><entity charOffset="175:218" id="Dailymed.5012f997-9fb2-4c3d-99fd-4f7efd7c39af.s.34.e.7" text="skeletal muscle relaxants (nondepolarizing)" type="Drug_Class"><Normalization><mmtx cui="C0037250" phraseText="skeletal muscle relaxants" preferredWord="skeletal muscle relaxants" semType="phsu"/><RxNorm RxCui="1427638"/></Normalization></entity><entity charOffset="79:90" id="Dailymed.5012f997-9fb2-4c3d-99fd-4f7efd7c39af.s.34.e.13" text="triamterene" type="Drug"><Normalization><mmtx cui="C0040869" phraseText="given together with triamterene" preferredWord="Triamterene" semType="phsu, orch"/><RxNorm RxCui="10763"/></Normalization></entity><drugInteraction id="Dailymed.5012f997-9fb2-4c3d-99fd-4f7efd7c39af.s.34.ddi.1"><interaction trigger="Dailymed.5012f997-9fb2-4c3d-99fd-4f7efd7c39af.s.34.e.0"><relations><relation type="hasObject"><entity id="Dailymed.5012f997-9fb2-4c3d-99fd-4f7efd7c39af.s.34.e.2"/></relation><relation type="hasPrecipitant"><entity id="Dailymed.5012f997-9fb2-4c3d-99fd-4f7efd7c39af.s.34.e.13"/></relation></relations></interaction></drugInteraction><pair ddi="true" e1="Dailymed.5012f997-9fb2-4c3d-99fd-4f7efd7c39af.s.34.e.2" e2="Dailymed.5012f997-9fb2-4c3d-99fd-4f7efd7c39af.s.34.e.13" trigger="Dailymed.5012f997-9fb2-4c3d-99fd-4f7efd7c39af.s.34.e.0" type="Increase_Interaction"/></sentence><sentence biomedicalEntities="2" id="Dailymed.5012f997-9fb2-4c3d-99fd-4f7efd7c39af.s.35" lineNumber="33" text="Potassium-sparing agents should be used with caution in conjunction with angiotensin-converting enzyme (ACE) inhibitors due to an increased risk of hyperkalemia." type="regular"><entity charOffset="148:160" id="Dailymed.5012f997-9fb2-4c3d-99fd-4f7efd7c39af.s.35.e.0" text="hyperkalemia" type="Specific_Interaction"/><entity charOffset="73:119" id="Dailymed.5012f997-9fb2-4c3d-99fd-4f7efd7c39af.s.35.e.2" text="angiotensin-converting enzyme (ACE) inhibitors" type="Drug_Class"><Normalization><mmtx cui="C0003015" phraseText="in conjunction with angiotensin-converting enzyme (ACE) inhibitors" preferredWord="Angiotensin-Converting Enzyme Inhibitors" semType="phsu"/><RxNorm RxCui="6162"/></Normalization></entity><entity charOffset="0:24" id="Dailymed.5012f997-9fb2-4c3d-99fd-4f7efd7c39af.s.35.e.3" text="Potassium-sparing agents" type="Drug_Class"><Normalization><mmtx cui="C0597277" phraseText="Potassium-sparing agents" preferredWord="Potassium Ion" semType="phsu, elii"/><mmtx cui="C1254351" phraseText="Potassium-sparing agents" preferredWord="Pharmacologic Substance" semType="phsu"/><RxNorm RxCui="1437061"/></Normalization></entity><drugInteraction id="Dailymed.5012f997-9fb2-4c3d-99fd-4f7efd7c39af.s.35.ddi.1"><interaction trigger="Dailymed.5012f997-9fb2-4c3d-99fd-4f7efd7c39af.s.35.e.0"><relations><relation type="hasObject"><entity id="Dailymed.5012f997-9fb2-4c3d-99fd-4f7efd7c39af.s.35.e.3"/></relation><relation type="hasPrecipitant"><entity id="Dailymed.5012f997-9fb2-4c3d-99fd-4f7efd7c39af.s.35.e.2"/></relation></relations></interaction></drugInteraction><pair ddi="true" e1="Dailymed.5012f997-9fb2-4c3d-99fd-4f7efd7c39af.s.35.e.3" e2="Dailymed.5012f997-9fb2-4c3d-99fd-4f7efd7c39af.s.35.e.2" trigger="Dailymed.5012f997-9fb2-4c3d-99fd-4f7efd7c39af.s.35.e.0" type="Specific_Interaction"/></sentence><sentence biomedicalEntities="6" id="Dailymed.5012f997-9fb2-4c3d-99fd-4f7efd7c39af.s.36" lineNumber="34" text="The following agents, given together with triamterene, may promote serum potassium accumulation and possibly result in hyperkalemia because of the potassium-sparing nature of triamterene, especially in patients with renal insufficiency: blood from blood bank (may contain up to 30 mEq of potassium per liter of plasma or up to 65 mEq per liter of whole blood when stored for more than 10 days), low-salt milk (may contain up to 60 mEq of potassium per liter), potassium-containing medications (such as parenteral penicillin G potassium), salt substitutes (most contain substantial amounts of potassium)." type="regular"><anaphoraRelation><anaphoraEntity charOffset="14:20" id="Dailymed.5012f997-9fb2-4c3d-99fd-4f7efd7c39af.s.36.e.0" text="agents" type="Expression"/><antecedentEntity charOffset="237-258" id="Dailymed.5012f997-9fb2-4c3d-99fd-4f7efd7c39af.s.36.e.7" text="blood from blood bank" type="Substance"/></anaphoraRelation><anaphoraRelation><anaphoraEntity charOffset="14:20" id="Dailymed.5012f997-9fb2-4c3d-99fd-4f7efd7c39af.s.36.e.0" text="agents" type="Expression"/><antecedentEntity charOffset="460-492" id="Dailymed.5012f997-9fb2-4c3d-99fd-4f7efd7c39af.s.36.e.9" text="potassium-containing medications" type="Drug_Class"/></anaphoraRelation><anaphoraRelation><anaphoraEntity charOffset="14:20" id="Dailymed.5012f997-9fb2-4c3d-99fd-4f7efd7c39af.s.36.e.0" text="agents" type="Expression"/><antecedentEntity charOffset="395-408" id="Dailymed.5012f997-9fb2-4c3d-99fd-4f7efd7c39af.s.36.e.8" text="low-salt milk" type="Substance"/></anaphoraRelation><anaphoraRelation><anaphoraEntity charOffset="14:20" id="Dailymed.5012f997-9fb2-4c3d-99fd-4f7efd7c39af.s.36.e.0" text="agents" type="Expression"/><antecedentEntity charOffset="538-554" id="Dailymed.5012f997-9fb2-4c3d-99fd-4f7efd7c39af.s.36.e.11" text="salt substitutes" type="Substance"/></anaphoraRelation><entity charOffset="42:53" id="Dailymed.5012f997-9fb2-4c3d-99fd-4f7efd7c39af.s.36.e.1" text="triamterene" type="Drug"><Normalization><mmtx cui="C0040869" phraseText="given together with triamterene," preferredWord="Triamterene" semType="phsu, orch"/><RxNorm RxCui="10763"/></Normalization></entity><entity charOffset="67:95" id="Dailymed.5012f997-9fb2-4c3d-99fd-4f7efd7c39af.s.36.e.2" text="serum potassium accumulation" type="Specific_Interaction"/><entity charOffset="119:131" id="Dailymed.5012f997-9fb2-4c3d-99fd-4f7efd7c39af.s.36.e.4" text="hyperkalemia" type="Specific_Interaction"/><entity charOffset="216:235" id="Dailymed.5012f997-9fb2-4c3d-99fd-4f7efd7c39af.s.36.e.6" text="renal insufficiency" type="SPAN"><Normalization><mmtx cui="C0035078" phraseText="with renal insufficiency" preferredWord="Kidney Failure" semType="dsyn"/><mmtx cui="C1565489" phraseText="with renal insufficiency" preferredWord="Renal Insufficiency" semType="dsyn"/></Normalization></entity><entity charOffset="237:258" id="Dailymed.5012f997-9fb2-4c3d-99fd-4f7efd7c39af.s.36.e.7" text="blood from blood bank" type="Substance"><Normalization><RxNorm RxCui="1629"/></Normalization></entity><entity charOffset="395:408" id="Dailymed.5012f997-9fb2-4c3d-99fd-4f7efd7c39af.s.36.e.8" text="low-salt milk" type="Substance"><Normalization><mmtx cui="C0037494" phraseText="low-salt milk" preferredWord="Sodium Chloride" semType="bacs, inch, phsu"/><RxNorm RxCui="1023523"/></Normalization></entity><entity charOffset="460:492" id="Dailymed.5012f997-9fb2-4c3d-99fd-4f7efd7c39af.s.36.e.9" text="potassium-containing medications" type="Drug_Class"><Normalization><mmtx cui="C0597277" phraseText="potassium-containing medications" preferredWord="Potassium Ion" semType="phsu, elii"/><mmtx cui="C0013227" phraseText="potassium-containing medications" preferredWord="Pharmaceutical Preparations" semType="phsu"/><RxNorm RxCui="8588"/></Normalization></entity><entity charOffset="502:535" id="Dailymed.5012f997-9fb2-4c3d-99fd-4f7efd7c39af.s.36.e.10" text="parenteral penicillin G potassium" type="Drug"><Normalization><mmtx cui="C0700462" phraseText="such as parenteral penicillin G potassium" preferredWord="Penicillin G Potassium" semType="orch, antb"/><RxNorm RxCui="107735"/></Normalization></entity><entity charOffset="538:554" id="Dailymed.5012f997-9fb2-4c3d-99fd-4f7efd7c39af.s.36.e.11" text="salt substitutes" type="Substance"><Normalization><mmtx cui="C0784217" phraseText="salt substitutes" preferredWord="Salt Substitute" semType="inch, phsu"/><RxNorm RxCui="9547"/></Normalization></entity><drugClassMembership drug="Dailymed.5012f997-9fb2-4c3d-99fd-4f7efd7c39af.s.36.e.10" drugClass="Dailymed.5012f997-9fb2-4c3d-99fd-4f7efd7c39af.s.36.e.9"/><drugInteraction id="Dailymed.5012f997-9fb2-4c3d-99fd-4f7efd7c39af.s.36.ddi.1"><interaction trigger="Dailymed.5012f997-9fb2-4c3d-99fd-4f7efd7c39af.s.36.e.2"><relations><relation type="hasContext"><entity id="Dailymed.5012f997-9fb2-4c3d-99fd-4f7efd7c39af.s.36.e.6"/></relation><relation type="hasPrecipitant"><entity id="Dailymed.5012f997-9fb2-4c3d-99fd-4f7efd7c39af.s.36.e.0"/></relation><relation type="hasObject"><entity id="Dailymed.5012f997-9fb2-4c3d-99fd-4f7efd7c39af.s.36.e.1"/></relation></relations></interaction></drugInteraction><drugInteraction id="Dailymed.5012f997-9fb2-4c3d-99fd-4f7efd7c39af.s.36.ddi.2"><interaction trigger="Dailymed.5012f997-9fb2-4c3d-99fd-4f7efd7c39af.s.36.e.4"><relations><relation type="hasContext"><entity id="Dailymed.5012f997-9fb2-4c3d-99fd-4f7efd7c39af.s.36.e.6"/></relation><relation type="hasPrecipitant"><entity id="Dailymed.5012f997-9fb2-4c3d-99fd-4f7efd7c39af.s.36.e.0"/></relation><relation type="hasObject"><entity id="Dailymed.5012f997-9fb2-4c3d-99fd-4f7efd7c39af.s.36.e.1"/></relation></relations></interaction></drugInteraction><pair context="Dailymed.5012f997-9fb2-4c3d-99fd-4f7efd7c39af.s.36.e.6" ddi="true" e1="Dailymed.5012f997-9fb2-4c3d-99fd-4f7efd7c39af.s.36.e.0" e2="Dailymed.5012f997-9fb2-4c3d-99fd-4f7efd7c39af.s.36.e.1" trigger="Dailymed.5012f997-9fb2-4c3d-99fd-4f7efd7c39af.s.36.e.2" type="Specific_Interaction"/></sentence><sentence biomedicalEntities="3" id="Dailymed.5012f997-9fb2-4c3d-99fd-4f7efd7c39af.s.37" lineNumber="35" text="Dyrenium (triamterene) may raise blood glucose levels, for adult-onset diabetes, dosage adjustments of hypoglycemic agents may be necessary during and/or after therapy, concurrent use with chlorpropamide may increase the risk of severe hyponatremia." type="regular"><entity charOffset="59:79" id="Dailymed.5012f997-9fb2-4c3d-99fd-4f7efd7c39af.s.37.e.0" text="adult-onset diabetes" type="SPAN"><Normalization><mmtx cui="C0011860" phraseText="for adult-onset diabetes," preferredWord="Diabetes Mellitus, Non-Insulin-Dependent" semType="dsyn"/></Normalization></entity><entity charOffset="10:21" id="Dailymed.5012f997-9fb2-4c3d-99fd-4f7efd7c39af.s.37.e.1" text="triamterene" type="Drug"><Normalization><mmtx cui="C0040869" phraseText="(triamterene" preferredWord="Triamterene" semType="phsu, orch"/><RxNorm RxCui="10763"/></Normalization></entity><entity charOffset="103:122" id="Dailymed.5012f997-9fb2-4c3d-99fd-4f7efd7c39af.s.37.e.2" text="hypoglycemic agents" type="Drug_Class"><Normalization><mmtx cui="C0020616" phraseText="dosage adjustments of hypoglycemic agents" preferredWord="Hypoglycemic Agents" semType="phsu"/><RxNorm RxCui="5604"/></Normalization></entity><entity charOffset="81:99" id="Dailymed.5012f997-9fb2-4c3d-99fd-4f7efd7c39af.s.37.e.3" text="dosage adjustments" type="Caution_Interaction"/><entity charOffset="189:203" id="Dailymed.5012f997-9fb2-4c3d-99fd-4f7efd7c39af.s.37.e.5" text="chlorpropamide" type="Drug"><Normalization><mmtx cui="C0008287" phraseText="concurrent use with chlorpropamide" preferredWord="Chlorpropamide" semType="phsu, orch"/><RxNorm RxCui="2404"/></Normalization></entity><entity charOffset="236:248" id="Dailymed.5012f997-9fb2-4c3d-99fd-4f7efd7c39af.s.37.e.6" text="hyponatremia" type="Specific_Interaction"><Normalization><mmtx cui="C0857122" phraseText="the risk of severe hyponatremia." preferredWord="hyponatremic" semType="dsyn"/></Normalization></entity><drugInteraction id="Dailymed.5012f997-9fb2-4c3d-99fd-4f7efd7c39af.s.37.ddi.1"><interaction trigger="Dailymed.5012f997-9fb2-4c3d-99fd-4f7efd7c39af.s.37.e.3"><relations><relation type="hasObject"><entity id="Dailymed.5012f997-9fb2-4c3d-99fd-4f7efd7c39af.s.37.e.1"/></relation><relation type="hasPrecipitant"><entity id="Dailymed.5012f997-9fb2-4c3d-99fd-4f7efd7c39af.s.37.e.2"/></relation><relation type="hasContext"><entity id="Dailymed.5012f997-9fb2-4c3d-99fd-4f7efd7c39af.s.37.e.0"/></relation></relations></interaction></drugInteraction><drugInteraction id="Dailymed.5012f997-9fb2-4c3d-99fd-4f7efd7c39af.s.37.ddi.2"><interaction trigger="Dailymed.5012f997-9fb2-4c3d-99fd-4f7efd7c39af.s.37.e.6"><relations><relation type="hasPrecipitant"><entity id="Dailymed.5012f997-9fb2-4c3d-99fd-4f7efd7c39af.s.37.e.5"/></relation><relation type="hasObject"><entity id="Dailymed.5012f997-9fb2-4c3d-99fd-4f7efd7c39af.s.37.e.1"/></relation></relations></interaction></drugInteraction><pair context="Dailymed.5012f997-9fb2-4c3d-99fd-4f7efd7c39af.s.37.e.0" ddi="true" e1="Dailymed.5012f997-9fb2-4c3d-99fd-4f7efd7c39af.s.37.e.1" e2="Dailymed.5012f997-9fb2-4c3d-99fd-4f7efd7c39af.s.37.e.2" trigger="Dailymed.5012f997-9fb2-4c3d-99fd-4f7efd7c39af.s.37.e.3" type="Caution_Interaction"/><pair ddi="true" e1="Dailymed.5012f997-9fb2-4c3d-99fd-4f7efd7c39af.s.37.e.1" e2="Dailymed.5012f997-9fb2-4c3d-99fd-4f7efd7c39af.s.37.e.5" trigger="Dailymed.5012f997-9fb2-4c3d-99fd-4f7efd7c39af.s.37.e.6" type="Specific_Interaction"/></sentence><sentence id="Dailymed.5012f997-9fb2-4c3d-99fd-4f7efd7c39af.s.39" text="Triamterene and quinidine have similar fluorescence spectra, thus, triamterene will interfere with the fluorescent measurement of quinidine." type="negative"><entity charOffset="130:139" id="Dailymed.5012f997-9fb2-4c3d-99fd-4f7efd7c39af.s.39.e.0" text="quinidine" type="Biomedical_Entity"><Normalization><mmtx cui="C0034414" phraseText="interfere with the fluorescent measurement of quinidine." preferredWord="Quinidine" semType="phsu, orch"/><RxNorm RxCui="9068"/></Normalization></entity><entity charOffset="67:78" id="Dailymed.5012f997-9fb2-4c3d-99fd-4f7efd7c39af.s.39.e.1" text="triamterene" type="Biomedical_Entity"><Normalization><mmtx cui="C0040869" phraseText="triamterene" preferredWord="Triamterene" semType="phsu, orch"/><RxNorm RxCui="10763"/></Normalization></entity><entity charOffset="16:25" id="Dailymed.5012f997-9fb2-4c3d-99fd-4f7efd7c39af.s.39.e.2" text="quinidine" type="Biomedical_Entity"><Normalization><mmtx cui="C0034414" phraseText="quinidine" preferredWord="Quinidine" semType="phsu, orch"/><RxNorm RxCui="9068"/></Normalization></entity><entity charOffset="0:11" id="Dailymed.5012f997-9fb2-4c3d-99fd-4f7efd7c39af.s.39.e.3" text="triamterene" type="Biomedical_Entity"><Normalization><mmtx cui="C0040869" phraseText="Triamterene" preferredWord="Triamterene" semType="phsu, orch"/><RxNorm RxCui="10763"/></Normalization></entity><pair ddi="false" e1="Dailymed.5012f997-9fb2-4c3d-99fd-4f7efd7c39af.s.39.e.1" e2="Dailymed.5012f997-9fb2-4c3d-99fd-4f7efd7c39af.s.39.e.0"/><pair ddi="false" e1="Dailymed.5012f997-9fb2-4c3d-99fd-4f7efd7c39af.s.39.e.3" e2="Dailymed.5012f997-9fb2-4c3d-99fd-4f7efd7c39af.s.39.e.0"/><pair ddi="false" e1="Dailymed.5012f997-9fb2-4c3d-99fd-4f7efd7c39af.s.39.e.2" e2="Dailymed.5012f997-9fb2-4c3d-99fd-4f7efd7c39af.s.39.e.1"/><pair ddi="false" e1="Dailymed.5012f997-9fb2-4c3d-99fd-4f7efd7c39af.s.39.e.3" e2="Dailymed.5012f997-9fb2-4c3d-99fd-4f7efd7c39af.s.39.e.2"/></sentence><positiveExamples number="18"/><negativeExamples number="31"/></document>