<?xml version="1.0" encoding="UTF-8" standalone="no"?><document setID="5de5366c-0719-4a4c-9483-cd99b218ee78"><labelDrug name="NITRO-DUR"><Normalization/></labelDrug><generic name="nitroglycerin"/><sentence id="Dailymed.5de5366c-0719-4a4c-9483-cd99b218ee78.s.1" text="Drug Label for drug brand NITRO-DUR, containing nitroglycerin." type="negative"><entity charOffset="0:19" id="Dailymed.5de5366c-0719-4a4c-9483-cd99b218ee78.s.1.e.0" text="drug drug" type="Biomedical_Entity"><Normalization><mmtx cui="C0013231" phraseText="Drug Label for drug brand NITRO-DUR," preferredWord="Drugs, Non-Prescription" semType="phsu"/><RxNorm RxCui="NA"/></Normalization></entity><entity charOffset="48:61" id="Dailymed.5de5366c-0719-4a4c-9483-cd99b218ee78.s.1.e.1" text="nitroglycerin" type="Biomedical_Entity"><Normalization><mmtx cui="C0017887" phraseText="nitroglycerin." preferredWord="Nitroglycerin" semType="phsu, orch"/><RxNorm RxCui="4917"/></Normalization></entity><entity charOffset="26:35" id="Dailymed.5de5366c-0719-4a4c-9483-cd99b218ee78.s.1.e.2" text="nitro-dur" type="Biomedical_Entity"><Normalization><mmtx cui="C0699224" phraseText="Drug Label for drug brand NITRO-DUR," preferredWord="Nitro-Dur" semType="phsu, orch"/><RxNorm RxCui="202508"/></Normalization></entity><pair ddi="false" e1="Dailymed.5de5366c-0719-4a4c-9483-cd99b218ee78.s.1.e.0" e2="Dailymed.5de5366c-0719-4a4c-9483-cd99b218ee78.s.1.e.1"/><pair ddi="false" e1="Dailymed.5de5366c-0719-4a4c-9483-cd99b218ee78.s.1.e.0" e2="Dailymed.5de5366c-0719-4a4c-9483-cd99b218ee78.s.1.e.2"/><pair ddi="false" e1="Dailymed.5de5366c-0719-4a4c-9483-cd99b218ee78.s.1.e.2" e2="Dailymed.5de5366c-0719-4a4c-9483-cd99b218ee78.s.1.e.1"/></sentence><sentence biomedicalEntities="3" id="Dailymed.5de5366c-0719-4a4c-9483-cd99b218ee78.s.7" lineNumber="12" text="Amplification of the vasodilatory effects of the NITRO-DUR patch by phosphodiesterase inhibitors, eg, sildenafil can result in severe hypotension. " type="regular"><entity charOffset="68:96" id="Dailymed.5de5366c-0719-4a4c-9483-cd99b218ee78.s.7.e.1" text="phosphodiesterase inhibitors" type="Drug_Class"><Normalization><mmtx cui="C0031638" phraseText="by phosphodiesterase inhibitors," preferredWord="Phosphodiesterase Inhibitors" semType="phsu"/><RxNorm RxCui="8228"/></Normalization></entity><entity charOffset="102:112" id="Dailymed.5de5366c-0719-4a4c-9483-cd99b218ee78.s.7.e.2" text="sildenafil" type="Drug"><Normalization><mmtx cui="C0529793" phraseText="sildenafil" preferredWord="sildenafil" semType="phsu, orch"/><RxNorm RxCui="136411"/></Normalization></entity><entity charOffset="0:41" id="Dailymed.5de5366c-0719-4a4c-9483-cd99b218ee78.s.7.e.4" text="Amplification of the vasodilatory effects" type="Specific_Interaction"/><entity charOffset="49:64" id="Dailymed.5de5366c-0719-4a4c-9483-cd99b218ee78.s.7.e.5" text="NITRO-DUR patch" type="Drug"><Normalization><mmtx cui="C0699224" phraseText="Amplification of the vasodilatory effects of the NITRO-DUR patch" preferredWord="Nitro-Dur" semType="phsu, orch"/><RxNorm RxCui="202508"/></Normalization></entity><entity charOffset="127:145" id="Dailymed.5de5366c-0719-4a4c-9483-cd99b218ee78.s.7.e.7" text="severe hypotension" type="Specific_Interaction"/><drugClassMembership drug="Dailymed.5de5366c-0719-4a4c-9483-cd99b218ee78.s.7.e.2" drugClass="Dailymed.5de5366c-0719-4a4c-9483-cd99b218ee78.s.7.e.1"/><drugInteraction id="Dailymed.5de5366c-0719-4a4c-9483-cd99b218ee78.s.7.ddi.1"><interaction trigger="Dailymed.5de5366c-0719-4a4c-9483-cd99b218ee78.s.7.e.4"><relations><relation type="hasPrecipitant"><entity id="Dailymed.5de5366c-0719-4a4c-9483-cd99b218ee78.s.7.e.1"/></relation><relation type="hasObject"><entity id="Dailymed.5de5366c-0719-4a4c-9483-cd99b218ee78.s.7.e.5"/></relation></relations></interaction></drugInteraction><drugInteraction id="Dailymed.5de5366c-0719-4a4c-9483-cd99b218ee78.s.7.ddi.2"><interaction trigger="Dailymed.5de5366c-0719-4a4c-9483-cd99b218ee78.s.7.e.7"><relations><relation type="hasPrecipitant"><entity id="Dailymed.5de5366c-0719-4a4c-9483-cd99b218ee78.s.7.e.1"/></relation><relation type="hasObject"><entity id="Dailymed.5de5366c-0719-4a4c-9483-cd99b218ee78.s.7.e.5"/></relation></relations></interaction></drugInteraction><pair ddi="true" e1="Dailymed.5de5366c-0719-4a4c-9483-cd99b218ee78.s.7.e.5" e2="Dailymed.5de5366c-0719-4a4c-9483-cd99b218ee78.s.7.e.1" trigger="Dailymed.5de5366c-0719-4a4c-9483-cd99b218ee78.s.7.e.4" type="Specific_Interaction"/></sentence><sentence id="Dailymed.5de5366c-0719-4a4c-9483-cd99b218ee78.s.23" text="Several clinical trials in patients with angina pectoris have evaluated nitroglycerin regimens which incorporated a 10- to 12-hour, nitrate-free interval. " type="negative"><entity charOffset="72:85" id="Dailymed.5de5366c-0719-4a4c-9483-cd99b218ee78.s.23.e.0" text="nitroglycerin" type="Biomedical_Entity"><Normalization><mmtx cui="C0885378" phraseText="evaluated nitroglycerin regimens" preferredWord="Glonoine, nitroglycerine, Homeopathic preparation" semType="phsu, orch"/><RxNorm RxCui="4917"/></Normalization></entity><entity charOffset="114:118" id="Dailymed.5de5366c-0719-4a4c-9483-cd99b218ee78.s.23.e.1" text="a 10" type="Biomedical_Entity"><Normalization><mmtx cui="C0052080" phraseText="a 10-" preferredWord="antineoplaston A10" semType="phsu, orch"/><RxNorm RxCui="NA"/></Normalization></entity><pair ddi="false" e1="Dailymed.5de5366c-0719-4a4c-9483-cd99b218ee78.s.23.e.0" e2="Dailymed.5de5366c-0719-4a4c-9483-cd99b218ee78.s.23.e.1"/></sentence><sentence id="Dailymed.5de5366c-0719-4a4c-9483-cd99b218ee78.s.31" text="Patients should resist the temptation to avoid headaches by altering the schedule of their treatment with nitroglycerin, since loss of headache may be associated with simultaneous loss of antianginal efficacy." type="negative"><entity charOffset="188:199" id="Dailymed.5de5366c-0719-4a4c-9483-cd99b218ee78.s.31.e.0" text="antianginal" type="Biomedical_Entity"><Normalization><mmtx cui="C1874267" phraseText="associated with simultaneous loss of antianginal efficacy." preferredWord="Anti-anginal [EPC]" semType="phsu"/><RxNorm RxCui="1447082"/></Normalization></entity><entity charOffset="106:119" id="Dailymed.5de5366c-0719-4a4c-9483-cd99b218ee78.s.31.e.1" text="nitroglycerin" type="Biomedical_Entity"><Normalization><mmtx cui="C0017887" phraseText="with nitroglycerin," preferredWord="Nitroglycerin" semType="phsu, orch"/><RxNorm RxCui="4917"/></Normalization></entity><pair ddi="false" e1="Dailymed.5de5366c-0719-4a4c-9483-cd99b218ee78.s.31.e.1" e2="Dailymed.5de5366c-0719-4a4c-9483-cd99b218ee78.s.31.e.0"/></sentence><sentence biomedicalEntities="1" id="Dailymed.5de5366c-0719-4a4c-9483-cd99b218ee78.s.33" lineNumber="31" text="This effect may be more frequent in patients who have also consumed alcohol." type="irregular"><anaphoraRelation><antecedentSentence ID="Dailymed.5de5366c-0719-4a4c-9483-cd99b218ee78.s.32" Text="Treatment with nitroglycerin may be associated with lightheadedness on standing, especially just after rising from a recumbent or seated position. "/><anaphoraEntity charOffset="5:11" id="Dailymed.5de5366c-0719-4a4c-9483-cd99b218ee78.s.33.e.1" text="effect" type="Expression"/><antecedentEntity charOffset="52:79" id="Dailymed.5de5366c-0719-4a4c-9483-cd99b218ee78.s.32.e.0" text="lightheadedness on standing" type="SPAN"/></anaphoraRelation><entity charOffset="5:11" id="Dailymed.5de5366c-0719-4a4c-9483-cd99b218ee78.s.33.e.3" text="effect" type="Specific_Interaction"/><entity charOffset="68:75" id="Dailymed.5de5366c-0719-4a4c-9483-cd99b218ee78.s.33.e.4" text="alcohol" type="Substance"><Normalization><mmtx cui="C0001975" phraseText="also consumed alcohol." preferredWord="Alcohols" semType="phsu, orch"/><RxNorm RxCui="448"/></Normalization></entity><drugInteraction id="Dailymed.5de5366c-0719-4a4c-9483-cd99b218ee78.s.33.ddi.1"><interaction trigger="Dailymed.5de5366c-0719-4a4c-9483-cd99b218ee78.s.33.e.3"><relations><relation type="hasPrecipitant"><entity id="Dailymed.5de5366c-0719-4a4c-9483-cd99b218ee78.s.33.e.4"/></relation><relation type="hasObject"><ellipsisSentence id="Dailymed.5de5366c-0719-4a4c-9483-cd99b218ee78.s.32" text="Treatment with nitroglycerin may be associated with lightheadedness on standing, especially just after rising from a recumbent or seated position. "><entity charOffset="15:28" id="Dailymed.5de5366c-0719-4a4c-9483-cd99b218ee78.s.32.e.1" text="nitroglycerin" type="Drug"><Normalization><mmtx cui="C0017887" phraseText="Treatment with nitroglycerin" preferredWord="Nitroglycerin" semType="phsu, orch"/><mmtx cui="C0885378" phraseText="Treatment with nitroglycerin" preferredWord="Glonoine, nitroglycerine, Homeopathic preparation" semType="phsu, orch"/></Normalization></entity></ellipsisSentence></relation></relations></interaction></drugInteraction><pair ddi="true" e1="labelDrug" e2="Dailymed.5de5366c-0719-4a4c-9483-cd99b218ee78.s.33.e.4"/></sentence><sentence biomedicalEntities="2" id="Dailymed.5de5366c-0719-4a4c-9483-cd99b218ee78.s.37" lineNumber="37" text="The vasodilating effects of nitroglycerin may be additive with those of other vasodilators. " type="regular"><entity charOffset="4:24|49:57" id="Dailymed.5de5366c-0719-4a4c-9483-cd99b218ee78.s.37.e.1" text="vasodilating effects additive" type="Specific_Interaction"/><entity charOffset="78:90" id="Dailymed.5de5366c-0719-4a4c-9483-cd99b218ee78.s.37.e.2" text="vasodilators" type="Drug_Class"><Normalization><mmtx cui="C0042402" phraseText="additive with those of other vasodilators." preferredWord="Vasodilator Agents" semType="phsu"/><RxNorm RxCui="11146"/></Normalization></entity><entity charOffset="28:41" id="Dailymed.5de5366c-0719-4a4c-9483-cd99b218ee78.s.37.e.3" text="nitroglycerin" type="Drug"><Normalization><mmtx cui="C0017887" phraseText="The vasodilating effects of nitroglycerin" preferredWord="Nitroglycerin" semType="phsu, orch"/><mmtx cui="C0885378" phraseText="The vasodilating effects of nitroglycerin" preferredWord="Glonoine, nitroglycerine, Homeopathic preparation" semType="phsu, orch"/><RxNorm RxCui="4917"/></Normalization></entity><entity charOffset="4:16" id="Dailymed.5de5366c-0719-4a4c-9483-cd99b218ee78.s.37.e.4" text="vasodilating" type="SPAN"/><drugInteraction id="Dailymed.5de5366c-0719-4a4c-9483-cd99b218ee78.s.37.ddi.1"><interaction trigger="Dailymed.5de5366c-0719-4a4c-9483-cd99b218ee78.s.37.e.1"><relations><relation type="hasPrecipitant"><entity id="Dailymed.5de5366c-0719-4a4c-9483-cd99b218ee78.s.37.e.2"/></relation><relation type="hasObject"><entity id="Dailymed.5de5366c-0719-4a4c-9483-cd99b218ee78.s.37.e.3"/></relation></relations></interaction></drugInteraction><pair ddi="true" e1="Dailymed.5de5366c-0719-4a4c-9483-cd99b218ee78.s.37.e.3" e2="Dailymed.5de5366c-0719-4a4c-9483-cd99b218ee78.s.37.e.2" trigger="Dailymed.5de5366c-0719-4a4c-9483-cd99b218ee78.s.37.e.1" type="Specific_Interaction"/></sentence><sentence biomedicalEntities="1" id="Dailymed.5de5366c-0719-4a4c-9483-cd99b218ee78.s.38" lineNumber="37" text="Alcohol, in particular, has been found to exhibit additive effects of this variety." type="irregular"><anaphoraRelation><antecedentSentence ID="Dailymed.5de5366c-0719-4a4c-9483-cd99b218ee78.s.37" Text="The vasodilating effects of nitroglycerin may be additive with those of other vasodilators. "/><anaphoraEntity charOffset="70:82" id="Dailymed.5de5366c-0719-4a4c-9483-cd99b218ee78.s.38.e.4" text="this variety" type="Expression"/><antecedentEntity charOffset="4:16" id="Dailymed.5de5366c-0719-4a4c-9483-cd99b218ee78.s.37.e.4" text="vasodilating" type="SPAN"/></anaphoraRelation><entity charOffset="50:82" id="Dailymed.5de5366c-0719-4a4c-9483-cd99b218ee78.s.38.e.1" text="additive effects of this variety" type="Specific_Interaction"/><entity charOffset="0:7" id="Dailymed.5de5366c-0719-4a4c-9483-cd99b218ee78.s.38.e.2" text="Alcohol" type="Substance"><Normalization><mmtx cui="C0001975" phraseText="Alcohol," preferredWord="Alcohols" semType="phsu, orch"/><RxNorm RxCui="448"/></Normalization></entity><drugInteraction id="Dailymed.5de5366c-0719-4a4c-9483-cd99b218ee78.s.38.ddi.1"><interaction trigger="Dailymed.5de5366c-0719-4a4c-9483-cd99b218ee78.s.38.e.1"><relations><relation type="hasObject"><ellipsisSentence id="Dailymed.5de5366c-0719-4a4c-9483-cd99b218ee78.s.37" text="The vasodilating effects of nitroglycerin may be additive with those of other vasodilators. "><entity id="Dailymed.5de5366c-0719-4a4c-9483-cd99b218ee78.s.37.e.3"/></ellipsisSentence></relation><relation type="hasPrecipitant"><entity id="Dailymed.5de5366c-0719-4a4c-9483-cd99b218ee78.s.38.e.2"/></relation></relations></interaction></drugInteraction><pair ddi="true" e1="labelDrug" e2="Dailymed.5de5366c-0719-4a4c-9483-cd99b218ee78.s.38.e.2"/></sentence><positiveExamples number="4"/><negativeExamples number="5"/></document>