<?xml version="1.0" encoding="UTF-8" standalone="no"?><document setID="5e30120b-f2bf-43a0-86b2-44ae996dc681"><labelDrug name="Renagel"><Normalization><mmtx cui="C0526563" preferredWord="RenaGel" semType="phsu, orch"/></Normalization></labelDrug><generic name="Renagel"/><sentence id="Dailymed.5e30120b-f2bf-43a0-86b2-44ae996dc681.s.1" text="Drug Label for drug brand Renagel, containing Renagel." type="negative"><entity charOffset="46:53" id="Dailymed.5e30120b-f2bf-43a0-86b2-44ae996dc681.s.1.e.0" text="renagel" type="Biomedical_Entity"><Normalization><mmtx cui="C0526563" phraseText="Renagel." preferredWord="RenaGel" semType="phsu, orch"/><RxNorm RxCui="135118"/></Normalization></entity><entity charOffset="26:33" id="Dailymed.5e30120b-f2bf-43a0-86b2-44ae996dc681.s.1.e.1" text="renagel" type="Biomedical_Entity"><Normalization><mmtx cui="C0526563" phraseText="Drug Label for drug brand Renagel," preferredWord="RenaGel" semType="phsu, orch"/><RxNorm RxCui="135118"/></Normalization></entity><entity charOffset="0:19" id="Dailymed.5e30120b-f2bf-43a0-86b2-44ae996dc681.s.1.e.2" text="drug drug" type="Biomedical_Entity"><Normalization><mmtx cui="C0013231" phraseText="Drug Label for drug brand Renagel," preferredWord="Drugs, Non-Prescription" semType="phsu"/><RxNorm RxCui="NA"/></Normalization></entity><pair ddi="false" e1="Dailymed.5e30120b-f2bf-43a0-86b2-44ae996dc681.s.1.e.2" e2="Dailymed.5e30120b-f2bf-43a0-86b2-44ae996dc681.s.1.e.0"/><pair ddi="false" e1="Dailymed.5e30120b-f2bf-43a0-86b2-44ae996dc681.s.1.e.2" e2="Dailymed.5e30120b-f2bf-43a0-86b2-44ae996dc681.s.1.e.1"/></sentence><sentence id="Dailymed.5e30120b-f2bf-43a0-86b2-44ae996dc681.s.16" text="5.3 Monitor for Reduced Vitamins D, E, K (clotting factors) and Folic Acid Levels" type="negative"><entity charOffset="64:74" id="Dailymed.5e30120b-f2bf-43a0-86b2-44ae996dc681.s.16.e.0" text="folic acid" type="Biomedical_Entity"><Normalization><mmtx cui="C0016410" phraseText="Folic Acid Levels" preferredWord="Folic Acid" semType="phsu, orch, vita"/><RxNorm RxCui="4511"/></Normalization></entity><entity charOffset="2:34" id="Dailymed.5e30120b-f2bf-43a0-86b2-44ae996dc681.s.16.e.1" text="3 vitamins d" type="Biomedical_Entity"><Normalization><mmtx cui="C0008318" phraseText="5.3 Monitor for Reduced Vitamins D," preferredWord="Cholecalciferol" semType="strd, phsu, vita"/><RxNorm RxCui="NA"/></Normalization></entity><entity charOffset="42:58" id="Dailymed.5e30120b-f2bf-43a0-86b2-44ae996dc681.s.16.e.2" text="clotting factors" type="Biomedical_Entity"><Normalization><mmtx cui="C0005789" phraseText="K (clotting factors" preferredWord="Blood Coagulation Factor" semType="bacs, phsu, aapp"/><RxNorm RxCui="125175"/></Normalization></entity><entity charOffset="39:40" id="Dailymed.5e30120b-f2bf-43a0-86b2-44ae996dc681.s.16.e.3" text="k" type="Biomedical_Entity"><Normalization><mmtx cui="C0597277" phraseText="K (clotting factors" preferredWord="Potassium Ion" semType="phsu, elii"/><RxNorm RxCui="405158"/></Normalization></entity><pair ddi="false" e1="Dailymed.5e30120b-f2bf-43a0-86b2-44ae996dc681.s.16.e.1" e2="Dailymed.5e30120b-f2bf-43a0-86b2-44ae996dc681.s.16.e.0"/><pair ddi="false" e1="Dailymed.5e30120b-f2bf-43a0-86b2-44ae996dc681.s.16.e.2" e2="Dailymed.5e30120b-f2bf-43a0-86b2-44ae996dc681.s.16.e.0"/><pair ddi="false" e1="Dailymed.5e30120b-f2bf-43a0-86b2-44ae996dc681.s.16.e.3" e2="Dailymed.5e30120b-f2bf-43a0-86b2-44ae996dc681.s.16.e.0"/><pair ddi="false" e1="Dailymed.5e30120b-f2bf-43a0-86b2-44ae996dc681.s.16.e.1" e2="Dailymed.5e30120b-f2bf-43a0-86b2-44ae996dc681.s.16.e.2"/><pair ddi="false" e1="Dailymed.5e30120b-f2bf-43a0-86b2-44ae996dc681.s.16.e.1" e2="Dailymed.5e30120b-f2bf-43a0-86b2-44ae996dc681.s.16.e.3"/><pair ddi="false" e1="Dailymed.5e30120b-f2bf-43a0-86b2-44ae996dc681.s.16.e.3" e2="Dailymed.5e30120b-f2bf-43a0-86b2-44ae996dc681.s.16.e.2"/></sentence><sentence biomedicalEntities="5" id="Dailymed.5e30120b-f2bf-43a0-86b2-44ae996dc681.s.17" lineNumber="35" text="In preclinical studies in rats and dogs, sevelamer hydrochloride reduced vitamins D, E, and K (coagulation parameters) and folic acid levels at doses of 6-10 times the recommended human dose. " type="regular"><entity charOffset="65:72|134:140" id="Dailymed.5e30120b-f2bf-43a0-86b2-44ae996dc681.s.17.e.1" text="reduced levels" type="Decrease_Interaction"/><entity charOffset="73:83" id="Dailymed.5e30120b-f2bf-43a0-86b2-44ae996dc681.s.17.e.2" text="vitamins D" type="Drug"><Normalization><mmtx cui="C0310589" phraseText="sevelamer hydrochloride reduced vitamins D," preferredWord="Vitamin A / Vitamin D" semType="phsu, orch, vita"/><RxNorm RxCui="604318"/></Normalization></entity><entity charOffset="73:81|85:86" id="Dailymed.5e30120b-f2bf-43a0-86b2-44ae996dc681.s.17.e.3" text="vitamins E" type="Drug"><Normalization><mmtx cui="C0310589" phraseText="sevelamer hydrochloride reduced vitamins D," preferredWord="Vitamin A / Vitamin D" semType="phsu, orch, vita"/><RxNorm RxCui="604318"/></Normalization></entity><entity charOffset="41:64" id="Dailymed.5e30120b-f2bf-43a0-86b2-44ae996dc681.s.17.e.4" text="sevelamer hydrochloride" type="Drug"><Normalization><mmtx cui="C0772463" phraseText="sevelamer hydrochloride reduced vitamins D," preferredWord="Sevelamer hydrochloride" semType="phsu, orch"/><RxNorm RxCui="214824"/></Normalization></entity><entity charOffset="3:39" id="Dailymed.5e30120b-f2bf-43a0-86b2-44ae996dc681.s.17.e.5" text="preclinical studies in rats and dogs" type="SPAN"/><entity charOffset="123:133" id="Dailymed.5e30120b-f2bf-43a0-86b2-44ae996dc681.s.17.e.6" text="folic acid" type="Drug"><Normalization><mmtx cui="C0016410" phraseText="folic acid levels at doses of 6-10 times" preferredWord="Folic Acid" semType="phsu, orch, vita"/><RxNorm RxCui="4511"/></Normalization></entity><entity charOffset="73:81|92:93" id="Dailymed.5e30120b-f2bf-43a0-86b2-44ae996dc681.s.17.e.7" text="vitamins K" type="Drug"><Normalization><mmtx cui="C0310589" phraseText="sevelamer hydrochloride reduced vitamins D," preferredWord="Vitamin A / Vitamin D" semType="phsu, orch, vita"/><mmtx cui="C0597277" phraseText="K (coagulation parameters" preferredWord="Potassium Ion" semType="phsu, elii"/><RxNorm RxCui="604318"/></Normalization></entity><drugInteraction id="Dailymed.5e30120b-f2bf-43a0-86b2-44ae996dc681.s.17.ddi.1"><interaction trigger="Dailymed.5e30120b-f2bf-43a0-86b2-44ae996dc681.s.17.e.1"><relations><relation type="hasObject"><entity id="Dailymed.5e30120b-f2bf-43a0-86b2-44ae996dc681.s.17.e.3"/></relation><relation type="hasObject"><entity id="Dailymed.5e30120b-f2bf-43a0-86b2-44ae996dc681.s.17.e.2"/></relation><relation type="hasEvidence"><entity id="Dailymed.5e30120b-f2bf-43a0-86b2-44ae996dc681.s.17.e.5"/></relation><relation type="hasPrecipitant"><entity id="Dailymed.5e30120b-f2bf-43a0-86b2-44ae996dc681.s.17.e.4"/></relation><relation type="hasObject"><entity id="Dailymed.5e30120b-f2bf-43a0-86b2-44ae996dc681.s.17.e.7"/></relation><relation type="hasObject"><entity id="Dailymed.5e30120b-f2bf-43a0-86b2-44ae996dc681.s.17.e.6"/></relation></relations></interaction></drugInteraction><pair ddi="true" e1="Dailymed.5e30120b-f2bf-43a0-86b2-44ae996dc681.s.17.e.4" e2="Dailymed.5e30120b-f2bf-43a0-86b2-44ae996dc681.s.17.e.3" evidence="Dailymed.5e30120b-f2bf-43a0-86b2-44ae996dc681.s.17.e.5" trigger="Dailymed.5e30120b-f2bf-43a0-86b2-44ae996dc681.s.17.e.1" type="Decrease_Interaction"/><pair ddi="true" e1="Dailymed.5e30120b-f2bf-43a0-86b2-44ae996dc681.s.17.e.4" e2="Dailymed.5e30120b-f2bf-43a0-86b2-44ae996dc681.s.17.e.2" evidence="Dailymed.5e30120b-f2bf-43a0-86b2-44ae996dc681.s.17.e.5" trigger="Dailymed.5e30120b-f2bf-43a0-86b2-44ae996dc681.s.17.e.1" type="Decrease_Interaction"/><pair ddi="true" e1="Dailymed.5e30120b-f2bf-43a0-86b2-44ae996dc681.s.17.e.4" e2="Dailymed.5e30120b-f2bf-43a0-86b2-44ae996dc681.s.17.e.7" evidence="Dailymed.5e30120b-f2bf-43a0-86b2-44ae996dc681.s.17.e.5" trigger="Dailymed.5e30120b-f2bf-43a0-86b2-44ae996dc681.s.17.e.1" type="Decrease_Interaction"/><pair ddi="true" e1="Dailymed.5e30120b-f2bf-43a0-86b2-44ae996dc681.s.17.e.4" e2="Dailymed.5e30120b-f2bf-43a0-86b2-44ae996dc681.s.17.e.6" evidence="Dailymed.5e30120b-f2bf-43a0-86b2-44ae996dc681.s.17.e.5" trigger="Dailymed.5e30120b-f2bf-43a0-86b2-44ae996dc681.s.17.e.1" type="Decrease_Interaction"/></sentence><sentence biomedicalEntities="2" id="Dailymed.5e30120b-f2bf-43a0-86b2-44ae996dc681.s.19" lineNumber="35" text="However, in a one-year clinical trial, 25-hydroxyvitamin D (normal range 10 to 55 ng/mL) fell from 39 22 ng/mL to 34 22 ng/mL (p 0.01) with sevelamer hydrochloride treatment. " type="regular"><entity charOffset="89:93" id="Dailymed.5e30120b-f2bf-43a0-86b2-44ae996dc681.s.19.e.1" text="fell" type="Decrease_Interaction"/><entity charOffset="140:163" id="Dailymed.5e30120b-f2bf-43a0-86b2-44ae996dc681.s.19.e.2" text="sevelamer hydrochloride" type="Drug"><Normalization><mmtx cui="C0772463" phraseText="with sevelamer hydrochloride treatment." preferredWord="Sevelamer hydrochloride" semType="phsu, orch"/><RxNorm RxCui="214824"/></Normalization></entity><entity charOffset="14:37" id="Dailymed.5e30120b-f2bf-43a0-86b2-44ae996dc681.s.19.e.3" text="one-year clinical trial" type="SPAN"/><entity charOffset="39:58" id="Dailymed.5e30120b-f2bf-43a0-86b2-44ae996dc681.s.19.e.4" text="25-hydroxyvitamin D" type="Drug"><Normalization><RxNorm RxCui="1889"/></Normalization></entity><drugInteraction id="Dailymed.5e30120b-f2bf-43a0-86b2-44ae996dc681.s.19.ddi.1"><interaction trigger="Dailymed.5e30120b-f2bf-43a0-86b2-44ae996dc681.s.19.e.1"><relations><relation type="hasPrecipitant"><entity id="Dailymed.5e30120b-f2bf-43a0-86b2-44ae996dc681.s.19.e.2"/></relation><relation type="hasEvidence"><entity id="Dailymed.5e30120b-f2bf-43a0-86b2-44ae996dc681.s.19.e.3"/></relation><relation type="hasObject"><entity id="Dailymed.5e30120b-f2bf-43a0-86b2-44ae996dc681.s.19.e.4"/></relation></relations></interaction></drugInteraction><pair ddi="true" e1="Dailymed.5e30120b-f2bf-43a0-86b2-44ae996dc681.s.19.e.4" e2="Dailymed.5e30120b-f2bf-43a0-86b2-44ae996dc681.s.19.e.2" evidence="Dailymed.5e30120b-f2bf-43a0-86b2-44ae996dc681.s.19.e.3" trigger="Dailymed.5e30120b-f2bf-43a0-86b2-44ae996dc681.s.19.e.1" type="Decrease_Interaction"/></sentence><sentence id="Dailymed.5e30120b-f2bf-43a0-86b2-44ae996dc681.s.20" text="Most (approximately 75%) patients in sevelamer hydrochloride clinical trials received vitamin supplements, which is typical of patients on dialysis." type="negative"><entity charOffset="37:60" id="Dailymed.5e30120b-f2bf-43a0-86b2-44ae996dc681.s.20.e.0" text="sevelamer hydrochloride" type="Biomedical_Entity"><Normalization><mmtx cui="C0772463" phraseText="patients in sevelamer hydrochloride clinical trials" preferredWord="Sevelamer hydrochloride" semType="phsu, orch"/><RxNorm RxCui="214824"/></Normalization></entity><entity charOffset="86:105" id="Dailymed.5e30120b-f2bf-43a0-86b2-44ae996dc681.s.20.e.1" text="vitamin supplements" type="Biomedical_Entity"><Normalization><mmtx cui="C0301532" phraseText="vitamin supplements," preferredWord="Multivitamin preparation" semType="phsu, orch, vita"/><RxNorm RxCui="604318"/></Normalization></entity><pair ddi="false" e1="Dailymed.5e30120b-f2bf-43a0-86b2-44ae996dc681.s.20.e.0" e2="Dailymed.5e30120b-f2bf-43a0-86b2-44ae996dc681.s.20.e.1"/></sentence><sentence id="Dailymed.5e30120b-f2bf-43a0-86b2-44ae996dc681.s.22" text="Renagel has been studied in human drug-drug interaction studies with ciprofloxacin, digoxin, warfarin, enalapril, metoprolol and iron." type="negative"><entity charOffset="129:133" id="Dailymed.5e30120b-f2bf-43a0-86b2-44ae996dc681.s.22.e.0" text="iron" type="Biomedical_Entity"><Normalization><mmtx cui="C1166521" phraseText="iron." preferredWord="Ferrum metallicum, Homeopathic preparation" semType="phsu"/><RxNorm RxCui="90176"/></Normalization></entity><entity charOffset="103:112" id="Dailymed.5e30120b-f2bf-43a0-86b2-44ae996dc681.s.22.e.1" text="enalapril" type="Biomedical_Entity"><Normalization><mmtx cui="C0014025" phraseText="enalapril," preferredWord="Enalapril" semType="phsu, aapp"/><RxNorm RxCui="203123"/></Normalization></entity><entity charOffset="114:124" id="Dailymed.5e30120b-f2bf-43a0-86b2-44ae996dc681.s.22.e.2" text="metoprolol" type="Biomedical_Entity"><Normalization><mmtx cui="C0025859" phraseText="metoprolol" preferredWord="Metoprolol" semType="phsu, orch"/><RxNorm RxCui="6918"/></Normalization></entity><entity charOffset="84:91" id="Dailymed.5e30120b-f2bf-43a0-86b2-44ae996dc681.s.22.e.3" text="digoxin" type="Biomedical_Entity"><Normalization><mmtx cui="C0012265" phraseText="digoxin," preferredWord="Digoxin" semType="strd, phsu, carb"/><RxNorm RxCui="3407"/></Normalization></entity><entity charOffset="93:101" id="Dailymed.5e30120b-f2bf-43a0-86b2-44ae996dc681.s.22.e.4" text="warfarin" type="Biomedical_Entity"><Normalization><mmtx cui="C0043031" phraseText="warfarin," preferredWord="Warfarin" semType="phsu, orch, hops"/><RxNorm RxCui="11289"/></Normalization></entity><entity charOffset="69:82" id="Dailymed.5e30120b-f2bf-43a0-86b2-44ae996dc681.s.22.e.5" text="ciprofloxacin" type="Biomedical_Entity"><Normalization><mmtx cui="C0008809" phraseText="with ciprofloxacin," preferredWord="Ciprofloxacin" semType="phsu, orch"/><RxNorm RxCui="81981"/></Normalization></entity><entity charOffset="0:7" id="Dailymed.5e30120b-f2bf-43a0-86b2-44ae996dc681.s.22.e.6" text="renagel" type="Biomedical_Entity"><Normalization><mmtx cui="C0526563" phraseText="Renagel" preferredWord="RenaGel" semType="phsu, orch"/><RxNorm RxCui="135118"/></Normalization></entity><pair ddi="false" e1="Dailymed.5e30120b-f2bf-43a0-86b2-44ae996dc681.s.22.e.1" e2="Dailymed.5e30120b-f2bf-43a0-86b2-44ae996dc681.s.22.e.0"/><pair ddi="false" e1="Dailymed.5e30120b-f2bf-43a0-86b2-44ae996dc681.s.22.e.2" e2="Dailymed.5e30120b-f2bf-43a0-86b2-44ae996dc681.s.22.e.0"/><pair ddi="false" e1="Dailymed.5e30120b-f2bf-43a0-86b2-44ae996dc681.s.22.e.3" e2="Dailymed.5e30120b-f2bf-43a0-86b2-44ae996dc681.s.22.e.0"/><pair ddi="false" e1="Dailymed.5e30120b-f2bf-43a0-86b2-44ae996dc681.s.22.e.4" e2="Dailymed.5e30120b-f2bf-43a0-86b2-44ae996dc681.s.22.e.0"/><pair ddi="false" e1="Dailymed.5e30120b-f2bf-43a0-86b2-44ae996dc681.s.22.e.5" e2="Dailymed.5e30120b-f2bf-43a0-86b2-44ae996dc681.s.22.e.0"/><pair ddi="false" e1="Dailymed.5e30120b-f2bf-43a0-86b2-44ae996dc681.s.22.e.6" e2="Dailymed.5e30120b-f2bf-43a0-86b2-44ae996dc681.s.22.e.0"/><pair ddi="false" e1="Dailymed.5e30120b-f2bf-43a0-86b2-44ae996dc681.s.22.e.1" e2="Dailymed.5e30120b-f2bf-43a0-86b2-44ae996dc681.s.22.e.2"/><pair ddi="false" e1="Dailymed.5e30120b-f2bf-43a0-86b2-44ae996dc681.s.22.e.3" e2="Dailymed.5e30120b-f2bf-43a0-86b2-44ae996dc681.s.22.e.1"/><pair ddi="false" e1="Dailymed.5e30120b-f2bf-43a0-86b2-44ae996dc681.s.22.e.4" e2="Dailymed.5e30120b-f2bf-43a0-86b2-44ae996dc681.s.22.e.1"/><pair ddi="false" e1="Dailymed.5e30120b-f2bf-43a0-86b2-44ae996dc681.s.22.e.5" e2="Dailymed.5e30120b-f2bf-43a0-86b2-44ae996dc681.s.22.e.1"/><pair ddi="false" e1="Dailymed.5e30120b-f2bf-43a0-86b2-44ae996dc681.s.22.e.6" e2="Dailymed.5e30120b-f2bf-43a0-86b2-44ae996dc681.s.22.e.1"/><pair ddi="false" e1="Dailymed.5e30120b-f2bf-43a0-86b2-44ae996dc681.s.22.e.3" e2="Dailymed.5e30120b-f2bf-43a0-86b2-44ae996dc681.s.22.e.2"/><pair ddi="false" e1="Dailymed.5e30120b-f2bf-43a0-86b2-44ae996dc681.s.22.e.4" e2="Dailymed.5e30120b-f2bf-43a0-86b2-44ae996dc681.s.22.e.2"/><pair ddi="false" e1="Dailymed.5e30120b-f2bf-43a0-86b2-44ae996dc681.s.22.e.5" e2="Dailymed.5e30120b-f2bf-43a0-86b2-44ae996dc681.s.22.e.2"/><pair ddi="false" e1="Dailymed.5e30120b-f2bf-43a0-86b2-44ae996dc681.s.22.e.6" e2="Dailymed.5e30120b-f2bf-43a0-86b2-44ae996dc681.s.22.e.2"/><pair ddi="false" e1="Dailymed.5e30120b-f2bf-43a0-86b2-44ae996dc681.s.22.e.3" e2="Dailymed.5e30120b-f2bf-43a0-86b2-44ae996dc681.s.22.e.4"/><pair ddi="false" e1="Dailymed.5e30120b-f2bf-43a0-86b2-44ae996dc681.s.22.e.5" e2="Dailymed.5e30120b-f2bf-43a0-86b2-44ae996dc681.s.22.e.3"/><pair ddi="false" e1="Dailymed.5e30120b-f2bf-43a0-86b2-44ae996dc681.s.22.e.6" e2="Dailymed.5e30120b-f2bf-43a0-86b2-44ae996dc681.s.22.e.3"/><pair ddi="false" e1="Dailymed.5e30120b-f2bf-43a0-86b2-44ae996dc681.s.22.e.5" e2="Dailymed.5e30120b-f2bf-43a0-86b2-44ae996dc681.s.22.e.4"/><pair ddi="false" e1="Dailymed.5e30120b-f2bf-43a0-86b2-44ae996dc681.s.22.e.6" e2="Dailymed.5e30120b-f2bf-43a0-86b2-44ae996dc681.s.22.e.4"/><pair ddi="false" e1="Dailymed.5e30120b-f2bf-43a0-86b2-44ae996dc681.s.22.e.6" e2="Dailymed.5e30120b-f2bf-43a0-86b2-44ae996dc681.s.22.e.5"/></sentence><sentence biomedicalEntities="1" id="Dailymed.5e30120b-f2bf-43a0-86b2-44ae996dc681.s.23" lineNumber="43" text="&lt;item&gt;Decreases the bioavailability of ciprofloxacin by approximately 50%. " type="irregular"><entity charOffset="6:35" id="Dailymed.5e30120b-f2bf-43a0-86b2-44ae996dc681.s.23.e.1" text="Decreases the bioavailability" type="Decrease_Interaction"/><entity charOffset="39:52" id="Dailymed.5e30120b-f2bf-43a0-86b2-44ae996dc681.s.23.e.2" text="ciprofloxacin" type="Drug"><Normalization><mmtx cui="C0008809" phraseText="the bioavailability of ciprofloxacin" preferredWord="Ciprofloxacin" semType="phsu, orch"/><RxNorm RxCui="81981"/></Normalization></entity><drugInteraction id="Dailymed.5e30120b-f2bf-43a0-86b2-44ae996dc681.s.23.ddi.1"><interaction trigger="Dailymed.5e30120b-f2bf-43a0-86b2-44ae996dc681.s.23.e.1"><relations><relation type="hasObject"><entity id="Dailymed.5e30120b-f2bf-43a0-86b2-44ae996dc681.s.23.e.2"/></relation><relation type="hasPrecipitant"><ellipsisSentence id="Dailymed.5e30120b-f2bf-43a0-86b2-44ae996dc681.s.22" text="Renagel has been studied in human drug-drug interaction studies with ciprofloxacin, digoxin, warfarin, enalapril, metoprolol and iron."><entity charOffset="0:7" id="Dailymed.5e30120b-f2bf-43a0-86b2-44ae996dc681.s.22.e.0" text="Renagel" type="Drug"><Normalization><mmtx cui="C0526563" phraseText="Renagel" preferredWord="RenaGel" semType="phsu, orch"/></Normalization></entity></ellipsisSentence></relation></relations></interaction></drugInteraction></sentence><sentence id="Dailymed.5e30120b-f2bf-43a0-86b2-44ae996dc681.s.25" text="&lt;item&gt;In normal volunteer studies, sevelamer hydrochloride did not alter the pharmacokinetics of a single dose of digoxin, warfarin, enalapril, metoprolol, and iron. " type="negative"><entity charOffset="123:131" id="Dailymed.5e30120b-f2bf-43a0-86b2-44ae996dc681.s.25.e.0" text="warfarin" type="Biomedical_Entity"><Normalization><mmtx cui="C0043031" phraseText="warfarin," preferredWord="Warfarin" semType="phsu, orch, hops"/><RxNorm RxCui="11289"/></Normalization></entity><entity charOffset="114:121" id="Dailymed.5e30120b-f2bf-43a0-86b2-44ae996dc681.s.25.e.1" text="digoxin" type="Biomedical_Entity"><Normalization><mmtx cui="C0012265" phraseText="the pharmacokinetics of a single dose of digoxin," preferredWord="Digoxin" semType="strd, phsu, carb"/><RxNorm RxCui="3407"/></Normalization></entity><entity charOffset="35:58" id="Dailymed.5e30120b-f2bf-43a0-86b2-44ae996dc681.s.25.e.2" text="sevelamer hydrochloride" type="Biomedical_Entity"><Normalization><mmtx cui="C0772463" phraseText="sevelamer hydrochloride" preferredWord="Sevelamer hydrochloride" semType="phsu, orch"/><RxNorm RxCui="214824"/></Normalization></entity><entity charOffset="160:164" id="Dailymed.5e30120b-f2bf-43a0-86b2-44ae996dc681.s.25.e.3" text="iron" type="Biomedical_Entity"><Normalization><mmtx cui="C0302583" phraseText="iron." preferredWord="Iron" semType="bacs, phsu, elii"/><RxNorm RxCui="90176"/></Normalization></entity><entity charOffset="133:142" id="Dailymed.5e30120b-f2bf-43a0-86b2-44ae996dc681.s.25.e.4" text="enalapril" type="Biomedical_Entity"><Normalization><mmtx cui="C0014025" phraseText="enalapril," preferredWord="Enalapril" semType="phsu, aapp"/><RxNorm RxCui="203123"/></Normalization></entity><entity charOffset="144:154" id="Dailymed.5e30120b-f2bf-43a0-86b2-44ae996dc681.s.25.e.5" text="metoprolol" type="Biomedical_Entity"><Normalization><mmtx cui="C0025859" phraseText="metoprolol," preferredWord="Metoprolol" semType="phsu, orch"/><RxNorm RxCui="6918"/></Normalization></entity><pair ddi="false" e1="Dailymed.5e30120b-f2bf-43a0-86b2-44ae996dc681.s.25.e.1" e2="Dailymed.5e30120b-f2bf-43a0-86b2-44ae996dc681.s.25.e.0"/><pair ddi="false" e1="Dailymed.5e30120b-f2bf-43a0-86b2-44ae996dc681.s.25.e.2" e2="Dailymed.5e30120b-f2bf-43a0-86b2-44ae996dc681.s.25.e.0"/><pair ddi="false" e1="Dailymed.5e30120b-f2bf-43a0-86b2-44ae996dc681.s.25.e.0" e2="Dailymed.5e30120b-f2bf-43a0-86b2-44ae996dc681.s.25.e.3"/><pair ddi="false" e1="Dailymed.5e30120b-f2bf-43a0-86b2-44ae996dc681.s.25.e.0" e2="Dailymed.5e30120b-f2bf-43a0-86b2-44ae996dc681.s.25.e.4"/><pair ddi="false" e1="Dailymed.5e30120b-f2bf-43a0-86b2-44ae996dc681.s.25.e.0" e2="Dailymed.5e30120b-f2bf-43a0-86b2-44ae996dc681.s.25.e.5"/><pair ddi="false" e1="Dailymed.5e30120b-f2bf-43a0-86b2-44ae996dc681.s.25.e.2" e2="Dailymed.5e30120b-f2bf-43a0-86b2-44ae996dc681.s.25.e.1"/><pair ddi="false" e1="Dailymed.5e30120b-f2bf-43a0-86b2-44ae996dc681.s.25.e.1" e2="Dailymed.5e30120b-f2bf-43a0-86b2-44ae996dc681.s.25.e.3"/><pair ddi="false" e1="Dailymed.5e30120b-f2bf-43a0-86b2-44ae996dc681.s.25.e.1" e2="Dailymed.5e30120b-f2bf-43a0-86b2-44ae996dc681.s.25.e.4"/><pair ddi="false" e1="Dailymed.5e30120b-f2bf-43a0-86b2-44ae996dc681.s.25.e.1" e2="Dailymed.5e30120b-f2bf-43a0-86b2-44ae996dc681.s.25.e.5"/><pair ddi="false" e1="Dailymed.5e30120b-f2bf-43a0-86b2-44ae996dc681.s.25.e.2" e2="Dailymed.5e30120b-f2bf-43a0-86b2-44ae996dc681.s.25.e.3"/><pair ddi="false" e1="Dailymed.5e30120b-f2bf-43a0-86b2-44ae996dc681.s.25.e.2" e2="Dailymed.5e30120b-f2bf-43a0-86b2-44ae996dc681.s.25.e.4"/><pair ddi="false" e1="Dailymed.5e30120b-f2bf-43a0-86b2-44ae996dc681.s.25.e.2" e2="Dailymed.5e30120b-f2bf-43a0-86b2-44ae996dc681.s.25.e.5"/><pair ddi="false" e1="Dailymed.5e30120b-f2bf-43a0-86b2-44ae996dc681.s.25.e.4" e2="Dailymed.5e30120b-f2bf-43a0-86b2-44ae996dc681.s.25.e.3"/><pair ddi="false" e1="Dailymed.5e30120b-f2bf-43a0-86b2-44ae996dc681.s.25.e.5" e2="Dailymed.5e30120b-f2bf-43a0-86b2-44ae996dc681.s.25.e.3"/><pair ddi="false" e1="Dailymed.5e30120b-f2bf-43a0-86b2-44ae996dc681.s.25.e.4" e2="Dailymed.5e30120b-f2bf-43a0-86b2-44ae996dc681.s.25.e.5"/></sentence><sentence biomedicalEntities="2" id="Dailymed.5e30120b-f2bf-43a0-86b2-44ae996dc681.s.27" lineNumber="47" text="&lt;item&gt;When administering an oral medication where a reduction in the bioavailability of that medication would have a clinically significant effect on its safety or efficacy, the drug should be administered at least one hour before or three hours after Renagel, or the physician should consider monitoring blood levels of the drug. " type="regular"><anaphoraRelation><anaphoraEntity charOffset="174:182" id="Dailymed.5e30120b-f2bf-43a0-86b2-44ae996dc681.s.27.e.2" text="the drug" type="Expression"/><antecedentEntity charOffset="28-172" id="Dailymed.5e30120b-f2bf-43a0-86b2-44ae996dc681.s.27.e.8" text="oral medication where a reduction in the bioavailability of that medication would have a clinically significant effect on its safety or efficacy" type="Drug_Class"/></anaphoraRelation><anaphoraRelation><anaphoraEntity charOffset="321:329" id="Dailymed.5e30120b-f2bf-43a0-86b2-44ae996dc681.s.27.e.6" text="the drug" type="Expression"/><antecedentEntity charOffset="28-172" id="Dailymed.5e30120b-f2bf-43a0-86b2-44ae996dc681.s.27.e.8" text="oral medication where a reduction in the bioavailability of that medication would have a clinically significant effect on its safety or efficacy" type="Drug_Class"/></anaphoraRelation><entity charOffset="193:205|224:233|246:251" id="Dailymed.5e30120b-f2bf-43a0-86b2-44ae996dc681.s.27.e.1" text="administered before or after" type="Caution_Interaction"/><entity charOffset="252:259" id="Dailymed.5e30120b-f2bf-43a0-86b2-44ae996dc681.s.27.e.3" text="Renagel" type="Drug"><Normalization><mmtx cui="C0526563" phraseText="three hours after Renagel," preferredWord="RenaGel" semType="phsu, orch"/><RxNorm RxCui="135118"/></Normalization></entity><entity charOffset="294:304" id="Dailymed.5e30120b-f2bf-43a0-86b2-44ae996dc681.s.27.e.5" text="monitoring" type="Caution_Interaction"/><entity charOffset="28:172" id="Dailymed.5e30120b-f2bf-43a0-86b2-44ae996dc681.s.27.e.8" text="oral medication where a reduction in the bioavailability of that medication would have a clinically significant effect on its safety or efficacy" type="Drug_Class"><Normalization><mmtx cui="C0013227" phraseText="an oral medication where" preferredWord="Pharmaceutical Preparations" semType="phsu"/><mmtx cui="C0013227" phraseText="that medication" preferredWord="Pharmaceutical Preparations" semType="phsu"/><RxNorm RxCui="NA"/></Normalization></entity><drugInteraction id="Dailymed.5e30120b-f2bf-43a0-86b2-44ae996dc681.s.27.ddi.1"><interaction trigger="Dailymed.5e30120b-f2bf-43a0-86b2-44ae996dc681.s.27.e.1"><relations><relation type="hasPrecipitant"><entity id="Dailymed.5e30120b-f2bf-43a0-86b2-44ae996dc681.s.27.e.2"/></relation><relation type="hasObject"><entity id="Dailymed.5e30120b-f2bf-43a0-86b2-44ae996dc681.s.27.e.3"/></relation></relations></interaction></drugInteraction><drugInteraction id="Dailymed.5e30120b-f2bf-43a0-86b2-44ae996dc681.s.27.ddi.2"><interaction trigger="Dailymed.5e30120b-f2bf-43a0-86b2-44ae996dc681.s.27.e.5"><relations><relation type="hasPrecipitant"><entity id="Dailymed.5e30120b-f2bf-43a0-86b2-44ae996dc681.s.27.e.6"/></relation><relation type="hasObject"><entity id="Dailymed.5e30120b-f2bf-43a0-86b2-44ae996dc681.s.27.e.3"/></relation></relations></interaction></drugInteraction><pair ddi="true" e1="Dailymed.5e30120b-f2bf-43a0-86b2-44ae996dc681.s.27.e.2" e2="Dailymed.5e30120b-f2bf-43a0-86b2-44ae996dc681.s.27.e.3" trigger="Dailymed.5e30120b-f2bf-43a0-86b2-44ae996dc681.s.27.e.1" type="Caution_Interaction"/><pair ddi="true" e1="Dailymed.5e30120b-f2bf-43a0-86b2-44ae996dc681.s.27.e.3" e2="Dailymed.5e30120b-f2bf-43a0-86b2-44ae996dc681.s.27.e.6" trigger="Dailymed.5e30120b-f2bf-43a0-86b2-44ae996dc681.s.27.e.5" type="Caution_Interaction"/></sentence><sentence biomedicalEntities="2" id="Dailymed.5e30120b-f2bf-43a0-86b2-44ae996dc681.s.30" lineNumber="54" text="In a study of 15 healthy subjects, a co-administered single dose of 7 Renagel capsules (approximately 2.8 g) decreased the bioavailability of ciprofloxacin by approximately 50%." type="regular"><entity charOffset="109:138" id="Dailymed.5e30120b-f2bf-43a0-86b2-44ae996dc681.s.30.e.1" text="decreased the bioavailability" type="Decrease_Interaction"/><entity charOffset="14:16" id="Dailymed.5e30120b-f2bf-43a0-86b2-44ae996dc681.s.30.e.2" text="15" type="SPAN"/><entity charOffset="70:86" id="Dailymed.5e30120b-f2bf-43a0-86b2-44ae996dc681.s.30.e.3" text="Renagel capsules" type="Drug"><Normalization><mmtx cui="C0526563" phraseText="single dose of 7 Renagel capsules" preferredWord="RenaGel" semType="phsu, orch"/><RxNorm RxCui="135118"/></Normalization></entity><entity charOffset="142:155" id="Dailymed.5e30120b-f2bf-43a0-86b2-44ae996dc681.s.30.e.4" text="ciprofloxacin" type="Drug"><Normalization><mmtx cui="C0008809" phraseText="the bioavailability of ciprofloxacin" preferredWord="Ciprofloxacin" semType="phsu, orch"/><RxNorm RxCui="81981"/></Normalization></entity><drugInteraction id="Dailymed.5e30120b-f2bf-43a0-86b2-44ae996dc681.s.30.ddi.1"><interaction trigger="Dailymed.5e30120b-f2bf-43a0-86b2-44ae996dc681.s.30.e.1"><relations><relation type="hasEvidence"><entity id="Dailymed.5e30120b-f2bf-43a0-86b2-44ae996dc681.s.30.e.2"/></relation><relation type="hasPrecipitant"><entity id="Dailymed.5e30120b-f2bf-43a0-86b2-44ae996dc681.s.30.e.3"/></relation><relation type="hasObject"><entity id="Dailymed.5e30120b-f2bf-43a0-86b2-44ae996dc681.s.30.e.4"/></relation></relations></interaction></drugInteraction><pair ddi="true" e1="Dailymed.5e30120b-f2bf-43a0-86b2-44ae996dc681.s.30.e.3" e2="Dailymed.5e30120b-f2bf-43a0-86b2-44ae996dc681.s.30.e.4" evidence="Dailymed.5e30120b-f2bf-43a0-86b2-44ae996dc681.s.30.e.2" trigger="Dailymed.5e30120b-f2bf-43a0-86b2-44ae996dc681.s.30.e.1" type="Decrease_Interaction"/></sentence><sentence id="Dailymed.5e30120b-f2bf-43a0-86b2-44ae996dc681.s.32" text="In 19 healthy subjects receiving 6 Renagel capsules three times a day with meals for 2 days, Renagel did not alter the pharmacokinetics of a single dose of digoxin." type="negative"><entity charOffset="156:163" id="Dailymed.5e30120b-f2bf-43a0-86b2-44ae996dc681.s.32.e.0" text="digoxin" type="Biomedical_Entity"><Normalization><mmtx cui="C0012265" phraseText="the pharmacokinetics of a single dose of digoxin." preferredWord="Digoxin" semType="strd, phsu, carb"/><RxNorm RxCui="3407"/></Normalization></entity><entity charOffset="93:100" id="Dailymed.5e30120b-f2bf-43a0-86b2-44ae996dc681.s.32.e.1" text="renagel" type="Biomedical_Entity"><Normalization><mmtx cui="C0526563" phraseText="Renagel" preferredWord="RenaGel" semType="phsu, orch"/><RxNorm RxCui="135118"/></Normalization></entity><entity charOffset="35:42" id="Dailymed.5e30120b-f2bf-43a0-86b2-44ae996dc681.s.32.e.2" text="renagel" type="Biomedical_Entity"><Normalization><mmtx cui="C0526563" phraseText="6 Renagel capsules three times" preferredWord="RenaGel" semType="phsu, orch"/><RxNorm RxCui="135118"/></Normalization></entity><pair ddi="false" e1="Dailymed.5e30120b-f2bf-43a0-86b2-44ae996dc681.s.32.e.1" e2="Dailymed.5e30120b-f2bf-43a0-86b2-44ae996dc681.s.32.e.0"/><pair ddi="false" e1="Dailymed.5e30120b-f2bf-43a0-86b2-44ae996dc681.s.32.e.2" e2="Dailymed.5e30120b-f2bf-43a0-86b2-44ae996dc681.s.32.e.0"/></sentence><sentence id="Dailymed.5e30120b-f2bf-43a0-86b2-44ae996dc681.s.34" text="In 14 healthy subjects receiving 6 Renagel capsules three times a day with meals for 2 days, Renagel did not alter the pharmacokinetics of a single dose of warfarin." type="negative"><entity charOffset="93:100" id="Dailymed.5e30120b-f2bf-43a0-86b2-44ae996dc681.s.34.e.0" text="renagel" type="Biomedical_Entity"><Normalization><mmtx cui="C0526563" phraseText="Renagel" preferredWord="RenaGel" semType="phsu, orch"/><RxNorm RxCui="135118"/></Normalization></entity><entity charOffset="156:164" id="Dailymed.5e30120b-f2bf-43a0-86b2-44ae996dc681.s.34.e.1" text="warfarin" type="Biomedical_Entity"><Normalization><mmtx cui="C0043031" phraseText="the pharmacokinetics of a single dose of warfarin." preferredWord="Warfarin" semType="phsu, orch, hops"/><RxNorm RxCui="11289"/></Normalization></entity><entity charOffset="35:42" id="Dailymed.5e30120b-f2bf-43a0-86b2-44ae996dc681.s.34.e.2" text="renagel" type="Biomedical_Entity"><Normalization><mmtx cui="C0526563" phraseText="6 Renagel capsules three times" preferredWord="RenaGel" semType="phsu, orch"/><RxNorm RxCui="135118"/></Normalization></entity><pair ddi="false" e1="Dailymed.5e30120b-f2bf-43a0-86b2-44ae996dc681.s.34.e.0" e2="Dailymed.5e30120b-f2bf-43a0-86b2-44ae996dc681.s.34.e.1"/><pair ddi="false" e1="Dailymed.5e30120b-f2bf-43a0-86b2-44ae996dc681.s.34.e.2" e2="Dailymed.5e30120b-f2bf-43a0-86b2-44ae996dc681.s.34.e.1"/></sentence><sentence id="Dailymed.5e30120b-f2bf-43a0-86b2-44ae996dc681.s.36" text="In 28 healthy subjects a single dose of 6 Renagel capsules did not alter the pharmacokinetics of a single dose of enalapril." type="negative"><entity charOffset="42:49" id="Dailymed.5e30120b-f2bf-43a0-86b2-44ae996dc681.s.36.e.0" text="renagel" type="Biomedical_Entity"><Normalization><mmtx cui="C0526563" phraseText="a single dose of 6 Renagel capsules" preferredWord="RenaGel" semType="phsu, orch"/><RxNorm RxCui="135118"/></Normalization></entity><entity charOffset="114:123" id="Dailymed.5e30120b-f2bf-43a0-86b2-44ae996dc681.s.36.e.1" text="enalapril" type="Biomedical_Entity"><Normalization><mmtx cui="C0014025" phraseText="the pharmacokinetics of a single dose of enalapril." preferredWord="Enalapril" semType="phsu, aapp"/><RxNorm RxCui="203123"/></Normalization></entity><pair ddi="false" e1="Dailymed.5e30120b-f2bf-43a0-86b2-44ae996dc681.s.36.e.0" e2="Dailymed.5e30120b-f2bf-43a0-86b2-44ae996dc681.s.36.e.1"/></sentence><sentence id="Dailymed.5e30120b-f2bf-43a0-86b2-44ae996dc681.s.38" text="In 31 healthy subjects a single dose of 6 Renagel capsules did not alter the pharmacokinetics of a single dose of metoprolol." type="negative"><entity charOffset="114:124" id="Dailymed.5e30120b-f2bf-43a0-86b2-44ae996dc681.s.38.e.0" text="metoprolol" type="Biomedical_Entity"><Normalization><mmtx cui="C0025859" phraseText="the pharmacokinetics of a single dose of metoprolol." preferredWord="Metoprolol" semType="phsu, orch"/><RxNorm RxCui="6918"/></Normalization></entity><entity charOffset="42:49" id="Dailymed.5e30120b-f2bf-43a0-86b2-44ae996dc681.s.38.e.1" text="renagel" type="Biomedical_Entity"><Normalization><mmtx cui="C0526563" phraseText="a single dose of 6 Renagel capsules" preferredWord="RenaGel" semType="phsu, orch"/><RxNorm RxCui="135118"/></Normalization></entity><pair ddi="false" e1="Dailymed.5e30120b-f2bf-43a0-86b2-44ae996dc681.s.38.e.1" e2="Dailymed.5e30120b-f2bf-43a0-86b2-44ae996dc681.s.38.e.0"/></sentence><sentence id="Dailymed.5e30120b-f2bf-43a0-86b2-44ae996dc681.s.40" text="In 23 healthy subjects, a single dose of 7 Renagel capsules did not alter the absorption of a single oral dose of iron as 200 mg exsiccated ferrous sulfate tablet." type="negative"><entity charOffset="114:118" id="Dailymed.5e30120b-f2bf-43a0-86b2-44ae996dc681.s.40.e.0" text="iron" type="Biomedical_Entity"><Normalization><mmtx cui="C1166521" phraseText="the absorption of a single oral dose of iron" preferredWord="Ferrum metallicum, Homeopathic preparation" semType="phsu"/><RxNorm RxCui="90176"/></Normalization></entity><entity charOffset="140:155" id="Dailymed.5e30120b-f2bf-43a0-86b2-44ae996dc681.s.40.e.1" text="ferrous sulfate" type="Biomedical_Entity"><Normalization><mmtx cui="C0060282" phraseText="ferrous sulfate tablet." preferredWord="ferrous sulfate" semType="inch, phsu"/><RxNorm RxCui="136034"/></Normalization></entity><entity charOffset="43:50" id="Dailymed.5e30120b-f2bf-43a0-86b2-44ae996dc681.s.40.e.2" text="renagel" type="Biomedical_Entity"><Normalization><mmtx cui="C0526563" phraseText="a single dose of 7 Renagel capsules" preferredWord="RenaGel" semType="phsu, orch"/><RxNorm RxCui="135118"/></Normalization></entity><entity charOffset="24:42" id="Dailymed.5e30120b-f2bf-43a0-86b2-44ae996dc681.s.40.e.3" text="a 7" type="Biomedical_Entity"><Normalization><mmtx cui="C0163299" phraseText="a single dose of 7 Renagel capsules" preferredWord="A 7" semType="phsu, orch"/><RxNorm RxCui="NA"/></Normalization></entity><pair ddi="false" e1="Dailymed.5e30120b-f2bf-43a0-86b2-44ae996dc681.s.40.e.0" e2="Dailymed.5e30120b-f2bf-43a0-86b2-44ae996dc681.s.40.e.1"/><pair ddi="false" e1="Dailymed.5e30120b-f2bf-43a0-86b2-44ae996dc681.s.40.e.2" e2="Dailymed.5e30120b-f2bf-43a0-86b2-44ae996dc681.s.40.e.0"/><pair ddi="false" e1="Dailymed.5e30120b-f2bf-43a0-86b2-44ae996dc681.s.40.e.3" e2="Dailymed.5e30120b-f2bf-43a0-86b2-44ae996dc681.s.40.e.0"/><pair ddi="false" e1="Dailymed.5e30120b-f2bf-43a0-86b2-44ae996dc681.s.40.e.2" e2="Dailymed.5e30120b-f2bf-43a0-86b2-44ae996dc681.s.40.e.1"/><pair ddi="false" e1="Dailymed.5e30120b-f2bf-43a0-86b2-44ae996dc681.s.40.e.3" e2="Dailymed.5e30120b-f2bf-43a0-86b2-44ae996dc681.s.40.e.1"/><pair ddi="false" e1="Dailymed.5e30120b-f2bf-43a0-86b2-44ae996dc681.s.40.e.3" e2="Dailymed.5e30120b-f2bf-43a0-86b2-44ae996dc681.s.40.e.2"/></sentence><sentence id="Dailymed.5e30120b-f2bf-43a0-86b2-44ae996dc681.s.42" text="There are no empirical data on avoiding drug interactions between Renagel and most concomitant drugs. " type="negative"><entity charOffset="10:27" id="Dailymed.5e30120b-f2bf-43a0-86b2-44ae996dc681.s.42.e.0" text="no data" type="Biomedical_Entity"><Normalization><mmtx cui="C1572381" phraseText="no empirical data on avoiding drug interactions" preferredWord="No Data re: Ingredient" semType="phsu"/><RxNorm RxCui="53704"/></Normalization></entity><entity charOffset="66:73" id="Dailymed.5e30120b-f2bf-43a0-86b2-44ae996dc681.s.42.e.1" text="renagel" type="Biomedical_Entity"><Normalization><mmtx cui="C0526563" phraseText="between Renagel" preferredWord="RenaGel" semType="phsu, orch"/><RxNorm RxCui="135118"/></Normalization></entity><pair ddi="false" e1="Dailymed.5e30120b-f2bf-43a0-86b2-44ae996dc681.s.42.e.0" e2="Dailymed.5e30120b-f2bf-43a0-86b2-44ae996dc681.s.42.e.1"/></sentence><sentence biomedicalEntities="2" id="Dailymed.5e30120b-f2bf-43a0-86b2-44ae996dc681.s.43" lineNumber="78" text="During postmarketing experience, very rare cases of increased thyroid stimulating hormone (TSH) levels have been reported in patients co-administered sevelamer hydrochloride and levothyroxine. " type="regular"><entity charOffset="52:102" id="Dailymed.5e30120b-f2bf-43a0-86b2-44ae996dc681.s.43.e.1" text="increased thyroid stimulating hormone (TSH) levels" type="Specific_Interaction"/><entity charOffset="178:191" id="Dailymed.5e30120b-f2bf-43a0-86b2-44ae996dc681.s.43.e.2" text="levothyroxine" type="Drug"><Normalization><mmtx cui="C0040165" phraseText="levothyroxine." preferredWord="Thyroxine" semType="phsu, aapp, horm"/><mmtx cui="C1881373" phraseText="levothyroxine." preferredWord="Synthetic Levothyroxine" semType="phsu, orch"/><RxNorm RxCui="10582"/></Normalization></entity><entity charOffset="150:173" id="Dailymed.5e30120b-f2bf-43a0-86b2-44ae996dc681.s.43.e.3" text="sevelamer hydrochloride" type="Drug"><Normalization><mmtx cui="C0772463" phraseText="sevelamer hydrochloride" preferredWord="Sevelamer hydrochloride" semType="phsu, orch"/><RxNorm RxCui="214824"/></Normalization></entity><drugInteraction id="Dailymed.5e30120b-f2bf-43a0-86b2-44ae996dc681.s.43.ddi.1"><interaction trigger="Dailymed.5e30120b-f2bf-43a0-86b2-44ae996dc681.s.43.e.1"><relations><relation type="hasPrecipitant"><entity id="Dailymed.5e30120b-f2bf-43a0-86b2-44ae996dc681.s.43.e.2"/></relation><relation type="hasObject"><entity id="Dailymed.5e30120b-f2bf-43a0-86b2-44ae996dc681.s.43.e.3"/></relation></relations></interaction></drugInteraction><pair ddi="true" e1="Dailymed.5e30120b-f2bf-43a0-86b2-44ae996dc681.s.43.e.3" e2="Dailymed.5e30120b-f2bf-43a0-86b2-44ae996dc681.s.43.e.2" trigger="Dailymed.5e30120b-f2bf-43a0-86b2-44ae996dc681.s.43.e.1" type="Specific_Interaction"/></sentence><sentence biomedicalEntities="0" id="Dailymed.5e30120b-f2bf-43a0-86b2-44ae996dc681.s.44" lineNumber="78" text="Closer monitoring of TSH levels is therefore recommended in patients receiving both medications." type="irregular"><entity charOffset="7:17" id="Dailymed.5e30120b-f2bf-43a0-86b2-44ae996dc681.s.44.e.1" text="monitoring" type="Caution_Interaction"/><drugInteraction id="Dailymed.5e30120b-f2bf-43a0-86b2-44ae996dc681.s.44.ddi.1"><interaction trigger="Dailymed.5e30120b-f2bf-43a0-86b2-44ae996dc681.s.44.e.1"><relations><relation type="hasPrecipitant"><ellipsisSentence id="Dailymed.5e30120b-f2bf-43a0-86b2-44ae996dc681.s.43" text="During postmarketing experience, very rare cases of increased thyroid stimulating hormone (TSH) levels have been reported in patients co-administered sevelamer hydrochloride and levothyroxine. "><entity id="Dailymed.5e30120b-f2bf-43a0-86b2-44ae996dc681.s.43.e.2"/></ellipsisSentence></relation><relation type="hasObject"><ellipsisSentence id="Dailymed.5e30120b-f2bf-43a0-86b2-44ae996dc681.s.43" text="During postmarketing experience, very rare cases of increased thyroid stimulating hormone (TSH) levels have been reported in patients co-administered sevelamer hydrochloride and levothyroxine. "><entity id="Dailymed.5e30120b-f2bf-43a0-86b2-44ae996dc681.s.43.e.3"/></ellipsisSentence></relation></relations></interaction></drugInteraction></sentence><sentence biomedicalEntities="2" id="Dailymed.5e30120b-f2bf-43a0-86b2-44ae996dc681.s.45" lineNumber="79" text="When administering an oral medication where a reduction in the bioavailability of that medication would have a clinically significant effect on its safety or efficacy, the drug should be administered at least one hour before or three hours after Renagel, or the physician should consider monitoring blood levels of the drug. " type="regular"><anaphoraRelation><anaphoraEntity charOffset="168:176" id="Dailymed.5e30120b-f2bf-43a0-86b2-44ae996dc681.s.45.e.1" text="the drug" type="Expression"/><antecedentEntity charOffset="22-166" id="Dailymed.5e30120b-f2bf-43a0-86b2-44ae996dc681.s.45.e.2" text="oral medication where a reduction in the bioavailability of that medication would have a clinically significant effect on its safety or efficacy" type="Drug_Class"/></anaphoraRelation><anaphoraRelation><anaphoraEntity charOffset="315:323" id="Dailymed.5e30120b-f2bf-43a0-86b2-44ae996dc681.s.45.e.7" text="the drug" type="Expression"/><antecedentEntity charOffset="22-166" id="Dailymed.5e30120b-f2bf-43a0-86b2-44ae996dc681.s.45.e.2" text="oral medication where a reduction in the bioavailability of that medication would have a clinically significant effect on its safety or efficacy" type="Drug_Class"/></anaphoraRelation><entity charOffset="22:166" id="Dailymed.5e30120b-f2bf-43a0-86b2-44ae996dc681.s.45.e.2" text="oral medication where a reduction in the bioavailability of that medication would have a clinically significant effect on its safety or efficacy" type="Drug_Class"><Normalization><mmtx cui="C0013227" phraseText="an oral medication where" preferredWord="Pharmaceutical Preparations" semType="phsu"/><mmtx cui="C0013227" phraseText="that medication" preferredWord="Pharmaceutical Preparations" semType="phsu"/><RxNorm RxCui="NA"/></Normalization></entity><entity charOffset="187:199|218:227|240:245" id="Dailymed.5e30120b-f2bf-43a0-86b2-44ae996dc681.s.45.e.4" text="administered before or after" type="Caution_Interaction"/><entity charOffset="246:253" id="Dailymed.5e30120b-f2bf-43a0-86b2-44ae996dc681.s.45.e.5" text="Renagel" type="Drug"><Normalization><mmtx cui="C0526563" phraseText="three hours after Renagel," preferredWord="RenaGel" semType="phsu, orch"/><RxNorm RxCui="135118"/></Normalization></entity><entity charOffset="288:298" id="Dailymed.5e30120b-f2bf-43a0-86b2-44ae996dc681.s.45.e.9" text="monitoring" type="Caution_Interaction"/><drugInteraction id="Dailymed.5e30120b-f2bf-43a0-86b2-44ae996dc681.s.45.ddi.1"><interaction trigger="Dailymed.5e30120b-f2bf-43a0-86b2-44ae996dc681.s.45.e.4"><relations><relation type="hasPrecipitant"><entity id="Dailymed.5e30120b-f2bf-43a0-86b2-44ae996dc681.s.45.e.1"/></relation><relation type="hasObject"><entity id="Dailymed.5e30120b-f2bf-43a0-86b2-44ae996dc681.s.45.e.5"/></relation></relations></interaction></drugInteraction><drugInteraction id="Dailymed.5e30120b-f2bf-43a0-86b2-44ae996dc681.s.45.ddi.2"><interaction trigger="Dailymed.5e30120b-f2bf-43a0-86b2-44ae996dc681.s.45.e.9"><relations><relation type="hasObject"><entity id="Dailymed.5e30120b-f2bf-43a0-86b2-44ae996dc681.s.45.e.5"/></relation><relation type="hasPrecipitant"><entity id="Dailymed.5e30120b-f2bf-43a0-86b2-44ae996dc681.s.45.e.7"/></relation></relations></interaction></drugInteraction><pair ddi="true" e1="Dailymed.5e30120b-f2bf-43a0-86b2-44ae996dc681.s.45.e.1" e2="Dailymed.5e30120b-f2bf-43a0-86b2-44ae996dc681.s.45.e.5" trigger="Dailymed.5e30120b-f2bf-43a0-86b2-44ae996dc681.s.45.e.4" type="Caution_Interaction"/><pair ddi="true" e1="Dailymed.5e30120b-f2bf-43a0-86b2-44ae996dc681.s.45.e.5" e2="Dailymed.5e30120b-f2bf-43a0-86b2-44ae996dc681.s.45.e.7" trigger="Dailymed.5e30120b-f2bf-43a0-86b2-44ae996dc681.s.45.e.9" type="Caution_Interaction"/></sentence><sentence id="Dailymed.5e30120b-f2bf-43a0-86b2-44ae996dc681.s.46" text="Patients taking anti-arrhythmic medications for the control of arrhythmias and anti-seizure medications for the control of seizure disorders were excluded from the clinical trials. " type="negative"><entity charOffset="16:31" id="Dailymed.5e30120b-f2bf-43a0-86b2-44ae996dc681.s.46.e.0" text="anti-arrhythmic" type="Biomedical_Entity"><Normalization><mmtx cui="C3537142" phraseText="anti-arrhythmic medications for the control of arrhythmias" preferredWord="Antiarrhythmic [EPC]" semType="phsu"/><RxNorm RxCui="1436910"/></Normalization></entity><entity charOffset="84:103" id="Dailymed.5e30120b-f2bf-43a0-86b2-44ae996dc681.s.46.e.1" text="seizure medications" type="Biomedical_Entity"><Normalization><mmtx cui="C0748603" phraseText="anti-seizure medications for the control of seizure disorders" preferredWord="seizure medication" semType="phsu"/><RxNorm RxCui="1023130"/></Normalization></entity><pair ddi="false" e1="Dailymed.5e30120b-f2bf-43a0-86b2-44ae996dc681.s.46.e.0" e2="Dailymed.5e30120b-f2bf-43a0-86b2-44ae996dc681.s.46.e.1"/></sentence><sentence biomedicalEntities="1" id="Dailymed.5e30120b-f2bf-43a0-86b2-44ae996dc681.s.47" lineNumber="79" text="Special precautions should be taken when prescribing Renagel to patients also taking these medications." type="irregular"><anaphoraRelation><antecedentSentence ID="Dailymed.5e30120b-f2bf-43a0-86b2-44ae996dc681.s.46" Text="Patients taking anti-arrhythmic medications for the control of arrhythmias and anti-seizure medications for the control of seizure disorders were excluded from the clinical trials. "/><anaphoraEntity charOffset="85:102" id="Dailymed.5e30120b-f2bf-43a0-86b2-44ae996dc681.s.47.e.2" text="these medications" type="Expression"/><antecedentEntity charOffset="16:43" id="Dailymed.5e30120b-f2bf-43a0-86b2-44ae996dc681.s.46.e.0" text="anti-arrhythmic medications" type="Drug_Class"/></anaphoraRelation><anaphoraRelation><antecedentSentence ID="Dailymed.5e30120b-f2bf-43a0-86b2-44ae996dc681.s.46" Text="Patients taking anti-arrhythmic medications for the control of arrhythmias and anti-seizure medications for the control of seizure disorders were excluded from the clinical trials. "/><anaphoraEntity charOffset="85:102" id="Dailymed.5e30120b-f2bf-43a0-86b2-44ae996dc681.s.47.e.2" text="these medications" type="Expression"/><antecedentEntity charOffset="79:103" id="Dailymed.5e30120b-f2bf-43a0-86b2-44ae996dc681.s.46.e.1" text="anti-seizure medications" type="Drug_Class"/></anaphoraRelation><entity charOffset="8:19" id="Dailymed.5e30120b-f2bf-43a0-86b2-44ae996dc681.s.47.e.1" text="precautions" type="Caution_Interaction"/><entity charOffset="53:60" id="Dailymed.5e30120b-f2bf-43a0-86b2-44ae996dc681.s.47.e.3" text="Renagel" type="Drug"><Normalization><mmtx cui="C0526563" phraseText="prescribing Renagel to patients also" preferredWord="RenaGel" semType="phsu, orch"/><RxNorm RxCui="135118"/></Normalization></entity><drugInteraction id="Dailymed.5e30120b-f2bf-43a0-86b2-44ae996dc681.s.47.ddi.1"><interaction trigger="Dailymed.5e30120b-f2bf-43a0-86b2-44ae996dc681.s.47.e.1"><relations><relation type="hasPrecipitant"><entity id="Dailymed.5e30120b-f2bf-43a0-86b2-44ae996dc681.s.47.e.2"/></relation><relation type="hasObject"><entity id="Dailymed.5e30120b-f2bf-43a0-86b2-44ae996dc681.s.47.e.3"/></relation></relations></interaction></drugInteraction><pair ddi="true" e1="Dailymed.5e30120b-f2bf-43a0-86b2-44ae996dc681.s.47.e.3" e2="Dailymed.5e30120b-f2bf-43a0-86b2-44ae996dc681.s.47.e.2" trigger="Dailymed.5e30120b-f2bf-43a0-86b2-44ae996dc681.s.47.e.1" type="Caution_Interaction"/></sentence><positiveExamples number="12"/><negativeExamples number="59"/></document>