<?xml version="1.0" encoding="UTF-8" standalone="no"?><document setID="625c3b7b-f1cf-4125-9680-4541a3f2d011"><labelDrug name="LANOXIN"><Normalization/></labelDrug><generic name="digoxin"/><sentence id="Dailymed.625c3b7b-f1cf-4125-9680-4541a3f2d011.s.1" text="Drug Label for drug brand LANOXIN, containing digoxin." type="negative"><entity charOffset="46:53" id="Dailymed.625c3b7b-f1cf-4125-9680-4541a3f2d011.s.1.e.0" text="digoxin" type="Biomedical_Entity"><Normalization><mmtx cui="C0012265" phraseText="digoxin." preferredWord="Digoxin" semType="strd, phsu, carb"/><RxNorm RxCui="3407"/></Normalization></entity><entity charOffset="26:33" id="Dailymed.625c3b7b-f1cf-4125-9680-4541a3f2d011.s.1.e.1" text="lanoxin" type="Biomedical_Entity"><Normalization><mmtx cui="C0699988" phraseText="Drug Label for drug brand LANOXIN," preferredWord="Lanoxin-PG" semType="strd, phsu, carb"/><RxNorm RxCui="202988"/></Normalization></entity><entity charOffset="0:19" id="Dailymed.625c3b7b-f1cf-4125-9680-4541a3f2d011.s.1.e.2" text="drug drug" type="Biomedical_Entity"><Normalization><mmtx cui="C0013231" phraseText="Drug Label for drug brand LANOXIN," preferredWord="Drugs, Non-Prescription" semType="phsu"/><RxNorm RxCui="NA"/></Normalization></entity><pair ddi="false" e1="Dailymed.625c3b7b-f1cf-4125-9680-4541a3f2d011.s.1.e.1" e2="Dailymed.625c3b7b-f1cf-4125-9680-4541a3f2d011.s.1.e.0"/><pair ddi="false" e1="Dailymed.625c3b7b-f1cf-4125-9680-4541a3f2d011.s.1.e.2" e2="Dailymed.625c3b7b-f1cf-4125-9680-4541a3f2d011.s.1.e.0"/><pair ddi="false" e1="Dailymed.625c3b7b-f1cf-4125-9680-4541a3f2d011.s.1.e.2" e2="Dailymed.625c3b7b-f1cf-4125-9680-4541a3f2d011.s.1.e.1"/></sentence><sentence id="Dailymed.625c3b7b-f1cf-4125-9680-4541a3f2d011.s.3" text="Digitalis glycosides are contraindicated in patients with ventricular fibrillation or in patients with a known hypersensitivity to digoxin. " type="negative"><entity charOffset="0:20" id="Dailymed.625c3b7b-f1cf-4125-9680-4541a3f2d011.s.3.e.0" text="digitalis glycosides" type="Biomedical_Entity"><Normalization><mmtx cui="C0012253" phraseText="Digitalis glycosides" preferredWord="Digitalis Glycosides" semType="phsu, carb"/><RxNorm RxCui="91235"/></Normalization></entity><entity charOffset="131:138" id="Dailymed.625c3b7b-f1cf-4125-9680-4541a3f2d011.s.3.e.1" text="digoxin" type="Biomedical_Entity"><Normalization><mmtx cui="C0012265" phraseText="to digoxin." preferredWord="Digoxin" semType="strd, phsu, carb"/><RxNorm RxCui="3407"/></Normalization></entity><pair ddi="false" e1="Dailymed.625c3b7b-f1cf-4125-9680-4541a3f2d011.s.3.e.0" e2="Dailymed.625c3b7b-f1cf-4125-9680-4541a3f2d011.s.3.e.1"/></sentence><sentence id="Dailymed.625c3b7b-f1cf-4125-9680-4541a3f2d011.s.4" text="A hypersensitivity reaction to other digitalis preparations usually constitutes a contraindication to digoxin." type="negative"><entity charOffset="37:59" id="Dailymed.625c3b7b-f1cf-4125-9680-4541a3f2d011.s.4.e.0" text="digitalis preparations" type="Biomedical_Entity"><Normalization><mmtx cui="C0304520" phraseText="A hypersensitivity reaction to other digitalis preparations usually" preferredWord="Digitalis preparation" semType="phsu, carb"/><RxNorm RxCui="91235"/></Normalization></entity><entity charOffset="102:109" id="Dailymed.625c3b7b-f1cf-4125-9680-4541a3f2d011.s.4.e.1" text="digoxin" type="Biomedical_Entity"><Normalization><mmtx cui="C0012265" phraseText="a contraindication to digoxin." preferredWord="Digoxin" semType="strd, phsu, carb"/><RxNorm RxCui="3407"/></Normalization></entity><pair ddi="false" e1="Dailymed.625c3b7b-f1cf-4125-9680-4541a3f2d011.s.4.e.0" e2="Dailymed.625c3b7b-f1cf-4125-9680-4541a3f2d011.s.4.e.1"/></sentence><sentence id="Dailymed.625c3b7b-f1cf-4125-9680-4541a3f2d011.s.11" text="After intravenous digoxin therapy, some patients with paroxysmal atrial fibrillation or flutter and a coexisting accessory AV pathway have developed increased antegrade conduction across the accessory pathway bypassing the AV node, leading to a very rapid ventricular response or ventricular fibrillation. " type="negative"><entity charOffset="232:239" id="Dailymed.625c3b7b-f1cf-4125-9680-4541a3f2d011.s.11.e.0" text="leading" type="Biomedical_Entity"><Normalization><mmtx cui="C1442948" phraseText="leading to a very rapid ventricular response" preferredWord="Plumbum metallicum, homeopathic preparation" semType="inch, phsu"/><RxNorm RxCui="1423667"/></Normalization></entity><entity charOffset="18:25" id="Dailymed.625c3b7b-f1cf-4125-9680-4541a3f2d011.s.11.e.1" text="digoxin" type="Biomedical_Entity"><Normalization><mmtx cui="C0012265" phraseText="After intravenous digoxin therapy," preferredWord="Digoxin" semType="strd, phsu, carb"/><RxNorm RxCui="3407"/></Normalization></entity><pair ddi="false" e1="Dailymed.625c3b7b-f1cf-4125-9680-4541a3f2d011.s.11.e.1" e2="Dailymed.625c3b7b-f1cf-4125-9680-4541a3f2d011.s.11.e.0"/></sentence><sentence id="Dailymed.625c3b7b-f1cf-4125-9680-4541a3f2d011.s.25" text="In patients with hypokalemia or hypomagnesemia, toxicity may occur despite serum digoxin concentrations below 2.0 ng/mL, because potassium or magnesium depletion sensitizes the myocardium to digoxin. " type="negative"><entity charOffset="81:88" id="Dailymed.625c3b7b-f1cf-4125-9680-4541a3f2d011.s.25.e.0" text="digoxin" type="Biomedical_Entity"><Normalization><mmtx cui="C0012265" phraseText="occur despite serum digoxin concentrations" preferredWord="Digoxin" semType="strd, phsu, carb"/><RxNorm RxCui="3407"/></Normalization></entity><entity charOffset="191:198" id="Dailymed.625c3b7b-f1cf-4125-9680-4541a3f2d011.s.25.e.1" text="digoxin" type="Biomedical_Entity"><Normalization><mmtx cui="C0012265" phraseText="the myocardium to digoxin." preferredWord="Digoxin" semType="strd, phsu, carb"/><RxNorm RxCui="3407"/></Normalization></entity><entity charOffset="129:138" id="Dailymed.625c3b7b-f1cf-4125-9680-4541a3f2d011.s.25.e.2" text="potassium" type="Biomedical_Entity"><Normalization><mmtx cui="C0597277" phraseText="potassium" preferredWord="Potassium Ion" semType="phsu, elii"/><RxNorm RxCui="8588"/></Normalization></entity><pair ddi="false" e1="Dailymed.625c3b7b-f1cf-4125-9680-4541a3f2d011.s.25.e.0" e2="Dailymed.625c3b7b-f1cf-4125-9680-4541a3f2d011.s.25.e.2"/><pair ddi="false" e1="Dailymed.625c3b7b-f1cf-4125-9680-4541a3f2d011.s.25.e.2" e2="Dailymed.625c3b7b-f1cf-4125-9680-4541a3f2d011.s.25.e.1"/></sentence><sentence id="Dailymed.625c3b7b-f1cf-4125-9680-4541a3f2d011.s.26" text="Therefore, it is desirable to maintain normal serum potassium and magnesium concentrations in patients being treated with digoxin. " type="negative"><entity charOffset="122:129" id="Dailymed.625c3b7b-f1cf-4125-9680-4541a3f2d011.s.26.e.0" text="digoxin" type="Biomedical_Entity"><Normalization><mmtx cui="C0012265" phraseText="treated with digoxin." preferredWord="Digoxin" semType="strd, phsu, carb"/><RxNorm RxCui="3407"/></Normalization></entity><entity charOffset="52:61" id="Dailymed.625c3b7b-f1cf-4125-9680-4541a3f2d011.s.26.e.1" text="potassium" type="Biomedical_Entity"><Normalization><mmtx cui="C0597277" phraseText="normal serum potassium" preferredWord="Potassium Ion" semType="phsu, elii"/><RxNorm RxCui="8588"/></Normalization></entity><pair ddi="false" e1="Dailymed.625c3b7b-f1cf-4125-9680-4541a3f2d011.s.26.e.1" e2="Dailymed.625c3b7b-f1cf-4125-9680-4541a3f2d011.s.26.e.0"/></sentence><sentence id="Dailymed.625c3b7b-f1cf-4125-9680-4541a3f2d011.s.27" text="Deficiencies of these electrolytes may result from malnutrition, diarrhea, or prolonged vomiting, as well as the use of the following drugs or procedures: diuretics, amphotericin B, corticosteroids, antacids, dialysis, and mechanical suction of gastrointestinal secretions." type="negative"><entity charOffset="22:34" id="Dailymed.625c3b7b-f1cf-4125-9680-4541a3f2d011.s.27.e.0" text="electrolytes" type="Biomedical_Entity"><Normalization><mmtx cui="C0013832" phraseText="Deficiencies of these electrolytes" preferredWord="Electrolytes" semType="inch, phsu"/><RxNorm RxCui="3793"/></Normalization></entity><entity charOffset="166:180" id="Dailymed.625c3b7b-f1cf-4125-9680-4541a3f2d011.s.27.e.1" text="amphotericin b" type="Biomedical_Entity"><Normalization><mmtx cui="C0002679" phraseText="amphotericin B," preferredWord="Amphotericin B" semType="orch, antb"/><RxNorm RxCui="732"/></Normalization></entity><entity charOffset="199:207" id="Dailymed.625c3b7b-f1cf-4125-9680-4541a3f2d011.s.27.e.2" text="antacids" type="Biomedical_Entity"><Normalization><mmtx cui="C0003138" phraseText="antacids," preferredWord="Antacids" semType="phsu"/><RxNorm RxCui="863"/></Normalization></entity><entity charOffset="182:197" id="Dailymed.625c3b7b-f1cf-4125-9680-4541a3f2d011.s.27.e.3" text="corticosteroids" type="Biomedical_Entity"><Normalization><mmtx cui="C0001617" phraseText="corticosteroids," preferredWord="Adrenal Cortex Hormones" semType="strd, phsu, horm"/><RxNorm RxCui="1427675"/></Normalization></entity><entity charOffset="155:164" id="Dailymed.625c3b7b-f1cf-4125-9680-4541a3f2d011.s.27.e.4" text="diuretics" type="Biomedical_Entity"><Normalization><mmtx cui="C0012798" phraseText="diuretics," preferredWord="Diuretics" semType="phsu"/><RxNorm RxCui="3567"/></Normalization></entity><pair ddi="false" e1="Dailymed.625c3b7b-f1cf-4125-9680-4541a3f2d011.s.27.e.0" e2="Dailymed.625c3b7b-f1cf-4125-9680-4541a3f2d011.s.27.e.1"/><pair ddi="false" e1="Dailymed.625c3b7b-f1cf-4125-9680-4541a3f2d011.s.27.e.0" e2="Dailymed.625c3b7b-f1cf-4125-9680-4541a3f2d011.s.27.e.2"/><pair ddi="false" e1="Dailymed.625c3b7b-f1cf-4125-9680-4541a3f2d011.s.27.e.0" e2="Dailymed.625c3b7b-f1cf-4125-9680-4541a3f2d011.s.27.e.3"/><pair ddi="false" e1="Dailymed.625c3b7b-f1cf-4125-9680-4541a3f2d011.s.27.e.0" e2="Dailymed.625c3b7b-f1cf-4125-9680-4541a3f2d011.s.27.e.4"/><pair ddi="false" e1="Dailymed.625c3b7b-f1cf-4125-9680-4541a3f2d011.s.27.e.1" e2="Dailymed.625c3b7b-f1cf-4125-9680-4541a3f2d011.s.27.e.2"/><pair ddi="false" e1="Dailymed.625c3b7b-f1cf-4125-9680-4541a3f2d011.s.27.e.1" e2="Dailymed.625c3b7b-f1cf-4125-9680-4541a3f2d011.s.27.e.3"/><pair ddi="false" e1="Dailymed.625c3b7b-f1cf-4125-9680-4541a3f2d011.s.27.e.4" e2="Dailymed.625c3b7b-f1cf-4125-9680-4541a3f2d011.s.27.e.1"/><pair ddi="false" e1="Dailymed.625c3b7b-f1cf-4125-9680-4541a3f2d011.s.27.e.3" e2="Dailymed.625c3b7b-f1cf-4125-9680-4541a3f2d011.s.27.e.2"/><pair ddi="false" e1="Dailymed.625c3b7b-f1cf-4125-9680-4541a3f2d011.s.27.e.4" e2="Dailymed.625c3b7b-f1cf-4125-9680-4541a3f2d011.s.27.e.2"/><pair ddi="false" e1="Dailymed.625c3b7b-f1cf-4125-9680-4541a3f2d011.s.27.e.4" e2="Dailymed.625c3b7b-f1cf-4125-9680-4541a3f2d011.s.27.e.3"/></sentence><sentence biomedicalEntities="2" id="Dailymed.625c3b7b-f1cf-4125-9680-4541a3f2d011.s.29" lineNumber="36" text="Calcium, particularly when administered rapidly by the intravenous route, may produce serious arrhythmias in digitalized patients. " type="regular"><entity charOffset="0:7|55:72" id="Dailymed.625c3b7b-f1cf-4125-9680-4541a3f2d011.s.29.e.0" text="Calcium intravenous route" type="Drug"><Normalization><mmtx cui="C0006675" phraseText="Calcium," preferredWord="Calcium" semType="bacs, phsu, elii"/><mmtx cui="C2936886" phraseText="Calcium," preferredWord="Calcium [EPC]" semType="phsu"/><RxNorm RxCui="1895"/></Normalization></entity><entity charOffset="94:105" id="Dailymed.625c3b7b-f1cf-4125-9680-4541a3f2d011.s.29.e.1" text="arrhythmias" type="Specific_Interaction"/><entity charOffset="109:120" id="Dailymed.625c3b7b-f1cf-4125-9680-4541a3f2d011.s.29.e.3" text="digitalized" type="Drug"><Normalization><RxNorm RxCui="91235"/></Normalization></entity><drugInteraction id="Dailymed.625c3b7b-f1cf-4125-9680-4541a3f2d011.s.29.ddi.1"><interaction trigger="Dailymed.625c3b7b-f1cf-4125-9680-4541a3f2d011.s.29.e.1"><relations><relation type="hasObject"><entity id="Dailymed.625c3b7b-f1cf-4125-9680-4541a3f2d011.s.29.e.3"/></relation><relation type="hasPrecipitant"><entity id="Dailymed.625c3b7b-f1cf-4125-9680-4541a3f2d011.s.29.e.0"/></relation></relations></interaction></drugInteraction><pair ddi="true" e1="Dailymed.625c3b7b-f1cf-4125-9680-4541a3f2d011.s.29.e.0" e2="Dailymed.625c3b7b-f1cf-4125-9680-4541a3f2d011.s.29.e.3" trigger="Dailymed.625c3b7b-f1cf-4125-9680-4541a3f2d011.s.29.e.1" type="Specific_Interaction"/></sentence><sentence id="Dailymed.625c3b7b-f1cf-4125-9680-4541a3f2d011.s.30" text="On the other hand, hypocalcemia can nullify the effects of digoxin in humans, thus, digoxin may be ineffective until serum calcium is restored to normal. " type="negative"><entity charOffset="123:130" id="Dailymed.625c3b7b-f1cf-4125-9680-4541a3f2d011.s.30.e.0" text="calcium" type="Biomedical_Entity"><Normalization><mmtx cui="C2936886" phraseText="ineffective until serum calcium" preferredWord="Calcium [EPC]" semType="phsu"/><RxNorm RxCui="1895"/></Normalization></entity><entity charOffset="84:91" id="Dailymed.625c3b7b-f1cf-4125-9680-4541a3f2d011.s.30.e.1" text="digoxin" type="Biomedical_Entity"><Normalization><mmtx cui="C0012265" phraseText="digoxin" preferredWord="Digoxin" semType="strd, phsu, carb"/><RxNorm RxCui="3407"/></Normalization></entity><entity charOffset="59:66" id="Dailymed.625c3b7b-f1cf-4125-9680-4541a3f2d011.s.30.e.2" text="digoxin" type="Biomedical_Entity"><Normalization><mmtx cui="C0012265" phraseText="the effects of digoxin" preferredWord="Digoxin" semType="strd, phsu, carb"/><RxNorm RxCui="3407"/></Normalization></entity><pair ddi="false" e1="Dailymed.625c3b7b-f1cf-4125-9680-4541a3f2d011.s.30.e.1" e2="Dailymed.625c3b7b-f1cf-4125-9680-4541a3f2d011.s.30.e.0"/><pair ddi="false" e1="Dailymed.625c3b7b-f1cf-4125-9680-4541a3f2d011.s.30.e.2" e2="Dailymed.625c3b7b-f1cf-4125-9680-4541a3f2d011.s.30.e.0"/></sentence><sentence id="Dailymed.625c3b7b-f1cf-4125-9680-4541a3f2d011.s.31" text="These interactions are related to the fact that digoxin affects contractility and excitability of the heart in a manner similar to that of calcium." type="negative"><entity charOffset="139:146" id="Dailymed.625c3b7b-f1cf-4125-9680-4541a3f2d011.s.31.e.0" text="calcium" type="Biomedical_Entity"><Normalization><mmtx cui="C0006675" phraseText="similar to that of calcium." preferredWord="Calcium" semType="bacs, phsu, elii"/><RxNorm RxCui="1895"/></Normalization></entity><entity charOffset="48:55" id="Dailymed.625c3b7b-f1cf-4125-9680-4541a3f2d011.s.31.e.1" text="digoxin" type="Biomedical_Entity"><Normalization><mmtx cui="C0012265" phraseText="that digoxin" preferredWord="Digoxin" semType="strd, phsu, carb"/><RxNorm RxCui="3407"/></Normalization></entity><pair ddi="false" e1="Dailymed.625c3b7b-f1cf-4125-9680-4541a3f2d011.s.31.e.1" e2="Dailymed.625c3b7b-f1cf-4125-9680-4541a3f2d011.s.31.e.0"/></sentence><sentence id="Dailymed.625c3b7b-f1cf-4125-9680-4541a3f2d011.s.49" text="Patients receiving digoxin should have their serum electrolytes and renal function (serum creatinine concentrations) assessed periodically, the frequency of assessments will depend on the clinical setting. " type="negative"><entity charOffset="19:26" id="Dailymed.625c3b7b-f1cf-4125-9680-4541a3f2d011.s.49.e.0" text="digoxin" type="Biomedical_Entity"><Normalization><mmtx cui="C0012265" phraseText="digoxin" preferredWord="Digoxin" semType="strd, phsu, carb"/><RxNorm RxCui="3407"/></Normalization></entity><entity charOffset="51:63" id="Dailymed.625c3b7b-f1cf-4125-9680-4541a3f2d011.s.49.e.1" text="electrolytes" type="Biomedical_Entity"><Normalization><mmtx cui="C3536863" phraseText="their serum electrolytes" preferredWord="Electrolyte [EPC]" semType="phsu"/><RxNorm RxCui="3793"/></Normalization></entity><pair ddi="false" e1="Dailymed.625c3b7b-f1cf-4125-9680-4541a3f2d011.s.49.e.0" e2="Dailymed.625c3b7b-f1cf-4125-9680-4541a3f2d011.s.49.e.1"/></sentence><sentence biomedicalEntities="2" id="Dailymed.625c3b7b-f1cf-4125-9680-4541a3f2d011.s.52" lineNumber="64" text="Potassium-depleting diuretics are a major contributing factor to digitalis toxicity. " type="regular"><entity charOffset="0:29" id="Dailymed.625c3b7b-f1cf-4125-9680-4541a3f2d011.s.52.e.0" text="Potassium-depleting diuretics" type="Drug_Class"><Normalization><mmtx cui="C1563712" phraseText="Potassium-depleting diuretics" preferredWord="Potassium Depleting Diuretics" semType="phsu"/><RxNorm RxCui="8588"/></Normalization></entity><entity charOffset="75:83" id="Dailymed.625c3b7b-f1cf-4125-9680-4541a3f2d011.s.52.e.1" text="toxicity" type="Increase_Interaction"/><entity charOffset="65:74" id="Dailymed.625c3b7b-f1cf-4125-9680-4541a3f2d011.s.52.e.3" text="digitalis" type="Drug"><Normalization><mmtx cui="C0304520" phraseText="a major contributing factor to digitalis toxicity." preferredWord="Digitalis preparation" semType="phsu, carb"/><RxNorm RxCui="91235"/></Normalization></entity><drugInteraction id="Dailymed.625c3b7b-f1cf-4125-9680-4541a3f2d011.s.52.ddi.1"><interaction trigger="Dailymed.625c3b7b-f1cf-4125-9680-4541a3f2d011.s.52.e.1"><relations><relation type="hasPrecipitant"><entity id="Dailymed.625c3b7b-f1cf-4125-9680-4541a3f2d011.s.52.e.0"/></relation><relation type="hasObject"><entity id="Dailymed.625c3b7b-f1cf-4125-9680-4541a3f2d011.s.52.e.3"/></relation></relations></interaction></drugInteraction><pair ddi="true" e1="Dailymed.625c3b7b-f1cf-4125-9680-4541a3f2d011.s.52.e.0" e2="Dailymed.625c3b7b-f1cf-4125-9680-4541a3f2d011.s.52.e.3" trigger="Dailymed.625c3b7b-f1cf-4125-9680-4541a3f2d011.s.52.e.1" type="Increase_Interaction"/></sentence><sentence biomedicalEntities="2" id="Dailymed.625c3b7b-f1cf-4125-9680-4541a3f2d011.s.53" lineNumber="64" text="Calcium, particularly if administered rapidly by the intravenous route, may produce serious arrhythmias in digitalized patients. " type="regular"><entity charOffset="0:7|53:70" id="Dailymed.625c3b7b-f1cf-4125-9680-4541a3f2d011.s.53.e.0" text="Calcium intravenous route" type="Drug"><Normalization><mmtx cui="C0006675" phraseText="Calcium," preferredWord="Calcium" semType="bacs, phsu, elii"/><mmtx cui="C2936886" phraseText="Calcium," preferredWord="Calcium [EPC]" semType="phsu"/><RxNorm RxCui="1895"/></Normalization></entity><entity charOffset="92:103" id="Dailymed.625c3b7b-f1cf-4125-9680-4541a3f2d011.s.53.e.1" text="arrhythmias" type="Specific_Interaction"/><entity charOffset="107:118" id="Dailymed.625c3b7b-f1cf-4125-9680-4541a3f2d011.s.53.e.3" text="digitalized" type="Drug"><Normalization><RxNorm RxCui="91235"/></Normalization></entity><drugInteraction id="Dailymed.625c3b7b-f1cf-4125-9680-4541a3f2d011.s.53.ddi.1"><interaction trigger="Dailymed.625c3b7b-f1cf-4125-9680-4541a3f2d011.s.53.e.1"><relations><relation type="hasPrecipitant"><entity id="Dailymed.625c3b7b-f1cf-4125-9680-4541a3f2d011.s.53.e.0"/></relation><relation type="hasObject"><entity id="Dailymed.625c3b7b-f1cf-4125-9680-4541a3f2d011.s.53.e.3"/></relation></relations></interaction></drugInteraction><pair ddi="true" e1="Dailymed.625c3b7b-f1cf-4125-9680-4541a3f2d011.s.53.e.0" e2="Dailymed.625c3b7b-f1cf-4125-9680-4541a3f2d011.s.53.e.3" trigger="Dailymed.625c3b7b-f1cf-4125-9680-4541a3f2d011.s.53.e.1" type="Specific_Interaction"/></sentence><sentence biomedicalEntities="10" id="Dailymed.625c3b7b-f1cf-4125-9680-4541a3f2d011.s.54" lineNumber="64" text="Quinidine, verapamil, amiodarone, propafenone, indomethacin, itraconazole, alprazolam, and spironolactone raise the serum digoxin concentration due to a reduction in clearance and/or in volume of distribution of the drug, with the implication that digitalis intoxication may result. " type="regular"><anaphoraRelation><anaphoraEntity charOffset="212:220" id="Dailymed.625c3b7b-f1cf-4125-9680-4541a3f2d011.s.54.e.15" text="the drug" type="Expression"/><antecedentEntity charOffset="122-129" id="Dailymed.625c3b7b-f1cf-4125-9680-4541a3f2d011.s.54.e.10" text="digoxin" type="Drug"/></anaphoraRelation><entity charOffset="0:9" id="Dailymed.625c3b7b-f1cf-4125-9680-4541a3f2d011.s.54.e.0" text="Quinidine" type="Drug"><Normalization><mmtx cui="C0034414" phraseText="Quinidine," preferredWord="Quinidine" semType="phsu, orch"/><RxNorm RxCui="9068"/></Normalization></entity><entity charOffset="11:20" id="Dailymed.625c3b7b-f1cf-4125-9680-4541a3f2d011.s.54.e.1" text="verapamil" type="Drug"><Normalization><mmtx cui="C0042523" phraseText="verapamil," preferredWord="Verapamil" semType="phsu, orch"/><RxNorm RxCui="11170"/></Normalization></entity><entity charOffset="22:32" id="Dailymed.625c3b7b-f1cf-4125-9680-4541a3f2d011.s.54.e.2" text="amiodarone" type="Drug"><Normalization><mmtx cui="C0002598" phraseText="amiodarone," preferredWord="Amiodarone" semType="phsu, orch"/><RxNorm RxCui="203114"/></Normalization></entity><entity charOffset="34:45" id="Dailymed.625c3b7b-f1cf-4125-9680-4541a3f2d011.s.54.e.3" text="propafenone" type="Drug"><Normalization><mmtx cui="C0033429" phraseText="propafenone," preferredWord="Propafenone" semType="phsu, orch"/><RxNorm RxCui="8754"/></Normalization></entity><entity charOffset="47:59" id="Dailymed.625c3b7b-f1cf-4125-9680-4541a3f2d011.s.54.e.4" text="indomethacin" type="Drug"><Normalization><mmtx cui="C0021246" phraseText="indomethacin," preferredWord="Indomethacin" semType="phsu, orch"/><RxNorm RxCui="5781"/></Normalization></entity><entity charOffset="61:73" id="Dailymed.625c3b7b-f1cf-4125-9680-4541a3f2d011.s.54.e.5" text="itraconazole" type="Drug"><Normalization><mmtx cui="C0064113" phraseText="itraconazole," preferredWord="Itraconazole" semType="phsu, orch"/><RxNorm RxCui="28031"/></Normalization></entity><entity charOffset="75:85" id="Dailymed.625c3b7b-f1cf-4125-9680-4541a3f2d011.s.54.e.6" text="alprazolam" type="Drug"><Normalization><mmtx cui="C0002333" phraseText="alprazolam," preferredWord="Alprazolam" semType="phsu, orch"/><RxNorm RxCui="596"/></Normalization></entity><entity charOffset="91:105" id="Dailymed.625c3b7b-f1cf-4125-9680-4541a3f2d011.s.54.e.7" text="spironolactone" type="Drug"><Normalization><mmtx cui="C0037982" phraseText="spironolactone" preferredWord="Spironolactone" semType="strd, phsu"/><RxNorm RxCui="9997"/></Normalization></entity><entity charOffset="106:121|130:143" id="Dailymed.625c3b7b-f1cf-4125-9680-4541a3f2d011.s.54.e.8" text="raise the serum concentration" type="Increase_Interaction"/><entity charOffset="122:129" id="Dailymed.625c3b7b-f1cf-4125-9680-4541a3f2d011.s.54.e.10" text="digoxin" type="Drug"><Normalization><mmtx cui="C0012265" phraseText="the serum digoxin concentration due to a reduction" preferredWord="Digoxin" semType="strd, phsu, carb"/><mmtx cui="C0012265" phraseText="the serum digoxin concentration due to a reduction" preferredWord="Digoxin" semType="strd, phsu, carb"/><RxNorm RxCui="3407"/></Normalization></entity><entity charOffset="153:175" id="Dailymed.625c3b7b-f1cf-4125-9680-4541a3f2d011.s.54.e.11" text="reduction in clearance" type="Increase_Interaction"/><entity charOffset="153:162|183:208" id="Dailymed.625c3b7b-f1cf-4125-9680-4541a3f2d011.s.54.e.13" text="reduction in volume of distribution" type="Increase_Interaction"/><entity charOffset="248:257" id="Dailymed.625c3b7b-f1cf-4125-9680-4541a3f2d011.s.54.e.17" text="digitalis" type="Drug"><Normalization><mmtx cui="C0304520" phraseText="that digitalis intoxication" preferredWord="Digitalis preparation" semType="phsu, carb"/><RxNorm RxCui="91235"/></Normalization></entity><entity charOffset="258:270" id="Dailymed.625c3b7b-f1cf-4125-9680-4541a3f2d011.s.54.e.18" text="intoxication" type="Increase_Interaction"/><drugInteraction id="Dailymed.625c3b7b-f1cf-4125-9680-4541a3f2d011.s.54.ddi.1"><interaction trigger="Dailymed.625c3b7b-f1cf-4125-9680-4541a3f2d011.s.54.e.8"><relations><relation type="hasPrecipitant"><entity id="Dailymed.625c3b7b-f1cf-4125-9680-4541a3f2d011.s.54.e.3"/></relation><relation type="hasPrecipitant"><entity id="Dailymed.625c3b7b-f1cf-4125-9680-4541a3f2d011.s.54.e.0"/></relation><relation type="hasPrecipitant"><entity id="Dailymed.625c3b7b-f1cf-4125-9680-4541a3f2d011.s.54.e.5"/></relation><relation type="hasPrecipitant"><entity id="Dailymed.625c3b7b-f1cf-4125-9680-4541a3f2d011.s.54.e.2"/></relation><relation type="hasPrecipitant"><entity id="Dailymed.625c3b7b-f1cf-4125-9680-4541a3f2d011.s.54.e.7"/></relation><relation type="hasPrecipitant"><entity id="Dailymed.625c3b7b-f1cf-4125-9680-4541a3f2d011.s.54.e.1"/></relation><relation type="hasPrecipitant"><entity id="Dailymed.625c3b7b-f1cf-4125-9680-4541a3f2d011.s.54.e.4"/></relation><relation type="hasObject"><entity id="Dailymed.625c3b7b-f1cf-4125-9680-4541a3f2d011.s.54.e.10"/></relation><relation type="hasPrecipitant"><entity id="Dailymed.625c3b7b-f1cf-4125-9680-4541a3f2d011.s.54.e.6"/></relation></relations></interaction></drugInteraction><drugInteraction id="Dailymed.625c3b7b-f1cf-4125-9680-4541a3f2d011.s.54.ddi.2"><interaction trigger="Dailymed.625c3b7b-f1cf-4125-9680-4541a3f2d011.s.54.e.11"><relations><relation type="hasPrecipitant"><entity id="Dailymed.625c3b7b-f1cf-4125-9680-4541a3f2d011.s.54.e.3"/></relation><relation type="hasPrecipitant"><entity id="Dailymed.625c3b7b-f1cf-4125-9680-4541a3f2d011.s.54.e.0"/></relation><relation type="hasPrecipitant"><entity id="Dailymed.625c3b7b-f1cf-4125-9680-4541a3f2d011.s.54.e.5"/></relation><relation type="hasPrecipitant"><entity id="Dailymed.625c3b7b-f1cf-4125-9680-4541a3f2d011.s.54.e.2"/></relation><relation type="hasPrecipitant"><entity id="Dailymed.625c3b7b-f1cf-4125-9680-4541a3f2d011.s.54.e.7"/></relation><relation type="hasPrecipitant"><entity id="Dailymed.625c3b7b-f1cf-4125-9680-4541a3f2d011.s.54.e.1"/></relation><relation type="hasObject"><entity id="Dailymed.625c3b7b-f1cf-4125-9680-4541a3f2d011.s.54.e.15"/></relation><relation type="hasPrecipitant"><entity id="Dailymed.625c3b7b-f1cf-4125-9680-4541a3f2d011.s.54.e.4"/></relation><relation type="hasPrecipitant"><entity id="Dailymed.625c3b7b-f1cf-4125-9680-4541a3f2d011.s.54.e.6"/></relation></relations></interaction></drugInteraction><drugInteraction id="Dailymed.625c3b7b-f1cf-4125-9680-4541a3f2d011.s.54.ddi.3"><interaction trigger="Dailymed.625c3b7b-f1cf-4125-9680-4541a3f2d011.s.54.e.13"><relations><relation type="hasPrecipitant"><entity id="Dailymed.625c3b7b-f1cf-4125-9680-4541a3f2d011.s.54.e.3"/></relation><relation type="hasPrecipitant"><entity id="Dailymed.625c3b7b-f1cf-4125-9680-4541a3f2d011.s.54.e.0"/></relation><relation type="hasPrecipitant"><entity id="Dailymed.625c3b7b-f1cf-4125-9680-4541a3f2d011.s.54.e.5"/></relation><relation type="hasPrecipitant"><entity id="Dailymed.625c3b7b-f1cf-4125-9680-4541a3f2d011.s.54.e.2"/></relation><relation type="hasPrecipitant"><entity id="Dailymed.625c3b7b-f1cf-4125-9680-4541a3f2d011.s.54.e.7"/></relation><relation type="hasPrecipitant"><entity id="Dailymed.625c3b7b-f1cf-4125-9680-4541a3f2d011.s.54.e.1"/></relation><relation type="hasObject"><entity id="Dailymed.625c3b7b-f1cf-4125-9680-4541a3f2d011.s.54.e.15"/></relation><relation type="hasPrecipitant"><entity id="Dailymed.625c3b7b-f1cf-4125-9680-4541a3f2d011.s.54.e.4"/></relation><relation type="hasPrecipitant"><entity id="Dailymed.625c3b7b-f1cf-4125-9680-4541a3f2d011.s.54.e.6"/></relation></relations></interaction></drugInteraction><drugInteraction id="Dailymed.625c3b7b-f1cf-4125-9680-4541a3f2d011.s.54.ddi.4"><interaction trigger="Dailymed.625c3b7b-f1cf-4125-9680-4541a3f2d011.s.54.e.18"><relations><relation type="hasPrecipitant"><entity id="Dailymed.625c3b7b-f1cf-4125-9680-4541a3f2d011.s.54.e.3"/></relation><relation type="hasPrecipitant"><entity id="Dailymed.625c3b7b-f1cf-4125-9680-4541a3f2d011.s.54.e.0"/></relation><relation type="hasPrecipitant"><entity id="Dailymed.625c3b7b-f1cf-4125-9680-4541a3f2d011.s.54.e.5"/></relation><relation type="hasPrecipitant"><entity id="Dailymed.625c3b7b-f1cf-4125-9680-4541a3f2d011.s.54.e.2"/></relation><relation type="hasPrecipitant"><entity id="Dailymed.625c3b7b-f1cf-4125-9680-4541a3f2d011.s.54.e.7"/></relation><relation type="hasPrecipitant"><entity id="Dailymed.625c3b7b-f1cf-4125-9680-4541a3f2d011.s.54.e.1"/></relation><relation type="hasPrecipitant"><entity id="Dailymed.625c3b7b-f1cf-4125-9680-4541a3f2d011.s.54.e.4"/></relation><relation type="hasPrecipitant"><entity id="Dailymed.625c3b7b-f1cf-4125-9680-4541a3f2d011.s.54.e.6"/></relation><relation type="hasObject"><entity id="Dailymed.625c3b7b-f1cf-4125-9680-4541a3f2d011.s.54.e.17"/></relation></relations></interaction></drugInteraction><pair ddi="true" e1="Dailymed.625c3b7b-f1cf-4125-9680-4541a3f2d011.s.54.e.3" e2="Dailymed.625c3b7b-f1cf-4125-9680-4541a3f2d011.s.54.e.10" trigger="Dailymed.625c3b7b-f1cf-4125-9680-4541a3f2d011.s.54.e.8" type="Increase_Interaction"/><pair ddi="true" e1="Dailymed.625c3b7b-f1cf-4125-9680-4541a3f2d011.s.54.e.0" e2="Dailymed.625c3b7b-f1cf-4125-9680-4541a3f2d011.s.54.e.10" trigger="Dailymed.625c3b7b-f1cf-4125-9680-4541a3f2d011.s.54.e.8" type="Increase_Interaction"/><pair ddi="true" e1="Dailymed.625c3b7b-f1cf-4125-9680-4541a3f2d011.s.54.e.5" e2="Dailymed.625c3b7b-f1cf-4125-9680-4541a3f2d011.s.54.e.10" trigger="Dailymed.625c3b7b-f1cf-4125-9680-4541a3f2d011.s.54.e.8" type="Increase_Interaction"/><pair ddi="true" e1="Dailymed.625c3b7b-f1cf-4125-9680-4541a3f2d011.s.54.e.2" e2="Dailymed.625c3b7b-f1cf-4125-9680-4541a3f2d011.s.54.e.10" trigger="Dailymed.625c3b7b-f1cf-4125-9680-4541a3f2d011.s.54.e.8" type="Increase_Interaction"/><pair ddi="true" e1="Dailymed.625c3b7b-f1cf-4125-9680-4541a3f2d011.s.54.e.7" e2="Dailymed.625c3b7b-f1cf-4125-9680-4541a3f2d011.s.54.e.10" trigger="Dailymed.625c3b7b-f1cf-4125-9680-4541a3f2d011.s.54.e.8" type="Increase_Interaction"/><pair ddi="true" e1="Dailymed.625c3b7b-f1cf-4125-9680-4541a3f2d011.s.54.e.1" e2="Dailymed.625c3b7b-f1cf-4125-9680-4541a3f2d011.s.54.e.10" trigger="Dailymed.625c3b7b-f1cf-4125-9680-4541a3f2d011.s.54.e.8" type="Increase_Interaction"/><pair ddi="true" e1="Dailymed.625c3b7b-f1cf-4125-9680-4541a3f2d011.s.54.e.4" e2="Dailymed.625c3b7b-f1cf-4125-9680-4541a3f2d011.s.54.e.10" trigger="Dailymed.625c3b7b-f1cf-4125-9680-4541a3f2d011.s.54.e.8" type="Increase_Interaction"/><pair ddi="true" e1="Dailymed.625c3b7b-f1cf-4125-9680-4541a3f2d011.s.54.e.6" e2="Dailymed.625c3b7b-f1cf-4125-9680-4541a3f2d011.s.54.e.10" trigger="Dailymed.625c3b7b-f1cf-4125-9680-4541a3f2d011.s.54.e.8" type="Increase_Interaction"/><pair ddi="false" e1="Dailymed.625c3b7b-f1cf-4125-9680-4541a3f2d011.s.54.e.0" e2="Dailymed.625c3b7b-f1cf-4125-9680-4541a3f2d011.s.54.e.3"/><pair ddi="false" e1="Dailymed.625c3b7b-f1cf-4125-9680-4541a3f2d011.s.54.e.3" e2="Dailymed.625c3b7b-f1cf-4125-9680-4541a3f2d011.s.54.e.5"/><pair ddi="false" e1="Dailymed.625c3b7b-f1cf-4125-9680-4541a3f2d011.s.54.e.2" e2="Dailymed.625c3b7b-f1cf-4125-9680-4541a3f2d011.s.54.e.3"/><pair ddi="false" e1="Dailymed.625c3b7b-f1cf-4125-9680-4541a3f2d011.s.54.e.3" e2="Dailymed.625c3b7b-f1cf-4125-9680-4541a3f2d011.s.54.e.7"/><pair ddi="false" e1="Dailymed.625c3b7b-f1cf-4125-9680-4541a3f2d011.s.54.e.1" e2="Dailymed.625c3b7b-f1cf-4125-9680-4541a3f2d011.s.54.e.3"/><pair ddi="false" e1="Dailymed.625c3b7b-f1cf-4125-9680-4541a3f2d011.s.54.e.3" e2="Dailymed.625c3b7b-f1cf-4125-9680-4541a3f2d011.s.54.e.4"/><pair ddi="false" e1="Dailymed.625c3b7b-f1cf-4125-9680-4541a3f2d011.s.54.e.3" e2="Dailymed.625c3b7b-f1cf-4125-9680-4541a3f2d011.s.54.e.6"/><pair ddi="false" e1="Dailymed.625c3b7b-f1cf-4125-9680-4541a3f2d011.s.54.e.0" e2="Dailymed.625c3b7b-f1cf-4125-9680-4541a3f2d011.s.54.e.5"/><pair ddi="false" e1="Dailymed.625c3b7b-f1cf-4125-9680-4541a3f2d011.s.54.e.0" e2="Dailymed.625c3b7b-f1cf-4125-9680-4541a3f2d011.s.54.e.2"/><pair ddi="false" e1="Dailymed.625c3b7b-f1cf-4125-9680-4541a3f2d011.s.54.e.0" e2="Dailymed.625c3b7b-f1cf-4125-9680-4541a3f2d011.s.54.e.7"/><pair ddi="false" e1="Dailymed.625c3b7b-f1cf-4125-9680-4541a3f2d011.s.54.e.0" e2="Dailymed.625c3b7b-f1cf-4125-9680-4541a3f2d011.s.54.e.1"/><pair ddi="false" e1="Dailymed.625c3b7b-f1cf-4125-9680-4541a3f2d011.s.54.e.0" e2="Dailymed.625c3b7b-f1cf-4125-9680-4541a3f2d011.s.54.e.4"/><pair ddi="false" e1="Dailymed.625c3b7b-f1cf-4125-9680-4541a3f2d011.s.54.e.0" e2="Dailymed.625c3b7b-f1cf-4125-9680-4541a3f2d011.s.54.e.6"/><pair ddi="false" e1="Dailymed.625c3b7b-f1cf-4125-9680-4541a3f2d011.s.54.e.2" e2="Dailymed.625c3b7b-f1cf-4125-9680-4541a3f2d011.s.54.e.5"/><pair ddi="false" e1="Dailymed.625c3b7b-f1cf-4125-9680-4541a3f2d011.s.54.e.5" e2="Dailymed.625c3b7b-f1cf-4125-9680-4541a3f2d011.s.54.e.7"/><pair ddi="false" e1="Dailymed.625c3b7b-f1cf-4125-9680-4541a3f2d011.s.54.e.1" e2="Dailymed.625c3b7b-f1cf-4125-9680-4541a3f2d011.s.54.e.5"/><pair ddi="false" e1="Dailymed.625c3b7b-f1cf-4125-9680-4541a3f2d011.s.54.e.4" e2="Dailymed.625c3b7b-f1cf-4125-9680-4541a3f2d011.s.54.e.5"/><pair ddi="false" e1="Dailymed.625c3b7b-f1cf-4125-9680-4541a3f2d011.s.54.e.5" e2="Dailymed.625c3b7b-f1cf-4125-9680-4541a3f2d011.s.54.e.6"/><pair ddi="false" e1="Dailymed.625c3b7b-f1cf-4125-9680-4541a3f2d011.s.54.e.2" e2="Dailymed.625c3b7b-f1cf-4125-9680-4541a3f2d011.s.54.e.7"/><pair ddi="false" e1="Dailymed.625c3b7b-f1cf-4125-9680-4541a3f2d011.s.54.e.1" e2="Dailymed.625c3b7b-f1cf-4125-9680-4541a3f2d011.s.54.e.2"/><pair ddi="false" e1="Dailymed.625c3b7b-f1cf-4125-9680-4541a3f2d011.s.54.e.2" e2="Dailymed.625c3b7b-f1cf-4125-9680-4541a3f2d011.s.54.e.4"/><pair ddi="false" e1="Dailymed.625c3b7b-f1cf-4125-9680-4541a3f2d011.s.54.e.2" e2="Dailymed.625c3b7b-f1cf-4125-9680-4541a3f2d011.s.54.e.6"/><pair ddi="false" e1="Dailymed.625c3b7b-f1cf-4125-9680-4541a3f2d011.s.54.e.1" e2="Dailymed.625c3b7b-f1cf-4125-9680-4541a3f2d011.s.54.e.7"/><pair ddi="false" e1="Dailymed.625c3b7b-f1cf-4125-9680-4541a3f2d011.s.54.e.4" e2="Dailymed.625c3b7b-f1cf-4125-9680-4541a3f2d011.s.54.e.7"/><pair ddi="false" e1="Dailymed.625c3b7b-f1cf-4125-9680-4541a3f2d011.s.54.e.6" e2="Dailymed.625c3b7b-f1cf-4125-9680-4541a3f2d011.s.54.e.7"/><pair ddi="false" e1="Dailymed.625c3b7b-f1cf-4125-9680-4541a3f2d011.s.54.e.1" e2="Dailymed.625c3b7b-f1cf-4125-9680-4541a3f2d011.s.54.e.4"/><pair ddi="false" e1="Dailymed.625c3b7b-f1cf-4125-9680-4541a3f2d011.s.54.e.1" e2="Dailymed.625c3b7b-f1cf-4125-9680-4541a3f2d011.s.54.e.6"/><pair ddi="false" e1="Dailymed.625c3b7b-f1cf-4125-9680-4541a3f2d011.s.54.e.4" e2="Dailymed.625c3b7b-f1cf-4125-9680-4541a3f2d011.s.54.e.6"/><pair ddi="true" e1="Dailymed.625c3b7b-f1cf-4125-9680-4541a3f2d011.s.54.e.3" e2="Dailymed.625c3b7b-f1cf-4125-9680-4541a3f2d011.s.54.e.15" trigger="Dailymed.625c3b7b-f1cf-4125-9680-4541a3f2d011.s.54.e.11" type="Increase_Interaction"/><pair ddi="true" e1="Dailymed.625c3b7b-f1cf-4125-9680-4541a3f2d011.s.54.e.0" e2="Dailymed.625c3b7b-f1cf-4125-9680-4541a3f2d011.s.54.e.15" trigger="Dailymed.625c3b7b-f1cf-4125-9680-4541a3f2d011.s.54.e.11" type="Increase_Interaction"/><pair ddi="true" e1="Dailymed.625c3b7b-f1cf-4125-9680-4541a3f2d011.s.54.e.5" e2="Dailymed.625c3b7b-f1cf-4125-9680-4541a3f2d011.s.54.e.15" trigger="Dailymed.625c3b7b-f1cf-4125-9680-4541a3f2d011.s.54.e.11" type="Increase_Interaction"/><pair ddi="true" e1="Dailymed.625c3b7b-f1cf-4125-9680-4541a3f2d011.s.54.e.2" e2="Dailymed.625c3b7b-f1cf-4125-9680-4541a3f2d011.s.54.e.15" trigger="Dailymed.625c3b7b-f1cf-4125-9680-4541a3f2d011.s.54.e.11" type="Increase_Interaction"/><pair ddi="true" e1="Dailymed.625c3b7b-f1cf-4125-9680-4541a3f2d011.s.54.e.7" e2="Dailymed.625c3b7b-f1cf-4125-9680-4541a3f2d011.s.54.e.15" trigger="Dailymed.625c3b7b-f1cf-4125-9680-4541a3f2d011.s.54.e.11" type="Increase_Interaction"/><pair ddi="true" e1="Dailymed.625c3b7b-f1cf-4125-9680-4541a3f2d011.s.54.e.1" e2="Dailymed.625c3b7b-f1cf-4125-9680-4541a3f2d011.s.54.e.15" trigger="Dailymed.625c3b7b-f1cf-4125-9680-4541a3f2d011.s.54.e.11" type="Increase_Interaction"/><pair ddi="true" e1="Dailymed.625c3b7b-f1cf-4125-9680-4541a3f2d011.s.54.e.4" e2="Dailymed.625c3b7b-f1cf-4125-9680-4541a3f2d011.s.54.e.15" trigger="Dailymed.625c3b7b-f1cf-4125-9680-4541a3f2d011.s.54.e.11" type="Increase_Interaction"/><pair ddi="true" e1="Dailymed.625c3b7b-f1cf-4125-9680-4541a3f2d011.s.54.e.6" e2="Dailymed.625c3b7b-f1cf-4125-9680-4541a3f2d011.s.54.e.15" trigger="Dailymed.625c3b7b-f1cf-4125-9680-4541a3f2d011.s.54.e.11" type="Increase_Interaction"/><pair ddi="false" e1="Dailymed.625c3b7b-f1cf-4125-9680-4541a3f2d011.s.54.e.0" e2="Dailymed.625c3b7b-f1cf-4125-9680-4541a3f2d011.s.54.e.3"/><pair ddi="false" e1="Dailymed.625c3b7b-f1cf-4125-9680-4541a3f2d011.s.54.e.3" e2="Dailymed.625c3b7b-f1cf-4125-9680-4541a3f2d011.s.54.e.5"/><pair ddi="false" e1="Dailymed.625c3b7b-f1cf-4125-9680-4541a3f2d011.s.54.e.2" e2="Dailymed.625c3b7b-f1cf-4125-9680-4541a3f2d011.s.54.e.3"/><pair ddi="false" e1="Dailymed.625c3b7b-f1cf-4125-9680-4541a3f2d011.s.54.e.3" e2="Dailymed.625c3b7b-f1cf-4125-9680-4541a3f2d011.s.54.e.7"/><pair ddi="false" e1="Dailymed.625c3b7b-f1cf-4125-9680-4541a3f2d011.s.54.e.1" e2="Dailymed.625c3b7b-f1cf-4125-9680-4541a3f2d011.s.54.e.3"/><pair ddi="false" e1="Dailymed.625c3b7b-f1cf-4125-9680-4541a3f2d011.s.54.e.3" e2="Dailymed.625c3b7b-f1cf-4125-9680-4541a3f2d011.s.54.e.4"/><pair ddi="false" e1="Dailymed.625c3b7b-f1cf-4125-9680-4541a3f2d011.s.54.e.3" e2="Dailymed.625c3b7b-f1cf-4125-9680-4541a3f2d011.s.54.e.6"/><pair ddi="false" e1="Dailymed.625c3b7b-f1cf-4125-9680-4541a3f2d011.s.54.e.0" e2="Dailymed.625c3b7b-f1cf-4125-9680-4541a3f2d011.s.54.e.5"/><pair ddi="false" e1="Dailymed.625c3b7b-f1cf-4125-9680-4541a3f2d011.s.54.e.0" e2="Dailymed.625c3b7b-f1cf-4125-9680-4541a3f2d011.s.54.e.2"/><pair ddi="false" e1="Dailymed.625c3b7b-f1cf-4125-9680-4541a3f2d011.s.54.e.0" e2="Dailymed.625c3b7b-f1cf-4125-9680-4541a3f2d011.s.54.e.7"/><pair ddi="false" e1="Dailymed.625c3b7b-f1cf-4125-9680-4541a3f2d011.s.54.e.0" e2="Dailymed.625c3b7b-f1cf-4125-9680-4541a3f2d011.s.54.e.1"/><pair ddi="false" e1="Dailymed.625c3b7b-f1cf-4125-9680-4541a3f2d011.s.54.e.0" e2="Dailymed.625c3b7b-f1cf-4125-9680-4541a3f2d011.s.54.e.4"/><pair ddi="false" e1="Dailymed.625c3b7b-f1cf-4125-9680-4541a3f2d011.s.54.e.0" e2="Dailymed.625c3b7b-f1cf-4125-9680-4541a3f2d011.s.54.e.6"/><pair ddi="false" e1="Dailymed.625c3b7b-f1cf-4125-9680-4541a3f2d011.s.54.e.2" e2="Dailymed.625c3b7b-f1cf-4125-9680-4541a3f2d011.s.54.e.5"/><pair ddi="false" e1="Dailymed.625c3b7b-f1cf-4125-9680-4541a3f2d011.s.54.e.5" e2="Dailymed.625c3b7b-f1cf-4125-9680-4541a3f2d011.s.54.e.7"/><pair ddi="false" e1="Dailymed.625c3b7b-f1cf-4125-9680-4541a3f2d011.s.54.e.1" e2="Dailymed.625c3b7b-f1cf-4125-9680-4541a3f2d011.s.54.e.5"/><pair ddi="false" e1="Dailymed.625c3b7b-f1cf-4125-9680-4541a3f2d011.s.54.e.4" e2="Dailymed.625c3b7b-f1cf-4125-9680-4541a3f2d011.s.54.e.5"/><pair ddi="false" e1="Dailymed.625c3b7b-f1cf-4125-9680-4541a3f2d011.s.54.e.5" e2="Dailymed.625c3b7b-f1cf-4125-9680-4541a3f2d011.s.54.e.6"/><pair ddi="false" e1="Dailymed.625c3b7b-f1cf-4125-9680-4541a3f2d011.s.54.e.2" e2="Dailymed.625c3b7b-f1cf-4125-9680-4541a3f2d011.s.54.e.7"/><pair ddi="false" e1="Dailymed.625c3b7b-f1cf-4125-9680-4541a3f2d011.s.54.e.1" e2="Dailymed.625c3b7b-f1cf-4125-9680-4541a3f2d011.s.54.e.2"/><pair ddi="false" e1="Dailymed.625c3b7b-f1cf-4125-9680-4541a3f2d011.s.54.e.2" e2="Dailymed.625c3b7b-f1cf-4125-9680-4541a3f2d011.s.54.e.4"/><pair ddi="false" e1="Dailymed.625c3b7b-f1cf-4125-9680-4541a3f2d011.s.54.e.2" e2="Dailymed.625c3b7b-f1cf-4125-9680-4541a3f2d011.s.54.e.6"/><pair ddi="false" e1="Dailymed.625c3b7b-f1cf-4125-9680-4541a3f2d011.s.54.e.1" e2="Dailymed.625c3b7b-f1cf-4125-9680-4541a3f2d011.s.54.e.7"/><pair ddi="false" e1="Dailymed.625c3b7b-f1cf-4125-9680-4541a3f2d011.s.54.e.4" e2="Dailymed.625c3b7b-f1cf-4125-9680-4541a3f2d011.s.54.e.7"/><pair ddi="false" e1="Dailymed.625c3b7b-f1cf-4125-9680-4541a3f2d011.s.54.e.6" e2="Dailymed.625c3b7b-f1cf-4125-9680-4541a3f2d011.s.54.e.7"/><pair ddi="false" e1="Dailymed.625c3b7b-f1cf-4125-9680-4541a3f2d011.s.54.e.1" e2="Dailymed.625c3b7b-f1cf-4125-9680-4541a3f2d011.s.54.e.4"/><pair ddi="false" e1="Dailymed.625c3b7b-f1cf-4125-9680-4541a3f2d011.s.54.e.1" e2="Dailymed.625c3b7b-f1cf-4125-9680-4541a3f2d011.s.54.e.6"/><pair ddi="false" e1="Dailymed.625c3b7b-f1cf-4125-9680-4541a3f2d011.s.54.e.4" e2="Dailymed.625c3b7b-f1cf-4125-9680-4541a3f2d011.s.54.e.6"/><pair ddi="true" e1="Dailymed.625c3b7b-f1cf-4125-9680-4541a3f2d011.s.54.e.3" e2="Dailymed.625c3b7b-f1cf-4125-9680-4541a3f2d011.s.54.e.17" trigger="Dailymed.625c3b7b-f1cf-4125-9680-4541a3f2d011.s.54.e.18" type="Increase_Interaction"/><pair ddi="true" e1="Dailymed.625c3b7b-f1cf-4125-9680-4541a3f2d011.s.54.e.0" e2="Dailymed.625c3b7b-f1cf-4125-9680-4541a3f2d011.s.54.e.17" trigger="Dailymed.625c3b7b-f1cf-4125-9680-4541a3f2d011.s.54.e.18" type="Increase_Interaction"/><pair ddi="true" e1="Dailymed.625c3b7b-f1cf-4125-9680-4541a3f2d011.s.54.e.5" e2="Dailymed.625c3b7b-f1cf-4125-9680-4541a3f2d011.s.54.e.17" trigger="Dailymed.625c3b7b-f1cf-4125-9680-4541a3f2d011.s.54.e.18" type="Increase_Interaction"/><pair ddi="true" e1="Dailymed.625c3b7b-f1cf-4125-9680-4541a3f2d011.s.54.e.2" e2="Dailymed.625c3b7b-f1cf-4125-9680-4541a3f2d011.s.54.e.17" trigger="Dailymed.625c3b7b-f1cf-4125-9680-4541a3f2d011.s.54.e.18" type="Increase_Interaction"/><pair ddi="true" e1="Dailymed.625c3b7b-f1cf-4125-9680-4541a3f2d011.s.54.e.7" e2="Dailymed.625c3b7b-f1cf-4125-9680-4541a3f2d011.s.54.e.17" trigger="Dailymed.625c3b7b-f1cf-4125-9680-4541a3f2d011.s.54.e.18" type="Increase_Interaction"/><pair ddi="true" e1="Dailymed.625c3b7b-f1cf-4125-9680-4541a3f2d011.s.54.e.1" e2="Dailymed.625c3b7b-f1cf-4125-9680-4541a3f2d011.s.54.e.17" trigger="Dailymed.625c3b7b-f1cf-4125-9680-4541a3f2d011.s.54.e.18" type="Increase_Interaction"/><pair ddi="true" e1="Dailymed.625c3b7b-f1cf-4125-9680-4541a3f2d011.s.54.e.4" e2="Dailymed.625c3b7b-f1cf-4125-9680-4541a3f2d011.s.54.e.17" trigger="Dailymed.625c3b7b-f1cf-4125-9680-4541a3f2d011.s.54.e.18" type="Increase_Interaction"/><pair ddi="true" e1="Dailymed.625c3b7b-f1cf-4125-9680-4541a3f2d011.s.54.e.6" e2="Dailymed.625c3b7b-f1cf-4125-9680-4541a3f2d011.s.54.e.17" trigger="Dailymed.625c3b7b-f1cf-4125-9680-4541a3f2d011.s.54.e.18" type="Increase_Interaction"/><pair ddi="false" e1="Dailymed.625c3b7b-f1cf-4125-9680-4541a3f2d011.s.54.e.0" e2="Dailymed.625c3b7b-f1cf-4125-9680-4541a3f2d011.s.54.e.3"/><pair ddi="false" e1="Dailymed.625c3b7b-f1cf-4125-9680-4541a3f2d011.s.54.e.3" e2="Dailymed.625c3b7b-f1cf-4125-9680-4541a3f2d011.s.54.e.5"/><pair ddi="false" e1="Dailymed.625c3b7b-f1cf-4125-9680-4541a3f2d011.s.54.e.2" e2="Dailymed.625c3b7b-f1cf-4125-9680-4541a3f2d011.s.54.e.3"/><pair ddi="false" e1="Dailymed.625c3b7b-f1cf-4125-9680-4541a3f2d011.s.54.e.3" e2="Dailymed.625c3b7b-f1cf-4125-9680-4541a3f2d011.s.54.e.7"/><pair ddi="false" e1="Dailymed.625c3b7b-f1cf-4125-9680-4541a3f2d011.s.54.e.1" e2="Dailymed.625c3b7b-f1cf-4125-9680-4541a3f2d011.s.54.e.3"/><pair ddi="false" e1="Dailymed.625c3b7b-f1cf-4125-9680-4541a3f2d011.s.54.e.3" e2="Dailymed.625c3b7b-f1cf-4125-9680-4541a3f2d011.s.54.e.4"/><pair ddi="false" e1="Dailymed.625c3b7b-f1cf-4125-9680-4541a3f2d011.s.54.e.3" e2="Dailymed.625c3b7b-f1cf-4125-9680-4541a3f2d011.s.54.e.6"/><pair ddi="false" e1="Dailymed.625c3b7b-f1cf-4125-9680-4541a3f2d011.s.54.e.0" e2="Dailymed.625c3b7b-f1cf-4125-9680-4541a3f2d011.s.54.e.5"/><pair ddi="false" e1="Dailymed.625c3b7b-f1cf-4125-9680-4541a3f2d011.s.54.e.0" e2="Dailymed.625c3b7b-f1cf-4125-9680-4541a3f2d011.s.54.e.2"/><pair ddi="false" e1="Dailymed.625c3b7b-f1cf-4125-9680-4541a3f2d011.s.54.e.0" e2="Dailymed.625c3b7b-f1cf-4125-9680-4541a3f2d011.s.54.e.7"/><pair ddi="false" e1="Dailymed.625c3b7b-f1cf-4125-9680-4541a3f2d011.s.54.e.0" e2="Dailymed.625c3b7b-f1cf-4125-9680-4541a3f2d011.s.54.e.1"/><pair ddi="false" e1="Dailymed.625c3b7b-f1cf-4125-9680-4541a3f2d011.s.54.e.0" e2="Dailymed.625c3b7b-f1cf-4125-9680-4541a3f2d011.s.54.e.4"/><pair ddi="false" e1="Dailymed.625c3b7b-f1cf-4125-9680-4541a3f2d011.s.54.e.0" e2="Dailymed.625c3b7b-f1cf-4125-9680-4541a3f2d011.s.54.e.6"/><pair ddi="false" e1="Dailymed.625c3b7b-f1cf-4125-9680-4541a3f2d011.s.54.e.2" e2="Dailymed.625c3b7b-f1cf-4125-9680-4541a3f2d011.s.54.e.5"/><pair ddi="false" e1="Dailymed.625c3b7b-f1cf-4125-9680-4541a3f2d011.s.54.e.5" e2="Dailymed.625c3b7b-f1cf-4125-9680-4541a3f2d011.s.54.e.7"/><pair ddi="false" e1="Dailymed.625c3b7b-f1cf-4125-9680-4541a3f2d011.s.54.e.1" e2="Dailymed.625c3b7b-f1cf-4125-9680-4541a3f2d011.s.54.e.5"/><pair ddi="false" e1="Dailymed.625c3b7b-f1cf-4125-9680-4541a3f2d011.s.54.e.4" e2="Dailymed.625c3b7b-f1cf-4125-9680-4541a3f2d011.s.54.e.5"/><pair ddi="false" e1="Dailymed.625c3b7b-f1cf-4125-9680-4541a3f2d011.s.54.e.5" e2="Dailymed.625c3b7b-f1cf-4125-9680-4541a3f2d011.s.54.e.6"/><pair ddi="false" e1="Dailymed.625c3b7b-f1cf-4125-9680-4541a3f2d011.s.54.e.2" e2="Dailymed.625c3b7b-f1cf-4125-9680-4541a3f2d011.s.54.e.7"/><pair ddi="false" e1="Dailymed.625c3b7b-f1cf-4125-9680-4541a3f2d011.s.54.e.1" e2="Dailymed.625c3b7b-f1cf-4125-9680-4541a3f2d011.s.54.e.2"/><pair ddi="false" e1="Dailymed.625c3b7b-f1cf-4125-9680-4541a3f2d011.s.54.e.2" e2="Dailymed.625c3b7b-f1cf-4125-9680-4541a3f2d011.s.54.e.4"/><pair ddi="false" e1="Dailymed.625c3b7b-f1cf-4125-9680-4541a3f2d011.s.54.e.2" e2="Dailymed.625c3b7b-f1cf-4125-9680-4541a3f2d011.s.54.e.6"/><pair ddi="false" e1="Dailymed.625c3b7b-f1cf-4125-9680-4541a3f2d011.s.54.e.1" e2="Dailymed.625c3b7b-f1cf-4125-9680-4541a3f2d011.s.54.e.7"/><pair ddi="false" e1="Dailymed.625c3b7b-f1cf-4125-9680-4541a3f2d011.s.54.e.4" e2="Dailymed.625c3b7b-f1cf-4125-9680-4541a3f2d011.s.54.e.7"/><pair ddi="false" e1="Dailymed.625c3b7b-f1cf-4125-9680-4541a3f2d011.s.54.e.6" e2="Dailymed.625c3b7b-f1cf-4125-9680-4541a3f2d011.s.54.e.7"/><pair ddi="false" e1="Dailymed.625c3b7b-f1cf-4125-9680-4541a3f2d011.s.54.e.1" e2="Dailymed.625c3b7b-f1cf-4125-9680-4541a3f2d011.s.54.e.4"/><pair ddi="false" e1="Dailymed.625c3b7b-f1cf-4125-9680-4541a3f2d011.s.54.e.1" e2="Dailymed.625c3b7b-f1cf-4125-9680-4541a3f2d011.s.54.e.6"/><pair ddi="false" e1="Dailymed.625c3b7b-f1cf-4125-9680-4541a3f2d011.s.54.e.4" e2="Dailymed.625c3b7b-f1cf-4125-9680-4541a3f2d011.s.54.e.6"/></sentence><sentence biomedicalEntities="6" id="Dailymed.625c3b7b-f1cf-4125-9680-4541a3f2d011.s.55" lineNumber="64" text="Erythromycin and clarithromycin (and possibly other macrolide antibiotics ) and tetracycline may increase digoxin absorption in patients who inactivate digoxin by bacterial metabolism in the lower intestine, so that digitalis intoxication may result (see CLINICAL PHARMACOLOGY: Absorption). " type="regular"><entity charOffset="52:73" id="Dailymed.625c3b7b-f1cf-4125-9680-4541a3f2d011.s.55.e.0" text="macrolide antibiotics" type="Drug_Class"><Normalization><mmtx cui="C0003240" phraseText="other macrolide antibiotics" preferredWord="Macrolide Antibiotics" semType="orch, antb"/><RxNorm RxCui="1437086"/></Normalization></entity><entity charOffset="0:12" id="Dailymed.625c3b7b-f1cf-4125-9680-4541a3f2d011.s.55.e.1" text="Erythromycin" type="Drug"><Normalization><mmtx cui="C0014806" phraseText="Erythromycin" preferredWord="Erythromycin" semType="orch, antb"/><RxNorm RxCui="4053"/></Normalization></entity><entity charOffset="17:31" id="Dailymed.625c3b7b-f1cf-4125-9680-4541a3f2d011.s.55.e.2" text="clarithromycin" type="Drug"><Normalization><mmtx cui="C0055856" phraseText="clarithromycin" preferredWord="Clarithromycin" semType="orch, antb"/><RxNorm RxCui="21212"/></Normalization></entity><entity charOffset="80:92" id="Dailymed.625c3b7b-f1cf-4125-9680-4541a3f2d011.s.55.e.5" text="tetracycline" type="Drug"><Normalization><mmtx cui="C0039644" phraseText="tetracycline" preferredWord="Tetracycline" semType="orch, antb"/><mmtx cui="C1744619" phraseText="tetracycline" preferredWord="Tetracycline Antibiotics" semType="orch, antb"/><RxNorm RxCui="142446"/></Normalization></entity><entity charOffset="97:105|114:124" id="Dailymed.625c3b7b-f1cf-4125-9680-4541a3f2d011.s.55.e.6" text="increase absorption" type="Increase_Interaction"/><entity charOffset="106:113" id="Dailymed.625c3b7b-f1cf-4125-9680-4541a3f2d011.s.55.e.8" text="digoxin" type="Drug"><Normalization><mmtx cui="C0012265" phraseText="digoxin absorption in patients" preferredWord="Digoxin" semType="strd, phsu, carb"/><RxNorm RxCui="3407"/></Normalization></entity><entity charOffset="128:206" id="Dailymed.625c3b7b-f1cf-4125-9680-4541a3f2d011.s.55.e.9" text="patients who inactivate digoxin by bacterial metabolism in the lower intestine" type="SPAN"/><entity charOffset="216:225" id="Dailymed.625c3b7b-f1cf-4125-9680-4541a3f2d011.s.55.e.10" text="digitalis" type="Drug"><Normalization><mmtx cui="C0304520" phraseText="that digitalis intoxication" preferredWord="Digitalis preparation" semType="phsu, carb"/><RxNorm RxCui="91235"/></Normalization></entity><entity charOffset="226:238" id="Dailymed.625c3b7b-f1cf-4125-9680-4541a3f2d011.s.55.e.11" text="intoxication" type="Increase_Interaction"/><drugClassMembership drug="Dailymed.625c3b7b-f1cf-4125-9680-4541a3f2d011.s.55.e.2" drugClass="Dailymed.625c3b7b-f1cf-4125-9680-4541a3f2d011.s.55.e.0"/><drugClassMembership drug="Dailymed.625c3b7b-f1cf-4125-9680-4541a3f2d011.s.55.e.1" drugClass="Dailymed.625c3b7b-f1cf-4125-9680-4541a3f2d011.s.55.e.0"/><drugInteraction id="Dailymed.625c3b7b-f1cf-4125-9680-4541a3f2d011.s.55.ddi.1"><interaction trigger="Dailymed.625c3b7b-f1cf-4125-9680-4541a3f2d011.s.55.e.6"><relations><relation type="hasPrecipitant"><entity id="Dailymed.625c3b7b-f1cf-4125-9680-4541a3f2d011.s.55.e.1"/></relation><relation type="hasPrecipitant"><entity id="Dailymed.625c3b7b-f1cf-4125-9680-4541a3f2d011.s.55.e.2"/></relation><relation type="hasObject"><entity id="Dailymed.625c3b7b-f1cf-4125-9680-4541a3f2d011.s.55.e.8"/></relation><relation type="hasContext"><entity id="Dailymed.625c3b7b-f1cf-4125-9680-4541a3f2d011.s.55.e.9"/></relation><relation type="hasPrecipitant"><entity id="Dailymed.625c3b7b-f1cf-4125-9680-4541a3f2d011.s.55.e.5"/></relation></relations></interaction></drugInteraction><drugInteraction id="Dailymed.625c3b7b-f1cf-4125-9680-4541a3f2d011.s.55.ddi.2"><interaction trigger="Dailymed.625c3b7b-f1cf-4125-9680-4541a3f2d011.s.55.e.11"><relations><relation type="hasPrecipitant"><entity id="Dailymed.625c3b7b-f1cf-4125-9680-4541a3f2d011.s.55.e.1"/></relation><relation type="hasPrecipitant"><entity id="Dailymed.625c3b7b-f1cf-4125-9680-4541a3f2d011.s.55.e.2"/></relation><relation type="hasObject"><entity id="Dailymed.625c3b7b-f1cf-4125-9680-4541a3f2d011.s.55.e.10"/></relation><relation type="hasContext"><entity id="Dailymed.625c3b7b-f1cf-4125-9680-4541a3f2d011.s.55.e.9"/></relation><relation type="hasPrecipitant"><entity id="Dailymed.625c3b7b-f1cf-4125-9680-4541a3f2d011.s.55.e.5"/></relation></relations></interaction></drugInteraction><pair context="Dailymed.625c3b7b-f1cf-4125-9680-4541a3f2d011.s.55.e.9" ddi="true" e1="Dailymed.625c3b7b-f1cf-4125-9680-4541a3f2d011.s.55.e.1" e2="Dailymed.625c3b7b-f1cf-4125-9680-4541a3f2d011.s.55.e.8" trigger="Dailymed.625c3b7b-f1cf-4125-9680-4541a3f2d011.s.55.e.6" type="Increase_Interaction"/><pair context="Dailymed.625c3b7b-f1cf-4125-9680-4541a3f2d011.s.55.e.9" ddi="true" e1="Dailymed.625c3b7b-f1cf-4125-9680-4541a3f2d011.s.55.e.2" e2="Dailymed.625c3b7b-f1cf-4125-9680-4541a3f2d011.s.55.e.8" trigger="Dailymed.625c3b7b-f1cf-4125-9680-4541a3f2d011.s.55.e.6" type="Increase_Interaction"/><pair context="Dailymed.625c3b7b-f1cf-4125-9680-4541a3f2d011.s.55.e.9" ddi="true" e1="Dailymed.625c3b7b-f1cf-4125-9680-4541a3f2d011.s.55.e.5" e2="Dailymed.625c3b7b-f1cf-4125-9680-4541a3f2d011.s.55.e.8" trigger="Dailymed.625c3b7b-f1cf-4125-9680-4541a3f2d011.s.55.e.6" type="Increase_Interaction"/><pair ddi="false" e1="Dailymed.625c3b7b-f1cf-4125-9680-4541a3f2d011.s.55.e.1" e2="Dailymed.625c3b7b-f1cf-4125-9680-4541a3f2d011.s.55.e.2"/><pair ddi="false" e1="Dailymed.625c3b7b-f1cf-4125-9680-4541a3f2d011.s.55.e.1" e2="Dailymed.625c3b7b-f1cf-4125-9680-4541a3f2d011.s.55.e.5"/><pair ddi="false" e1="Dailymed.625c3b7b-f1cf-4125-9680-4541a3f2d011.s.55.e.2" e2="Dailymed.625c3b7b-f1cf-4125-9680-4541a3f2d011.s.55.e.5"/><pair context="Dailymed.625c3b7b-f1cf-4125-9680-4541a3f2d011.s.55.e.9" ddi="true" e1="Dailymed.625c3b7b-f1cf-4125-9680-4541a3f2d011.s.55.e.1" e2="Dailymed.625c3b7b-f1cf-4125-9680-4541a3f2d011.s.55.e.10" trigger="Dailymed.625c3b7b-f1cf-4125-9680-4541a3f2d011.s.55.e.11" type="Increase_Interaction"/><pair context="Dailymed.625c3b7b-f1cf-4125-9680-4541a3f2d011.s.55.e.9" ddi="true" e1="Dailymed.625c3b7b-f1cf-4125-9680-4541a3f2d011.s.55.e.2" e2="Dailymed.625c3b7b-f1cf-4125-9680-4541a3f2d011.s.55.e.10" trigger="Dailymed.625c3b7b-f1cf-4125-9680-4541a3f2d011.s.55.e.11" type="Increase_Interaction"/><pair context="Dailymed.625c3b7b-f1cf-4125-9680-4541a3f2d011.s.55.e.9" ddi="true" e1="Dailymed.625c3b7b-f1cf-4125-9680-4541a3f2d011.s.55.e.5" e2="Dailymed.625c3b7b-f1cf-4125-9680-4541a3f2d011.s.55.e.10" trigger="Dailymed.625c3b7b-f1cf-4125-9680-4541a3f2d011.s.55.e.11" type="Increase_Interaction"/><pair ddi="false" e1="Dailymed.625c3b7b-f1cf-4125-9680-4541a3f2d011.s.55.e.1" e2="Dailymed.625c3b7b-f1cf-4125-9680-4541a3f2d011.s.55.e.2"/><pair ddi="false" e1="Dailymed.625c3b7b-f1cf-4125-9680-4541a3f2d011.s.55.e.1" e2="Dailymed.625c3b7b-f1cf-4125-9680-4541a3f2d011.s.55.e.5"/><pair ddi="false" e1="Dailymed.625c3b7b-f1cf-4125-9680-4541a3f2d011.s.55.e.2" e2="Dailymed.625c3b7b-f1cf-4125-9680-4541a3f2d011.s.55.e.5"/></sentence><sentence biomedicalEntities="3" id="Dailymed.625c3b7b-f1cf-4125-9680-4541a3f2d011.s.56" lineNumber="64" text="Propantheline and diphenoxylate, by decreasing gut motility, may increase digoxin absorption. " type="regular"><entity charOffset="0:13" id="Dailymed.625c3b7b-f1cf-4125-9680-4541a3f2d011.s.56.e.0" text="Propantheline" type="Drug"><Normalization><mmtx cui="C0033447" phraseText="Propantheline" preferredWord="Propantheline" semType="phsu, orch"/><RxNorm RxCui="8761"/></Normalization></entity><entity charOffset="18:31" id="Dailymed.625c3b7b-f1cf-4125-9680-4541a3f2d011.s.56.e.1" text="diphenoxylate" type="Drug"><Normalization><mmtx cui="C0012525" phraseText="diphenoxylate," preferredWord="Diphenoxylate" semType="phsu, orch"/><RxNorm RxCui="82005"/></Normalization></entity><entity charOffset="65:73|82:92" id="Dailymed.625c3b7b-f1cf-4125-9680-4541a3f2d011.s.56.e.2" text="increase absorption" type="Increase_Interaction"/><entity charOffset="74:81" id="Dailymed.625c3b7b-f1cf-4125-9680-4541a3f2d011.s.56.e.4" text="digoxin" type="Drug"><Normalization><mmtx cui="C0012265" phraseText="digoxin absorption." preferredWord="Digoxin" semType="strd, phsu, carb"/><RxNorm RxCui="3407"/></Normalization></entity><drugInteraction id="Dailymed.625c3b7b-f1cf-4125-9680-4541a3f2d011.s.56.ddi.1"><interaction trigger="Dailymed.625c3b7b-f1cf-4125-9680-4541a3f2d011.s.56.e.2"><relations><relation type="hasPrecipitant"><entity id="Dailymed.625c3b7b-f1cf-4125-9680-4541a3f2d011.s.56.e.1"/></relation><relation type="hasPrecipitant"><entity id="Dailymed.625c3b7b-f1cf-4125-9680-4541a3f2d011.s.56.e.0"/></relation><relation type="hasObject"><entity id="Dailymed.625c3b7b-f1cf-4125-9680-4541a3f2d011.s.56.e.4"/></relation></relations></interaction></drugInteraction><pair ddi="true" e1="Dailymed.625c3b7b-f1cf-4125-9680-4541a3f2d011.s.56.e.1" e2="Dailymed.625c3b7b-f1cf-4125-9680-4541a3f2d011.s.56.e.4" trigger="Dailymed.625c3b7b-f1cf-4125-9680-4541a3f2d011.s.56.e.2" type="Increase_Interaction"/><pair ddi="true" e1="Dailymed.625c3b7b-f1cf-4125-9680-4541a3f2d011.s.56.e.0" e2="Dailymed.625c3b7b-f1cf-4125-9680-4541a3f2d011.s.56.e.4" trigger="Dailymed.625c3b7b-f1cf-4125-9680-4541a3f2d011.s.56.e.2" type="Increase_Interaction"/><pair ddi="false" e1="Dailymed.625c3b7b-f1cf-4125-9680-4541a3f2d011.s.56.e.0" e2="Dailymed.625c3b7b-f1cf-4125-9680-4541a3f2d011.s.56.e.1"/></sentence><sentence biomedicalEntities="8" id="Dailymed.625c3b7b-f1cf-4125-9680-4541a3f2d011.s.57" lineNumber="64" text="Antacids, kaolin-pectin, sulfasalazine, neomycin, cholestyramine, certain anticancer drugs, and metoclopramide may interfere with intestinal digoxin absorption, resulting in unexpectedly low serum concentrations. " type="regular"><entity charOffset="115:140|149:159" id="Dailymed.625c3b7b-f1cf-4125-9680-4541a3f2d011.s.57.e.0" text="interfere with intestinal absorption" type="Decrease_Interaction"/><entity charOffset="141:148" id="Dailymed.625c3b7b-f1cf-4125-9680-4541a3f2d011.s.57.e.2" text="digoxin" type="Drug"><Normalization><mmtx cui="C0012265" phraseText="interfere with intestinal digoxin absorption," preferredWord="Digoxin" semType="strd, phsu, carb"/><RxNorm RxCui="3407"/></Normalization></entity><entity charOffset="187:211" id="Dailymed.625c3b7b-f1cf-4125-9680-4541a3f2d011.s.57.e.3" text="low serum concentrations" type="Decrease_Interaction"/><entity charOffset="0:8" id="Dailymed.625c3b7b-f1cf-4125-9680-4541a3f2d011.s.57.e.5" text="Antacids" type="Drug_Class"><Normalization><mmtx cui="C0003138" phraseText="Antacids," preferredWord="Antacids" semType="phsu"/><RxNorm RxCui="863"/></Normalization></entity><entity charOffset="10:23" id="Dailymed.625c3b7b-f1cf-4125-9680-4541a3f2d011.s.57.e.6" text="kaolin-pectin" type="Drug"><Normalization><mmtx cui="C0717874" phraseText="kaolin-pectin," preferredWord="Kaolin / pectin" semType="phsu, orch"/><RxNorm RxCui="214665"/></Normalization></entity><entity charOffset="25:38" id="Dailymed.625c3b7b-f1cf-4125-9680-4541a3f2d011.s.57.e.7" text="sulfasalazine" type="Drug"><Normalization><mmtx cui="C0036078" phraseText="sulfasalazine," preferredWord="Sulfasalazine" semType="phsu, orch"/><RxNorm RxCui="9524"/></Normalization></entity><entity charOffset="40:48" id="Dailymed.625c3b7b-f1cf-4125-9680-4541a3f2d011.s.57.e.8" text="neomycin" type="Drug"><Normalization><mmtx cui="C0027603" phraseText="neomycin," preferredWord="Neomycin" semType="carb, antb"/><RxNorm RxCui="7299"/></Normalization></entity><entity charOffset="50:64" id="Dailymed.625c3b7b-f1cf-4125-9680-4541a3f2d011.s.57.e.9" text="cholestyramine" type="Drug"><Normalization><mmtx cui="C0008402" phraseText="cholestyramine," preferredWord="Cholestyramine Resin" semType="phsu, orch"/><RxNorm RxCui="2447"/></Normalization></entity><entity charOffset="74:90" id="Dailymed.625c3b7b-f1cf-4125-9680-4541a3f2d011.s.57.e.10" text="anticancer drugs" type="Drug_Class"><Normalization><mmtx cui="C0013227" phraseText="certain anticancer drugs," preferredWord="Pharmaceutical Preparations" semType="phsu"/><RxNorm RxCui="NA"/></Normalization></entity><entity charOffset="96:110" id="Dailymed.625c3b7b-f1cf-4125-9680-4541a3f2d011.s.57.e.11" text="metoclopramide" type="Drug"><Normalization><mmtx cui="C0025853" phraseText="metoclopramide" preferredWord="Metoclopramide" semType="phsu, orch"/><RxNorm RxCui="6915"/></Normalization></entity><drugInteraction id="Dailymed.625c3b7b-f1cf-4125-9680-4541a3f2d011.s.57.ddi.1"><interaction trigger="Dailymed.625c3b7b-f1cf-4125-9680-4541a3f2d011.s.57.e.0"><relations><relation type="hasPrecipitant"><entity id="Dailymed.625c3b7b-f1cf-4125-9680-4541a3f2d011.s.57.e.8"/></relation><relation type="hasPrecipitant"><entity id="Dailymed.625c3b7b-f1cf-4125-9680-4541a3f2d011.s.57.e.7"/></relation><relation type="hasObject"><entity id="Dailymed.625c3b7b-f1cf-4125-9680-4541a3f2d011.s.57.e.2"/></relation><relation type="hasPrecipitant"><entity id="Dailymed.625c3b7b-f1cf-4125-9680-4541a3f2d011.s.57.e.11"/></relation><relation type="hasPrecipitant"><entity id="Dailymed.625c3b7b-f1cf-4125-9680-4541a3f2d011.s.57.e.10"/></relation><relation type="hasPrecipitant"><entity id="Dailymed.625c3b7b-f1cf-4125-9680-4541a3f2d011.s.57.e.9"/></relation><relation type="hasPrecipitant"><entity id="Dailymed.625c3b7b-f1cf-4125-9680-4541a3f2d011.s.57.e.6"/></relation><relation type="hasPrecipitant"><entity id="Dailymed.625c3b7b-f1cf-4125-9680-4541a3f2d011.s.57.e.5"/></relation></relations></interaction></drugInteraction><drugInteraction id="Dailymed.625c3b7b-f1cf-4125-9680-4541a3f2d011.s.57.ddi.2"><interaction trigger="Dailymed.625c3b7b-f1cf-4125-9680-4541a3f2d011.s.57.e.3"><relations><relation type="hasPrecipitant"><entity id="Dailymed.625c3b7b-f1cf-4125-9680-4541a3f2d011.s.57.e.8"/></relation><relation type="hasPrecipitant"><entity id="Dailymed.625c3b7b-f1cf-4125-9680-4541a3f2d011.s.57.e.7"/></relation><relation type="hasObject"><entity id="Dailymed.625c3b7b-f1cf-4125-9680-4541a3f2d011.s.57.e.2"/></relation><relation type="hasPrecipitant"><entity id="Dailymed.625c3b7b-f1cf-4125-9680-4541a3f2d011.s.57.e.11"/></relation><relation type="hasPrecipitant"><entity id="Dailymed.625c3b7b-f1cf-4125-9680-4541a3f2d011.s.57.e.10"/></relation><relation type="hasPrecipitant"><entity id="Dailymed.625c3b7b-f1cf-4125-9680-4541a3f2d011.s.57.e.9"/></relation><relation type="hasPrecipitant"><entity id="Dailymed.625c3b7b-f1cf-4125-9680-4541a3f2d011.s.57.e.6"/></relation><relation type="hasPrecipitant"><entity id="Dailymed.625c3b7b-f1cf-4125-9680-4541a3f2d011.s.57.e.5"/></relation></relations></interaction></drugInteraction><pair ddi="true" e1="Dailymed.625c3b7b-f1cf-4125-9680-4541a3f2d011.s.57.e.8" e2="Dailymed.625c3b7b-f1cf-4125-9680-4541a3f2d011.s.57.e.2" trigger="Dailymed.625c3b7b-f1cf-4125-9680-4541a3f2d011.s.57.e.0" type="Decrease_Interaction"/><pair ddi="true" e1="Dailymed.625c3b7b-f1cf-4125-9680-4541a3f2d011.s.57.e.7" e2="Dailymed.625c3b7b-f1cf-4125-9680-4541a3f2d011.s.57.e.2" trigger="Dailymed.625c3b7b-f1cf-4125-9680-4541a3f2d011.s.57.e.0" type="Decrease_Interaction"/><pair ddi="true" e1="Dailymed.625c3b7b-f1cf-4125-9680-4541a3f2d011.s.57.e.11" e2="Dailymed.625c3b7b-f1cf-4125-9680-4541a3f2d011.s.57.e.2" trigger="Dailymed.625c3b7b-f1cf-4125-9680-4541a3f2d011.s.57.e.0" type="Decrease_Interaction"/><pair ddi="true" e1="Dailymed.625c3b7b-f1cf-4125-9680-4541a3f2d011.s.57.e.10" e2="Dailymed.625c3b7b-f1cf-4125-9680-4541a3f2d011.s.57.e.2" trigger="Dailymed.625c3b7b-f1cf-4125-9680-4541a3f2d011.s.57.e.0" type="Decrease_Interaction"/><pair ddi="true" e1="Dailymed.625c3b7b-f1cf-4125-9680-4541a3f2d011.s.57.e.9" e2="Dailymed.625c3b7b-f1cf-4125-9680-4541a3f2d011.s.57.e.2" trigger="Dailymed.625c3b7b-f1cf-4125-9680-4541a3f2d011.s.57.e.0" type="Decrease_Interaction"/><pair ddi="true" e1="Dailymed.625c3b7b-f1cf-4125-9680-4541a3f2d011.s.57.e.6" e2="Dailymed.625c3b7b-f1cf-4125-9680-4541a3f2d011.s.57.e.2" trigger="Dailymed.625c3b7b-f1cf-4125-9680-4541a3f2d011.s.57.e.0" type="Decrease_Interaction"/><pair ddi="true" e1="Dailymed.625c3b7b-f1cf-4125-9680-4541a3f2d011.s.57.e.5" e2="Dailymed.625c3b7b-f1cf-4125-9680-4541a3f2d011.s.57.e.2" trigger="Dailymed.625c3b7b-f1cf-4125-9680-4541a3f2d011.s.57.e.0" type="Decrease_Interaction"/><pair ddi="false" e1="Dailymed.625c3b7b-f1cf-4125-9680-4541a3f2d011.s.57.e.7" e2="Dailymed.625c3b7b-f1cf-4125-9680-4541a3f2d011.s.57.e.8"/><pair ddi="false" e1="Dailymed.625c3b7b-f1cf-4125-9680-4541a3f2d011.s.57.e.8" e2="Dailymed.625c3b7b-f1cf-4125-9680-4541a3f2d011.s.57.e.11"/><pair ddi="false" e1="Dailymed.625c3b7b-f1cf-4125-9680-4541a3f2d011.s.57.e.8" e2="Dailymed.625c3b7b-f1cf-4125-9680-4541a3f2d011.s.57.e.10"/><pair ddi="false" e1="Dailymed.625c3b7b-f1cf-4125-9680-4541a3f2d011.s.57.e.8" e2="Dailymed.625c3b7b-f1cf-4125-9680-4541a3f2d011.s.57.e.9"/><pair ddi="false" e1="Dailymed.625c3b7b-f1cf-4125-9680-4541a3f2d011.s.57.e.6" e2="Dailymed.625c3b7b-f1cf-4125-9680-4541a3f2d011.s.57.e.8"/><pair ddi="false" e1="Dailymed.625c3b7b-f1cf-4125-9680-4541a3f2d011.s.57.e.5" e2="Dailymed.625c3b7b-f1cf-4125-9680-4541a3f2d011.s.57.e.8"/><pair ddi="false" e1="Dailymed.625c3b7b-f1cf-4125-9680-4541a3f2d011.s.57.e.7" e2="Dailymed.625c3b7b-f1cf-4125-9680-4541a3f2d011.s.57.e.11"/><pair ddi="false" e1="Dailymed.625c3b7b-f1cf-4125-9680-4541a3f2d011.s.57.e.7" e2="Dailymed.625c3b7b-f1cf-4125-9680-4541a3f2d011.s.57.e.10"/><pair ddi="false" e1="Dailymed.625c3b7b-f1cf-4125-9680-4541a3f2d011.s.57.e.7" e2="Dailymed.625c3b7b-f1cf-4125-9680-4541a3f2d011.s.57.e.9"/><pair ddi="false" e1="Dailymed.625c3b7b-f1cf-4125-9680-4541a3f2d011.s.57.e.6" e2="Dailymed.625c3b7b-f1cf-4125-9680-4541a3f2d011.s.57.e.7"/><pair ddi="false" e1="Dailymed.625c3b7b-f1cf-4125-9680-4541a3f2d011.s.57.e.5" e2="Dailymed.625c3b7b-f1cf-4125-9680-4541a3f2d011.s.57.e.7"/><pair ddi="false" e1="Dailymed.625c3b7b-f1cf-4125-9680-4541a3f2d011.s.57.e.10" e2="Dailymed.625c3b7b-f1cf-4125-9680-4541a3f2d011.s.57.e.11"/><pair ddi="false" e1="Dailymed.625c3b7b-f1cf-4125-9680-4541a3f2d011.s.57.e.9" e2="Dailymed.625c3b7b-f1cf-4125-9680-4541a3f2d011.s.57.e.11"/><pair ddi="false" e1="Dailymed.625c3b7b-f1cf-4125-9680-4541a3f2d011.s.57.e.6" e2="Dailymed.625c3b7b-f1cf-4125-9680-4541a3f2d011.s.57.e.11"/><pair ddi="false" e1="Dailymed.625c3b7b-f1cf-4125-9680-4541a3f2d011.s.57.e.5" e2="Dailymed.625c3b7b-f1cf-4125-9680-4541a3f2d011.s.57.e.11"/><pair ddi="false" e1="Dailymed.625c3b7b-f1cf-4125-9680-4541a3f2d011.s.57.e.9" e2="Dailymed.625c3b7b-f1cf-4125-9680-4541a3f2d011.s.57.e.10"/><pair ddi="false" e1="Dailymed.625c3b7b-f1cf-4125-9680-4541a3f2d011.s.57.e.6" e2="Dailymed.625c3b7b-f1cf-4125-9680-4541a3f2d011.s.57.e.10"/><pair ddi="false" e1="Dailymed.625c3b7b-f1cf-4125-9680-4541a3f2d011.s.57.e.5" e2="Dailymed.625c3b7b-f1cf-4125-9680-4541a3f2d011.s.57.e.10"/><pair ddi="false" e1="Dailymed.625c3b7b-f1cf-4125-9680-4541a3f2d011.s.57.e.6" e2="Dailymed.625c3b7b-f1cf-4125-9680-4541a3f2d011.s.57.e.9"/><pair ddi="false" e1="Dailymed.625c3b7b-f1cf-4125-9680-4541a3f2d011.s.57.e.5" e2="Dailymed.625c3b7b-f1cf-4125-9680-4541a3f2d011.s.57.e.9"/><pair ddi="false" e1="Dailymed.625c3b7b-f1cf-4125-9680-4541a3f2d011.s.57.e.5" e2="Dailymed.625c3b7b-f1cf-4125-9680-4541a3f2d011.s.57.e.6"/></sentence><sentence biomedicalEntities="3" id="Dailymed.625c3b7b-f1cf-4125-9680-4541a3f2d011.s.58" lineNumber="64" text="Rifampin may decrease serum digoxin concentration, especially in patients with renal dysfunction, by increasing the non-renal clearance of digoxin. " type="regular"><entity charOffset="0:8" id="Dailymed.625c3b7b-f1cf-4125-9680-4541a3f2d011.s.58.e.0" text="Rifampin" type="Drug"><Normalization><mmtx cui="C0035608" phraseText="Rifampin" preferredWord="Rifampin" semType="orch, antb"/><RxNorm RxCui="9384"/></Normalization></entity><entity charOffset="28:35" id="Dailymed.625c3b7b-f1cf-4125-9680-4541a3f2d011.s.58.e.1" text="digoxin" type="Drug"><Normalization><mmtx cui="C0012265" phraseText="serum digoxin concentration," preferredWord="Digoxin" semType="strd, phsu, carb"/><mmtx cui="C0012265" phraseText="serum digoxin concentration," preferredWord="Digoxin" semType="strd, phsu, carb"/><RxNorm RxCui="3407"/></Normalization></entity><entity charOffset="13:27|36:49" id="Dailymed.625c3b7b-f1cf-4125-9680-4541a3f2d011.s.58.e.2" text="decrease serum concentration" type="Decrease_Interaction"/><entity charOffset="79:96" id="Dailymed.625c3b7b-f1cf-4125-9680-4541a3f2d011.s.58.e.4" text="renal dysfunction" type="SPAN"/><entity charOffset="101:135" id="Dailymed.625c3b7b-f1cf-4125-9680-4541a3f2d011.s.58.e.5" text="increasing the non-renal clearance" type="Decrease_Interaction"/><entity charOffset="139:146" id="Dailymed.625c3b7b-f1cf-4125-9680-4541a3f2d011.s.58.e.7" text="digoxin" type="Drug"><Normalization><mmtx cui="C0012265" phraseText="the non-renal clearance of digoxin." preferredWord="Digoxin" semType="strd, phsu, carb"/><RxNorm RxCui="3407"/></Normalization></entity><drugInteraction id="Dailymed.625c3b7b-f1cf-4125-9680-4541a3f2d011.s.58.ddi.1"><interaction trigger="Dailymed.625c3b7b-f1cf-4125-9680-4541a3f2d011.s.58.e.2"><relations><relation type="hasPrecipitant"><entity id="Dailymed.625c3b7b-f1cf-4125-9680-4541a3f2d011.s.58.e.0"/></relation><relation type="hasContext"><entity id="Dailymed.625c3b7b-f1cf-4125-9680-4541a3f2d011.s.58.e.4"/></relation><relation type="hasObject"><entity id="Dailymed.625c3b7b-f1cf-4125-9680-4541a3f2d011.s.58.e.1"/></relation></relations></interaction></drugInteraction><drugInteraction id="Dailymed.625c3b7b-f1cf-4125-9680-4541a3f2d011.s.58.ddi.2"><interaction trigger="Dailymed.625c3b7b-f1cf-4125-9680-4541a3f2d011.s.58.e.5"><relations><relation type="hasPrecipitant"><entity id="Dailymed.625c3b7b-f1cf-4125-9680-4541a3f2d011.s.58.e.0"/></relation><relation type="hasContext"><entity id="Dailymed.625c3b7b-f1cf-4125-9680-4541a3f2d011.s.58.e.4"/></relation><relation type="hasObject"><entity id="Dailymed.625c3b7b-f1cf-4125-9680-4541a3f2d011.s.58.e.7"/></relation></relations></interaction></drugInteraction><pair context="Dailymed.625c3b7b-f1cf-4125-9680-4541a3f2d011.s.58.e.4" ddi="true" e1="Dailymed.625c3b7b-f1cf-4125-9680-4541a3f2d011.s.58.e.0" e2="Dailymed.625c3b7b-f1cf-4125-9680-4541a3f2d011.s.58.e.1" trigger="Dailymed.625c3b7b-f1cf-4125-9680-4541a3f2d011.s.58.e.2" type="Decrease_Interaction"/><pair context="Dailymed.625c3b7b-f1cf-4125-9680-4541a3f2d011.s.58.e.4" ddi="true" e1="Dailymed.625c3b7b-f1cf-4125-9680-4541a3f2d011.s.58.e.0" e2="Dailymed.625c3b7b-f1cf-4125-9680-4541a3f2d011.s.58.e.7" trigger="Dailymed.625c3b7b-f1cf-4125-9680-4541a3f2d011.s.58.e.5" type="Decrease_Interaction"/></sentence><sentence id="Dailymed.625c3b7b-f1cf-4125-9680-4541a3f2d011.s.59" text="There have been inconsistent reports regarding the effects of other drugs (e.g., quinine, penicillamine ) on serum digoxin concentration. " type="negative"><entity charOffset="115:122" id="Dailymed.625c3b7b-f1cf-4125-9680-4541a3f2d011.s.59.e.0" text="digoxin" type="Biomedical_Entity"><Normalization><mmtx cui="C0012265" phraseText="on serum digoxin concentration." preferredWord="Digoxin" semType="strd, phsu, carb"/><RxNorm RxCui="3407"/></Normalization></entity><entity charOffset="90:103" id="Dailymed.625c3b7b-f1cf-4125-9680-4541a3f2d011.s.59.e.1" text="penicillamine" type="Biomedical_Entity"><Normalization><mmtx cui="C0030817" phraseText="penicillamine" preferredWord="Penicillamine" semType="phsu, aapp"/><RxNorm RxCui="7975"/></Normalization></entity><entity charOffset="81:88" id="Dailymed.625c3b7b-f1cf-4125-9680-4541a3f2d011.s.59.e.2" text="quinine" type="Biomedical_Entity"><Normalization><mmtx cui="C0034417" phraseText="quinine," preferredWord="Quinine" semType="phsu, orch"/><RxNorm RxCui="9071"/></Normalization></entity><pair ddi="false" e1="Dailymed.625c3b7b-f1cf-4125-9680-4541a3f2d011.s.59.e.1" e2="Dailymed.625c3b7b-f1cf-4125-9680-4541a3f2d011.s.59.e.0"/><pair ddi="false" e1="Dailymed.625c3b7b-f1cf-4125-9680-4541a3f2d011.s.59.e.2" e2="Dailymed.625c3b7b-f1cf-4125-9680-4541a3f2d011.s.59.e.0"/><pair ddi="false" e1="Dailymed.625c3b7b-f1cf-4125-9680-4541a3f2d011.s.59.e.2" e2="Dailymed.625c3b7b-f1cf-4125-9680-4541a3f2d011.s.59.e.1"/></sentence><sentence biomedicalEntities="2" id="Dailymed.625c3b7b-f1cf-4125-9680-4541a3f2d011.s.60" lineNumber="64" text="Thyroid administration to a digitalized, hypothyroid patient may increase the dose requirement of digoxin. " type="regular"><entity charOffset="0:7" id="Dailymed.625c3b7b-f1cf-4125-9680-4541a3f2d011.s.60.e.0" text="Thyroid" type="Drug"><Normalization><RxNorm RxCui="10572"/></Normalization></entity><entity charOffset="41:60" id="Dailymed.625c3b7b-f1cf-4125-9680-4541a3f2d011.s.60.e.1" text="hypothyroid patient" type="SPAN"><Normalization><mmtx cui="C0020676" phraseText="Thyroid administration to a digitalized, hypothyroid patient" preferredWord="Hypothyroidism" semType="dsyn"/></Normalization></entity><entity charOffset="65:94" id="Dailymed.625c3b7b-f1cf-4125-9680-4541a3f2d011.s.60.e.2" text="increase the dose requirement" type="Caution_Interaction"/><entity charOffset="98:105" id="Dailymed.625c3b7b-f1cf-4125-9680-4541a3f2d011.s.60.e.4" text="digoxin" type="Drug"><Normalization><mmtx cui="C0012265" phraseText="the dose requirement of digoxin." preferredWord="Digoxin" semType="strd, phsu, carb"/><RxNorm RxCui="3407"/></Normalization></entity><drugInteraction id="Dailymed.625c3b7b-f1cf-4125-9680-4541a3f2d011.s.60.ddi.1"><interaction trigger="Dailymed.625c3b7b-f1cf-4125-9680-4541a3f2d011.s.60.e.2"><relations><relation type="hasPrecipitant"><entity id="Dailymed.625c3b7b-f1cf-4125-9680-4541a3f2d011.s.60.e.0"/></relation><relation type="hasObject"><entity id="Dailymed.625c3b7b-f1cf-4125-9680-4541a3f2d011.s.60.e.4"/></relation><relation type="hasContext"><entity id="Dailymed.625c3b7b-f1cf-4125-9680-4541a3f2d011.s.60.e.1"/></relation></relations></interaction></drugInteraction><pair context="Dailymed.625c3b7b-f1cf-4125-9680-4541a3f2d011.s.60.e.1" ddi="true" e1="Dailymed.625c3b7b-f1cf-4125-9680-4541a3f2d011.s.60.e.0" e2="Dailymed.625c3b7b-f1cf-4125-9680-4541a3f2d011.s.60.e.4" trigger="Dailymed.625c3b7b-f1cf-4125-9680-4541a3f2d011.s.60.e.2" type="Caution_Interaction"/></sentence><sentence biomedicalEntities="2" id="Dailymed.625c3b7b-f1cf-4125-9680-4541a3f2d011.s.61" lineNumber="64" text="Concomitant use of digoxin and sympathomimetics increases the risk of cardiac arrhythmias. " type="regular"><entity charOffset="19:26" id="Dailymed.625c3b7b-f1cf-4125-9680-4541a3f2d011.s.61.e.0" text="digoxin" type="Drug"><Normalization><mmtx cui="C0012265" phraseText="Concomitant use of digoxin" preferredWord="Digoxin" semType="strd, phsu, carb"/><RxNorm RxCui="3407"/></Normalization></entity><entity charOffset="31:47" id="Dailymed.625c3b7b-f1cf-4125-9680-4541a3f2d011.s.61.e.1" text="sympathomimetics" type="Drug_Class"><Normalization><mmtx cui="C0039052" phraseText="sympathomimetics" preferredWord="Sympathomimetics" semType="phsu"/><RxNorm RxCui="10282"/></Normalization></entity><entity charOffset="70:89" id="Dailymed.625c3b7b-f1cf-4125-9680-4541a3f2d011.s.61.e.2" text="cardiac arrhythmias" type="Specific_Interaction"/><drugInteraction id="Dailymed.625c3b7b-f1cf-4125-9680-4541a3f2d011.s.61.ddi.1"><interaction trigger="Dailymed.625c3b7b-f1cf-4125-9680-4541a3f2d011.s.61.e.2"><relations><relation type="hasPrecipitant"><entity id="Dailymed.625c3b7b-f1cf-4125-9680-4541a3f2d011.s.61.e.1"/></relation><relation type="hasObject"><entity id="Dailymed.625c3b7b-f1cf-4125-9680-4541a3f2d011.s.61.e.0"/></relation></relations></interaction></drugInteraction><pair ddi="true" e1="Dailymed.625c3b7b-f1cf-4125-9680-4541a3f2d011.s.61.e.0" e2="Dailymed.625c3b7b-f1cf-4125-9680-4541a3f2d011.s.61.e.1" trigger="Dailymed.625c3b7b-f1cf-4125-9680-4541a3f2d011.s.61.e.2" type="Specific_Interaction"/></sentence><sentence biomedicalEntities="2" id="Dailymed.625c3b7b-f1cf-4125-9680-4541a3f2d011.s.62" lineNumber="64" text="Succinylcholine may cause a sudden extrusion of potassium from muscle cells, and may thereby cause arrhythmias in digitalized patients. " type="regular"><entity charOffset="99:110" id="Dailymed.625c3b7b-f1cf-4125-9680-4541a3f2d011.s.62.e.0" text="arrhythmias" type="Specific_Interaction"/><entity charOffset="0:15" id="Dailymed.625c3b7b-f1cf-4125-9680-4541a3f2d011.s.62.e.2" text="Succinylcholine" type="Drug"><Normalization><mmtx cui="C0038627" phraseText="Succinylcholine" preferredWord="Succinylcholine" semType="phsu, orch"/><RxNorm RxCui="3565"/></Normalization></entity><entity charOffset="114:125" id="Dailymed.625c3b7b-f1cf-4125-9680-4541a3f2d011.s.62.e.3" text="digitalized" type="Drug"><Normalization><RxNorm RxCui="91235"/></Normalization></entity><drugInteraction id="Dailymed.625c3b7b-f1cf-4125-9680-4541a3f2d011.s.62.ddi.1"><interaction trigger="Dailymed.625c3b7b-f1cf-4125-9680-4541a3f2d011.s.62.e.0"><relations><relation type="hasObject"><entity id="Dailymed.625c3b7b-f1cf-4125-9680-4541a3f2d011.s.62.e.3"/></relation><relation type="hasPrecipitant"><entity id="Dailymed.625c3b7b-f1cf-4125-9680-4541a3f2d011.s.62.e.2"/></relation></relations></interaction></drugInteraction><pair ddi="true" e1="Dailymed.625c3b7b-f1cf-4125-9680-4541a3f2d011.s.62.e.2" e2="Dailymed.625c3b7b-f1cf-4125-9680-4541a3f2d011.s.62.e.3" trigger="Dailymed.625c3b7b-f1cf-4125-9680-4541a3f2d011.s.62.e.0" type="Specific_Interaction"/></sentence><sentence biomedicalEntities="2" id="Dailymed.625c3b7b-f1cf-4125-9680-4541a3f2d011.s.63" lineNumber="64" text="Although calcium channel blockers and digoxin may be useful in combination to control atrial fibrillation, their additive effects on AV node conduction can result in advanced or complete heart block. " type="regular"><entity charOffset="9:33" id="Dailymed.625c3b7b-f1cf-4125-9680-4541a3f2d011.s.63.e.0" text="calcium channel blockers" type="Drug_Class"><Normalization><mmtx cui="C0006684" phraseText="calcium channel blockers" preferredWord="Calcium Channel Blockers" semType="phsu"/><RxNorm RxCui="1895"/></Normalization></entity><entity charOffset="38:45" id="Dailymed.625c3b7b-f1cf-4125-9680-4541a3f2d011.s.63.e.1" text="digoxin" type="Drug"><Normalization><mmtx cui="C0012265" phraseText="digoxin" preferredWord="Digoxin" semType="strd, phsu, carb"/><RxNorm RxCui="3407"/></Normalization></entity><entity charOffset="113:151" id="Dailymed.625c3b7b-f1cf-4125-9680-4541a3f2d011.s.63.e.2" text="additive effects on AV node conduction" type="Specific_Interaction"/><entity charOffset="178:198" id="Dailymed.625c3b7b-f1cf-4125-9680-4541a3f2d011.s.63.e.4" text="complete heart block" type="Specific_Interaction"><Normalization><mmtx cui="C0151517" phraseText="complete heart block." preferredWord="Complete atrioventricular block" semType="dsyn"/></Normalization></entity><entity charOffset="166:174|187:198" id="Dailymed.625c3b7b-f1cf-4125-9680-4541a3f2d011.s.63.e.6" text="advanced heart block" type="Specific_Interaction"><Normalization><mmtx cui="C0151517" phraseText="complete heart block." preferredWord="Complete atrioventricular block" semType="dsyn"/></Normalization></entity><drugInteraction id="Dailymed.625c3b7b-f1cf-4125-9680-4541a3f2d011.s.63.ddi.1"><interaction trigger="Dailymed.625c3b7b-f1cf-4125-9680-4541a3f2d011.s.63.e.2"><relations><relation type="hasPrecipitant"><entity id="Dailymed.625c3b7b-f1cf-4125-9680-4541a3f2d011.s.63.e.0"/></relation><relation type="hasObject"><entity id="Dailymed.625c3b7b-f1cf-4125-9680-4541a3f2d011.s.63.e.1"/></relation></relations></interaction></drugInteraction><drugInteraction id="Dailymed.625c3b7b-f1cf-4125-9680-4541a3f2d011.s.63.ddi.2"><interaction trigger="Dailymed.625c3b7b-f1cf-4125-9680-4541a3f2d011.s.63.e.4"><relations><relation type="hasPrecipitant"><entity id="Dailymed.625c3b7b-f1cf-4125-9680-4541a3f2d011.s.63.e.0"/></relation><relation type="hasObject"><entity id="Dailymed.625c3b7b-f1cf-4125-9680-4541a3f2d011.s.63.e.1"/></relation></relations></interaction></drugInteraction><drugInteraction id="Dailymed.625c3b7b-f1cf-4125-9680-4541a3f2d011.s.63.ddi.3"><interaction trigger="Dailymed.625c3b7b-f1cf-4125-9680-4541a3f2d011.s.63.e.6"><relations><relation type="hasPrecipitant"><entity id="Dailymed.625c3b7b-f1cf-4125-9680-4541a3f2d011.s.63.e.0"/></relation><relation type="hasObject"><entity id="Dailymed.625c3b7b-f1cf-4125-9680-4541a3f2d011.s.63.e.1"/></relation></relations></interaction></drugInteraction><pair ddi="true" e1="Dailymed.625c3b7b-f1cf-4125-9680-4541a3f2d011.s.63.e.0" e2="Dailymed.625c3b7b-f1cf-4125-9680-4541a3f2d011.s.63.e.1" trigger="Dailymed.625c3b7b-f1cf-4125-9680-4541a3f2d011.s.63.e.2" type="Specific_Interaction"/></sentence><sentence id="Dailymed.625c3b7b-f1cf-4125-9680-4541a3f2d011.s.64" text="Both digitalis glycosides and beta-blockers slow atrioventricular conduction and decrease heart rate. " type="negative"><entity charOffset="30:43" id="Dailymed.625c3b7b-f1cf-4125-9680-4541a3f2d011.s.64.e.0" text="beta-blockers" type="Biomedical_Entity"><Normalization><mmtx cui="C0001645" phraseText="beta-blockers slow atrioventricular conduction" preferredWord="Adrenergic beta-Antagonists" semType="phsu"/><RxNorm RxCui="371"/></Normalization></entity><entity charOffset="5:25" id="Dailymed.625c3b7b-f1cf-4125-9680-4541a3f2d011.s.64.e.1" text="digitalis glycosides" type="Biomedical_Entity"><Normalization><mmtx cui="C0012253" phraseText="Both digitalis glycosides" preferredWord="Digitalis Glycosides" semType="phsu, carb"/><RxNorm RxCui="91235"/></Normalization></entity><pair ddi="false" e1="Dailymed.625c3b7b-f1cf-4125-9680-4541a3f2d011.s.64.e.1" e2="Dailymed.625c3b7b-f1cf-4125-9680-4541a3f2d011.s.64.e.0"/></sentence><sentence biomedicalEntities="0" id="Dailymed.625c3b7b-f1cf-4125-9680-4541a3f2d011.s.65" lineNumber="64" text="Concomitant use can increase the risk of bradycardia. " type="irregular"><entity charOffset="41:52" id="Dailymed.625c3b7b-f1cf-4125-9680-4541a3f2d011.s.65.e.0" text="bradycardia" type="Specific_Interaction"/><drugInteraction id="Dailymed.625c3b7b-f1cf-4125-9680-4541a3f2d011.s.65.ddi.1"><interaction trigger="Dailymed.625c3b7b-f1cf-4125-9680-4541a3f2d011.s.65.e.0"><relations><relation type="hasPrecipitant"><ellipsisSentence id="Dailymed.625c3b7b-f1cf-4125-9680-4541a3f2d011.s.64" text="Both digitalis glycosides and beta-blockers slow atrioventricular conduction and decrease heart rate. "><entity charOffset="30:43" id="Dailymed.625c3b7b-f1cf-4125-9680-4541a3f2d011.s.64.e.1" text="beta-blockers" type="Drug_Class"><Normalization><mmtx cui="C0001645" phraseText="beta-blockers slow atrioventricular conduction" preferredWord="Adrenergic beta-Antagonists" semType="phsu"/></Normalization></entity></ellipsisSentence></relation><relation type="hasObject"><ellipsisSentence id="Dailymed.625c3b7b-f1cf-4125-9680-4541a3f2d011.s.64" text="Both digitalis glycosides and beta-blockers slow atrioventricular conduction and decrease heart rate. "><entity charOffset="5:25" id="Dailymed.625c3b7b-f1cf-4125-9680-4541a3f2d011.s.64.e.0" text="digitalis glycosides" type="Drug_Class"><Normalization><mmtx cui="C0012253" phraseText="Both digitalis glycosides" preferredWord="Digitalis Glycosides" semType="phsu, carb"/></Normalization></entity></ellipsisSentence></relation></relations></interaction></drugInteraction></sentence><sentence biomedicalEntities="2" id="Dailymed.625c3b7b-f1cf-4125-9680-4541a3f2d011.s.66" lineNumber="64" text="Digoxin concentrations are increased by about 15% when digoxin and carvedilol are administered concomitantly. " type="regular"><entity charOffset="0:7" id="Dailymed.625c3b7b-f1cf-4125-9680-4541a3f2d011.s.66.e.0" text="Digoxin" type="Drug"><Normalization><mmtx cui="C0012265" phraseText="Digoxin concentrations" preferredWord="Digoxin" semType="strd, phsu, carb"/><RxNorm RxCui="3407"/></Normalization></entity><entity charOffset="8:36" id="Dailymed.625c3b7b-f1cf-4125-9680-4541a3f2d011.s.66.e.1" text="concentrations are increased" type="Increase_Interaction"/><entity charOffset="67:77" id="Dailymed.625c3b7b-f1cf-4125-9680-4541a3f2d011.s.66.e.3" text="carvedilol" type="Drug"><Normalization><mmtx cui="C0054836" phraseText="carvedilol" preferredWord="carvedilol" semType="phsu, orch"/><RxNorm RxCui="20352"/></Normalization></entity><drugInteraction id="Dailymed.625c3b7b-f1cf-4125-9680-4541a3f2d011.s.66.ddi.1"><interaction trigger="Dailymed.625c3b7b-f1cf-4125-9680-4541a3f2d011.s.66.e.1"><relations><relation type="hasObject"><entity id="Dailymed.625c3b7b-f1cf-4125-9680-4541a3f2d011.s.66.e.0"/></relation><relation type="hasPrecipitant"><entity id="Dailymed.625c3b7b-f1cf-4125-9680-4541a3f2d011.s.66.e.3"/></relation></relations></interaction></drugInteraction><pair ddi="true" e1="Dailymed.625c3b7b-f1cf-4125-9680-4541a3f2d011.s.66.e.0" e2="Dailymed.625c3b7b-f1cf-4125-9680-4541a3f2d011.s.66.e.3" trigger="Dailymed.625c3b7b-f1cf-4125-9680-4541a3f2d011.s.66.e.1" type="Increase_Interaction"/></sentence><sentence biomedicalEntities="2" id="Dailymed.625c3b7b-f1cf-4125-9680-4541a3f2d011.s.67" lineNumber="64" text="Therefore, increased monitoring of digoxin is recommended when initiating, adjusting, or discontinuing carvedilol." type="regular"><entity charOffset="21:31" id="Dailymed.625c3b7b-f1cf-4125-9680-4541a3f2d011.s.67.e.0" text="monitoring" type="Caution_Interaction"/><entity charOffset="35:42" id="Dailymed.625c3b7b-f1cf-4125-9680-4541a3f2d011.s.67.e.2" text="digoxin" type="Drug"><Normalization><mmtx cui="C0012265" phraseText="increased monitoring of digoxin" preferredWord="Digoxin" semType="strd, phsu, carb"/><RxNorm RxCui="3407"/></Normalization></entity><entity charOffset="103:113" id="Dailymed.625c3b7b-f1cf-4125-9680-4541a3f2d011.s.67.e.3" text="carvedilol" type="Drug"><Normalization><mmtx cui="C0054836" phraseText="discontinuing carvedilol." preferredWord="carvedilol" semType="phsu, orch"/><RxNorm RxCui="20352"/></Normalization></entity><drugInteraction id="Dailymed.625c3b7b-f1cf-4125-9680-4541a3f2d011.s.67.ddi.1"><interaction trigger="Dailymed.625c3b7b-f1cf-4125-9680-4541a3f2d011.s.67.e.0"><relations><relation type="hasObject"><entity id="Dailymed.625c3b7b-f1cf-4125-9680-4541a3f2d011.s.67.e.2"/></relation><relation type="hasPrecipitant"><entity id="Dailymed.625c3b7b-f1cf-4125-9680-4541a3f2d011.s.67.e.3"/></relation></relations></interaction></drugInteraction><pair ddi="true" e1="Dailymed.625c3b7b-f1cf-4125-9680-4541a3f2d011.s.67.e.2" e2="Dailymed.625c3b7b-f1cf-4125-9680-4541a3f2d011.s.67.e.3" trigger="Dailymed.625c3b7b-f1cf-4125-9680-4541a3f2d011.s.67.e.0" type="Caution_Interaction"/></sentence><sentence biomedicalEntities="2" id="Dailymed.625c3b7b-f1cf-4125-9680-4541a3f2d011.s.69" lineNumber="65" text="Furthermore, caution should be exercised when combining digoxin with any drug that may cause a significant deterioration in renal function, since a decline in glomerular filtration or tubular secretion may impair the excretion of digoxin." type="regular"><entity charOffset="13:20" id="Dailymed.625c3b7b-f1cf-4125-9680-4541a3f2d011.s.69.e.0" text="caution" type="Caution_Interaction"/><entity charOffset="56:63" id="Dailymed.625c3b7b-f1cf-4125-9680-4541a3f2d011.s.69.e.2" text="digoxin" type="Drug"><Normalization><mmtx cui="C0012265" phraseText="combining digoxin with any drug" preferredWord="Digoxin" semType="strd, phsu, carb"/><mmtx cui="C0012265" phraseText="combining digoxin with any drug" preferredWord="Digoxin" semType="strd, phsu, carb"/><RxNorm RxCui="3407"/></Normalization></entity><entity charOffset="73:138" id="Dailymed.625c3b7b-f1cf-4125-9680-4541a3f2d011.s.69.e.3" text="drug that may cause a significant deterioration in renal function" type="Drug_Class"><Normalization><mmtx cui="C0013227" phraseText="combining digoxin with any drug" preferredWord="Pharmaceutical Preparations" semType="phsu"/><mmtx cui="C1254351" phraseText="combining digoxin with any drug" preferredWord="Pharmacologic Substance" semType="phsu"/><RxNorm RxCui="NA"/></Normalization></entity><drugInteraction id="Dailymed.625c3b7b-f1cf-4125-9680-4541a3f2d011.s.69.ddi.1"><interaction trigger="Dailymed.625c3b7b-f1cf-4125-9680-4541a3f2d011.s.69.e.0"><relations><relation type="hasPrecipitant"><entity id="Dailymed.625c3b7b-f1cf-4125-9680-4541a3f2d011.s.69.e.3"/></relation><relation type="hasObject"><entity id="Dailymed.625c3b7b-f1cf-4125-9680-4541a3f2d011.s.69.e.2"/></relation></relations></interaction></drugInteraction><pair ddi="true" e1="Dailymed.625c3b7b-f1cf-4125-9680-4541a3f2d011.s.69.e.2" e2="Dailymed.625c3b7b-f1cf-4125-9680-4541a3f2d011.s.69.e.3" trigger="Dailymed.625c3b7b-f1cf-4125-9680-4541a3f2d011.s.69.e.0" type="Caution_Interaction"/></sentence><positiveExamples number="51"/><negativeExamples number="139"/></document>