<?xml version="1.0" encoding="UTF-8" standalone="no"?><document setID="6594df99-d8ce-49b9-3fbe-9ec7cdc9199b"><labelDrug name="K-Tab"><Normalization/></labelDrug><generic name="Potassium Chloride"/><sentence id="Dailymed.6594df99-d8ce-49b9-3fbe-9ec7cdc9199b.s.1" text="Drug Label for drug brand K-Tab, containing Potassium Chloride." type="negative"><entity charOffset="26:31" id="Dailymed.6594df99-d8ce-49b9-3fbe-9ec7cdc9199b.s.1.e.0" text="k-tab" type="Biomedical_Entity"><Normalization><mmtx cui="C0306522" phraseText="Drug Label for drug brand K-Tab," preferredWord="K-Tab" semType="inch, phsu"/><RxNorm RxCui="93028"/></Normalization></entity><entity charOffset="44:62" id="Dailymed.6594df99-d8ce-49b9-3fbe-9ec7cdc9199b.s.1.e.1" text="potassium chloride" type="Biomedical_Entity"><Normalization><mmtx cui="C0032825" phraseText="Potassium Chloride." preferredWord="Potassium Chloride" semType="inch, phsu"/><RxNorm RxCui="8588"/></Normalization></entity><entity charOffset="0:19" id="Dailymed.6594df99-d8ce-49b9-3fbe-9ec7cdc9199b.s.1.e.2" text="drug drug" type="Biomedical_Entity"><Normalization><mmtx cui="C0013231" phraseText="Drug Label for drug brand K-Tab," preferredWord="Drugs, Non-Prescription" semType="phsu"/><RxNorm RxCui="NA"/></Normalization></entity><pair ddi="false" e1="Dailymed.6594df99-d8ce-49b9-3fbe-9ec7cdc9199b.s.1.e.0" e2="Dailymed.6594df99-d8ce-49b9-3fbe-9ec7cdc9199b.s.1.e.1"/><pair ddi="false" e1="Dailymed.6594df99-d8ce-49b9-3fbe-9ec7cdc9199b.s.1.e.2" e2="Dailymed.6594df99-d8ce-49b9-3fbe-9ec7cdc9199b.s.1.e.0"/><pair ddi="false" e1="Dailymed.6594df99-d8ce-49b9-3fbe-9ec7cdc9199b.s.1.e.2" e2="Dailymed.6594df99-d8ce-49b9-3fbe-9ec7cdc9199b.s.1.e.1"/></sentence><sentence id="Dailymed.6594df99-d8ce-49b9-3fbe-9ec7cdc9199b.s.3" text="Potassium supplements are contraindicated in patients with hyperkalemia since a further increase in serum potassium concentration in such patients can produce cardiac arrest. " type="negative"><entity charOffset="106:115" id="Dailymed.6594df99-d8ce-49b9-3fbe-9ec7cdc9199b.s.3.e.0" text="potassium" type="Biomedical_Entity"><Normalization><mmtx cui="C0597277" phraseText="a further increase in serum potassium concentration" preferredWord="Potassium Ion" semType="phsu, elii"/><RxNorm RxCui="8588"/></Normalization></entity><entity charOffset="0:21" id="Dailymed.6594df99-d8ce-49b9-3fbe-9ec7cdc9199b.s.3.e.1" text="potassium supplements" type="Biomedical_Entity"><Normalization><mmtx cui="C0304475" phraseText="Potassium supplements" preferredWord="Potassium supplement" semType="inch, phsu"/><RxNorm RxCui="8588"/></Normalization></entity><pair ddi="false" e1="Dailymed.6594df99-d8ce-49b9-3fbe-9ec7cdc9199b.s.3.e.1" e2="Dailymed.6594df99-d8ce-49b9-3fbe-9ec7cdc9199b.s.3.e.0"/></sentence><sentence id="Dailymed.6594df99-d8ce-49b9-3fbe-9ec7cdc9199b.s.4" text="Hyperkalemia may complicate any of the following conditions: chronic renal failure, systemic acidosis such as diabetic acidosis, acute dehydration, extensive tissue breakdown as in severe burns, adrenal insufficiency, or the administration of a potassium-sparing diuretic, e.g., spironolactone, triamterene, or amiloride (see OVERDOSAGE )." type="negative"><entity charOffset="295:306" id="Dailymed.6594df99-d8ce-49b9-3fbe-9ec7cdc9199b.s.4.e.0" text="triamterene" type="Biomedical_Entity"><Normalization><mmtx cui="C0040869" phraseText="triamterene," preferredWord="Triamterene" semType="phsu, orch"/><RxNorm RxCui="10763"/></Normalization></entity><entity charOffset="245:271" id="Dailymed.6594df99-d8ce-49b9-3fbe-9ec7cdc9199b.s.4.e.1" text="potassium-sparing diuretic" type="Biomedical_Entity"><Normalization><mmtx cui="C0304490" phraseText="the administration of a potassium-sparing diuretic," preferredWord="Potassium Sparing Diuretics" semType="phsu"/><RxNorm RxCui="1437061"/></Normalization></entity><entity charOffset="279:293" id="Dailymed.6594df99-d8ce-49b9-3fbe-9ec7cdc9199b.s.4.e.2" text="spironolactone" type="Biomedical_Entity"><Normalization><mmtx cui="C0037982" phraseText="spironolactone," preferredWord="Spironolactone" semType="strd, phsu"/><RxNorm RxCui="9997"/></Normalization></entity><entity charOffset="311:320" id="Dailymed.6594df99-d8ce-49b9-3fbe-9ec7cdc9199b.s.4.e.3" text="amiloride" type="Biomedical_Entity"><Normalization><mmtx cui="C0002502" phraseText="amiloride" preferredWord="Amiloride" semType="phsu, orch"/><RxNorm RxCui="142424"/></Normalization></entity><pair ddi="false" e1="Dailymed.6594df99-d8ce-49b9-3fbe-9ec7cdc9199b.s.4.e.1" e2="Dailymed.6594df99-d8ce-49b9-3fbe-9ec7cdc9199b.s.4.e.0"/><pair ddi="false" e1="Dailymed.6594df99-d8ce-49b9-3fbe-9ec7cdc9199b.s.4.e.2" e2="Dailymed.6594df99-d8ce-49b9-3fbe-9ec7cdc9199b.s.4.e.0"/><pair ddi="false" e1="Dailymed.6594df99-d8ce-49b9-3fbe-9ec7cdc9199b.s.4.e.0" e2="Dailymed.6594df99-d8ce-49b9-3fbe-9ec7cdc9199b.s.4.e.3"/><pair ddi="false" e1="Dailymed.6594df99-d8ce-49b9-3fbe-9ec7cdc9199b.s.4.e.1" e2="Dailymed.6594df99-d8ce-49b9-3fbe-9ec7cdc9199b.s.4.e.2"/><pair ddi="false" e1="Dailymed.6594df99-d8ce-49b9-3fbe-9ec7cdc9199b.s.4.e.1" e2="Dailymed.6594df99-d8ce-49b9-3fbe-9ec7cdc9199b.s.4.e.3"/><pair ddi="false" e1="Dailymed.6594df99-d8ce-49b9-3fbe-9ec7cdc9199b.s.4.e.2" e2="Dailymed.6594df99-d8ce-49b9-3fbe-9ec7cdc9199b.s.4.e.3"/></sentence><sentence biomedicalEntities="3" id="Dailymed.6594df99-d8ce-49b9-3fbe-9ec7cdc9199b.s.8" lineNumber="10" text="All solid oral dosage forms of potassium chloride are contraindicated in any patient in whom there is structural, pathological, e.g., diabetic gastroparesis, or pharmacologic (use of anticholinergic agents or other agents with anticholinergic properties at sufficient doses to exert anticholinergic effects) cause for arrest or delay in tablet passage through the gastrointestinal tract." type="regular"><entity charOffset="54:69" id="Dailymed.6594df99-d8ce-49b9-3fbe-9ec7cdc9199b.s.8.e.1" text="contraindicated" type="Caution_Interaction"/><entity charOffset="183:205" id="Dailymed.6594df99-d8ce-49b9-3fbe-9ec7cdc9199b.s.8.e.2" text="anticholinergic agents" type="Drug_Class"><Normalization><mmtx cui="C0242896" phraseText="(use of anticholinergic agents" preferredWord="Anticholinergic Agents" semType="phsu"/><RxNorm RxCui="1449194"/></Normalization></entity><entity charOffset="215:253" id="Dailymed.6594df99-d8ce-49b9-3fbe-9ec7cdc9199b.s.8.e.3" text="agents with anticholinergic properties" type="Drug_Class"><Normalization><mmtx cui="C0242896" phraseText="other agents with anticholinergic properties" preferredWord="Anticholinergic Agents" semType="phsu"/><RxNorm RxCui="126263"/></Normalization></entity><entity charOffset="54:69" id="Dailymed.6594df99-d8ce-49b9-3fbe-9ec7cdc9199b.s.8.e.4" text="contraindicated" type="SPAN"/><entity charOffset="4:49" id="Dailymed.6594df99-d8ce-49b9-3fbe-9ec7cdc9199b.s.8.e.5" text="solid oral dosage forms of potassium chloride" type="Drug"><Normalization><mmtx cui="C0032825" phraseText="forms of potassium chloride" preferredWord="Potassium Chloride" semType="inch, phsu"/><RxNorm RxCui="447005"/></Normalization></entity><drugInteraction id="Dailymed.6594df99-d8ce-49b9-3fbe-9ec7cdc9199b.s.8.ddi.1"><interaction trigger="Dailymed.6594df99-d8ce-49b9-3fbe-9ec7cdc9199b.s.8.e.1"><relations><relation type="hasPrecipitant"><entity id="Dailymed.6594df99-d8ce-49b9-3fbe-9ec7cdc9199b.s.8.e.2"/></relation><relation type="hasPrecipitant"><entity id="Dailymed.6594df99-d8ce-49b9-3fbe-9ec7cdc9199b.s.8.e.3"/></relation><relation type="hasSeverity"><entity id="Dailymed.6594df99-d8ce-49b9-3fbe-9ec7cdc9199b.s.8.e.4"/></relation><relation type="hasObject"><entity id="Dailymed.6594df99-d8ce-49b9-3fbe-9ec7cdc9199b.s.8.e.5"/></relation></relations></interaction></drugInteraction><pair ddi="true" e1="Dailymed.6594df99-d8ce-49b9-3fbe-9ec7cdc9199b.s.8.e.5" e2="Dailymed.6594df99-d8ce-49b9-3fbe-9ec7cdc9199b.s.8.e.2" severity="Dailymed.6594df99-d8ce-49b9-3fbe-9ec7cdc9199b.s.8.e.4" trigger="Dailymed.6594df99-d8ce-49b9-3fbe-9ec7cdc9199b.s.8.e.1" type="Caution_Interaction"/><pair ddi="true" e1="Dailymed.6594df99-d8ce-49b9-3fbe-9ec7cdc9199b.s.8.e.5" e2="Dailymed.6594df99-d8ce-49b9-3fbe-9ec7cdc9199b.s.8.e.3" severity="Dailymed.6594df99-d8ce-49b9-3fbe-9ec7cdc9199b.s.8.e.4" trigger="Dailymed.6594df99-d8ce-49b9-3fbe-9ec7cdc9199b.s.8.e.1" type="Caution_Interaction"/><pair ddi="false" e1="Dailymed.6594df99-d8ce-49b9-3fbe-9ec7cdc9199b.s.8.e.2" e2="Dailymed.6594df99-d8ce-49b9-3fbe-9ec7cdc9199b.s.8.e.3"/></sentence><sentence id="Dailymed.6594df99-d8ce-49b9-3fbe-9ec7cdc9199b.s.11" text="In patients with impaired mechanisms for excreting potassium, the administration of potassium salts can produce hyperkalemia and cardiac arrest. " type="negative"><entity charOffset="84:99" id="Dailymed.6594df99-d8ce-49b9-3fbe-9ec7cdc9199b.s.11.e.0" text="potassium salts" type="Biomedical_Entity"><Normalization><mmtx cui="C0351297" phraseText="the administration of potassium salts" preferredWord="Potassium salt" semType="inch, phsu"/><RxNorm RxCui="8588"/></Normalization></entity><entity charOffset="51:60" id="Dailymed.6594df99-d8ce-49b9-3fbe-9ec7cdc9199b.s.11.e.1" text="potassium" type="Biomedical_Entity"><Normalization><mmtx cui="C0597277" phraseText="for excreting potassium," preferredWord="Potassium Ion" semType="phsu, elii"/><RxNorm RxCui="8588"/></Normalization></entity><pair ddi="false" e1="Dailymed.6594df99-d8ce-49b9-3fbe-9ec7cdc9199b.s.11.e.1" e2="Dailymed.6594df99-d8ce-49b9-3fbe-9ec7cdc9199b.s.11.e.0"/></sentence><sentence id="Dailymed.6594df99-d8ce-49b9-3fbe-9ec7cdc9199b.s.14" text="The use of potassium salts in patients with chronic renal disease, or any other condition which impairs potassium excretion, requires particularly careful monitoring of the serum potassium concentration and appropriate dosage adjustment." type="negative"><entity charOffset="179:188" id="Dailymed.6594df99-d8ce-49b9-3fbe-9ec7cdc9199b.s.14.e.0" text="potassium" type="Biomedical_Entity"><Normalization><mmtx cui="C0597277" phraseText="particularly careful monitoring of the serum potassium concentration" preferredWord="Potassium Ion" semType="phsu, elii"/><RxNorm RxCui="8588"/></Normalization></entity><entity charOffset="11:26" id="Dailymed.6594df99-d8ce-49b9-3fbe-9ec7cdc9199b.s.14.e.1" text="potassium salts" type="Biomedical_Entity"><Normalization><mmtx cui="C0351297" phraseText="The use of potassium salts" preferredWord="Potassium salt" semType="inch, phsu"/><RxNorm RxCui="8588"/></Normalization></entity><entity charOffset="104:113" id="Dailymed.6594df99-d8ce-49b9-3fbe-9ec7cdc9199b.s.14.e.2" text="potassium" type="Biomedical_Entity"><Normalization><mmtx cui="C0597277" phraseText="potassium excretion," preferredWord="Potassium Ion" semType="phsu, elii"/><RxNorm RxCui="8588"/></Normalization></entity><pair ddi="false" e1="Dailymed.6594df99-d8ce-49b9-3fbe-9ec7cdc9199b.s.14.e.1" e2="Dailymed.6594df99-d8ce-49b9-3fbe-9ec7cdc9199b.s.14.e.0"/><pair ddi="false" e1="Dailymed.6594df99-d8ce-49b9-3fbe-9ec7cdc9199b.s.14.e.1" e2="Dailymed.6594df99-d8ce-49b9-3fbe-9ec7cdc9199b.s.14.e.2"/></sentence><sentence biomedicalEntities="5" id="Dailymed.6594df99-d8ce-49b9-3fbe-9ec7cdc9199b.s.16" lineNumber="20" text="Hypokalemia should not be treated by the concomitant administration of potassium salts and a potassium-sparing diuretic, e.g., spironolactone, triamterene, or amiloride, since the simultaneous administration of these agents can produce severe hyperkalemia." type="regular"><entity charOffset="93:119" id="Dailymed.6594df99-d8ce-49b9-3fbe-9ec7cdc9199b.s.16.e.1" text="potassium-sparing diuretic" type="Drug_Class"><Normalization><mmtx cui="C0304490" phraseText="a potassium-sparing diuretic," preferredWord="Potassium Sparing Diuretics" semType="phsu"/><mmtx cui="C3536751" phraseText="a potassium-sparing diuretic," preferredWord="Potassium-sparing Diuretic [EPC]" semType="phsu"/><RxNorm RxCui="1437061"/></Normalization></entity><entity charOffset="127:141" id="Dailymed.6594df99-d8ce-49b9-3fbe-9ec7cdc9199b.s.16.e.2" text="spironolactone" type="Drug"><Normalization><mmtx cui="C0037982" phraseText="spironolactone," preferredWord="Spironolactone" semType="strd, phsu"/><RxNorm RxCui="9997"/></Normalization></entity><entity charOffset="143:154" id="Dailymed.6594df99-d8ce-49b9-3fbe-9ec7cdc9199b.s.16.e.4" text="triamterene" type="Drug"><Normalization><mmtx cui="C0040869" phraseText="triamterene," preferredWord="Triamterene" semType="phsu, orch"/><RxNorm RxCui="10763"/></Normalization></entity><entity charOffset="159:168" id="Dailymed.6594df99-d8ce-49b9-3fbe-9ec7cdc9199b.s.16.e.6" text="amiloride" type="Drug"><Normalization><mmtx cui="C0002502" phraseText="amiloride," preferredWord="Amiloride" semType="phsu, orch"/><RxNorm RxCui="142424"/></Normalization></entity><entity charOffset="243:255" id="Dailymed.6594df99-d8ce-49b9-3fbe-9ec7cdc9199b.s.16.e.8" text="hyperkalemia" type="Specific_Interaction"/><entity charOffset="71:86" id="Dailymed.6594df99-d8ce-49b9-3fbe-9ec7cdc9199b.s.16.e.9" text="potassium salts" type="Drug_Class"><Normalization><mmtx cui="C0351297" phraseText="treated by the concomitant administration of potassium salts" preferredWord="Potassium salt" semType="inch, phsu"/><RxNorm RxCui="8588"/></Normalization></entity><drugClassMembership drug="Dailymed.6594df99-d8ce-49b9-3fbe-9ec7cdc9199b.s.16.e.2" drugClass="Dailymed.6594df99-d8ce-49b9-3fbe-9ec7cdc9199b.s.16.e.1"/><drugClassMembership drug="Dailymed.6594df99-d8ce-49b9-3fbe-9ec7cdc9199b.s.16.e.4" drugClass="Dailymed.6594df99-d8ce-49b9-3fbe-9ec7cdc9199b.s.16.e.1"/><drugClassMembership drug="Dailymed.6594df99-d8ce-49b9-3fbe-9ec7cdc9199b.s.16.e.6" drugClass="Dailymed.6594df99-d8ce-49b9-3fbe-9ec7cdc9199b.s.16.e.1"/><drugInteraction id="Dailymed.6594df99-d8ce-49b9-3fbe-9ec7cdc9199b.s.16.ddi.1"><interaction trigger="Dailymed.6594df99-d8ce-49b9-3fbe-9ec7cdc9199b.s.16.e.8"><relations><relation type="hasObject"><entity id="Dailymed.6594df99-d8ce-49b9-3fbe-9ec7cdc9199b.s.16.e.9"/></relation><relation type="hasPrecipitant"><entity id="Dailymed.6594df99-d8ce-49b9-3fbe-9ec7cdc9199b.s.16.e.1"/></relation></relations></interaction></drugInteraction><pair ddi="true" e1="Dailymed.6594df99-d8ce-49b9-3fbe-9ec7cdc9199b.s.16.e.9" e2="Dailymed.6594df99-d8ce-49b9-3fbe-9ec7cdc9199b.s.16.e.1" trigger="Dailymed.6594df99-d8ce-49b9-3fbe-9ec7cdc9199b.s.16.e.8" type="Specific_Interaction"/></sentence><sentence id="Dailymed.6594df99-d8ce-49b9-3fbe-9ec7cdc9199b.s.18" text="Angiotensin converting enzyme (ACE) inhibitors (e.g., captopril, enalapril) will produce some potassium retention by inhibiting aldosterone production. " type="negative"><entity charOffset="65:74" id="Dailymed.6594df99-d8ce-49b9-3fbe-9ec7cdc9199b.s.18.e.0" text="enalapril" type="Biomedical_Entity"><Normalization><mmtx cui="C0014025" phraseText="enalapril" preferredWord="Enalapril" semType="phsu, aapp"/><RxNorm RxCui="203123"/></Normalization></entity><entity charOffset="0:46" id="Dailymed.6594df99-d8ce-49b9-3fbe-9ec7cdc9199b.s.18.e.1" text="angiotensin converting enzyme inhibitors" type="Biomedical_Entity"><Normalization><mmtx cui="C0003015" phraseText="Angiotensin converting enzyme (ACE) inhibitors" preferredWord="Angiotensin-Converting Enzyme Inhibitors" semType="phsu"/><RxNorm RxCui="839"/></Normalization></entity><entity charOffset="128:139" id="Dailymed.6594df99-d8ce-49b9-3fbe-9ec7cdc9199b.s.18.e.2" text="aldosterone" type="Biomedical_Entity"><Normalization><mmtx cui="C0002006" phraseText="some potassium retention by inhibiting aldosterone production." preferredWord="Aldosterone" semType="strd, phsu, horm"/><RxNorm RxCui="1312358"/></Normalization></entity><entity charOffset="54:63" id="Dailymed.6594df99-d8ce-49b9-3fbe-9ec7cdc9199b.s.18.e.3" text="captopril" type="Biomedical_Entity"><Normalization><mmtx cui="C0006938" phraseText="captopril," preferredWord="Captopril" semType="phsu, aapp"/><RxNorm RxCui="1998"/></Normalization></entity><pair ddi="false" e1="Dailymed.6594df99-d8ce-49b9-3fbe-9ec7cdc9199b.s.18.e.1" e2="Dailymed.6594df99-d8ce-49b9-3fbe-9ec7cdc9199b.s.18.e.0"/><pair ddi="false" e1="Dailymed.6594df99-d8ce-49b9-3fbe-9ec7cdc9199b.s.18.e.0" e2="Dailymed.6594df99-d8ce-49b9-3fbe-9ec7cdc9199b.s.18.e.2"/><pair ddi="false" e1="Dailymed.6594df99-d8ce-49b9-3fbe-9ec7cdc9199b.s.18.e.3" e2="Dailymed.6594df99-d8ce-49b9-3fbe-9ec7cdc9199b.s.18.e.0"/><pair ddi="false" e1="Dailymed.6594df99-d8ce-49b9-3fbe-9ec7cdc9199b.s.18.e.1" e2="Dailymed.6594df99-d8ce-49b9-3fbe-9ec7cdc9199b.s.18.e.2"/><pair ddi="false" e1="Dailymed.6594df99-d8ce-49b9-3fbe-9ec7cdc9199b.s.18.e.1" e2="Dailymed.6594df99-d8ce-49b9-3fbe-9ec7cdc9199b.s.18.e.3"/><pair ddi="false" e1="Dailymed.6594df99-d8ce-49b9-3fbe-9ec7cdc9199b.s.18.e.3" e2="Dailymed.6594df99-d8ce-49b9-3fbe-9ec7cdc9199b.s.18.e.2"/></sentence><sentence biomedicalEntities="2" id="Dailymed.6594df99-d8ce-49b9-3fbe-9ec7cdc9199b.s.19" lineNumber="24" text="Potassium supplements should be given to patients receiving ACE inhibitors only with close monitoring." type="regular"><entity charOffset="91:101" id="Dailymed.6594df99-d8ce-49b9-3fbe-9ec7cdc9199b.s.19.e.1" text="monitoring" type="Caution_Interaction"/><entity charOffset="60:74" id="Dailymed.6594df99-d8ce-49b9-3fbe-9ec7cdc9199b.s.19.e.2" text="ACE inhibitors" type="Drug_Class"><Normalization><mmtx cui="C0003015" phraseText="ACE inhibitors only with close monitoring." preferredWord="Angiotensin-Converting Enzyme Inhibitors" semType="phsu"/><RxNorm RxCui="221294"/></Normalization></entity><entity charOffset="0:21" id="Dailymed.6594df99-d8ce-49b9-3fbe-9ec7cdc9199b.s.19.e.3" text="Potassium supplements" type="Drug_Class"><Normalization><mmtx cui="C0304475" phraseText="Potassium supplements" preferredWord="Potassium supplement" semType="inch, phsu"/><RxNorm RxCui="8588"/></Normalization></entity><drugInteraction id="Dailymed.6594df99-d8ce-49b9-3fbe-9ec7cdc9199b.s.19.ddi.1"><interaction trigger="Dailymed.6594df99-d8ce-49b9-3fbe-9ec7cdc9199b.s.19.e.1"><relations><relation type="hasPrecipitant"><entity id="Dailymed.6594df99-d8ce-49b9-3fbe-9ec7cdc9199b.s.19.e.2"/></relation><relation type="hasObject"><entity id="Dailymed.6594df99-d8ce-49b9-3fbe-9ec7cdc9199b.s.19.e.3"/></relation></relations></interaction></drugInteraction><pair ddi="true" e1="Dailymed.6594df99-d8ce-49b9-3fbe-9ec7cdc9199b.s.19.e.3" e2="Dailymed.6594df99-d8ce-49b9-3fbe-9ec7cdc9199b.s.19.e.2" trigger="Dailymed.6594df99-d8ce-49b9-3fbe-9ec7cdc9199b.s.19.e.1" type="Caution_Interaction"/></sentence><sentence id="Dailymed.6594df99-d8ce-49b9-3fbe-9ec7cdc9199b.s.24" text="K-TAB tablets consist of a wax matrix formulated to provide a controlled rate of release potassium chloride and thus to minimize the possibility of a high local concentration of potassium near the gastrointestinal wall." type="negative"><entity charOffset="0:5" id="Dailymed.6594df99-d8ce-49b9-3fbe-9ec7cdc9199b.s.24.e.0" text="k-tab" type="Biomedical_Entity"><Normalization><mmtx cui="C0306522" phraseText="K-TAB tablets" preferredWord="K-Tab" semType="inch, phsu"/><RxNorm RxCui="93028"/></Normalization></entity><entity charOffset="178:187" id="Dailymed.6594df99-d8ce-49b9-3fbe-9ec7cdc9199b.s.24.e.1" text="potassium" type="Biomedical_Entity"><Normalization><mmtx cui="C0597277" phraseText="the possibility of a high local concentration of potassium" preferredWord="Potassium Ion" semType="phsu, elii"/><RxNorm RxCui="8588"/></Normalization></entity><entity charOffset="89:107" id="Dailymed.6594df99-d8ce-49b9-3fbe-9ec7cdc9199b.s.24.e.2" text="potassium chloride" type="Biomedical_Entity"><Normalization><mmtx cui="C0032825" phraseText="a controlled rate of release potassium chloride" preferredWord="Potassium Chloride" semType="inch, phsu"/><RxNorm RxCui="8588"/></Normalization></entity><pair ddi="false" e1="Dailymed.6594df99-d8ce-49b9-3fbe-9ec7cdc9199b.s.24.e.0" e2="Dailymed.6594df99-d8ce-49b9-3fbe-9ec7cdc9199b.s.24.e.1"/><pair ddi="false" e1="Dailymed.6594df99-d8ce-49b9-3fbe-9ec7cdc9199b.s.24.e.0" e2="Dailymed.6594df99-d8ce-49b9-3fbe-9ec7cdc9199b.s.24.e.2"/><pair ddi="false" e1="Dailymed.6594df99-d8ce-49b9-3fbe-9ec7cdc9199b.s.24.e.2" e2="Dailymed.6594df99-d8ce-49b9-3fbe-9ec7cdc9199b.s.24.e.1"/></sentence><sentence biomedicalEntities="2" id="Dailymed.6594df99-d8ce-49b9-3fbe-9ec7cdc9199b.s.28" lineNumber="29" text="In contrast, there was a higher incidence of gastric and duodenal lesions in subjects receiving a high dose of a wax matrix controlled-release formulation under conditions which did not resemble usual or recommended clinical practice, i.e., 96 mEq per day in divided doses of potassium chloride administered, to fasted patients in the presence of an anticholinergic drug to delay gastric emptying. " type="regular"><entity charOffset="45:52|66:73" id="Dailymed.6594df99-d8ce-49b9-3fbe-9ec7cdc9199b.s.28.e.1" text="gastric lesions" type="Specific_Interaction"/><entity charOffset="276:294" id="Dailymed.6594df99-d8ce-49b9-3fbe-9ec7cdc9199b.s.28.e.2" text="potassium chloride" type="Drug"><Normalization><mmtx cui="C0032825" phraseText="of potassium chloride" preferredWord="Potassium Chloride" semType="inch, phsu"/><RxNorm RxCui="8588"/></Normalization></entity><entity charOffset="312:327" id="Dailymed.6594df99-d8ce-49b9-3fbe-9ec7cdc9199b.s.28.e.3" text="fasted patients" type="SPAN"/><entity charOffset="350:370" id="Dailymed.6594df99-d8ce-49b9-3fbe-9ec7cdc9199b.s.28.e.4" text="anticholinergic drug" type="Drug_Class"><Normalization><mmtx cui="C0242896" phraseText="of an anticholinergic drug to" preferredWord="Anticholinergic Agents" semType="phsu"/><RxNorm RxCui="1449194"/></Normalization></entity><entity charOffset="57:73" id="Dailymed.6594df99-d8ce-49b9-3fbe-9ec7cdc9199b.s.28.e.6" text="duodenal lesions" type="Specific_Interaction"/><drugInteraction id="Dailymed.6594df99-d8ce-49b9-3fbe-9ec7cdc9199b.s.28.ddi.1"><interaction trigger="Dailymed.6594df99-d8ce-49b9-3fbe-9ec7cdc9199b.s.28.e.1"><relations><relation type="hasObject"><entity id="Dailymed.6594df99-d8ce-49b9-3fbe-9ec7cdc9199b.s.28.e.2"/></relation><relation type="hasContext"><entity id="Dailymed.6594df99-d8ce-49b9-3fbe-9ec7cdc9199b.s.28.e.3"/></relation><relation type="hasPrecipitant"><entity id="Dailymed.6594df99-d8ce-49b9-3fbe-9ec7cdc9199b.s.28.e.4"/></relation></relations></interaction></drugInteraction><drugInteraction id="Dailymed.6594df99-d8ce-49b9-3fbe-9ec7cdc9199b.s.28.ddi.2"><interaction trigger="Dailymed.6594df99-d8ce-49b9-3fbe-9ec7cdc9199b.s.28.e.6"><relations><relation type="hasObject"><entity id="Dailymed.6594df99-d8ce-49b9-3fbe-9ec7cdc9199b.s.28.e.2"/></relation><relation type="hasContext"><entity id="Dailymed.6594df99-d8ce-49b9-3fbe-9ec7cdc9199b.s.28.e.3"/></relation><relation type="hasPrecipitant"><entity id="Dailymed.6594df99-d8ce-49b9-3fbe-9ec7cdc9199b.s.28.e.4"/></relation></relations></interaction></drugInteraction><pair context="Dailymed.6594df99-d8ce-49b9-3fbe-9ec7cdc9199b.s.28.e.3" ddi="true" e1="Dailymed.6594df99-d8ce-49b9-3fbe-9ec7cdc9199b.s.28.e.2" e2="Dailymed.6594df99-d8ce-49b9-3fbe-9ec7cdc9199b.s.28.e.4" trigger="Dailymed.6594df99-d8ce-49b9-3fbe-9ec7cdc9199b.s.28.e.1" type="Specific_Interaction"/></sentence><sentence id="Dailymed.6594df99-d8ce-49b9-3fbe-9ec7cdc9199b.s.30" text="The relevance of these findings to the usual conditions, i.e., nonfasting, no anticholinergic agent, and smaller doses, under which controlled-release potassium chloride products are used is uncertain. " type="negative"><entity charOffset="78:99" id="Dailymed.6594df99-d8ce-49b9-3fbe-9ec7cdc9199b.s.30.e.0" text="anticholinergic agent" type="Biomedical_Entity"><Normalization><mmtx cui="C3537004" phraseText="no anticholinergic agent," preferredWord="Anticholinergic [EPC]" semType="phsu"/><RxNorm RxCui="1449194"/></Normalization></entity><entity charOffset="151:169" id="Dailymed.6594df99-d8ce-49b9-3fbe-9ec7cdc9199b.s.30.e.1" text="potassium chloride" type="Biomedical_Entity"><Normalization><mmtx cui="C0032825" phraseText="under which controlled-release potassium chloride products" preferredWord="Potassium Chloride" semType="inch, phsu"/><RxNorm RxCui="8588"/></Normalization></entity><pair ddi="false" e1="Dailymed.6594df99-d8ce-49b9-3fbe-9ec7cdc9199b.s.30.e.0" e2="Dailymed.6594df99-d8ce-49b9-3fbe-9ec7cdc9199b.s.30.e.1"/></sentence><sentence id="Dailymed.6594df99-d8ce-49b9-3fbe-9ec7cdc9199b.s.34" text="Hypokalemia in patients with metabolic acidosis should be treated with an alkalinizing potassium salt such as potassium bicarbonate, potassium citrate, potassium acetate, or potassium gluconate." type="negative"><entity charOffset="133:150" id="Dailymed.6594df99-d8ce-49b9-3fbe-9ec7cdc9199b.s.34.e.0" text="potassium citrate" type="Biomedical_Entity"><Normalization><mmtx cui="C0137996" phraseText="potassium citrate," preferredWord="potassium citrate" semType="phsu, orch"/><RxNorm RxCui="8588"/></Normalization></entity><entity charOffset="87:101" id="Dailymed.6594df99-d8ce-49b9-3fbe-9ec7cdc9199b.s.34.e.1" text="potassium salt" type="Biomedical_Entity"><Normalization><mmtx cui="C0351297" phraseText="treated with an alkalinizing potassium salt" preferredWord="Potassium salt" semType="inch, phsu"/><RxNorm RxCui="8588"/></Normalization></entity><entity charOffset="174:193" id="Dailymed.6594df99-d8ce-49b9-3fbe-9ec7cdc9199b.s.34.e.2" text="potassium gluconate" type="Biomedical_Entity"><Normalization><mmtx cui="C0301527" phraseText="potassium gluconate." preferredWord="Potassium gluconate" semType="phsu, orch"/><RxNorm RxCui="8588"/></Normalization></entity><entity charOffset="110:131" id="Dailymed.6594df99-d8ce-49b9-3fbe-9ec7cdc9199b.s.34.e.3" text="potassium bicarbonate" type="Biomedical_Entity"><Normalization><mmtx cui="C0071751" phraseText="such as potassium bicarbonate," preferredWord="potassium bicarbonate" semType="phsu, orch"/><RxNorm RxCui="8588"/></Normalization></entity><entity charOffset="152:169" id="Dailymed.6594df99-d8ce-49b9-3fbe-9ec7cdc9199b.s.34.e.4" text="potassium acetate" type="Biomedical_Entity"><Normalization><mmtx cui="C0137984" phraseText="potassium acetate," preferredWord="Potassium Acetate" semType="phsu, orch"/><RxNorm RxCui="8588"/></Normalization></entity><pair ddi="false" e1="Dailymed.6594df99-d8ce-49b9-3fbe-9ec7cdc9199b.s.34.e.1" e2="Dailymed.6594df99-d8ce-49b9-3fbe-9ec7cdc9199b.s.34.e.0"/><pair ddi="false" e1="Dailymed.6594df99-d8ce-49b9-3fbe-9ec7cdc9199b.s.34.e.0" e2="Dailymed.6594df99-d8ce-49b9-3fbe-9ec7cdc9199b.s.34.e.2"/><pair ddi="false" e1="Dailymed.6594df99-d8ce-49b9-3fbe-9ec7cdc9199b.s.34.e.3" e2="Dailymed.6594df99-d8ce-49b9-3fbe-9ec7cdc9199b.s.34.e.0"/><pair ddi="false" e1="Dailymed.6594df99-d8ce-49b9-3fbe-9ec7cdc9199b.s.34.e.0" e2="Dailymed.6594df99-d8ce-49b9-3fbe-9ec7cdc9199b.s.34.e.4"/><pair ddi="false" e1="Dailymed.6594df99-d8ce-49b9-3fbe-9ec7cdc9199b.s.34.e.1" e2="Dailymed.6594df99-d8ce-49b9-3fbe-9ec7cdc9199b.s.34.e.2"/><pair ddi="false" e1="Dailymed.6594df99-d8ce-49b9-3fbe-9ec7cdc9199b.s.34.e.1" e2="Dailymed.6594df99-d8ce-49b9-3fbe-9ec7cdc9199b.s.34.e.3"/><pair ddi="false" e1="Dailymed.6594df99-d8ce-49b9-3fbe-9ec7cdc9199b.s.34.e.1" e2="Dailymed.6594df99-d8ce-49b9-3fbe-9ec7cdc9199b.s.34.e.4"/><pair ddi="false" e1="Dailymed.6594df99-d8ce-49b9-3fbe-9ec7cdc9199b.s.34.e.3" e2="Dailymed.6594df99-d8ce-49b9-3fbe-9ec7cdc9199b.s.34.e.2"/><pair ddi="false" e1="Dailymed.6594df99-d8ce-49b9-3fbe-9ec7cdc9199b.s.34.e.4" e2="Dailymed.6594df99-d8ce-49b9-3fbe-9ec7cdc9199b.s.34.e.2"/><pair ddi="false" e1="Dailymed.6594df99-d8ce-49b9-3fbe-9ec7cdc9199b.s.34.e.3" e2="Dailymed.6594df99-d8ce-49b9-3fbe-9ec7cdc9199b.s.34.e.4"/></sentence><sentence id="Dailymed.6594df99-d8ce-49b9-3fbe-9ec7cdc9199b.s.44" text="This is especially important if the patient is also taking diuretics and/or digitalis preparations." type="negative"><entity charOffset="76:98" id="Dailymed.6594df99-d8ce-49b9-3fbe-9ec7cdc9199b.s.44.e.0" text="digitalis preparations" type="Biomedical_Entity"><Normalization><mmtx cui="C0304520" phraseText="digitalis preparations." preferredWord="Digitalis preparation" semType="phsu, carb"/><RxNorm RxCui="91235"/></Normalization></entity><entity charOffset="59:68" id="Dailymed.6594df99-d8ce-49b9-3fbe-9ec7cdc9199b.s.44.e.1" text="diuretics" type="Biomedical_Entity"><Normalization><mmtx cui="C0012798" phraseText="also taking diuretics" preferredWord="Diuretics" semType="phsu"/><RxNorm RxCui="3567"/></Normalization></entity><pair ddi="false" e1="Dailymed.6594df99-d8ce-49b9-3fbe-9ec7cdc9199b.s.44.e.1" e2="Dailymed.6594df99-d8ce-49b9-3fbe-9ec7cdc9199b.s.44.e.0"/></sentence><sentence id="Dailymed.6594df99-d8ce-49b9-3fbe-9ec7cdc9199b.s.51" text="Potassium-sparing diuretics, angiotensin converting enzyme inhibitors (see WARNINGS )." type="negative"><entity charOffset="0:27" id="Dailymed.6594df99-d8ce-49b9-3fbe-9ec7cdc9199b.s.51.e.0" text="potassium-sparing diuretics" type="Biomedical_Entity"><Normalization><mmtx cui="C0304490" phraseText="Potassium-sparing diuretics," preferredWord="Potassium Sparing Diuretics" semType="phsu"/><RxNorm RxCui="1437061"/></Normalization></entity><entity charOffset="29:69" id="Dailymed.6594df99-d8ce-49b9-3fbe-9ec7cdc9199b.s.51.e.1" text="angiotensin converting enzyme inhibitors" type="Biomedical_Entity"><Normalization><mmtx cui="C0003015" phraseText="angiotensin converting enzyme inhibitors" preferredWord="Angiotensin-Converting Enzyme Inhibitors" semType="phsu"/><RxNorm RxCui="839"/></Normalization></entity><pair ddi="false" e1="Dailymed.6594df99-d8ce-49b9-3fbe-9ec7cdc9199b.s.51.e.0" e2="Dailymed.6594df99-d8ce-49b9-3fbe-9ec7cdc9199b.s.51.e.1"/></sentence><sentence id="Dailymed.6594df99-d8ce-49b9-3fbe-9ec7cdc9199b.s.60" text="Since oral potassium becomes part of the body potassium pool, as long as body potassium is not excessive, the contribution of potassium chloride supplementation should have little or no effect on the level in human milk." type="negative"><entity charOffset="78:87" id="Dailymed.6594df99-d8ce-49b9-3fbe-9ec7cdc9199b.s.60.e.0" text="potassium" type="Biomedical_Entity"><Normalization><mmtx cui="C0597277" phraseText="as body potassium" preferredWord="Potassium Ion" semType="phsu, elii"/><RxNorm RxCui="8588"/></Normalization></entity><entity charOffset="46:55" id="Dailymed.6594df99-d8ce-49b9-3fbe-9ec7cdc9199b.s.60.e.1" text="potassium" type="Biomedical_Entity"><Normalization><mmtx cui="C0597277" phraseText="part of the body potassium pool," preferredWord="Potassium Ion" semType="phsu, elii"/><RxNorm RxCui="8588"/></Normalization></entity><entity charOffset="126:144" id="Dailymed.6594df99-d8ce-49b9-3fbe-9ec7cdc9199b.s.60.e.2" text="potassium chloride" type="Biomedical_Entity"><Normalization><mmtx cui="C0032825" phraseText="the contribution of potassium chloride supplementation" preferredWord="Potassium Chloride" semType="inch, phsu"/><RxNorm RxCui="8588"/></Normalization></entity><entity charOffset="11:20" id="Dailymed.6594df99-d8ce-49b9-3fbe-9ec7cdc9199b.s.60.e.3" text="potassium" type="Biomedical_Entity"><Normalization><mmtx cui="C0597277" phraseText="oral potassium" preferredWord="Potassium Ion" semType="phsu, elii"/><RxNorm RxCui="8588"/></Normalization></entity><pair ddi="false" e1="Dailymed.6594df99-d8ce-49b9-3fbe-9ec7cdc9199b.s.60.e.0" e2="Dailymed.6594df99-d8ce-49b9-3fbe-9ec7cdc9199b.s.60.e.2"/><pair ddi="false" e1="Dailymed.6594df99-d8ce-49b9-3fbe-9ec7cdc9199b.s.60.e.1" e2="Dailymed.6594df99-d8ce-49b9-3fbe-9ec7cdc9199b.s.60.e.2"/><pair ddi="false" e1="Dailymed.6594df99-d8ce-49b9-3fbe-9ec7cdc9199b.s.60.e.3" e2="Dailymed.6594df99-d8ce-49b9-3fbe-9ec7cdc9199b.s.60.e.2"/></sentence><positiveExamples number="5"/><negativeExamples number="39"/></document>