<?xml version="1.0" encoding="UTF-8" standalone="no"?><document setID="6660b616-a82d-9109-19ce-2bdf9747acea"><labelDrug name="Lithostat"><Normalization/></labelDrug><generic name="acetohydroxamic acid"/><sentence id="Dailymed.6660b616-a82d-9109-19ce-2bdf9747acea.s.2" text="&lt;main&gt;Acetohydroxamic acid (AHA) is a stable, synthetic compound derived from hydroxylamine and ethyl acetate. " type="negative"><entity charOffset="6:26" id="Dailymed.6660b616-a82d-9109-19ce-2bdf9747acea.s.2.e.0" text="acetohydroxamic acid" type="Biomedical_Entity"><Normalization><mmtx cui="C0050451" phraseText="&gt;Acetohydroxamic acid (AHA)" preferredWord="acetohydroxamic acid" semType="phsu, orch"/><RxNorm RxCui="16728"/></Normalization></entity><entity charOffset="96:109" id="Dailymed.6660b616-a82d-9109-19ce-2bdf9747acea.s.2.e.1" text="ethyl acetate" type="Biomedical_Entity"><Normalization><mmtx cui="C0059747" phraseText="ethyl acetate." preferredWord="ethyl acetate" semType="phsu, orch"/><RxNorm RxCui="NA"/></Normalization></entity><pair ddi="false" e1="Dailymed.6660b616-a82d-9109-19ce-2bdf9747acea.s.2.e.0" e2="Dailymed.6660b616-a82d-9109-19ce-2bdf9747acea.s.2.e.1"/></sentence><sentence id="Dailymed.6660b616-a82d-9109-19ce-2bdf9747acea.s.4" text="&lt;item&gt;AHA is weakly acidic, highly soluble in water, and chelates metals - notably iron. " type="negative"><entity charOffset="6:9" id="Dailymed.6660b616-a82d-9109-19ce-2bdf9747acea.s.4.e.0" text="aha" type="Biomedical_Entity"><Normalization><mmtx cui="C0050451" phraseText="&gt;AHA" preferredWord="acetohydroxamic acid" semType="phsu, orch"/><RxNorm RxCui="1432391"/></Normalization></entity><entity charOffset="83:87" id="Dailymed.6660b616-a82d-9109-19ce-2bdf9747acea.s.4.e.1" text="iron" type="Biomedical_Entity"><Normalization><mmtx cui="C0302583" phraseText="metals - notably iron." preferredWord="Iron" semType="bacs, phsu, elii"/><RxNorm RxCui="90176"/></Normalization></entity><pair ddi="false" e1="Dailymed.6660b616-a82d-9109-19ce-2bdf9747acea.s.4.e.0" e2="Dailymed.6660b616-a82d-9109-19ce-2bdf9747acea.s.4.e.1"/></sentence><sentence id="Dailymed.6660b616-a82d-9109-19ce-2bdf9747acea.s.6" text="AHA has a pKa of 9.32 and a melting point of 89-91 C. " type="negative"><entity charOffset="0:3" id="Dailymed.6660b616-a82d-9109-19ce-2bdf9747acea.s.6.e.0" text="aha" type="Biomedical_Entity"><Normalization><mmtx cui="C0772110" phraseText="AHA" preferredWord="Alpha Hydroxy Acids" semType="phsu, orch"/><RxNorm RxCui="1432391"/></Normalization></entity><entity charOffset="26:50" id="Dailymed.6660b616-a82d-9109-19ce-2bdf9747acea.s.6.e.1" text="a 91" type="Biomedical_Entity"><Normalization><mmtx cui="C0604154" phraseText="a melting point of 89-91 C." preferredWord="A-91" semType="phsu, orch"/><RxNorm RxCui="NA"/></Normalization></entity><pair ddi="false" e1="Dailymed.6660b616-a82d-9109-19ce-2bdf9747acea.s.6.e.0" e2="Dailymed.6660b616-a82d-9109-19ce-2bdf9747acea.s.6.e.1"/></sentence><sentence id="Dailymed.6660b616-a82d-9109-19ce-2bdf9747acea.s.7" text="AHA is a urease inhibitor. " type="negative"><entity charOffset="0:3" id="Dailymed.6660b616-a82d-9109-19ce-2bdf9747acea.s.7.e.0" text="aha" type="Biomedical_Entity"><Normalization><mmtx cui="C0050451" phraseText="AHA" preferredWord="acetohydroxamic acid" semType="phsu, orch"/><RxNorm RxCui="1432391"/></Normalization></entity><entity charOffset="9:25" id="Dailymed.6660b616-a82d-9109-19ce-2bdf9747acea.s.7.e.1" text="urease inhibitor" type="Biomedical_Entity"><Normalization><mmtx cui="C2267036" phraseText="a urease inhibitor." preferredWord="Urease Inhibitor [EPC]" semType="phsu"/><RxNorm RxCui="11003"/></Normalization></entity><pair ddi="false" e1="Dailymed.6660b616-a82d-9109-19ce-2bdf9747acea.s.7.e.0" e2="Dailymed.6660b616-a82d-9109-19ce-2bdf9747acea.s.7.e.1"/></sentence><sentence id="Dailymed.6660b616-a82d-9109-19ce-2bdf9747acea.s.11" text="Acetohydroxamic acid is indicated as adjunctive therapy in patients with chronic urea-splitting urinary infection. " type="negative"><entity charOffset="0:20" id="Dailymed.6660b616-a82d-9109-19ce-2bdf9747acea.s.11.e.0" text="acetohydroxamic acid" type="Biomedical_Entity"><Normalization><mmtx cui="C0050451" phraseText="Acetohydroxamic acid" preferredWord="acetohydroxamic acid" semType="phsu, orch"/><RxNorm RxCui="16728"/></Normalization></entity><entity charOffset="81:85" id="Dailymed.6660b616-a82d-9109-19ce-2bdf9747acea.s.11.e.1" text="urea" type="Biomedical_Entity"><Normalization><mmtx cui="C0041942" phraseText="with chronic urea-" preferredWord="Urea" semType="bacs, phsu, orch"/><RxNorm RxCui="11002"/></Normalization></entity><pair ddi="false" e1="Dailymed.6660b616-a82d-9109-19ce-2bdf9747acea.s.11.e.0" e2="Dailymed.6660b616-a82d-9109-19ce-2bdf9747acea.s.11.e.1"/></sentence><sentence id="Dailymed.6660b616-a82d-9109-19ce-2bdf9747acea.s.12" text="AHA is intended to decrease urinary ammonia and alkalinity, but it should not be used in lieu of curative surgical treatment (for patients with stones) or antimicrobial treatment. " type="negative"><entity charOffset="0:3" id="Dailymed.6660b616-a82d-9109-19ce-2bdf9747acea.s.12.e.0" text="aha" type="Biomedical_Entity"><Normalization><mmtx cui="C0050451" phraseText="AHA" preferredWord="acetohydroxamic acid" semType="phsu, orch"/><RxNorm RxCui="1432391"/></Normalization></entity><entity charOffset="36:43" id="Dailymed.6660b616-a82d-9109-19ce-2bdf9747acea.s.12.e.1" text="ammonia" type="Biomedical_Entity"><Normalization><mmtx cui="C0002607" phraseText="urinary ammonia" preferredWord="Ammonia" semType="inch, phsu"/><RxNorm RxCui="1299884"/></Normalization></entity><entity charOffset="155:168" id="Dailymed.6660b616-a82d-9109-19ce-2bdf9747acea.s.12.e.2" text="antimicrobial" type="Biomedical_Entity"><Normalization><mmtx cui="C1136254" phraseText="antimicrobial treatment." preferredWord="Microbicides" semType="phsu"/><RxNorm RxCui="337867"/></Normalization></entity><pair ddi="false" e1="Dailymed.6660b616-a82d-9109-19ce-2bdf9747acea.s.12.e.0" e2="Dailymed.6660b616-a82d-9109-19ce-2bdf9747acea.s.12.e.1"/><pair ddi="false" e1="Dailymed.6660b616-a82d-9109-19ce-2bdf9747acea.s.12.e.0" e2="Dailymed.6660b616-a82d-9109-19ce-2bdf9747acea.s.12.e.2"/><pair ddi="false" e1="Dailymed.6660b616-a82d-9109-19ce-2bdf9747acea.s.12.e.1" e2="Dailymed.6660b616-a82d-9109-19ce-2bdf9747acea.s.12.e.2"/></sentence><sentence id="Dailymed.6660b616-a82d-9109-19ce-2bdf9747acea.s.13" text="Long-term treatment with AHA may be warranted to maintain urease inhibition as long as urea-splitting infection is present. " type="negative"><entity charOffset="25:28" id="Dailymed.6660b616-a82d-9109-19ce-2bdf9747acea.s.13.e.0" text="aha" type="Biomedical_Entity"><Normalization><mmtx cui="C0050451" phraseText="Long-term treatment with AHA" preferredWord="acetohydroxamic acid" semType="phsu, orch"/><RxNorm RxCui="1432391"/></Normalization></entity><entity charOffset="87:91" id="Dailymed.6660b616-a82d-9109-19ce-2bdf9747acea.s.13.e.1" text="urea" type="Biomedical_Entity"><Normalization><mmtx cui="C0041942" phraseText="as urea-splitting infection" preferredWord="Urea" semType="bacs, phsu, orch"/><RxNorm RxCui="11002"/></Normalization></entity><pair ddi="false" e1="Dailymed.6660b616-a82d-9109-19ce-2bdf9747acea.s.13.e.0" e2="Dailymed.6660b616-a82d-9109-19ce-2bdf9747acea.s.13.e.1"/></sentence><sentence id="Dailymed.6660b616-a82d-9109-19ce-2bdf9747acea.s.30" text="AHA is a known inhibitor of DNA synthesis and also chelates metals - notably iron. " type="negative"><entity charOffset="77:81" id="Dailymed.6660b616-a82d-9109-19ce-2bdf9747acea.s.30.e.0" text="iron" type="Biomedical_Entity"><Normalization><mmtx cui="C1166521" phraseText="metals - notably iron." preferredWord="Ferrum metallicum, Homeopathic preparation" semType="phsu"/><RxNorm RxCui="90176"/></Normalization></entity><entity charOffset="0:3" id="Dailymed.6660b616-a82d-9109-19ce-2bdf9747acea.s.30.e.1" text="aha" type="Biomedical_Entity"><Normalization><mmtx cui="C0050451" phraseText="AHA" preferredWord="acetohydroxamic acid" semType="phsu, orch"/><RxNorm RxCui="1432391"/></Normalization></entity><pair ddi="false" e1="Dailymed.6660b616-a82d-9109-19ce-2bdf9747acea.s.30.e.1" e2="Dailymed.6660b616-a82d-9109-19ce-2bdf9747acea.s.30.e.0"/></sentence><sentence id="Dailymed.6660b616-a82d-9109-19ce-2bdf9747acea.s.42" text="AHA has been used concomitantly with insulin, oral and parenteral antibiotics, and progestational agents. " type="negative"><entity charOffset="37:44" id="Dailymed.6660b616-a82d-9109-19ce-2bdf9747acea.s.42.e.0" text="insulin" type="Biomedical_Entity"><Normalization><mmtx cui="C1533581" phraseText="concomitantly with insulin," preferredWord="Recombinant Insulin" semType="phsu, aapp, horm"/><RxNorm RxCui="5856"/></Normalization></entity><entity charOffset="83:104" id="Dailymed.6660b616-a82d-9109-19ce-2bdf9747acea.s.42.e.1" text="progestational agents" type="Biomedical_Entity"><Normalization><mmtx cui="C0033306" phraseText="progestational agents." preferredWord="Progestins" semType="strd, phsu, horm"/><RxNorm RxCui="8725"/></Normalization></entity><entity charOffset="66:77" id="Dailymed.6660b616-a82d-9109-19ce-2bdf9747acea.s.42.e.2" text="antibiotics" type="Biomedical_Entity"><Normalization><mmtx cui="C0003232" phraseText="parenteral antibiotics," preferredWord="Antibiotics" semType="antb"/><RxNorm RxCui="901"/></Normalization></entity><entity charOffset="0:3" id="Dailymed.6660b616-a82d-9109-19ce-2bdf9747acea.s.42.e.3" text="aha" type="Biomedical_Entity"><Normalization><mmtx cui="C0772110" phraseText="AHA" preferredWord="Alpha Hydroxy Acids" semType="phsu, orch"/><RxNorm RxCui="1432391"/></Normalization></entity><pair ddi="false" e1="Dailymed.6660b616-a82d-9109-19ce-2bdf9747acea.s.42.e.0" e2="Dailymed.6660b616-a82d-9109-19ce-2bdf9747acea.s.42.e.1"/><pair ddi="false" e1="Dailymed.6660b616-a82d-9109-19ce-2bdf9747acea.s.42.e.0" e2="Dailymed.6660b616-a82d-9109-19ce-2bdf9747acea.s.42.e.2"/><pair ddi="false" e1="Dailymed.6660b616-a82d-9109-19ce-2bdf9747acea.s.42.e.3" e2="Dailymed.6660b616-a82d-9109-19ce-2bdf9747acea.s.42.e.0"/><pair ddi="false" e1="Dailymed.6660b616-a82d-9109-19ce-2bdf9747acea.s.42.e.2" e2="Dailymed.6660b616-a82d-9109-19ce-2bdf9747acea.s.42.e.1"/><pair ddi="false" e1="Dailymed.6660b616-a82d-9109-19ce-2bdf9747acea.s.42.e.3" e2="Dailymed.6660b616-a82d-9109-19ce-2bdf9747acea.s.42.e.1"/><pair ddi="false" e1="Dailymed.6660b616-a82d-9109-19ce-2bdf9747acea.s.42.e.3" e2="Dailymed.6660b616-a82d-9109-19ce-2bdf9747acea.s.42.e.2"/></sentence><sentence id="Dailymed.6660b616-a82d-9109-19ce-2bdf9747acea.s.43" text="No clinically significant interactions have been noted, but until wider clinical experience is obtained, AHA should be used with caution in patients receiving other therapeutic agents." type="negative"><entity charOffset="105:108" id="Dailymed.6660b616-a82d-9109-19ce-2bdf9747acea.s.43.e.0" text="aha" type="Biomedical_Entity"><Normalization><mmtx cui="C0772110" phraseText="AHA" preferredWord="Alpha Hydroxy Acids" semType="phsu, orch"/><RxNorm RxCui="1432391"/></Normalization></entity><entity charOffset="165:183" id="Dailymed.6660b616-a82d-9109-19ce-2bdf9747acea.s.43.e.1" text="therapeutic agents" type="Biomedical_Entity"><Normalization><mmtx cui="C1611640" phraseText="other therapeutic agents." preferredWord="Therapeutic agent (substance)" semType="phsu"/><RxNorm RxCui="220281"/></Normalization></entity><pair ddi="false" e1="Dailymed.6660b616-a82d-9109-19ce-2bdf9747acea.s.43.e.0" e2="Dailymed.6660b616-a82d-9109-19ce-2bdf9747acea.s.43.e.1"/></sentence><sentence biomedicalEntities="2" id="Dailymed.6660b616-a82d-9109-19ce-2bdf9747acea.s.44" lineNumber="43" text="AHA taken in association with alcoholic beverages has resulted in a rash. " type="regular"><entity charOffset="30:49" id="Dailymed.6660b616-a82d-9109-19ce-2bdf9747acea.s.44.e.0" text="alcoholic beverages" type="Drug"><Normalization><RxNorm RxCui="608532"/></Normalization></entity><entity charOffset="0:3" id="Dailymed.6660b616-a82d-9109-19ce-2bdf9747acea.s.44.e.1" text="AHA" type="Drug"><Normalization><mmtx cui="C0050451" phraseText="AHA" preferredWord="acetohydroxamic acid" semType="phsu, orch"/><mmtx cui="C0772110" phraseText="AHA" preferredWord="Alpha Hydroxy Acids" semType="phsu, orch"/><RxNorm RxCui="1432391"/></Normalization></entity><entity charOffset="68:72" id="Dailymed.6660b616-a82d-9109-19ce-2bdf9747acea.s.44.e.2" text="rash" type="Specific_Interaction"><Normalization><mmtx cui="C0015230" phraseText="resulted in a rash." preferredWord="Exanthema" semType="dsyn"/></Normalization></entity><drugInteraction id="Dailymed.6660b616-a82d-9109-19ce-2bdf9747acea.s.44.ddi.1"><interaction trigger="Dailymed.6660b616-a82d-9109-19ce-2bdf9747acea.s.44.e.2"><relations><relation type="hasPrecipitant"><entity id="Dailymed.6660b616-a82d-9109-19ce-2bdf9747acea.s.44.e.0"/></relation><relation type="hasObject"><entity id="Dailymed.6660b616-a82d-9109-19ce-2bdf9747acea.s.44.e.1"/></relation></relations></interaction></drugInteraction><pair ddi="true" e1="Dailymed.6660b616-a82d-9109-19ce-2bdf9747acea.s.44.e.1" e2="Dailymed.6660b616-a82d-9109-19ce-2bdf9747acea.s.44.e.0" trigger="Dailymed.6660b616-a82d-9109-19ce-2bdf9747acea.s.44.e.2" type="Specific_Interaction"/></sentence><sentence id="Dailymed.6660b616-a82d-9109-19ce-2bdf9747acea.s.46" text="AHA chelates heavy metals-notably iron. " type="negative"><entity charOffset="34:38" id="Dailymed.6660b616-a82d-9109-19ce-2bdf9747acea.s.46.e.0" text="iron" type="Biomedical_Entity"><Normalization><mmtx cui="C1166521" phraseText="heavy metals-notably iron." preferredWord="Ferrum metallicum, Homeopathic preparation" semType="phsu"/><RxNorm RxCui="90176"/></Normalization></entity><entity charOffset="0:3" id="Dailymed.6660b616-a82d-9109-19ce-2bdf9747acea.s.46.e.1" text="aha" type="Biomedical_Entity"><Normalization><mmtx cui="C0772110" phraseText="AHA" preferredWord="Alpha Hydroxy Acids" semType="phsu, orch"/><RxNorm RxCui="1432391"/></Normalization></entity><pair ddi="false" e1="Dailymed.6660b616-a82d-9109-19ce-2bdf9747acea.s.46.e.1" e2="Dailymed.6660b616-a82d-9109-19ce-2bdf9747acea.s.46.e.0"/></sentence><sentence biomedicalEntities="2" id="Dailymed.6660b616-a82d-9109-19ce-2bdf9747acea.s.47" lineNumber="44" text="The absorption of iron and AHA from the intestinal lumen may be reduced when both drugs are taken concomitantly. " type="regular"><entity charOffset="18:22" id="Dailymed.6660b616-a82d-9109-19ce-2bdf9747acea.s.47.e.0" text="iron" type="Drug"><Normalization><mmtx cui="C0302583" phraseText="The absorption of iron" preferredWord="Iron" semType="bacs, phsu, elii"/><mmtx cui="C1166521" phraseText="The absorption of iron" preferredWord="Ferrum metallicum, Homeopathic preparation" semType="phsu"/><RxNorm RxCui="90176"/></Normalization></entity><entity charOffset="27:30" id="Dailymed.6660b616-a82d-9109-19ce-2bdf9747acea.s.47.e.1" text="AHA" type="Drug"><Normalization><mmtx cui="C0050451" phraseText="AHA from the intestinal lumen" preferredWord="acetohydroxamic acid" semType="phsu, orch"/><mmtx cui="C0772110" phraseText="AHA from the intestinal lumen" preferredWord="Alpha Hydroxy Acids" semType="phsu, orch"/><RxNorm RxCui="1432391"/></Normalization></entity><entity charOffset="4:14|31:71" id="Dailymed.6660b616-a82d-9109-19ce-2bdf9747acea.s.47.e.2" text="absorption from the intestinal lumen may be reduced" type="Specific_Interaction"/><drugInteraction id="Dailymed.6660b616-a82d-9109-19ce-2bdf9747acea.s.47.ddi.1"><interaction trigger="Dailymed.6660b616-a82d-9109-19ce-2bdf9747acea.s.47.e.2"><relations><relation type="hasPrecipitant"><entity id="Dailymed.6660b616-a82d-9109-19ce-2bdf9747acea.s.47.e.0"/></relation><relation type="hasObject"><entity id="Dailymed.6660b616-a82d-9109-19ce-2bdf9747acea.s.47.e.1"/></relation></relations></interaction></drugInteraction><pair ddi="true" e1="Dailymed.6660b616-a82d-9109-19ce-2bdf9747acea.s.47.e.0" e2="Dailymed.6660b616-a82d-9109-19ce-2bdf9747acea.s.47.e.1" trigger="Dailymed.6660b616-a82d-9109-19ce-2bdf9747acea.s.47.e.2" type="Specific_Interaction"/></sentence><positiveExamples number="2"/><negativeExamples number="18"/></document>