<?xml version="1.0" encoding="UTF-8" standalone="no"?><document setID="6b17b98b-e06d-42ed-925f-69aa2699dead"><labelDrug name="Dobutamine Hydrochloride in Dextrose"><Normalization/></labelDrug><generic name="Dobutamine Hydrochloride"/><sentence id="Dailymed.6b17b98b-e06d-42ed-925f-69aa2699dead.s.1" text="Drug Label for drug brand Dobutamine Hydrochloride in Dextrose, containing Dobutamine Hydrochloride." type="negative"><entity charOffset="26:50" id="Dailymed.6b17b98b-e06d-42ed-925f-69aa2699dead.s.1.e.0" text="dobutamine hydrochloride" type="Biomedical_Entity"><Normalization><mmtx cui="C0700450" phraseText="Drug Label for drug brand Dobutamine Hydrochloride" preferredWord="Dobutamine Hydrochloride" semType="phsu, orch"/><RxNorm RxCui="203121"/></Normalization></entity><entity charOffset="75:99" id="Dailymed.6b17b98b-e06d-42ed-925f-69aa2699dead.s.1.e.1" text="dobutamine hydrochloride" type="Biomedical_Entity"><Normalization><mmtx cui="C0700450" phraseText="Dobutamine Hydrochloride." preferredWord="Dobutamine Hydrochloride" semType="phsu, orch"/><RxNorm RxCui="203121"/></Normalization></entity><entity charOffset="54:62" id="Dailymed.6b17b98b-e06d-42ed-925f-69aa2699dead.s.1.e.2" text="dextrose" type="Biomedical_Entity"><Normalization><mmtx cui="C0017725" phraseText="in Dextrose," preferredWord="Glucose" semType="bacs, phsu, carb"/><RxNorm RxCui="4850"/></Normalization></entity><entity charOffset="0:19" id="Dailymed.6b17b98b-e06d-42ed-925f-69aa2699dead.s.1.e.3" text="drug drug" type="Biomedical_Entity"><Normalization><mmtx cui="C0013231" phraseText="Drug Label for drug brand Dobutamine Hydrochloride" preferredWord="Drugs, Non-Prescription" semType="phsu"/><RxNorm RxCui="NA"/></Normalization></entity><pair ddi="false" e1="Dailymed.6b17b98b-e06d-42ed-925f-69aa2699dead.s.1.e.0" e2="Dailymed.6b17b98b-e06d-42ed-925f-69aa2699dead.s.1.e.2"/><pair ddi="false" e1="Dailymed.6b17b98b-e06d-42ed-925f-69aa2699dead.s.1.e.3" e2="Dailymed.6b17b98b-e06d-42ed-925f-69aa2699dead.s.1.e.0"/><pair ddi="false" e1="Dailymed.6b17b98b-e06d-42ed-925f-69aa2699dead.s.1.e.2" e2="Dailymed.6b17b98b-e06d-42ed-925f-69aa2699dead.s.1.e.1"/><pair ddi="false" e1="Dailymed.6b17b98b-e06d-42ed-925f-69aa2699dead.s.1.e.3" e2="Dailymed.6b17b98b-e06d-42ed-925f-69aa2699dead.s.1.e.1"/><pair ddi="false" e1="Dailymed.6b17b98b-e06d-42ed-925f-69aa2699dead.s.1.e.3" e2="Dailymed.6b17b98b-e06d-42ed-925f-69aa2699dead.s.1.e.2"/></sentence><sentence id="Dailymed.6b17b98b-e06d-42ed-925f-69aa2699dead.s.3" text="Dobutamine Hydrochloride in 5% Dextrose Injection is contraindicated in patients with idiopathic hypertrophic subaortic stenosis and in patients who have shown previous manifestations of hypersensitivity to dobutamine." type="negative"><entity charOffset="0:24" id="Dailymed.6b17b98b-e06d-42ed-925f-69aa2699dead.s.3.e.0" text="dobutamine hydrochloride" type="Biomedical_Entity"><Normalization><mmtx cui="C0700450" phraseText="Dobutamine Hydrochloride in 5% Dextrose Injection" preferredWord="Dobutamine Hydrochloride" semType="phsu, orch"/><RxNorm RxCui="203121"/></Normalization></entity><entity charOffset="28:39" id="Dailymed.6b17b98b-e06d-42ed-925f-69aa2699dead.s.3.e.1" text="5 dextrose" type="Biomedical_Entity"><Normalization><mmtx cui="C0985452" phraseText="Dobutamine Hydrochloride in 5% Dextrose Injection" preferredWord="Glucose 50 MG/ML" semType="clnd"/><RxNorm RxCui="NA"/></Normalization></entity><entity charOffset="207:217" id="Dailymed.6b17b98b-e06d-42ed-925f-69aa2699dead.s.3.e.2" text="dobutamine" type="Biomedical_Entity"><Normalization><mmtx cui="C0012963" phraseText="to dobutamine." preferredWord="Dobutamine" semType="phsu, orch"/><RxNorm RxCui="203121"/></Normalization></entity><pair ddi="false" e1="Dailymed.6b17b98b-e06d-42ed-925f-69aa2699dead.s.3.e.0" e2="Dailymed.6b17b98b-e06d-42ed-925f-69aa2699dead.s.3.e.1"/><pair ddi="false" e1="Dailymed.6b17b98b-e06d-42ed-925f-69aa2699dead.s.3.e.0" e2="Dailymed.6b17b98b-e06d-42ed-925f-69aa2699dead.s.3.e.2"/><pair ddi="false" e1="Dailymed.6b17b98b-e06d-42ed-925f-69aa2699dead.s.3.e.1" e2="Dailymed.6b17b98b-e06d-42ed-925f-69aa2699dead.s.3.e.2"/></sentence><sentence id="Dailymed.6b17b98b-e06d-42ed-925f-69aa2699dead.s.4" text="Solutions containing dextrose may be contraindicated in patients with known allergy to corn or corn products." type="negative"><entity charOffset="87:91" id="Dailymed.6b17b98b-e06d-42ed-925f-69aa2699dead.s.4.e.0" text="corn" type="Biomedical_Entity"><Normalization><mmtx cui="C1095906" phraseText="to corn" preferredWord="corn extract" semType="phsu"/><RxNorm RxCui="1323308"/></Normalization></entity><entity charOffset="95:99" id="Dailymed.6b17b98b-e06d-42ed-925f-69aa2699dead.s.4.e.1" text="corn" type="Biomedical_Entity"><Normalization><mmtx cui="C1095906" phraseText="corn products." preferredWord="corn extract" semType="phsu"/><RxNorm RxCui="1323308"/></Normalization></entity><entity charOffset="21:29" id="Dailymed.6b17b98b-e06d-42ed-925f-69aa2699dead.s.4.e.2" text="dextrose" type="Biomedical_Entity"><Normalization><mmtx cui="C0017725" phraseText="dextrose" preferredWord="Glucose" semType="bacs, phsu, carb"/><RxNorm RxCui="4850"/></Normalization></entity><pair ddi="false" e1="Dailymed.6b17b98b-e06d-42ed-925f-69aa2699dead.s.4.e.2" e2="Dailymed.6b17b98b-e06d-42ed-925f-69aa2699dead.s.4.e.0"/><pair ddi="false" e1="Dailymed.6b17b98b-e06d-42ed-925f-69aa2699dead.s.4.e.2" e2="Dailymed.6b17b98b-e06d-42ed-925f-69aa2699dead.s.4.e.1"/></sentence><sentence id="Dailymed.6b17b98b-e06d-42ed-925f-69aa2699dead.s.7" text="Dobutamine Hydrochloride in 5% Dextrose Injection may cause a marked increase in heart rate or blood pressure, especially systolic pressure. " type="negative"><entity charOffset="0:24" id="Dailymed.6b17b98b-e06d-42ed-925f-69aa2699dead.s.7.e.0" text="dobutamine hydrochloride" type="Biomedical_Entity"><Normalization><mmtx cui="C0700450" phraseText="Dobutamine Hydrochloride in 5% Dextrose Injection" preferredWord="Dobutamine Hydrochloride" semType="phsu, orch"/><RxNorm RxCui="203121"/></Normalization></entity><entity charOffset="28:39" id="Dailymed.6b17b98b-e06d-42ed-925f-69aa2699dead.s.7.e.1" text="5 dextrose" type="Biomedical_Entity"><Normalization><mmtx cui="C0985452" phraseText="Dobutamine Hydrochloride in 5% Dextrose Injection" preferredWord="Glucose 50 MG/ML" semType="clnd"/><RxNorm RxCui="NA"/></Normalization></entity><pair ddi="false" e1="Dailymed.6b17b98b-e06d-42ed-925f-69aa2699dead.s.7.e.0" e2="Dailymed.6b17b98b-e06d-42ed-925f-69aa2699dead.s.7.e.1"/></sentence><sentence id="Dailymed.6b17b98b-e06d-42ed-925f-69aa2699dead.s.12" text="In patients who have atrial fibrillation with rapid ventricular response, a digitalis preparation should be used prior to institution of therapy with Dobutamine in D5W." type="negative"><entity charOffset="150:160" id="Dailymed.6b17b98b-e06d-42ed-925f-69aa2699dead.s.12.e.0" text="dobutamine" type="Biomedical_Entity"><Normalization><mmtx cui="C0012963" phraseText="with Dobutamine" preferredWord="Dobutamine" semType="phsu, orch"/><RxNorm RxCui="203121"/></Normalization></entity><entity charOffset="76:97" id="Dailymed.6b17b98b-e06d-42ed-925f-69aa2699dead.s.12.e.1" text="digitalis preparation" type="Biomedical_Entity"><Normalization><mmtx cui="C0304520" phraseText="a digitalis preparation" preferredWord="Digitalis preparation" semType="phsu, carb"/><RxNorm RxCui="91235"/></Normalization></entity><pair ddi="false" e1="Dailymed.6b17b98b-e06d-42ed-925f-69aa2699dead.s.12.e.1" e2="Dailymed.6b17b98b-e06d-42ed-925f-69aa2699dead.s.12.e.0"/></sentence><sentence id="Dailymed.6b17b98b-e06d-42ed-925f-69aa2699dead.s.14" text="Dobutamine Hydrochloride in 5% Dextrose Injection may precipitate or exacerbate ventricular ectopic activity, but it rarely has caused ventricular tachycardia." type="negative"><entity charOffset="0:24" id="Dailymed.6b17b98b-e06d-42ed-925f-69aa2699dead.s.14.e.0" text="dobutamine hydrochloride" type="Biomedical_Entity"><Normalization><mmtx cui="C0700450" phraseText="Dobutamine Hydrochloride in 5% Dextrose Injection" preferredWord="Dobutamine Hydrochloride" semType="phsu, orch"/><RxNorm RxCui="203121"/></Normalization></entity><entity charOffset="28:39" id="Dailymed.6b17b98b-e06d-42ed-925f-69aa2699dead.s.14.e.1" text="5 dextrose" type="Biomedical_Entity"><Normalization><mmtx cui="C0985452" phraseText="Dobutamine Hydrochloride in 5% Dextrose Injection" preferredWord="Glucose 50 MG/ML" semType="clnd"/><RxNorm RxCui="NA"/></Normalization></entity><pair ddi="false" e1="Dailymed.6b17b98b-e06d-42ed-925f-69aa2699dead.s.14.e.0" e2="Dailymed.6b17b98b-e06d-42ed-925f-69aa2699dead.s.14.e.1"/></sentence><sentence id="Dailymed.6b17b98b-e06d-42ed-925f-69aa2699dead.s.17" text="Dobutamine Hydrochloride in 5% Dextrose Injection contains sodium bisulfite, a sulfite that may cause allergic-type reactions, including anaphylactic symptoms and life-threatening or less severe asthmatic episodes, in certain susceptible people. " type="negative"><entity charOffset="59:75" id="Dailymed.6b17b98b-e06d-42ed-925f-69aa2699dead.s.17.e.0" text="sodium bisulfite" type="Biomedical_Entity"><Normalization><mmtx cui="C0074726" phraseText="sodium bisulfite," preferredWord="sodium bisulfite" semType="inch, phsu"/><RxNorm RxCui="9853"/></Normalization></entity><entity charOffset="28:39" id="Dailymed.6b17b98b-e06d-42ed-925f-69aa2699dead.s.17.e.1" text="5 dextrose" type="Biomedical_Entity"><Normalization><mmtx cui="C0985452" phraseText="Dobutamine Hydrochloride in 5% Dextrose Injection" preferredWord="Glucose 50 MG/ML" semType="clnd"/><RxNorm RxCui="NA"/></Normalization></entity><entity charOffset="0:24" id="Dailymed.6b17b98b-e06d-42ed-925f-69aa2699dead.s.17.e.2" text="dobutamine hydrochloride" type="Biomedical_Entity"><Normalization><mmtx cui="C0700450" phraseText="Dobutamine Hydrochloride in 5% Dextrose Injection" preferredWord="Dobutamine Hydrochloride" semType="phsu, orch"/><RxNorm RxCui="203121"/></Normalization></entity><pair ddi="false" e1="Dailymed.6b17b98b-e06d-42ed-925f-69aa2699dead.s.17.e.1" e2="Dailymed.6b17b98b-e06d-42ed-925f-69aa2699dead.s.17.e.0"/><pair ddi="false" e1="Dailymed.6b17b98b-e06d-42ed-925f-69aa2699dead.s.17.e.2" e2="Dailymed.6b17b98b-e06d-42ed-925f-69aa2699dead.s.17.e.0"/><pair ddi="false" e1="Dailymed.6b17b98b-e06d-42ed-925f-69aa2699dead.s.17.e.2" e2="Dailymed.6b17b98b-e06d-42ed-925f-69aa2699dead.s.17.e.1"/></sentence><sentence id="Dailymed.6b17b98b-e06d-42ed-925f-69aa2699dead.s.21" text="The intravenous administration of solutions may cause fluid overloading resulting in dilution of serum electrolyte concentrations, overhydration, congested states or pulmonary edema. " type="negative"><entity charOffset="103:114" id="Dailymed.6b17b98b-e06d-42ed-925f-69aa2699dead.s.21.e.0" text="electrolyte" type="Biomedical_Entity"><Normalization><mmtx cui="C3536863" phraseText="resulting in dilution of serum electrolyte concentrations," preferredWord="Electrolyte [EPC]" semType="phsu"/><RxNorm RxCui="3793"/></Normalization></entity><entity charOffset="146:155" id="Dailymed.6b17b98b-e06d-42ed-925f-69aa2699dead.s.21.e.1" text="congested" type="Biomedical_Entity"><Normalization><mmtx cui="C0700150" phraseText="congested" preferredWord="Congest" semType="strd, phsu, horm"/><RxNorm RxCui="1096425"/></Normalization></entity><pair ddi="false" e1="Dailymed.6b17b98b-e06d-42ed-925f-69aa2699dead.s.21.e.0" e2="Dailymed.6b17b98b-e06d-42ed-925f-69aa2699dead.s.21.e.1"/></sentence><sentence id="Dailymed.6b17b98b-e06d-42ed-925f-69aa2699dead.s.23" text="The risk of solute overload causing congested states with peripheral and pulmonary edema is directly proportional to the electrolyte concentration of the injections." type="negative"><entity charOffset="121:132" id="Dailymed.6b17b98b-e06d-42ed-925f-69aa2699dead.s.23.e.0" text="electrolyte" type="Biomedical_Entity"><Normalization><mmtx cui="C0013832" phraseText="directly proportional to the electrolyte concentration of the injections." preferredWord="Electrolytes" semType="inch, phsu"/><RxNorm RxCui="3793"/></Normalization></entity><entity charOffset="36:45" id="Dailymed.6b17b98b-e06d-42ed-925f-69aa2699dead.s.23.e.1" text="congested" type="Biomedical_Entity"><Normalization><mmtx cui="C0700150" phraseText="congested states with peripheral" preferredWord="Congest" semType="strd, phsu, horm"/><RxNorm RxCui="1096425"/></Normalization></entity><pair ddi="false" e1="Dailymed.6b17b98b-e06d-42ed-925f-69aa2699dead.s.23.e.1" e2="Dailymed.6b17b98b-e06d-42ed-925f-69aa2699dead.s.23.e.0"/></sentence><sentence id="Dailymed.6b17b98b-e06d-42ed-925f-69aa2699dead.s.27" text="During the administration of Dobutamine Hydrochloride in 5% Dextrose Injection, as with any adrenergic agent, ECG and blood pressure should be continuously monitored. " type="negative"><entity charOffset="92:108" id="Dailymed.6b17b98b-e06d-42ed-925f-69aa2699dead.s.27.e.0" text="adrenergic agent" type="Biomedical_Entity"><Normalization><mmtx cui="C0001637" phraseText="as with any adrenergic agent," preferredWord="Adrenergic Agents" semType="phsu"/><RxNorm RxCui="1430615"/></Normalization></entity><entity charOffset="57:68" id="Dailymed.6b17b98b-e06d-42ed-925f-69aa2699dead.s.27.e.1" text="5 dextrose" type="Biomedical_Entity"><Normalization><mmtx cui="C0985452" phraseText="in 5% Dextrose Injection," preferredWord="Glucose 50 MG/ML" semType="clnd"/><RxNorm RxCui="NA"/></Normalization></entity><entity charOffset="29:53" id="Dailymed.6b17b98b-e06d-42ed-925f-69aa2699dead.s.27.e.2" text="dobutamine hydrochloride" type="Biomedical_Entity"><Normalization><mmtx cui="C0700450" phraseText="of Dobutamine Hydrochloride" preferredWord="Dobutamine Hydrochloride" semType="phsu, orch"/><RxNorm RxCui="203121"/></Normalization></entity><pair ddi="false" e1="Dailymed.6b17b98b-e06d-42ed-925f-69aa2699dead.s.27.e.1" e2="Dailymed.6b17b98b-e06d-42ed-925f-69aa2699dead.s.27.e.0"/><pair ddi="false" e1="Dailymed.6b17b98b-e06d-42ed-925f-69aa2699dead.s.27.e.2" e2="Dailymed.6b17b98b-e06d-42ed-925f-69aa2699dead.s.27.e.0"/><pair ddi="false" e1="Dailymed.6b17b98b-e06d-42ed-925f-69aa2699dead.s.27.e.2" e2="Dailymed.6b17b98b-e06d-42ed-925f-69aa2699dead.s.27.e.1"/></sentence><sentence id="Dailymed.6b17b98b-e06d-42ed-925f-69aa2699dead.s.29" text="Hypovolemia should be corrected with suitable volume expanders before treatment with dobutamine is instituted." type="negative"><entity charOffset="46:62" id="Dailymed.6b17b98b-e06d-42ed-925f-69aa2699dead.s.29.e.0" text="volume expanders" type="Biomedical_Entity"><Normalization><mmtx cui="C1875865" phraseText="corrected with suitable volume expanders" preferredWord="VOLUME EXPANDERS" semType="phsu"/><RxNorm RxCui="691938"/></Normalization></entity><entity charOffset="85:95" id="Dailymed.6b17b98b-e06d-42ed-925f-69aa2699dead.s.29.e.1" text="dobutamine" type="Biomedical_Entity"><Normalization><mmtx cui="C0012963" phraseText="with dobutamine" preferredWord="Dobutamine" semType="phsu, orch"/><RxNorm RxCui="203121"/></Normalization></entity><pair ddi="false" e1="Dailymed.6b17b98b-e06d-42ed-925f-69aa2699dead.s.29.e.0" e2="Dailymed.6b17b98b-e06d-42ed-925f-69aa2699dead.s.29.e.1"/></sentence><sentence biomedicalEntities="2" id="Dailymed.6b17b98b-e06d-42ed-925f-69aa2699dead.s.30" lineNumber="38" text="Animal studies indicate that dobutamine may be ineffective if the patient has recently received a -blocking drug. " type="regular"><entity charOffset="47:58" id="Dailymed.6b17b98b-e06d-42ed-925f-69aa2699dead.s.30.e.1" text="ineffective" type="Decrease_Interaction"/><entity charOffset="29:39" id="Dailymed.6b17b98b-e06d-42ed-925f-69aa2699dead.s.30.e.2" text="dobutamine" type="Drug"><Normalization><mmtx cui="C0012963" phraseText="that dobutamine" preferredWord="Dobutamine" semType="phsu, orch"/><RxNorm RxCui="203121"/></Normalization></entity><entity charOffset="98:112" id="Dailymed.6b17b98b-e06d-42ed-925f-69aa2699dead.s.30.e.3" text="-blocking drug" type="Drug_Class"><Normalization><mmtx cui="C0013227" phraseText="a -blocking drug." preferredWord="Pharmaceutical Preparations" semType="phsu"/><mmtx cui="C1254351" phraseText="a -blocking drug." preferredWord="Pharmacologic Substance" semType="phsu"/><RxNorm RxCui="1023276"/></Normalization></entity><entity charOffset="0:14" id="Dailymed.6b17b98b-e06d-42ed-925f-69aa2699dead.s.30.e.4" text="Animal studies" type="SPAN"/><drugInteraction id="Dailymed.6b17b98b-e06d-42ed-925f-69aa2699dead.s.30.ddi.1"><interaction trigger="Dailymed.6b17b98b-e06d-42ed-925f-69aa2699dead.s.30.e.1"><relations><relation type="hasPrecipitant"><entity id="Dailymed.6b17b98b-e06d-42ed-925f-69aa2699dead.s.30.e.3"/></relation><relation type="hasObject"><entity id="Dailymed.6b17b98b-e06d-42ed-925f-69aa2699dead.s.30.e.2"/></relation><relation type="hasEvidence"><entity id="Dailymed.6b17b98b-e06d-42ed-925f-69aa2699dead.s.30.e.4"/></relation></relations></interaction></drugInteraction><pair ddi="true" e1="Dailymed.6b17b98b-e06d-42ed-925f-69aa2699dead.s.30.e.2" e2="Dailymed.6b17b98b-e06d-42ed-925f-69aa2699dead.s.30.e.3" evidence="Dailymed.6b17b98b-e06d-42ed-925f-69aa2699dead.s.30.e.4" trigger="Dailymed.6b17b98b-e06d-42ed-925f-69aa2699dead.s.30.e.1" type="Decrease_Interaction"/></sentence><sentence id="Dailymed.6b17b98b-e06d-42ed-925f-69aa2699dead.s.40" text="There was no evidence of drug interactions in clinical studies in which dobutamine was administered concurrently with other drugs, including digitalis preparations, furosemide, spironolactone, lidocaine, glyceryl trinitrate, isosorbide dinitrate, morphine, atropine, heparin, protamine, potassium chloride, folic acid, and acetaminophen. " type="negative"><entity charOffset="165:175" id="Dailymed.6b17b98b-e06d-42ed-925f-69aa2699dead.s.40.e.0" text="furosemide" type="Biomedical_Entity"><Normalization><mmtx cui="C0016860" phraseText="furosemide," preferredWord="Furosemide" semType="phsu, orch"/><RxNorm RxCui="4603"/></Normalization></entity><entity charOffset="323:336" id="Dailymed.6b17b98b-e06d-42ed-925f-69aa2699dead.s.40.e.1" text="acetaminophen" type="Biomedical_Entity"><Normalization><mmtx cui="C2917659" phraseText="acetaminophen." preferredWord="Acetaminophen [EPC]" semType="phsu"/><RxNorm RxCui="161"/></Normalization></entity><entity charOffset="141:163" id="Dailymed.6b17b98b-e06d-42ed-925f-69aa2699dead.s.40.e.2" text="digitalis preparations" type="Biomedical_Entity"><Normalization><mmtx cui="C0304520" phraseText="digitalis preparations," preferredWord="Digitalis preparation" semType="phsu, carb"/><RxNorm RxCui="91235"/></Normalization></entity><entity charOffset="204:223" id="Dailymed.6b17b98b-e06d-42ed-925f-69aa2699dead.s.40.e.3" text="glyceryl trinitrate" type="Biomedical_Entity"><Normalization><mmtx cui="C0017887" phraseText="glyceryl trinitrate," preferredWord="Nitroglycerin" semType="phsu, orch"/><RxNorm RxCui="1432297"/></Normalization></entity><entity charOffset="267:274" id="Dailymed.6b17b98b-e06d-42ed-925f-69aa2699dead.s.40.e.4" text="heparin" type="Biomedical_Entity"><Normalization><mmtx cui="C0019134" phraseText="heparin," preferredWord="Heparin" semType="bacs, phsu, carb"/><RxNorm RxCui="5224"/></Normalization></entity><entity charOffset="193:202" id="Dailymed.6b17b98b-e06d-42ed-925f-69aa2699dead.s.40.e.5" text="lidocaine" type="Biomedical_Entity"><Normalization><mmtx cui="C0023660" phraseText="lidocaine," preferredWord="Lidocaine" semType="phsu, orch"/><RxNorm RxCui="6387"/></Normalization></entity><entity charOffset="276:285" id="Dailymed.6b17b98b-e06d-42ed-925f-69aa2699dead.s.40.e.6" text="protamine" type="Biomedical_Entity"><Normalization><mmtx cui="C0033603" phraseText="protamine," preferredWord="Protamines" semType="bacs, phsu, aapp"/><RxNorm RxCui="236471"/></Normalization></entity><entity charOffset="287:305" id="Dailymed.6b17b98b-e06d-42ed-925f-69aa2699dead.s.40.e.7" text="potassium chloride" type="Biomedical_Entity"><Normalization><mmtx cui="C0032825" phraseText="potassium chloride," preferredWord="Potassium Chloride" semType="inch, phsu"/><RxNorm RxCui="8588"/></Normalization></entity><entity charOffset="72:82" id="Dailymed.6b17b98b-e06d-42ed-925f-69aa2699dead.s.40.e.8" text="dobutamine" type="Biomedical_Entity"><Normalization><mmtx cui="C0012963" phraseText="in which dobutamine" preferredWord="Dobutamine" semType="phsu, orch"/><RxNorm RxCui="203121"/></Normalization></entity><entity charOffset="307:317" id="Dailymed.6b17b98b-e06d-42ed-925f-69aa2699dead.s.40.e.9" text="folic acid" type="Biomedical_Entity"><Normalization><mmtx cui="C0016410" phraseText="folic acid," preferredWord="Folic Acid" semType="phsu, orch, vita"/><RxNorm RxCui="4511"/></Normalization></entity><entity charOffset="225:245" id="Dailymed.6b17b98b-e06d-42ed-925f-69aa2699dead.s.40.e.10" text="isosorbide dinitrate" type="Biomedical_Entity"><Normalization><mmtx cui="C0022252" phraseText="isosorbide dinitrate," preferredWord="Isosorbide Dinitrate" semType="phsu, orch"/><RxNorm RxCui="6057"/></Normalization></entity><entity charOffset="257:265" id="Dailymed.6b17b98b-e06d-42ed-925f-69aa2699dead.s.40.e.11" text="atropine" type="Biomedical_Entity"><Normalization><mmtx cui="C1161352" phraseText="atropine," preferredWord="Atropinum, atropine" semType="phsu"/><RxNorm RxCui="1223"/></Normalization></entity><entity charOffset="247:255" id="Dailymed.6b17b98b-e06d-42ed-925f-69aa2699dead.s.40.e.12" text="morphine" type="Biomedical_Entity"><Normalization><mmtx cui="C0026549" phraseText="morphine," preferredWord="Morphine" semType="phsu, orch"/><RxNorm RxCui="235751"/></Normalization></entity><entity charOffset="177:191" id="Dailymed.6b17b98b-e06d-42ed-925f-69aa2699dead.s.40.e.13" text="spironolactone" type="Biomedical_Entity"><Normalization><mmtx cui="C0037982" phraseText="spironolactone," preferredWord="Spironolactone" semType="strd, phsu"/><RxNorm RxCui="9997"/></Normalization></entity><pair ddi="false" e1="Dailymed.6b17b98b-e06d-42ed-925f-69aa2699dead.s.40.e.0" e2="Dailymed.6b17b98b-e06d-42ed-925f-69aa2699dead.s.40.e.1"/><pair ddi="false" e1="Dailymed.6b17b98b-e06d-42ed-925f-69aa2699dead.s.40.e.2" e2="Dailymed.6b17b98b-e06d-42ed-925f-69aa2699dead.s.40.e.0"/><pair ddi="false" e1="Dailymed.6b17b98b-e06d-42ed-925f-69aa2699dead.s.40.e.0" e2="Dailymed.6b17b98b-e06d-42ed-925f-69aa2699dead.s.40.e.3"/><pair ddi="false" e1="Dailymed.6b17b98b-e06d-42ed-925f-69aa2699dead.s.40.e.0" e2="Dailymed.6b17b98b-e06d-42ed-925f-69aa2699dead.s.40.e.4"/><pair ddi="false" e1="Dailymed.6b17b98b-e06d-42ed-925f-69aa2699dead.s.40.e.0" e2="Dailymed.6b17b98b-e06d-42ed-925f-69aa2699dead.s.40.e.5"/><pair ddi="false" e1="Dailymed.6b17b98b-e06d-42ed-925f-69aa2699dead.s.40.e.0" e2="Dailymed.6b17b98b-e06d-42ed-925f-69aa2699dead.s.40.e.6"/><pair ddi="false" e1="Dailymed.6b17b98b-e06d-42ed-925f-69aa2699dead.s.40.e.0" e2="Dailymed.6b17b98b-e06d-42ed-925f-69aa2699dead.s.40.e.7"/><pair ddi="false" e1="Dailymed.6b17b98b-e06d-42ed-925f-69aa2699dead.s.40.e.8" e2="Dailymed.6b17b98b-e06d-42ed-925f-69aa2699dead.s.40.e.0"/><pair ddi="false" e1="Dailymed.6b17b98b-e06d-42ed-925f-69aa2699dead.s.40.e.0" e2="Dailymed.6b17b98b-e06d-42ed-925f-69aa2699dead.s.40.e.9"/><pair ddi="false" e1="Dailymed.6b17b98b-e06d-42ed-925f-69aa2699dead.s.40.e.0" e2="Dailymed.6b17b98b-e06d-42ed-925f-69aa2699dead.s.40.e.10"/><pair ddi="false" e1="Dailymed.6b17b98b-e06d-42ed-925f-69aa2699dead.s.40.e.0" e2="Dailymed.6b17b98b-e06d-42ed-925f-69aa2699dead.s.40.e.11"/><pair ddi="false" e1="Dailymed.6b17b98b-e06d-42ed-925f-69aa2699dead.s.40.e.0" e2="Dailymed.6b17b98b-e06d-42ed-925f-69aa2699dead.s.40.e.12"/><pair ddi="false" e1="Dailymed.6b17b98b-e06d-42ed-925f-69aa2699dead.s.40.e.0" e2="Dailymed.6b17b98b-e06d-42ed-925f-69aa2699dead.s.40.e.13"/><pair ddi="false" e1="Dailymed.6b17b98b-e06d-42ed-925f-69aa2699dead.s.40.e.2" e2="Dailymed.6b17b98b-e06d-42ed-925f-69aa2699dead.s.40.e.1"/><pair ddi="false" e1="Dailymed.6b17b98b-e06d-42ed-925f-69aa2699dead.s.40.e.3" e2="Dailymed.6b17b98b-e06d-42ed-925f-69aa2699dead.s.40.e.1"/><pair ddi="false" e1="Dailymed.6b17b98b-e06d-42ed-925f-69aa2699dead.s.40.e.4" e2="Dailymed.6b17b98b-e06d-42ed-925f-69aa2699dead.s.40.e.1"/><pair ddi="false" e1="Dailymed.6b17b98b-e06d-42ed-925f-69aa2699dead.s.40.e.5" e2="Dailymed.6b17b98b-e06d-42ed-925f-69aa2699dead.s.40.e.1"/><pair ddi="false" e1="Dailymed.6b17b98b-e06d-42ed-925f-69aa2699dead.s.40.e.6" e2="Dailymed.6b17b98b-e06d-42ed-925f-69aa2699dead.s.40.e.1"/><pair ddi="false" e1="Dailymed.6b17b98b-e06d-42ed-925f-69aa2699dead.s.40.e.7" e2="Dailymed.6b17b98b-e06d-42ed-925f-69aa2699dead.s.40.e.1"/><pair ddi="false" e1="Dailymed.6b17b98b-e06d-42ed-925f-69aa2699dead.s.40.e.8" e2="Dailymed.6b17b98b-e06d-42ed-925f-69aa2699dead.s.40.e.1"/><pair ddi="false" e1="Dailymed.6b17b98b-e06d-42ed-925f-69aa2699dead.s.40.e.9" e2="Dailymed.6b17b98b-e06d-42ed-925f-69aa2699dead.s.40.e.1"/><pair ddi="false" e1="Dailymed.6b17b98b-e06d-42ed-925f-69aa2699dead.s.40.e.10" e2="Dailymed.6b17b98b-e06d-42ed-925f-69aa2699dead.s.40.e.1"/><pair ddi="false" e1="Dailymed.6b17b98b-e06d-42ed-925f-69aa2699dead.s.40.e.11" e2="Dailymed.6b17b98b-e06d-42ed-925f-69aa2699dead.s.40.e.1"/><pair ddi="false" e1="Dailymed.6b17b98b-e06d-42ed-925f-69aa2699dead.s.40.e.12" e2="Dailymed.6b17b98b-e06d-42ed-925f-69aa2699dead.s.40.e.1"/><pair ddi="false" e1="Dailymed.6b17b98b-e06d-42ed-925f-69aa2699dead.s.40.e.13" e2="Dailymed.6b17b98b-e06d-42ed-925f-69aa2699dead.s.40.e.1"/><pair ddi="false" e1="Dailymed.6b17b98b-e06d-42ed-925f-69aa2699dead.s.40.e.2" e2="Dailymed.6b17b98b-e06d-42ed-925f-69aa2699dead.s.40.e.3"/><pair ddi="false" e1="Dailymed.6b17b98b-e06d-42ed-925f-69aa2699dead.s.40.e.2" e2="Dailymed.6b17b98b-e06d-42ed-925f-69aa2699dead.s.40.e.4"/><pair ddi="false" e1="Dailymed.6b17b98b-e06d-42ed-925f-69aa2699dead.s.40.e.2" e2="Dailymed.6b17b98b-e06d-42ed-925f-69aa2699dead.s.40.e.5"/><pair ddi="false" e1="Dailymed.6b17b98b-e06d-42ed-925f-69aa2699dead.s.40.e.2" e2="Dailymed.6b17b98b-e06d-42ed-925f-69aa2699dead.s.40.e.6"/><pair ddi="false" e1="Dailymed.6b17b98b-e06d-42ed-925f-69aa2699dead.s.40.e.2" e2="Dailymed.6b17b98b-e06d-42ed-925f-69aa2699dead.s.40.e.7"/><pair ddi="false" e1="Dailymed.6b17b98b-e06d-42ed-925f-69aa2699dead.s.40.e.8" e2="Dailymed.6b17b98b-e06d-42ed-925f-69aa2699dead.s.40.e.2"/><pair ddi="false" e1="Dailymed.6b17b98b-e06d-42ed-925f-69aa2699dead.s.40.e.2" e2="Dailymed.6b17b98b-e06d-42ed-925f-69aa2699dead.s.40.e.9"/><pair ddi="false" e1="Dailymed.6b17b98b-e06d-42ed-925f-69aa2699dead.s.40.e.2" e2="Dailymed.6b17b98b-e06d-42ed-925f-69aa2699dead.s.40.e.10"/><pair ddi="false" e1="Dailymed.6b17b98b-e06d-42ed-925f-69aa2699dead.s.40.e.2" e2="Dailymed.6b17b98b-e06d-42ed-925f-69aa2699dead.s.40.e.11"/><pair ddi="false" e1="Dailymed.6b17b98b-e06d-42ed-925f-69aa2699dead.s.40.e.2" e2="Dailymed.6b17b98b-e06d-42ed-925f-69aa2699dead.s.40.e.12"/><pair ddi="false" e1="Dailymed.6b17b98b-e06d-42ed-925f-69aa2699dead.s.40.e.2" e2="Dailymed.6b17b98b-e06d-42ed-925f-69aa2699dead.s.40.e.13"/><pair ddi="false" e1="Dailymed.6b17b98b-e06d-42ed-925f-69aa2699dead.s.40.e.3" e2="Dailymed.6b17b98b-e06d-42ed-925f-69aa2699dead.s.40.e.4"/><pair ddi="false" e1="Dailymed.6b17b98b-e06d-42ed-925f-69aa2699dead.s.40.e.5" e2="Dailymed.6b17b98b-e06d-42ed-925f-69aa2699dead.s.40.e.3"/><pair ddi="false" e1="Dailymed.6b17b98b-e06d-42ed-925f-69aa2699dead.s.40.e.3" e2="Dailymed.6b17b98b-e06d-42ed-925f-69aa2699dead.s.40.e.6"/><pair ddi="false" e1="Dailymed.6b17b98b-e06d-42ed-925f-69aa2699dead.s.40.e.3" e2="Dailymed.6b17b98b-e06d-42ed-925f-69aa2699dead.s.40.e.7"/><pair ddi="false" e1="Dailymed.6b17b98b-e06d-42ed-925f-69aa2699dead.s.40.e.8" e2="Dailymed.6b17b98b-e06d-42ed-925f-69aa2699dead.s.40.e.3"/><pair ddi="false" e1="Dailymed.6b17b98b-e06d-42ed-925f-69aa2699dead.s.40.e.3" e2="Dailymed.6b17b98b-e06d-42ed-925f-69aa2699dead.s.40.e.9"/><pair ddi="false" e1="Dailymed.6b17b98b-e06d-42ed-925f-69aa2699dead.s.40.e.3" e2="Dailymed.6b17b98b-e06d-42ed-925f-69aa2699dead.s.40.e.10"/><pair ddi="false" e1="Dailymed.6b17b98b-e06d-42ed-925f-69aa2699dead.s.40.e.3" e2="Dailymed.6b17b98b-e06d-42ed-925f-69aa2699dead.s.40.e.11"/><pair ddi="false" e1="Dailymed.6b17b98b-e06d-42ed-925f-69aa2699dead.s.40.e.3" e2="Dailymed.6b17b98b-e06d-42ed-925f-69aa2699dead.s.40.e.12"/><pair ddi="false" e1="Dailymed.6b17b98b-e06d-42ed-925f-69aa2699dead.s.40.e.13" e2="Dailymed.6b17b98b-e06d-42ed-925f-69aa2699dead.s.40.e.3"/><pair ddi="false" e1="Dailymed.6b17b98b-e06d-42ed-925f-69aa2699dead.s.40.e.5" e2="Dailymed.6b17b98b-e06d-42ed-925f-69aa2699dead.s.40.e.4"/><pair ddi="false" e1="Dailymed.6b17b98b-e06d-42ed-925f-69aa2699dead.s.40.e.4" e2="Dailymed.6b17b98b-e06d-42ed-925f-69aa2699dead.s.40.e.6"/><pair ddi="false" e1="Dailymed.6b17b98b-e06d-42ed-925f-69aa2699dead.s.40.e.4" e2="Dailymed.6b17b98b-e06d-42ed-925f-69aa2699dead.s.40.e.7"/><pair ddi="false" e1="Dailymed.6b17b98b-e06d-42ed-925f-69aa2699dead.s.40.e.8" e2="Dailymed.6b17b98b-e06d-42ed-925f-69aa2699dead.s.40.e.4"/><pair ddi="false" e1="Dailymed.6b17b98b-e06d-42ed-925f-69aa2699dead.s.40.e.4" e2="Dailymed.6b17b98b-e06d-42ed-925f-69aa2699dead.s.40.e.9"/><pair ddi="false" e1="Dailymed.6b17b98b-e06d-42ed-925f-69aa2699dead.s.40.e.10" e2="Dailymed.6b17b98b-e06d-42ed-925f-69aa2699dead.s.40.e.4"/><pair ddi="false" e1="Dailymed.6b17b98b-e06d-42ed-925f-69aa2699dead.s.40.e.11" e2="Dailymed.6b17b98b-e06d-42ed-925f-69aa2699dead.s.40.e.4"/><pair ddi="false" e1="Dailymed.6b17b98b-e06d-42ed-925f-69aa2699dead.s.40.e.12" e2="Dailymed.6b17b98b-e06d-42ed-925f-69aa2699dead.s.40.e.4"/><pair ddi="false" e1="Dailymed.6b17b98b-e06d-42ed-925f-69aa2699dead.s.40.e.13" e2="Dailymed.6b17b98b-e06d-42ed-925f-69aa2699dead.s.40.e.4"/><pair ddi="false" e1="Dailymed.6b17b98b-e06d-42ed-925f-69aa2699dead.s.40.e.5" e2="Dailymed.6b17b98b-e06d-42ed-925f-69aa2699dead.s.40.e.6"/><pair ddi="false" e1="Dailymed.6b17b98b-e06d-42ed-925f-69aa2699dead.s.40.e.5" e2="Dailymed.6b17b98b-e06d-42ed-925f-69aa2699dead.s.40.e.7"/><pair ddi="false" e1="Dailymed.6b17b98b-e06d-42ed-925f-69aa2699dead.s.40.e.8" e2="Dailymed.6b17b98b-e06d-42ed-925f-69aa2699dead.s.40.e.5"/><pair ddi="false" e1="Dailymed.6b17b98b-e06d-42ed-925f-69aa2699dead.s.40.e.5" e2="Dailymed.6b17b98b-e06d-42ed-925f-69aa2699dead.s.40.e.9"/><pair ddi="false" e1="Dailymed.6b17b98b-e06d-42ed-925f-69aa2699dead.s.40.e.5" e2="Dailymed.6b17b98b-e06d-42ed-925f-69aa2699dead.s.40.e.10"/><pair ddi="false" e1="Dailymed.6b17b98b-e06d-42ed-925f-69aa2699dead.s.40.e.5" e2="Dailymed.6b17b98b-e06d-42ed-925f-69aa2699dead.s.40.e.11"/><pair ddi="false" e1="Dailymed.6b17b98b-e06d-42ed-925f-69aa2699dead.s.40.e.5" e2="Dailymed.6b17b98b-e06d-42ed-925f-69aa2699dead.s.40.e.12"/><pair ddi="false" e1="Dailymed.6b17b98b-e06d-42ed-925f-69aa2699dead.s.40.e.13" e2="Dailymed.6b17b98b-e06d-42ed-925f-69aa2699dead.s.40.e.5"/><pair ddi="false" e1="Dailymed.6b17b98b-e06d-42ed-925f-69aa2699dead.s.40.e.6" e2="Dailymed.6b17b98b-e06d-42ed-925f-69aa2699dead.s.40.e.7"/><pair ddi="false" e1="Dailymed.6b17b98b-e06d-42ed-925f-69aa2699dead.s.40.e.8" e2="Dailymed.6b17b98b-e06d-42ed-925f-69aa2699dead.s.40.e.6"/><pair ddi="false" e1="Dailymed.6b17b98b-e06d-42ed-925f-69aa2699dead.s.40.e.6" e2="Dailymed.6b17b98b-e06d-42ed-925f-69aa2699dead.s.40.e.9"/><pair ddi="false" e1="Dailymed.6b17b98b-e06d-42ed-925f-69aa2699dead.s.40.e.10" e2="Dailymed.6b17b98b-e06d-42ed-925f-69aa2699dead.s.40.e.6"/><pair ddi="false" e1="Dailymed.6b17b98b-e06d-42ed-925f-69aa2699dead.s.40.e.11" e2="Dailymed.6b17b98b-e06d-42ed-925f-69aa2699dead.s.40.e.6"/><pair ddi="false" e1="Dailymed.6b17b98b-e06d-42ed-925f-69aa2699dead.s.40.e.12" e2="Dailymed.6b17b98b-e06d-42ed-925f-69aa2699dead.s.40.e.6"/><pair ddi="false" e1="Dailymed.6b17b98b-e06d-42ed-925f-69aa2699dead.s.40.e.13" e2="Dailymed.6b17b98b-e06d-42ed-925f-69aa2699dead.s.40.e.6"/><pair ddi="false" e1="Dailymed.6b17b98b-e06d-42ed-925f-69aa2699dead.s.40.e.8" e2="Dailymed.6b17b98b-e06d-42ed-925f-69aa2699dead.s.40.e.7"/><pair ddi="false" e1="Dailymed.6b17b98b-e06d-42ed-925f-69aa2699dead.s.40.e.7" e2="Dailymed.6b17b98b-e06d-42ed-925f-69aa2699dead.s.40.e.9"/><pair ddi="false" e1="Dailymed.6b17b98b-e06d-42ed-925f-69aa2699dead.s.40.e.10" e2="Dailymed.6b17b98b-e06d-42ed-925f-69aa2699dead.s.40.e.7"/><pair ddi="false" e1="Dailymed.6b17b98b-e06d-42ed-925f-69aa2699dead.s.40.e.11" e2="Dailymed.6b17b98b-e06d-42ed-925f-69aa2699dead.s.40.e.7"/><pair ddi="false" e1="Dailymed.6b17b98b-e06d-42ed-925f-69aa2699dead.s.40.e.12" e2="Dailymed.6b17b98b-e06d-42ed-925f-69aa2699dead.s.40.e.7"/><pair ddi="false" e1="Dailymed.6b17b98b-e06d-42ed-925f-69aa2699dead.s.40.e.13" e2="Dailymed.6b17b98b-e06d-42ed-925f-69aa2699dead.s.40.e.7"/><pair ddi="false" e1="Dailymed.6b17b98b-e06d-42ed-925f-69aa2699dead.s.40.e.8" e2="Dailymed.6b17b98b-e06d-42ed-925f-69aa2699dead.s.40.e.9"/><pair ddi="false" e1="Dailymed.6b17b98b-e06d-42ed-925f-69aa2699dead.s.40.e.8" e2="Dailymed.6b17b98b-e06d-42ed-925f-69aa2699dead.s.40.e.10"/><pair ddi="false" e1="Dailymed.6b17b98b-e06d-42ed-925f-69aa2699dead.s.40.e.8" e2="Dailymed.6b17b98b-e06d-42ed-925f-69aa2699dead.s.40.e.11"/><pair ddi="false" e1="Dailymed.6b17b98b-e06d-42ed-925f-69aa2699dead.s.40.e.8" e2="Dailymed.6b17b98b-e06d-42ed-925f-69aa2699dead.s.40.e.12"/><pair ddi="false" e1="Dailymed.6b17b98b-e06d-42ed-925f-69aa2699dead.s.40.e.8" e2="Dailymed.6b17b98b-e06d-42ed-925f-69aa2699dead.s.40.e.13"/><pair ddi="false" e1="Dailymed.6b17b98b-e06d-42ed-925f-69aa2699dead.s.40.e.10" e2="Dailymed.6b17b98b-e06d-42ed-925f-69aa2699dead.s.40.e.9"/><pair ddi="false" e1="Dailymed.6b17b98b-e06d-42ed-925f-69aa2699dead.s.40.e.11" e2="Dailymed.6b17b98b-e06d-42ed-925f-69aa2699dead.s.40.e.9"/><pair ddi="false" e1="Dailymed.6b17b98b-e06d-42ed-925f-69aa2699dead.s.40.e.12" e2="Dailymed.6b17b98b-e06d-42ed-925f-69aa2699dead.s.40.e.9"/><pair ddi="false" e1="Dailymed.6b17b98b-e06d-42ed-925f-69aa2699dead.s.40.e.13" e2="Dailymed.6b17b98b-e06d-42ed-925f-69aa2699dead.s.40.e.9"/><pair ddi="false" e1="Dailymed.6b17b98b-e06d-42ed-925f-69aa2699dead.s.40.e.10" e2="Dailymed.6b17b98b-e06d-42ed-925f-69aa2699dead.s.40.e.11"/><pair ddi="false" e1="Dailymed.6b17b98b-e06d-42ed-925f-69aa2699dead.s.40.e.10" e2="Dailymed.6b17b98b-e06d-42ed-925f-69aa2699dead.s.40.e.12"/><pair ddi="false" e1="Dailymed.6b17b98b-e06d-42ed-925f-69aa2699dead.s.40.e.13" e2="Dailymed.6b17b98b-e06d-42ed-925f-69aa2699dead.s.40.e.10"/><pair ddi="false" e1="Dailymed.6b17b98b-e06d-42ed-925f-69aa2699dead.s.40.e.12" e2="Dailymed.6b17b98b-e06d-42ed-925f-69aa2699dead.s.40.e.11"/><pair ddi="false" e1="Dailymed.6b17b98b-e06d-42ed-925f-69aa2699dead.s.40.e.13" e2="Dailymed.6b17b98b-e06d-42ed-925f-69aa2699dead.s.40.e.11"/><pair ddi="false" e1="Dailymed.6b17b98b-e06d-42ed-925f-69aa2699dead.s.40.e.13" e2="Dailymed.6b17b98b-e06d-42ed-925f-69aa2699dead.s.40.e.12"/></sentence><sentence biomedicalEntities="2" id="Dailymed.6b17b98b-e06d-42ed-925f-69aa2699dead.s.41" lineNumber="50" text="Preliminary studies indicate that the concomitant use of dobutamine and nitroprusside results in a higher cardiac output and, usually, a lower pulmonary wedge pressure than when either drug is used alone." type="regular"><entity charOffset="99:120" id="Dailymed.6b17b98b-e06d-42ed-925f-69aa2699dead.s.41.e.1" text="higher cardiac output" type="Specific_Interaction"/><entity charOffset="72:85" id="Dailymed.6b17b98b-e06d-42ed-925f-69aa2699dead.s.41.e.2" text="nitroprusside" type="Drug"><Normalization><mmtx cui="C0028193" phraseText="nitroprusside" preferredWord="Nitroprusside" semType="inch, phsu"/><RxNorm RxCui="7476"/></Normalization></entity><entity charOffset="57:67" id="Dailymed.6b17b98b-e06d-42ed-925f-69aa2699dead.s.41.e.3" text="dobutamine" type="Drug"><Normalization><mmtx cui="C0012963" phraseText="the concomitant use of dobutamine" preferredWord="Dobutamine" semType="phsu, orch"/><RxNorm RxCui="203121"/></Normalization></entity><entity charOffset="137:167" id="Dailymed.6b17b98b-e06d-42ed-925f-69aa2699dead.s.41.e.5" text="lower pulmonary wedge pressure" type="Specific_Interaction"/><drugInteraction id="Dailymed.6b17b98b-e06d-42ed-925f-69aa2699dead.s.41.ddi.1"><interaction trigger="Dailymed.6b17b98b-e06d-42ed-925f-69aa2699dead.s.41.e.1"><relations><relation type="hasPrecipitant"><entity id="Dailymed.6b17b98b-e06d-42ed-925f-69aa2699dead.s.41.e.2"/></relation><relation type="hasObject"><entity id="Dailymed.6b17b98b-e06d-42ed-925f-69aa2699dead.s.41.e.3"/></relation></relations></interaction></drugInteraction><drugInteraction id="Dailymed.6b17b98b-e06d-42ed-925f-69aa2699dead.s.41.ddi.2"><interaction trigger="Dailymed.6b17b98b-e06d-42ed-925f-69aa2699dead.s.41.e.5"><relations><relation type="hasPrecipitant"><entity id="Dailymed.6b17b98b-e06d-42ed-925f-69aa2699dead.s.41.e.2"/></relation><relation type="hasObject"><entity id="Dailymed.6b17b98b-e06d-42ed-925f-69aa2699dead.s.41.e.3"/></relation></relations></interaction></drugInteraction><pair ddi="true" e1="Dailymed.6b17b98b-e06d-42ed-925f-69aa2699dead.s.41.e.3" e2="Dailymed.6b17b98b-e06d-42ed-925f-69aa2699dead.s.41.e.2" trigger="Dailymed.6b17b98b-e06d-42ed-925f-69aa2699dead.s.41.e.1" type="Specific_Interaction"/></sentence><sentence id="Dailymed.6b17b98b-e06d-42ed-925f-69aa2699dead.s.50" text="In premature neonates, however, dobutamine is less effective than dopamine in raising systemic blood pressure without causing undue tachycardia, and dobutamine has not been shown to provide any added benefit when given to such infants already receiving optimal infusions of dopamine." type="negative"><entity charOffset="274:282" id="Dailymed.6b17b98b-e06d-42ed-925f-69aa2699dead.s.50.e.0" text="dopamine" type="Biomedical_Entity"><Normalization><mmtx cui="C0013030" phraseText="optimal infusions of dopamine." preferredWord="Dopamine" semType="phsu, orch, nsba"/><RxNorm RxCui="82010"/></Normalization></entity><entity charOffset="149:159" id="Dailymed.6b17b98b-e06d-42ed-925f-69aa2699dead.s.50.e.1" text="dobutamine" type="Biomedical_Entity"><Normalization><mmtx cui="C0012963" phraseText="dobutamine" preferredWord="Dobutamine" semType="phsu, orch"/><RxNorm RxCui="203121"/></Normalization></entity><entity charOffset="66:74" id="Dailymed.6b17b98b-e06d-42ed-925f-69aa2699dead.s.50.e.2" text="dopamine" type="Biomedical_Entity"><Normalization><mmtx cui="C0013030" phraseText="less effective than dopamine" preferredWord="Dopamine" semType="phsu, orch, nsba"/><RxNorm RxCui="82010"/></Normalization></entity><entity charOffset="32:42" id="Dailymed.6b17b98b-e06d-42ed-925f-69aa2699dead.s.50.e.3" text="dobutamine" type="Biomedical_Entity"><Normalization><mmtx cui="C0012963" phraseText="dobutamine" preferredWord="Dobutamine" semType="phsu, orch"/><RxNorm RxCui="203121"/></Normalization></entity><pair ddi="false" e1="Dailymed.6b17b98b-e06d-42ed-925f-69aa2699dead.s.50.e.1" e2="Dailymed.6b17b98b-e06d-42ed-925f-69aa2699dead.s.50.e.0"/><pair ddi="false" e1="Dailymed.6b17b98b-e06d-42ed-925f-69aa2699dead.s.50.e.3" e2="Dailymed.6b17b98b-e06d-42ed-925f-69aa2699dead.s.50.e.0"/><pair ddi="false" e1="Dailymed.6b17b98b-e06d-42ed-925f-69aa2699dead.s.50.e.2" e2="Dailymed.6b17b98b-e06d-42ed-925f-69aa2699dead.s.50.e.1"/><pair ddi="false" e1="Dailymed.6b17b98b-e06d-42ed-925f-69aa2699dead.s.50.e.3" e2="Dailymed.6b17b98b-e06d-42ed-925f-69aa2699dead.s.50.e.2"/></sentence><positiveExamples number="2"/><negativeExamples number="117"/></document>