<?xml version="1.0" encoding="UTF-8" standalone="no"?><document setID="7ec5ba03-6164-4199-a333-7cd8d7c75e17"><labelDrug name="DilatrateSR"><Normalization/></labelDrug><generic name="Isosorbide Dinitrate"/><sentence id="Dailymed.7ec5ba03-6164-4199-a333-7cd8d7c75e17.s.1" text="Drug Label for drug brand DilatrateSR, containing Isosorbide Dinitrate." type="negative"><entity charOffset="0:19" id="Dailymed.7ec5ba03-6164-4199-a333-7cd8d7c75e17.s.1.e.0" text="drug drug" type="Biomedical_Entity"><Normalization><mmtx cui="C0013231" phraseText="Drug Label for drug brand DilatrateSR," preferredWord="Drugs, Non-Prescription" semType="phsu"/><RxNorm RxCui="NA"/></Normalization></entity><entity charOffset="50:70" id="Dailymed.7ec5ba03-6164-4199-a333-7cd8d7c75e17.s.1.e.1" text="isosorbide dinitrate" type="Biomedical_Entity"><Normalization><mmtx cui="C0022252" phraseText="Isosorbide Dinitrate." preferredWord="Isosorbide Dinitrate" semType="phsu, orch"/><RxNorm RxCui="6057"/></Normalization></entity><pair ddi="false" e1="Dailymed.7ec5ba03-6164-4199-a333-7cd8d7c75e17.s.1.e.0" e2="Dailymed.7ec5ba03-6164-4199-a333-7cd8d7c75e17.s.1.e.1"/></sentence><sentence biomedicalEntities="2" id="Dailymed.7ec5ba03-6164-4199-a333-7cd8d7c75e17.s.6" lineNumber="12" text="Amplification of the vasodilatory effects of dilatrate - SR by sildenafil can result in severe hypotension. " type="regular"><entity charOffset="88:106" id="Dailymed.7ec5ba03-6164-4199-a333-7cd8d7c75e17.s.6.e.1" text="severe hypotension" type="Specific_Interaction"/><entity charOffset="45:59" id="Dailymed.7ec5ba03-6164-4199-a333-7cd8d7c75e17.s.6.e.2" text="dilatrate - SR" type="Drug"><Normalization><mmtx cui="C0305921" phraseText="Amplification of the vasodilatory effects of dilatrate - SR" preferredWord="Dilatrate-SR" semType="phsu, carb"/><RxNorm RxCui="202677"/></Normalization></entity><entity charOffset="63:73" id="Dailymed.7ec5ba03-6164-4199-a333-7cd8d7c75e17.s.6.e.3" text="sildenafil" type="Drug"><Normalization><mmtx cui="C0529793" phraseText="by sildenafil" preferredWord="sildenafil" semType="phsu, orch"/><RxNorm RxCui="136411"/></Normalization></entity><drugInteraction id="Dailymed.7ec5ba03-6164-4199-a333-7cd8d7c75e17.s.6.ddi.1"><interaction trigger="Dailymed.7ec5ba03-6164-4199-a333-7cd8d7c75e17.s.6.e.1"><relations><relation type="hasPrecipitant"><entity id="Dailymed.7ec5ba03-6164-4199-a333-7cd8d7c75e17.s.6.e.3"/></relation><relation type="hasObject"><entity id="Dailymed.7ec5ba03-6164-4199-a333-7cd8d7c75e17.s.6.e.2"/></relation></relations></interaction></drugInteraction><pair ddi="true" e1="Dailymed.7ec5ba03-6164-4199-a333-7cd8d7c75e17.s.6.e.2" e2="Dailymed.7ec5ba03-6164-4199-a333-7cd8d7c75e17.s.6.e.3" trigger="Dailymed.7ec5ba03-6164-4199-a333-7cd8d7c75e17.s.6.e.1" type="Specific_Interaction"/></sentence><sentence biomedicalEntities="2" id="Dailymed.7ec5ba03-6164-4199-a333-7cd8d7c75e17.s.18" lineNumber="22" text="&lt;item&gt;As tolerance to isosorbide dinitrate develops, the effect of sublingual nitroglycerin on exercise tolerance, although still observable, is somewhat blunted." type="regular"><entity charOffset="57:63|92:113|154:161" id="Dailymed.7ec5ba03-6164-4199-a333-7cd8d7c75e17.s.18.e.1" text="effect on exercise tolerance blunted" type="Specific_Interaction"/><entity charOffset="67:91" id="Dailymed.7ec5ba03-6164-4199-a333-7cd8d7c75e17.s.18.e.2" text="sublingual nitroglycerin" type="Drug"><Normalization><mmtx cui="C0017887" phraseText="the effect of sublingual nitroglycerin" preferredWord="Nitroglycerin" semType="phsu, orch"/><mmtx cui="C0885378" phraseText="the effect of sublingual nitroglycerin" preferredWord="Glonoine, nitroglycerine, Homeopathic preparation" semType="phsu, orch"/><RxNorm RxCui="NA"/></Normalization></entity><entity charOffset="22:42" id="Dailymed.7ec5ba03-6164-4199-a333-7cd8d7c75e17.s.18.e.3" text="isosorbide dinitrate" type="Drug"><Normalization><mmtx cui="C0022252" phraseText="As tolerance to isosorbide dinitrate" preferredWord="Isosorbide Dinitrate" semType="phsu, orch"/><RxNorm RxCui="6057"/></Normalization></entity><drugInteraction id="Dailymed.7ec5ba03-6164-4199-a333-7cd8d7c75e17.s.18.ddi.1"><interaction trigger="Dailymed.7ec5ba03-6164-4199-a333-7cd8d7c75e17.s.18.e.1"><relations><relation type="hasPrecipitant"><entity id="Dailymed.7ec5ba03-6164-4199-a333-7cd8d7c75e17.s.18.e.2"/></relation><relation type="hasObject"><entity id="Dailymed.7ec5ba03-6164-4199-a333-7cd8d7c75e17.s.18.e.3"/></relation></relations></interaction></drugInteraction><pair ddi="true" e1="Dailymed.7ec5ba03-6164-4199-a333-7cd8d7c75e17.s.18.e.3" e2="Dailymed.7ec5ba03-6164-4199-a333-7cd8d7c75e17.s.18.e.2" trigger="Dailymed.7ec5ba03-6164-4199-a333-7cd8d7c75e17.s.18.e.1" type="Specific_Interaction"/></sentence><sentence id="Dailymed.7ec5ba03-6164-4199-a333-7cd8d7c75e17.s.25" text="&lt;item&gt;Patients should be told that the antianginal efficacy of isosorbide dinitrate is strongly related to its dosing regimen, so the prescribed schedule of dosing should be followed carefully. " type="negative"><entity charOffset="39:50" id="Dailymed.7ec5ba03-6164-4199-a333-7cd8d7c75e17.s.25.e.0" text="antianginal" type="Biomedical_Entity"><Normalization><mmtx cui="C3537168" phraseText="the antianginal efficacy of isosorbide dinitrate" preferredWord="ANTIANGINALS" semType="phsu"/><RxNorm RxCui="1447082"/></Normalization></entity><entity charOffset="63:83" id="Dailymed.7ec5ba03-6164-4199-a333-7cd8d7c75e17.s.25.e.1" text="isosorbide dinitrate" type="Biomedical_Entity"><Normalization><mmtx cui="C0022252" phraseText="the antianginal efficacy of isosorbide dinitrate" preferredWord="Isosorbide Dinitrate" semType="phsu, orch"/><RxNorm RxCui="6057"/></Normalization></entity><pair ddi="false" e1="Dailymed.7ec5ba03-6164-4199-a333-7cd8d7c75e17.s.25.e.0" e2="Dailymed.7ec5ba03-6164-4199-a333-7cd8d7c75e17.s.25.e.1"/></sentence><sentence id="Dailymed.7ec5ba03-6164-4199-a333-7cd8d7c75e17.s.28" text="Patients should resist the temptation to avoid headaches by altering the schedule of their treatment with isosorbide dinitrate, since loss of headache may be associated with simultaneous loss of antianginal efficacy. " type="negative"><entity charOffset="106:126" id="Dailymed.7ec5ba03-6164-4199-a333-7cd8d7c75e17.s.28.e.0" text="isosorbide dinitrate" type="Biomedical_Entity"><Normalization><mmtx cui="C0022252" phraseText="with isosorbide dinitrate," preferredWord="Isosorbide Dinitrate" semType="phsu, orch"/><RxNorm RxCui="6057"/></Normalization></entity><entity charOffset="195:206" id="Dailymed.7ec5ba03-6164-4199-a333-7cd8d7c75e17.s.28.e.1" text="antianginal" type="Biomedical_Entity"><Normalization><mmtx cui="C3537168" phraseText="associated with simultaneous loss of antianginal efficacy." preferredWord="ANTIANGINALS" semType="phsu"/><RxNorm RxCui="1447082"/></Normalization></entity><pair ddi="false" e1="Dailymed.7ec5ba03-6164-4199-a333-7cd8d7c75e17.s.28.e.0" e2="Dailymed.7ec5ba03-6164-4199-a333-7cd8d7c75e17.s.28.e.1"/></sentence><sentence id="Dailymed.7ec5ba03-6164-4199-a333-7cd8d7c75e17.s.29" text="Aspirin and/or acetaminophen, on the other hand, often successfully relieve isosorbide dinitrate-induced headaches with no deleterious effect on isosorbide dinitrate's antianginal efficacy." type="negative"><entity charOffset="76:96" id="Dailymed.7ec5ba03-6164-4199-a333-7cd8d7c75e17.s.29.e.0" text="isosorbide dinitrate" type="Biomedical_Entity"><Normalization><mmtx cui="C0022252" phraseText="isosorbide dinitrate-induced headaches with no deleterious effect" preferredWord="Isosorbide Dinitrate" semType="phsu, orch"/><RxNorm RxCui="6057"/></Normalization></entity><entity charOffset="15:28" id="Dailymed.7ec5ba03-6164-4199-a333-7cd8d7c75e17.s.29.e.1" text="acetaminophen" type="Biomedical_Entity"><Normalization><mmtx cui="C0000970" phraseText="acetaminophen," preferredWord="Acetaminophen" semType="phsu, orch"/><RxNorm RxCui="161"/></Normalization></entity><entity charOffset="145:167" id="Dailymed.7ec5ba03-6164-4199-a333-7cd8d7c75e17.s.29.e.2" text="isosorbide dinitrate's" type="Biomedical_Entity"><Normalization><mmtx cui="C0022252" phraseText="on isosorbide dinitrate's antianginal efficacy." preferredWord="Isosorbide Dinitrate" semType="phsu, orch"/><RxNorm RxCui="6057"/></Normalization></entity><entity charOffset="0:7" id="Dailymed.7ec5ba03-6164-4199-a333-7cd8d7c75e17.s.29.e.3" text="aspirin" type="Biomedical_Entity"><Normalization><mmtx cui="C0004057" phraseText="Aspirin" preferredWord="Aspirin" semType="phsu, orch"/><RxNorm RxCui="1191"/></Normalization></entity><entity charOffset="168:179" id="Dailymed.7ec5ba03-6164-4199-a333-7cd8d7c75e17.s.29.e.4" text="antianginal" type="Biomedical_Entity"><Normalization><mmtx cui="C3537168" phraseText="on isosorbide dinitrate's antianginal efficacy." preferredWord="ANTIANGINALS" semType="phsu"/><RxNorm RxCui="1447082"/></Normalization></entity><pair ddi="false" e1="Dailymed.7ec5ba03-6164-4199-a333-7cd8d7c75e17.s.29.e.1" e2="Dailymed.7ec5ba03-6164-4199-a333-7cd8d7c75e17.s.29.e.0"/><pair ddi="false" e1="Dailymed.7ec5ba03-6164-4199-a333-7cd8d7c75e17.s.29.e.3" e2="Dailymed.7ec5ba03-6164-4199-a333-7cd8d7c75e17.s.29.e.0"/><pair ddi="false" e1="Dailymed.7ec5ba03-6164-4199-a333-7cd8d7c75e17.s.29.e.0" e2="Dailymed.7ec5ba03-6164-4199-a333-7cd8d7c75e17.s.29.e.4"/><pair ddi="false" e1="Dailymed.7ec5ba03-6164-4199-a333-7cd8d7c75e17.s.29.e.1" e2="Dailymed.7ec5ba03-6164-4199-a333-7cd8d7c75e17.s.29.e.2"/><pair ddi="false" e1="Dailymed.7ec5ba03-6164-4199-a333-7cd8d7c75e17.s.29.e.3" e2="Dailymed.7ec5ba03-6164-4199-a333-7cd8d7c75e17.s.29.e.1"/><pair ddi="false" e1="Dailymed.7ec5ba03-6164-4199-a333-7cd8d7c75e17.s.29.e.1" e2="Dailymed.7ec5ba03-6164-4199-a333-7cd8d7c75e17.s.29.e.4"/><pair ddi="false" e1="Dailymed.7ec5ba03-6164-4199-a333-7cd8d7c75e17.s.29.e.3" e2="Dailymed.7ec5ba03-6164-4199-a333-7cd8d7c75e17.s.29.e.2"/><pair ddi="false" e1="Dailymed.7ec5ba03-6164-4199-a333-7cd8d7c75e17.s.29.e.2" e2="Dailymed.7ec5ba03-6164-4199-a333-7cd8d7c75e17.s.29.e.4"/><pair ddi="false" e1="Dailymed.7ec5ba03-6164-4199-a333-7cd8d7c75e17.s.29.e.3" e2="Dailymed.7ec5ba03-6164-4199-a333-7cd8d7c75e17.s.29.e.4"/></sentence><sentence biomedicalEntities="1" id="Dailymed.7ec5ba03-6164-4199-a333-7cd8d7c75e17.s.30" lineNumber="29" text="&lt;item&gt;Treatment with isosorbide dinitrate may be associated with lightheadedness on standing, especially just after rising from a recumbent or seated position. " type="regular"><entity charOffset="65:92" id="Dailymed.7ec5ba03-6164-4199-a333-7cd8d7c75e17.s.30.e.1" text="lightheadedness on standing" type="Specific_Interaction"><Normalization><mmtx cui="C0220870" phraseText="associated with lightheadedness" preferredWord="Lightheadedness" semType="sosy"/></Normalization></entity><entity charOffset="21:41" id="Dailymed.7ec5ba03-6164-4199-a333-7cd8d7c75e17.s.30.e.2" text="isosorbide dinitrate" type="Drug"><Normalization><mmtx cui="C0022252" phraseText="&gt;Treatment with isosorbide dinitrate" preferredWord="Isosorbide Dinitrate" semType="phsu, orch"/><RxNorm RxCui="6057"/></Normalization></entity><entity charOffset="65:92" id="Dailymed.7ec5ba03-6164-4199-a333-7cd8d7c75e17.s.30.e.3" text="lightheadedness on standing" type="SPAN"><Normalization><mmtx cui="C0220870" phraseText="associated with lightheadedness" preferredWord="Lightheadedness" semType="sosy"/></Normalization></entity><drugInteraction id="Dailymed.7ec5ba03-6164-4199-a333-7cd8d7c75e17.s.30.ddi.1"><interaction trigger="Dailymed.7ec5ba03-6164-4199-a333-7cd8d7c75e17.s.30.e.1"><relations><relation type="hasPrecipitant"><entity id="Dailymed.7ec5ba03-6164-4199-a333-7cd8d7c75e17.s.31.e.0"/></relation><relation type="hasObject"><entity id="Dailymed.7ec5ba03-6164-4199-a333-7cd8d7c75e17.s.30.e.2"/></relation></relations></interaction></drugInteraction></sentence><sentence biomedicalEntities="2" id="Dailymed.7ec5ba03-6164-4199-a333-7cd8d7c75e17.s.33" lineNumber="33" text="&lt;item&gt;The vasodilating effects of isosorbide dinitrate may be additive with those of other vasodilators. " type="regular"><entity charOffset="10:30|62:70" id="Dailymed.7ec5ba03-6164-4199-a333-7cd8d7c75e17.s.33.e.1" text="vasodilating effects additive" type="Specific_Interaction"/><entity charOffset="91:103" id="Dailymed.7ec5ba03-6164-4199-a333-7cd8d7c75e17.s.33.e.2" text="vasodilators" type="Drug_Class"><Normalization><mmtx cui="C0042402" phraseText="additive with those of other vasodilators." preferredWord="Vasodilator Agents" semType="phsu"/><RxNorm RxCui="11146"/></Normalization></entity><entity charOffset="34:54" id="Dailymed.7ec5ba03-6164-4199-a333-7cd8d7c75e17.s.33.e.3" text="isosorbide dinitrate" type="Drug"><Normalization><mmtx cui="C0022252" phraseText="The vasodilating effects of isosorbide dinitrate" preferredWord="Isosorbide Dinitrate" semType="phsu, orch"/><RxNorm RxCui="6057"/></Normalization></entity><entity charOffset="10:30|62:70" id="Dailymed.7ec5ba03-6164-4199-a333-7cd8d7c75e17.s.33.e.4" text="vasodilating effects additive" type="SPAN"/><drugInteraction id="Dailymed.7ec5ba03-6164-4199-a333-7cd8d7c75e17.s.33.ddi.1"><interaction trigger="Dailymed.7ec5ba03-6164-4199-a333-7cd8d7c75e17.s.33.e.1"><relations><relation type="hasPrecipitant"><entity id="Dailymed.7ec5ba03-6164-4199-a333-7cd8d7c75e17.s.33.e.2"/></relation><relation type="hasObject"><entity id="Dailymed.7ec5ba03-6164-4199-a333-7cd8d7c75e17.s.33.e.3"/></relation></relations></interaction></drugInteraction><pair ddi="true" e1="Dailymed.7ec5ba03-6164-4199-a333-7cd8d7c75e17.s.33.e.3" e2="Dailymed.7ec5ba03-6164-4199-a333-7cd8d7c75e17.s.33.e.2" trigger="Dailymed.7ec5ba03-6164-4199-a333-7cd8d7c75e17.s.33.e.1" type="Specific_Interaction"/></sentence><sentence biomedicalEntities="1" id="Dailymed.7ec5ba03-6164-4199-a333-7cd8d7c75e17.s.34" lineNumber="33" text="Alcohol, in particular, has been found to exhibit additive effects of this variety." type="irregular"><anaphoraRelation><antecedentSentence ID="Dailymed.7ec5ba03-6164-4199-a333-7cd8d7c75e17.s.33" Text="&lt;item&gt;The vasodilating effects of isosorbide dinitrate may be additive with those of other vasodilators. "/><anaphoraEntity charOffset="50:82" id="Dailymed.7ec5ba03-6164-4199-a333-7cd8d7c75e17.s.34.e.1" text="additive effects of this variety" type="Expression"/><antecedentEntity charOffset="10:70" id="Dailymed.7ec5ba03-6164-4199-a333-7cd8d7c75e17.s.33.e.1" text="vasodilating effects additive" type="Specific_Interaction"/></anaphoraRelation><anaphoraRelation><antecedentSentence ID="Dailymed.7ec5ba03-6164-4199-a333-7cd8d7c75e17.s.33" Text="&lt;item&gt;The vasodilating effects of isosorbide dinitrate may be additive with those of other vasodilators. "/><anaphoraEntity charOffset="50:82" id="Dailymed.7ec5ba03-6164-4199-a333-7cd8d7c75e17.s.34.e.1" text="additive effects of this variety" type="Expression"/><antecedentEntity charOffset="10:70" id="Dailymed.7ec5ba03-6164-4199-a333-7cd8d7c75e17.s.33.e.4" text="vasodilating effects additive" type="SPAN"/></anaphoraRelation><entity charOffset="50:82" id="Dailymed.7ec5ba03-6164-4199-a333-7cd8d7c75e17.s.34.e.3" text="additive effects of this variety" type="Specific_Interaction"/><entity charOffset="0:7" id="Dailymed.7ec5ba03-6164-4199-a333-7cd8d7c75e17.s.34.e.4" text="Alcohol" type="Substance"><Normalization><mmtx cui="C0001975" phraseText="Alcohol," preferredWord="Alcohols" semType="phsu, orch"/><RxNorm RxCui="448"/></Normalization></entity><drugInteraction id="Dailymed.7ec5ba03-6164-4199-a333-7cd8d7c75e17.s.34.ddi.1"><interaction trigger="Dailymed.7ec5ba03-6164-4199-a333-7cd8d7c75e17.s.34.e.3"><relations><relation type="hasObject"><ellipsisSentence id="Dailymed.7ec5ba03-6164-4199-a333-7cd8d7c75e17.s.33" text="&lt;item&gt;The vasodilating effects of isosorbide dinitrate may be additive with those of other vasodilators. "><entity id="Dailymed.7ec5ba03-6164-4199-a333-7cd8d7c75e17.s.33.e.3"/></ellipsisSentence></relation><relation type="hasPrecipitant"><entity id="Dailymed.7ec5ba03-6164-4199-a333-7cd8d7c75e17.s.34.e.4"/></relation></relations></interaction></drugInteraction><pair ddi="true" e1="labelDrug" e2="Dailymed.7ec5ba03-6164-4199-a333-7cd8d7c75e17.s.34.e.4"/></sentence><positiveExamples number="4"/><negativeExamples number="12"/></document>