<?xml version="1.0" encoding="UTF-8" standalone="no"?><document setID="7eee95bf-0452-4d6e-9712-33403768695a"><labelDrug name="SECTRAL"><Normalization><mmtx cui="C0036543" preferredWord="Sectral" semType="phsu, orch"/></Normalization></labelDrug><generic name="acebutolol hydrochloride"/><sentence id="Dailymed.7eee95bf-0452-4d6e-9712-33403768695a.s.1" text="Drug Label for drug brand SECTRAL, containing acebutolol hydrochloride." type="negative"><entity charOffset="26:33" id="Dailymed.7eee95bf-0452-4d6e-9712-33403768695a.s.1.e.0" text="sectral" type="Biomedical_Entity"><Normalization><mmtx cui="C0036543" phraseText="Drug Label for drug brand SECTRAL," preferredWord="Sectral" semType="phsu, orch"/><RxNorm RxCui="9631"/></Normalization></entity><entity charOffset="0:19" id="Dailymed.7eee95bf-0452-4d6e-9712-33403768695a.s.1.e.1" text="drug drug" type="Biomedical_Entity"><Normalization><mmtx cui="C0013231" phraseText="Drug Label for drug brand SECTRAL," preferredWord="Drugs, Non-Prescription" semType="phsu"/><RxNorm RxCui="NA"/></Normalization></entity><entity charOffset="46:70" id="Dailymed.7eee95bf-0452-4d6e-9712-33403768695a.s.1.e.2" text="acebutolol hydrochloride" type="Biomedical_Entity"><Normalization><mmtx cui="C0543447" phraseText="acebutolol hydrochloride." preferredWord="Acebutolol Hydrochloride" semType="phsu, orch"/><RxNorm RxCui="142130"/></Normalization></entity><pair ddi="false" e1="Dailymed.7eee95bf-0452-4d6e-9712-33403768695a.s.1.e.1" e2="Dailymed.7eee95bf-0452-4d6e-9712-33403768695a.s.1.e.0"/><pair ddi="false" e1="Dailymed.7eee95bf-0452-4d6e-9712-33403768695a.s.1.e.0" e2="Dailymed.7eee95bf-0452-4d6e-9712-33403768695a.s.1.e.2"/><pair ddi="false" e1="Dailymed.7eee95bf-0452-4d6e-9712-33403768695a.s.1.e.1" e2="Dailymed.7eee95bf-0452-4d6e-9712-33403768695a.s.1.e.2"/></sentence><sentence id="Dailymed.7eee95bf-0452-4d6e-9712-33403768695a.s.8" text="Although -blockers should be avoided in overt cardiac failure, Sectral can be used with caution in patients with a history of heart failure who are controlled with digitalis and/or diuretics. " type="negative"><entity charOffset="181:190" id="Dailymed.7eee95bf-0452-4d6e-9712-33403768695a.s.8.e.0" text="diuretics" type="Biomedical_Entity"><Normalization><mmtx cui="C0012798" phraseText="diuretics." preferredWord="Diuretics" semType="phsu"/><RxNorm RxCui="3567"/></Normalization></entity><entity charOffset="164:173" id="Dailymed.7eee95bf-0452-4d6e-9712-33403768695a.s.8.e.1" text="digitalis" type="Biomedical_Entity"><Normalization><mmtx cui="C0304520" phraseText="controlled with digitalis" preferredWord="Digitalis preparation" semType="phsu, carb"/><RxNorm RxCui="91235"/></Normalization></entity><entity charOffset="63:70" id="Dailymed.7eee95bf-0452-4d6e-9712-33403768695a.s.8.e.2" text="sectral" type="Biomedical_Entity"><Normalization><mmtx cui="C0036543" phraseText="Sectral" preferredWord="Sectral" semType="phsu, orch"/><RxNorm RxCui="9631"/></Normalization></entity><pair ddi="false" e1="Dailymed.7eee95bf-0452-4d6e-9712-33403768695a.s.8.e.1" e2="Dailymed.7eee95bf-0452-4d6e-9712-33403768695a.s.8.e.0"/><pair ddi="false" e1="Dailymed.7eee95bf-0452-4d6e-9712-33403768695a.s.8.e.2" e2="Dailymed.7eee95bf-0452-4d6e-9712-33403768695a.s.8.e.0"/><pair ddi="false" e1="Dailymed.7eee95bf-0452-4d6e-9712-33403768695a.s.8.e.2" e2="Dailymed.7eee95bf-0452-4d6e-9712-33403768695a.s.8.e.1"/></sentence><sentence id="Dailymed.7eee95bf-0452-4d6e-9712-33403768695a.s.9" text="Both digitalis and Sectral impair AV conduction. " type="negative"><entity charOffset="5:14" id="Dailymed.7eee95bf-0452-4d6e-9712-33403768695a.s.9.e.0" text="digitalis" type="Biomedical_Entity"><Normalization><mmtx cui="C0304520" phraseText="Both digitalis" preferredWord="Digitalis preparation" semType="phsu, carb"/><RxNorm RxCui="91235"/></Normalization></entity><entity charOffset="19:26" id="Dailymed.7eee95bf-0452-4d6e-9712-33403768695a.s.9.e.1" text="sectral" type="Biomedical_Entity"><Normalization><mmtx cui="C0036543" phraseText="Sectral" preferredWord="Sectral" semType="phsu, orch"/><RxNorm RxCui="9631"/></Normalization></entity><pair ddi="false" e1="Dailymed.7eee95bf-0452-4d6e-9712-33403768695a.s.9.e.0" e2="Dailymed.7eee95bf-0452-4d6e-9712-33403768695a.s.9.e.1"/></sentence><sentence id="Dailymed.7eee95bf-0452-4d6e-9712-33403768695a.s.14" text="If cardiac failure continues despite adequate digitalization and/or diuretic, Sectral therapy should be withdrawn." type="negative"><entity charOffset="68:76" id="Dailymed.7eee95bf-0452-4d6e-9712-33403768695a.s.14.e.0" text="diuretic" type="Biomedical_Entity"><Normalization><mmtx cui="C0012798" phraseText="diuretic, Sectral therapy" preferredWord="Diuretics" semType="phsu"/><RxNorm RxCui="3567"/></Normalization></entity><entity charOffset="78:85" id="Dailymed.7eee95bf-0452-4d6e-9712-33403768695a.s.14.e.1" text="sectral" type="Biomedical_Entity"><Normalization><mmtx cui="C0036543" phraseText="diuretic, Sectral therapy" preferredWord="Sectral" semType="phsu, orch"/><RxNorm RxCui="9631"/></Normalization></entity><pair ddi="false" e1="Dailymed.7eee95bf-0452-4d6e-9712-33403768695a.s.14.e.0" e2="Dailymed.7eee95bf-0452-4d6e-9712-33403768695a.s.14.e.1"/></sentence><sentence id="Dailymed.7eee95bf-0452-4d6e-9712-33403768695a.s.20" text="If an exacerbation of angina pectoris occurs, antianginal therapy should be restarted immediately in full doses and the patient hospitalized until his condition stabilizes." type="negative"><entity charOffset="46:57" id="Dailymed.7eee95bf-0452-4d6e-9712-33403768695a.s.20.e.0" text="antianginal" type="Biomedical_Entity"><Normalization><mmtx cui="C1874267" phraseText="antianginal therapy" preferredWord="Anti-anginal [EPC]" semType="phsu"/><RxNorm RxCui="1447082"/></Normalization></entity><entity charOffset="147:150" id="Dailymed.7eee95bf-0452-4d6e-9712-33403768695a.s.20.e.1" text="his" type="Biomedical_Entity"><Normalization><mmtx cui="C0019602" phraseText="hospitalized until his condition" preferredWord="Histidine" semType="bacs, phsu, aapp"/><RxNorm RxCui="9434"/></Normalization></entity><pair ddi="false" e1="Dailymed.7eee95bf-0452-4d6e-9712-33403768695a.s.20.e.0" e2="Dailymed.7eee95bf-0452-4d6e-9712-33403768695a.s.20.e.1"/></sentence><sentence id="Dailymed.7eee95bf-0452-4d6e-9712-33403768695a.s.28" text="A bronchodilator, such as theophylline or a 2- stimulant, should be made available in advance with instructions concerning its use." type="negative"><entity charOffset="2:16" id="Dailymed.7eee95bf-0452-4d6e-9712-33403768695a.s.28.e.0" text="bronchodilator" type="Biomedical_Entity"><Normalization><mmtx cui="C0006280" phraseText="A bronchodilator," preferredWord="Bronchodilator Agents" semType="phsu"/><RxNorm RxCui="1779"/></Normalization></entity><entity charOffset="47:56" id="Dailymed.7eee95bf-0452-4d6e-9712-33403768695a.s.28.e.1" text="stimulant" type="Biomedical_Entity"><Normalization><mmtx cui="C0002763" phraseText="a 2- stimulant," preferredWord="Central Nervous System Stimulants" semType="phsu"/><RxNorm RxCui="1437130"/></Normalization></entity><entity charOffset="26:38" id="Dailymed.7eee95bf-0452-4d6e-9712-33403768695a.s.28.e.2" text="theophylline" type="Biomedical_Entity"><Normalization><mmtx cui="C0039771" phraseText="such as theophylline" preferredWord="Theophylline" semType="bacs, phsu, orch"/><RxNorm RxCui="10438"/></Normalization></entity><pair ddi="false" e1="Dailymed.7eee95bf-0452-4d6e-9712-33403768695a.s.28.e.0" e2="Dailymed.7eee95bf-0452-4d6e-9712-33403768695a.s.28.e.1"/><pair ddi="false" e1="Dailymed.7eee95bf-0452-4d6e-9712-33403768695a.s.28.e.0" e2="Dailymed.7eee95bf-0452-4d6e-9712-33403768695a.s.28.e.2"/><pair ddi="false" e1="Dailymed.7eee95bf-0452-4d6e-9712-33403768695a.s.28.e.2" e2="Dailymed.7eee95bf-0452-4d6e-9712-33403768695a.s.28.e.1"/></sentence><sentence id="Dailymed.7eee95bf-0452-4d6e-9712-33403768695a.s.31" text="-adrenergic receptor blockade impairs the ability of the heart to respond to -adrenergically mediated reflex stimuli. " type="negative"><entity charOffset="93:101" id="Dailymed.7eee95bf-0452-4d6e-9712-33403768695a.s.31.e.0" text="mediated" type="Biomedical_Entity"><Normalization><mmtx cui="C0127400" phraseText="to -adrenergically mediated reflex stimuli." preferredWord="Mediator brand of benfluorex hydrochloride" semType="phsu, orch"/><RxNorm RxCui="985488"/></Normalization></entity><entity charOffset="21:29" id="Dailymed.7eee95bf-0452-4d6e-9712-33403768695a.s.31.e.1" text="blockade" type="Biomedical_Entity"><Normalization><mmtx cui="C3540676" phraseText="-adrenergic receptor blockade" preferredWord="Blockade" semType="phsu"/><RxNorm RxCui="1423936"/></Normalization></entity><pair ddi="false" e1="Dailymed.7eee95bf-0452-4d6e-9712-33403768695a.s.31.e.1" e2="Dailymed.7eee95bf-0452-4d6e-9712-33403768695a.s.31.e.0"/></sentence><sentence id="Dailymed.7eee95bf-0452-4d6e-9712-33403768695a.s.32" text="While this might be of benefit in preventing arrhythmic response, the risk of excessive myocardial depression during general anesthesia may be enhanced and difficulty in restarting and maintaining the heart beat has been reported with beta-blockers. " type="negative"><entity charOffset="235:248" id="Dailymed.7eee95bf-0452-4d6e-9712-33403768695a.s.32.e.0" text="beta-blockers" type="Biomedical_Entity"><Normalization><mmtx cui="C0001645" phraseText="reported with beta-blockers." preferredWord="Adrenergic beta-Antagonists" semType="phsu"/><RxNorm RxCui="371"/></Normalization></entity><entity charOffset="117:135" id="Dailymed.7eee95bf-0452-4d6e-9712-33403768695a.s.32.e.1" text="general anesthesia" type="Biomedical_Entity"><Normalization><mmtx cui="C3536928" phraseText="during general anesthesia" preferredWord="General Anesthetic [EPC]" semType="phsu"/><RxNorm RxCui="4740"/></Normalization></entity><entity charOffset="34:44" id="Dailymed.7eee95bf-0452-4d6e-9712-33403768695a.s.32.e.2" text="preventing" type="Biomedical_Entity"><Normalization><mmtx cui="C0309872" phraseText="in preventing arrhythmic response," preferredWord="PREVENT (product)" semType="phsu"/><RxNorm RxCui="1076824"/></Normalization></entity><pair ddi="false" e1="Dailymed.7eee95bf-0452-4d6e-9712-33403768695a.s.32.e.1" e2="Dailymed.7eee95bf-0452-4d6e-9712-33403768695a.s.32.e.0"/><pair ddi="false" e1="Dailymed.7eee95bf-0452-4d6e-9712-33403768695a.s.32.e.2" e2="Dailymed.7eee95bf-0452-4d6e-9712-33403768695a.s.32.e.0"/><pair ddi="false" e1="Dailymed.7eee95bf-0452-4d6e-9712-33403768695a.s.32.e.2" e2="Dailymed.7eee95bf-0452-4d6e-9712-33403768695a.s.32.e.1"/></sentence><sentence biomedicalEntities="5" id="Dailymed.7eee95bf-0452-4d6e-9712-33403768695a.s.33" lineNumber="35" text="If treatment is continued, particular care should be taken when using anesthetic agents which depress the myocardium, such as ether, cyclopropane, and trichlorethylene, and it is prudent to use the lowest possible dose of Sectral. " type="regular"><entity charOffset="70:116" id="Dailymed.7eee95bf-0452-4d6e-9712-33403768695a.s.33.e.1" text="anesthetic agents which depress the myocardium" type="Drug_Class"><Normalization><mmtx cui="C0002932" phraseText="anesthetic agents" preferredWord="Anesthetics" semType="phsu"/><RxNorm RxCui="817"/></Normalization></entity><entity charOffset="126:131" id="Dailymed.7eee95bf-0452-4d6e-9712-33403768695a.s.33.e.2" text="ether" type="Drug"><Normalization><mmtx cui="C0014994" phraseText="such as ether," preferredWord="ethyl ether" semType="phsu, orch"/><mmtx cui="C0014996" phraseText="such as ether," preferredWord="Ethers" semType="phsu, orch"/><mmtx cui="C1161324" phraseText="such as ether," preferredWord="Etherum, ether, Homeopathic preparation" semType="phsu, orch"/><RxNorm RxCui="1363043"/></Normalization></entity><entity charOffset="133:145" id="Dailymed.7eee95bf-0452-4d6e-9712-33403768695a.s.33.e.4" text="cyclopropane" type="Drug"><Normalization><mmtx cui="C0010587" phraseText="cyclopropane," preferredWord="cyclopropane" semType="phsu, orch"/><RxNorm RxCui="3004"/></Normalization></entity><entity charOffset="151:167" id="Dailymed.7eee95bf-0452-4d6e-9712-33403768695a.s.33.e.6" text="trichlorethylene" type="Drug"><Normalization><RxNorm RxCui="NA"/></Normalization></entity><entity charOffset="198:218" id="Dailymed.7eee95bf-0452-4d6e-9712-33403768695a.s.33.e.8" text="lowest possible dose" type="Caution_Interaction"/><entity charOffset="222:229" id="Dailymed.7eee95bf-0452-4d6e-9712-33403768695a.s.33.e.9" text="Sectral" type="Drug"><Normalization><mmtx cui="C0036543" phraseText="the lowest possible dose of Sectral." preferredWord="Sectral" semType="phsu, orch"/><RxNorm RxCui="9631"/></Normalization></entity><drugClassMembership drug="Dailymed.7eee95bf-0452-4d6e-9712-33403768695a.s.33.e.2" drugClass="Dailymed.7eee95bf-0452-4d6e-9712-33403768695a.s.33.e.1"/><drugClassMembership drug="Dailymed.7eee95bf-0452-4d6e-9712-33403768695a.s.33.e.4" drugClass="Dailymed.7eee95bf-0452-4d6e-9712-33403768695a.s.33.e.1"/><drugClassMembership drug="Dailymed.7eee95bf-0452-4d6e-9712-33403768695a.s.33.e.6" drugClass="Dailymed.7eee95bf-0452-4d6e-9712-33403768695a.s.33.e.1"/><drugInteraction id="Dailymed.7eee95bf-0452-4d6e-9712-33403768695a.s.33.ddi.1"><interaction trigger="Dailymed.7eee95bf-0452-4d6e-9712-33403768695a.s.33.e.8"><relations><relation type="hasPrecipitant"><entity id="Dailymed.7eee95bf-0452-4d6e-9712-33403768695a.s.33.e.1"/></relation><relation type="hasObject"><entity id="Dailymed.7eee95bf-0452-4d6e-9712-33403768695a.s.33.e.9"/></relation></relations></interaction></drugInteraction><pair ddi="true" e1="Dailymed.7eee95bf-0452-4d6e-9712-33403768695a.s.33.e.1" e2="Dailymed.7eee95bf-0452-4d6e-9712-33403768695a.s.33.e.9" trigger="Dailymed.7eee95bf-0452-4d6e-9712-33403768695a.s.33.e.8" type="Caution_Interaction"/></sentence><sentence id="Dailymed.7eee95bf-0452-4d6e-9712-33403768695a.s.34" text="Sectral, like other -blockers, is a competitive inhibitor of -receptor agonists, and its effect on the heart can be reversed by cautious administration of such agents (e.g., dobutamine or isoproterenol see OVERDOSAGE ). " type="negative"><entity charOffset="71:79" id="Dailymed.7eee95bf-0452-4d6e-9712-33403768695a.s.34.e.0" text="agonists" type="Biomedical_Entity"><Normalization><mmtx cui="C2987634" phraseText="a competitive inhibitor of -receptor agonists," preferredWord="Agonist" semType="phsu"/><RxNorm RxCui="608609"/></Normalization></entity><entity charOffset="188:201" id="Dailymed.7eee95bf-0452-4d6e-9712-33403768695a.s.34.e.1" text="isoproterenol" type="Biomedical_Entity"><Normalization><mmtx cui="C0022245" phraseText="isoproterenol" preferredWord="Isoproterenol" semType="phsu, orch"/><RxNorm RxCui="82030"/></Normalization></entity><entity charOffset="174:184" id="Dailymed.7eee95bf-0452-4d6e-9712-33403768695a.s.34.e.2" text="dobutamine" type="Biomedical_Entity"><Normalization><mmtx cui="C0012963" phraseText="dobutamine" preferredWord="Dobutamine" semType="phsu, orch"/><RxNorm RxCui="203121"/></Normalization></entity><entity charOffset="0:7" id="Dailymed.7eee95bf-0452-4d6e-9712-33403768695a.s.34.e.3" text="sectral" type="Biomedical_Entity"><Normalization><mmtx cui="C0036543" phraseText="Sectral," preferredWord="Sectral" semType="phsu, orch"/><RxNorm RxCui="9631"/></Normalization></entity><pair ddi="false" e1="Dailymed.7eee95bf-0452-4d6e-9712-33403768695a.s.34.e.0" e2="Dailymed.7eee95bf-0452-4d6e-9712-33403768695a.s.34.e.1"/><pair ddi="false" e1="Dailymed.7eee95bf-0452-4d6e-9712-33403768695a.s.34.e.0" e2="Dailymed.7eee95bf-0452-4d6e-9712-33403768695a.s.34.e.2"/><pair ddi="false" e1="Dailymed.7eee95bf-0452-4d6e-9712-33403768695a.s.34.e.3" e2="Dailymed.7eee95bf-0452-4d6e-9712-33403768695a.s.34.e.0"/><pair ddi="false" e1="Dailymed.7eee95bf-0452-4d6e-9712-33403768695a.s.34.e.2" e2="Dailymed.7eee95bf-0452-4d6e-9712-33403768695a.s.34.e.1"/><pair ddi="false" e1="Dailymed.7eee95bf-0452-4d6e-9712-33403768695a.s.34.e.3" e2="Dailymed.7eee95bf-0452-4d6e-9712-33403768695a.s.34.e.1"/><pair ddi="false" e1="Dailymed.7eee95bf-0452-4d6e-9712-33403768695a.s.34.e.3" e2="Dailymed.7eee95bf-0452-4d6e-9712-33403768695a.s.34.e.2"/></sentence><sentence id="Dailymed.7eee95bf-0452-4d6e-9712-33403768695a.s.41" text="Abrupt withdrawal of -blockade may precipitate a thyroid storm, therefore, patients suspected of developing thyrotoxicosis from whom Sectral therapy is to be withdrawn should be monitored closely." type="negative"><entity charOffset="22:30" id="Dailymed.7eee95bf-0452-4d6e-9712-33403768695a.s.41.e.0" text="blockade" type="Biomedical_Entity"><Normalization><mmtx cui="C3540676" phraseText="Abrupt withdrawal of -blockade" preferredWord="Blockade" semType="phsu"/><RxNorm RxCui="1423936"/></Normalization></entity><entity charOffset="133:140" id="Dailymed.7eee95bf-0452-4d6e-9712-33403768695a.s.41.e.1" text="sectral" type="Biomedical_Entity"><Normalization><mmtx cui="C0036543" phraseText="from whom Sectral therapy" preferredWord="Sectral" semType="phsu, orch"/><RxNorm RxCui="9631"/></Normalization></entity><pair ddi="false" e1="Dailymed.7eee95bf-0452-4d6e-9712-33403768695a.s.41.e.0" e2="Dailymed.7eee95bf-0452-4d6e-9712-33403768695a.s.41.e.1"/></sentence><sentence id="Dailymed.7eee95bf-0452-4d6e-9712-33403768695a.s.44" text="While taking beta-blockers, patients with a history of severe anaphylactic reaction to a variety of allergens may be more reactive to repeated challenge, either accidental, diagnostic, or therapeutic. " type="negative"><entity charOffset="100:109" id="Dailymed.7eee95bf-0452-4d6e-9712-33403768695a.s.44.e.0" text="allergens" type="Biomedical_Entity"><Normalization><mmtx cui="C3274161" phraseText="of allergens" preferredWord="Allergen (brand of diphenylpyraline)" semType="phsu, orch"/><RxNorm RxCui="1297244"/></Normalization></entity><entity charOffset="13:26" id="Dailymed.7eee95bf-0452-4d6e-9712-33403768695a.s.44.e.1" text="beta-blockers" type="Biomedical_Entity"><Normalization><mmtx cui="C0001645" phraseText="taking beta-blockers," preferredWord="Adrenergic beta-Antagonists" semType="phsu"/><RxNorm RxCui="371"/></Normalization></entity><pair ddi="false" e1="Dailymed.7eee95bf-0452-4d6e-9712-33403768695a.s.44.e.1" e2="Dailymed.7eee95bf-0452-4d6e-9712-33403768695a.s.44.e.0"/></sentence><sentence id="Dailymed.7eee95bf-0452-4d6e-9712-33403768695a.s.49" text="Acebutolol is excreted through the GI tract, but the active metabolite, diacetolol, is eliminated predominantly by the kidney. " type="negative"><entity charOffset="72:82" id="Dailymed.7eee95bf-0452-4d6e-9712-33403768695a.s.49.e.0" text="diacetolol" type="Biomedical_Entity"><Normalization><mmtx cui="C0057670" phraseText="diacetolol," preferredWord="diacetolol" semType="phsu, orch"/><RxNorm RxCui="NA"/></Normalization></entity><entity charOffset="0:10" id="Dailymed.7eee95bf-0452-4d6e-9712-33403768695a.s.49.e.1" text="acebutolol" type="Biomedical_Entity"><Normalization><mmtx cui="C0000946" phraseText="Acebutolol" preferredWord="Acebutolol" semType="phsu, orch"/><RxNorm RxCui="142130"/></Normalization></entity><pair ddi="false" e1="Dailymed.7eee95bf-0452-4d6e-9712-33403768695a.s.49.e.1" e2="Dailymed.7eee95bf-0452-4d6e-9712-33403768695a.s.49.e.0"/></sentence><sentence biomedicalEntities="2" id="Dailymed.7eee95bf-0452-4d6e-9712-33403768695a.s.58" lineNumber="64" text="Patients should also be warned of possible severe hypertensive reactions from concomitant use of -adrenergic stimulants, such as the nasal decongestants commonly used in OTC cold preparations and nasal drops." type="irregular"><entity charOffset="97:119" id="Dailymed.7eee95bf-0452-4d6e-9712-33403768695a.s.58.e.1" text="-adrenergic stimulants" type="Drug_Class"><Normalization><mmtx cui="C0304402" phraseText="from concomitant use of -adrenergic stimulants," preferredWord="Stimulant" semType="phsu"/><RxNorm RxCui="1430615"/></Normalization></entity><entity charOffset="133:152" id="Dailymed.7eee95bf-0452-4d6e-9712-33403768695a.s.58.e.2" text="nasal decongestants" type="Drug_Class"><Normalization><mmtx cui="C0042398" phraseText="such as the nasal decongestants commonly" preferredWord="Nasal Decongestants" semType="phsu"/><RxNorm RxCui="NA"/></Normalization></entity><entity charOffset="43:72" id="Dailymed.7eee95bf-0452-4d6e-9712-33403768695a.s.58.e.4" text="severe hypertensive reactions" type="Specific_Interaction"/><classClassMembership drugClass="Dailymed.7eee95bf-0452-4d6e-9712-33403768695a.s.58.e.2"/><drugInteraction id="Dailymed.7eee95bf-0452-4d6e-9712-33403768695a.s.58.ddi.1"><interaction trigger="Dailymed.7eee95bf-0452-4d6e-9712-33403768695a.s.58.e.4"><relations><relation type="hasObject"><ellipsisSentence id="Dailymed.7eee95bf-0452-4d6e-9712-33403768695a.s.56" text="Patients, especially those with evidence of coronary artery disease, should be warned against interruption or discontinuation of Sectral therapy without a physician s supervision. "><entity charOffset="129:136" id="Dailymed.7eee95bf-0452-4d6e-9712-33403768695a.s.56.e.0" text="Sectral" type="Drug"><Normalization><mmtx cui="C0036543" phraseText="discontinuation of Sectral therapy" preferredWord="Sectral" semType="phsu, orch"/></Normalization></entity></ellipsisSentence><middleSentence id="Dailymed.7eee95bf-0452-4d6e-9712-33403768695a.s.57" text="Although cardiac failure rarely occurs in properly selected patients, those being treated with -adrenergic blocking agents should be advised to consult a physician if they develop signs or symptoms suggestive of impending CHF, or unexplained respiratory symptoms."/></relation><relation type="hasPrecipitant"><entity id="Dailymed.7eee95bf-0452-4d6e-9712-33403768695a.s.58.e.1"/></relation></relations></interaction></drugInteraction><pair ddi="true" e1="labelDrug" e2="Dailymed.7eee95bf-0452-4d6e-9712-33403768695a.s.58.e.1"/></sentence><sentence biomedicalEntities="3" id="Dailymed.7eee95bf-0452-4d6e-9712-33403768695a.s.60" lineNumber="69" text="Catecholamine-depleting drugs, such as reserpine, may have an additive effect when given with -blocking agents. " type="regular"><entity charOffset="0:29" id="Dailymed.7eee95bf-0452-4d6e-9712-33403768695a.s.60.e.1" text="Catecholamine-depleting drugs" type="Drug_Class"><Normalization><mmtx cui="C0007412" phraseText="Catecholamine-depleting drugs," preferredWord="Catecholamines" semType="phsu, nsba"/><mmtx cui="C0013227" phraseText="Catecholamine-depleting drugs," preferredWord="Pharmaceutical Preparations" semType="phsu"/><mmtx cui="C3536742" phraseText="Catecholamine-depleting drugs," preferredWord="Catecholamine [EPC]" semType="phsu"/><mmtx cui="C0013227" phraseText="Catecholamine-depleting drugs," preferredWord="Pharmaceutical Preparations" semType="phsu"/><RxNorm RxCui="990350"/></Normalization></entity><entity charOffset="39:48" id="Dailymed.7eee95bf-0452-4d6e-9712-33403768695a.s.60.e.2" text="reserpine" type="Drug"><Normalization><mmtx cui="C0035179" phraseText="such as reserpine," preferredWord="Reserpine" semType="phsu, orch"/><RxNorm RxCui="9260"/></Normalization></entity><entity charOffset="62:77" id="Dailymed.7eee95bf-0452-4d6e-9712-33403768695a.s.60.e.4" text="additive effect" type="Specific_Interaction"/><entity charOffset="94:110" id="Dailymed.7eee95bf-0452-4d6e-9712-33403768695a.s.60.e.5" text="-blocking agents" type="Drug_Class"><Normalization><mmtx cui="C1254351" phraseText="given with -blocking agents." preferredWord="Pharmacologic Substance" semType="phsu"/><RxNorm RxCui="1023276"/></Normalization></entity><drugClassMembership drug="Dailymed.7eee95bf-0452-4d6e-9712-33403768695a.s.60.e.2" drugClass="Dailymed.7eee95bf-0452-4d6e-9712-33403768695a.s.60.e.1"/><drugInteraction id="Dailymed.7eee95bf-0452-4d6e-9712-33403768695a.s.60.ddi.1"><interaction trigger="Dailymed.7eee95bf-0452-4d6e-9712-33403768695a.s.60.e.4"><relations><relation type="hasPrecipitant"><entity id="Dailymed.7eee95bf-0452-4d6e-9712-33403768695a.s.60.e.1"/></relation><relation type="hasObject"><entity id="Dailymed.7eee95bf-0452-4d6e-9712-33403768695a.s.60.e.5"/></relation></relations></interaction></drugInteraction><pair ddi="true" e1="Dailymed.7eee95bf-0452-4d6e-9712-33403768695a.s.60.e.1" e2="Dailymed.7eee95bf-0452-4d6e-9712-33403768695a.s.60.e.5" trigger="Dailymed.7eee95bf-0452-4d6e-9712-33403768695a.s.60.e.4" type="Specific_Interaction"/></sentence><sentence biomedicalEntities="2" id="Dailymed.7eee95bf-0452-4d6e-9712-33403768695a.s.61" lineNumber="69" text="Patients treated with Sectral plus catecholamine depletors should, therefore, be observed closely for evidence of marked bradycardia or hypotension which may present as vertigo, syncope/presyncope, or orthostatic changes in blood pressure without compensatory tachycardia. " type="regular"><entity charOffset="121:132" id="Dailymed.7eee95bf-0452-4d6e-9712-33403768695a.s.61.e.1" text="bradycardia" type="Specific_Interaction"/><entity charOffset="35:58" id="Dailymed.7eee95bf-0452-4d6e-9712-33403768695a.s.61.e.2" text="catecholamine depletors" type="Drug_Class"><Normalization><mmtx cui="C0007412" phraseText="treated with Sectral plus catecholamine depletors" preferredWord="Catecholamines" semType="phsu, nsba"/><mmtx cui="C3536742" phraseText="treated with Sectral plus catecholamine depletors" preferredWord="Catecholamine [EPC]" semType="phsu"/><RxNorm RxCui="1437132"/></Normalization></entity><entity charOffset="22:29" id="Dailymed.7eee95bf-0452-4d6e-9712-33403768695a.s.61.e.3" text="Sectral" type="Drug"><Normalization><mmtx cui="C0036543" phraseText="treated with Sectral plus catecholamine depletors" preferredWord="Sectral" semType="phsu, orch"/><mmtx cui="C0036543" phraseText="treated with Sectral plus catecholamine depletors" preferredWord="Sectral" semType="phsu, orch"/><RxNorm RxCui="9631"/></Normalization></entity><entity charOffset="136:147" id="Dailymed.7eee95bf-0452-4d6e-9712-33403768695a.s.61.e.5" text="hypotension" type="Specific_Interaction"/><entity charOffset="169:176" id="Dailymed.7eee95bf-0452-4d6e-9712-33403768695a.s.61.e.7" text="vertigo" type="Specific_Interaction"><Normalization><mmtx cui="C0042571" phraseText="present as vertigo," preferredWord="Vertigo" semType="sosy"/></Normalization></entity><entity charOffset="178:185" id="Dailymed.7eee95bf-0452-4d6e-9712-33403768695a.s.61.e.9" text="syncope" type="Specific_Interaction"><Normalization><mmtx cui="C0039070" phraseText="syncope/presyncope," preferredWord="Syncope" semType="sosy"/></Normalization></entity><entity charOffset="186:196" id="Dailymed.7eee95bf-0452-4d6e-9712-33403768695a.s.61.e.11" text="presyncope" type="Specific_Interaction"><Normalization><mmtx cui="C0700200" phraseText="syncope/presyncope," preferredWord="Presyncope" semType="sosy"/></Normalization></entity><entity charOffset="201:271" id="Dailymed.7eee95bf-0452-4d6e-9712-33403768695a.s.61.e.13" text="orthostatic changes in blood pressure without compensatory tachycardia" type="Specific_Interaction"><Normalization><mmtx cui="C0149746" phraseText="orthostatic changes in blood pressure" preferredWord="Orthostasis" semType="sosy"/></Normalization></entity><drugInteraction id="Dailymed.7eee95bf-0452-4d6e-9712-33403768695a.s.61.ddi.1"><interaction trigger="Dailymed.7eee95bf-0452-4d6e-9712-33403768695a.s.61.e.1"><relations><relation type="hasPrecipitant"><entity id="Dailymed.7eee95bf-0452-4d6e-9712-33403768695a.s.61.e.2"/></relation><relation type="hasObject"><entity id="Dailymed.7eee95bf-0452-4d6e-9712-33403768695a.s.61.e.3"/></relation></relations></interaction></drugInteraction><drugInteraction id="Dailymed.7eee95bf-0452-4d6e-9712-33403768695a.s.61.ddi.2"><interaction trigger="Dailymed.7eee95bf-0452-4d6e-9712-33403768695a.s.61.e.5"><relations><relation type="hasPrecipitant"><entity id="Dailymed.7eee95bf-0452-4d6e-9712-33403768695a.s.61.e.2"/></relation><relation type="hasObject"><entity id="Dailymed.7eee95bf-0452-4d6e-9712-33403768695a.s.61.e.3"/></relation></relations></interaction></drugInteraction><drugInteraction id="Dailymed.7eee95bf-0452-4d6e-9712-33403768695a.s.61.ddi.3"><interaction trigger="Dailymed.7eee95bf-0452-4d6e-9712-33403768695a.s.61.e.7"><relations><relation type="hasPrecipitant"><entity id="Dailymed.7eee95bf-0452-4d6e-9712-33403768695a.s.61.e.2"/></relation><relation type="hasObject"><entity id="Dailymed.7eee95bf-0452-4d6e-9712-33403768695a.s.61.e.3"/></relation></relations></interaction></drugInteraction><drugInteraction id="Dailymed.7eee95bf-0452-4d6e-9712-33403768695a.s.61.ddi.4"><interaction trigger="Dailymed.7eee95bf-0452-4d6e-9712-33403768695a.s.61.e.9"><relations><relation type="hasPrecipitant"><entity id="Dailymed.7eee95bf-0452-4d6e-9712-33403768695a.s.61.e.2"/></relation><relation type="hasObject"><entity id="Dailymed.7eee95bf-0452-4d6e-9712-33403768695a.s.61.e.3"/></relation></relations></interaction></drugInteraction><drugInteraction id="Dailymed.7eee95bf-0452-4d6e-9712-33403768695a.s.61.ddi.5"><interaction trigger="Dailymed.7eee95bf-0452-4d6e-9712-33403768695a.s.61.e.11"><relations><relation type="hasPrecipitant"><entity id="Dailymed.7eee95bf-0452-4d6e-9712-33403768695a.s.61.e.2"/></relation><relation type="hasObject"><entity id="Dailymed.7eee95bf-0452-4d6e-9712-33403768695a.s.61.e.3"/></relation></relations></interaction></drugInteraction><drugInteraction id="Dailymed.7eee95bf-0452-4d6e-9712-33403768695a.s.61.ddi.6"><interaction trigger="Dailymed.7eee95bf-0452-4d6e-9712-33403768695a.s.61.e.13"><relations><relation type="hasPrecipitant"><entity id="Dailymed.7eee95bf-0452-4d6e-9712-33403768695a.s.61.e.2"/></relation><relation type="hasObject"><entity id="Dailymed.7eee95bf-0452-4d6e-9712-33403768695a.s.61.e.3"/></relation></relations></interaction></drugInteraction><pair ddi="true" e1="Dailymed.7eee95bf-0452-4d6e-9712-33403768695a.s.61.e.3" e2="Dailymed.7eee95bf-0452-4d6e-9712-33403768695a.s.61.e.2" trigger="Dailymed.7eee95bf-0452-4d6e-9712-33403768695a.s.61.e.1" type="Specific_Interaction"/></sentence><sentence biomedicalEntities="4" id="Dailymed.7eee95bf-0452-4d6e-9712-33403768695a.s.62" lineNumber="69" text="Exaggerated hypertensive responses have been reported from the combined use of -adrenergic antagonists and -adrenergic stimulants, including those contained in proprietary cold remedies and vasoconstrictive nasal drops. " type="regular"><entity charOffset="107:129" id="Dailymed.7eee95bf-0452-4d6e-9712-33403768695a.s.62.e.1" text="-adrenergic stimulants" type="Drug_Class"><Normalization><mmtx cui="C0304402" phraseText="adrenergic stimulants," preferredWord="Stimulant" semType="phsu"/><RxNorm RxCui="1430615"/></Normalization></entity><entity charOffset="160:185" id="Dailymed.7eee95bf-0452-4d6e-9712-33403768695a.s.62.e.2" text="proprietary cold remedies" type="Drug_Class"><Normalization><RxNorm RxCui="106784"/></Normalization></entity><entity charOffset="190:218" id="Dailymed.7eee95bf-0452-4d6e-9712-33403768695a.s.62.e.4" text="vasoconstrictive nasal drops" type="Drug_Class"><Normalization><RxNorm RxCui="NA"/></Normalization></entity><entity charOffset="0:34" id="Dailymed.7eee95bf-0452-4d6e-9712-33403768695a.s.62.e.6" text="Exaggerated hypertensive responses" type="Specific_Interaction"/><entity charOffset="79:102" id="Dailymed.7eee95bf-0452-4d6e-9712-33403768695a.s.62.e.7" text="-adrenergic antagonists" type="Drug_Class"><Normalization><mmtx cui="C0242889" phraseText="reported from the combined use of -adrenergic antagonists" preferredWord="Adrenergic Antagonists" semType="phsu"/><RxNorm RxCui="1430615"/></Normalization></entity><classClassMembership drugClass="Dailymed.7eee95bf-0452-4d6e-9712-33403768695a.s.62.e.2"/><classClassMembership drugClass="Dailymed.7eee95bf-0452-4d6e-9712-33403768695a.s.62.e.4"/><drugInteraction id="Dailymed.7eee95bf-0452-4d6e-9712-33403768695a.s.62.ddi.1"><interaction trigger="Dailymed.7eee95bf-0452-4d6e-9712-33403768695a.s.62.e.6"><relations><relation type="hasPrecipitant"><entity id="Dailymed.7eee95bf-0452-4d6e-9712-33403768695a.s.62.e.1"/></relation><relation type="hasObject"><entity id="Dailymed.7eee95bf-0452-4d6e-9712-33403768695a.s.62.e.7"/></relation></relations></interaction></drugInteraction><pair ddi="true" e1="Dailymed.7eee95bf-0452-4d6e-9712-33403768695a.s.62.e.7" e2="Dailymed.7eee95bf-0452-4d6e-9712-33403768695a.s.62.e.1" trigger="Dailymed.7eee95bf-0452-4d6e-9712-33403768695a.s.62.e.6" type="Specific_Interaction"/></sentence><sentence biomedicalEntities="2" id="Dailymed.7eee95bf-0452-4d6e-9712-33403768695a.s.64" lineNumber="70" text="Blunting of the antihypertensive effect of beta-adrenoceptor blocking agents by nonsteroidal anti-inflammatory drugs has been reported." type="regular"><entity charOffset="0:39" id="Dailymed.7eee95bf-0452-4d6e-9712-33403768695a.s.64.e.1" text="Blunting of the antihypertensive effect" type="Specific_Interaction"/><entity charOffset="43:76" id="Dailymed.7eee95bf-0452-4d6e-9712-33403768695a.s.64.e.2" text="beta-adrenoceptor blocking agents" type="Drug_Class"><Normalization><mmtx cui="C0003364" phraseText="Blunting of the antihypertensive effect of beta-adrenoceptor blocking agents" preferredWord="Antihypertensive Agents" semType="phsu"/><RxNorm RxCui="370"/></Normalization></entity><entity charOffset="80:116" id="Dailymed.7eee95bf-0452-4d6e-9712-33403768695a.s.64.e.3" text="nonsteroidal anti-inflammatory drugs" type="Drug_Class"><Normalization><mmtx cui="C0003211" phraseText="by nonsteroidal anti-inflammatory drugs" preferredWord="Anti-Inflammatory Agents, Non-Steroidal" semType="phsu"/><RxNorm RxCui="402125"/></Normalization></entity><drugInteraction id="Dailymed.7eee95bf-0452-4d6e-9712-33403768695a.s.64.ddi.1"><interaction trigger="Dailymed.7eee95bf-0452-4d6e-9712-33403768695a.s.64.e.1"><relations><relation type="hasObject"><entity id="Dailymed.7eee95bf-0452-4d6e-9712-33403768695a.s.64.e.2"/></relation><relation type="hasPrecipitant"><entity id="Dailymed.7eee95bf-0452-4d6e-9712-33403768695a.s.64.e.3"/></relation></relations></interaction></drugInteraction><pair ddi="true" e1="Dailymed.7eee95bf-0452-4d6e-9712-33403768695a.s.64.e.2" e2="Dailymed.7eee95bf-0452-4d6e-9712-33403768695a.s.64.e.3" trigger="Dailymed.7eee95bf-0452-4d6e-9712-33403768695a.s.64.e.1" type="Specific_Interaction"/></sentence><sentence id="Dailymed.7eee95bf-0452-4d6e-9712-33403768695a.s.65" text="No significant interactions with digoxin, hydrochlorothiazide, hydralazine, sulfinpyrazone, oral contraceptives, tolbutamide, or warfarin have been observed." type="negative"><entity charOffset="129:137" id="Dailymed.7eee95bf-0452-4d6e-9712-33403768695a.s.65.e.0" text="warfarin" type="Biomedical_Entity"><Normalization><mmtx cui="C0043031" phraseText="warfarin" preferredWord="Warfarin" semType="phsu, orch, hops"/><RxNorm RxCui="11289"/></Normalization></entity><entity charOffset="113:124" id="Dailymed.7eee95bf-0452-4d6e-9712-33403768695a.s.65.e.1" text="tolbutamide" type="Biomedical_Entity"><Normalization><mmtx cui="C0040374" phraseText="tolbutamide," preferredWord="Tolbutamide" semType="phsu, orch"/><RxNorm RxCui="10635"/></Normalization></entity><entity charOffset="42:61" id="Dailymed.7eee95bf-0452-4d6e-9712-33403768695a.s.65.e.2" text="hydrochlorothiazide" type="Biomedical_Entity"><Normalization><mmtx cui="C0020261" phraseText="hydrochlorothiazide," preferredWord="Hydrochlorothiazide" semType="phsu, orch"/><RxNorm RxCui="5487"/></Normalization></entity><entity charOffset="92:111" id="Dailymed.7eee95bf-0452-4d6e-9712-33403768695a.s.65.e.3" text="oral contraceptives" type="Biomedical_Entity"><Normalization><mmtx cui="C0009905" phraseText="oral contraceptives," preferredWord="Contraceptives, Oral" semType="phsu"/><RxNorm RxCui="NA"/></Normalization></entity><entity charOffset="63:74" id="Dailymed.7eee95bf-0452-4d6e-9712-33403768695a.s.65.e.4" text="hydralazine" type="Biomedical_Entity"><Normalization><mmtx cui="C0020223" phraseText="hydralazine," preferredWord="Hydralazine" semType="phsu, orch"/><RxNorm RxCui="5470"/></Normalization></entity><entity charOffset="76:90" id="Dailymed.7eee95bf-0452-4d6e-9712-33403768695a.s.65.e.5" text="sulfinpyrazone" type="Biomedical_Entity"><Normalization><mmtx cui="C0038742" phraseText="sulfinpyrazone," preferredWord="Sulfinpyrazone" semType="phsu, orch"/><RxNorm RxCui="10205"/></Normalization></entity><entity charOffset="33:40" id="Dailymed.7eee95bf-0452-4d6e-9712-33403768695a.s.65.e.6" text="digoxin" type="Biomedical_Entity"><Normalization><mmtx cui="C0012265" phraseText="No significant interactions with digoxin," preferredWord="Digoxin" semType="strd, phsu, carb"/><RxNorm RxCui="3407"/></Normalization></entity><pair ddi="false" e1="Dailymed.7eee95bf-0452-4d6e-9712-33403768695a.s.65.e.1" e2="Dailymed.7eee95bf-0452-4d6e-9712-33403768695a.s.65.e.0"/><pair ddi="false" e1="Dailymed.7eee95bf-0452-4d6e-9712-33403768695a.s.65.e.2" e2="Dailymed.7eee95bf-0452-4d6e-9712-33403768695a.s.65.e.0"/><pair ddi="false" e1="Dailymed.7eee95bf-0452-4d6e-9712-33403768695a.s.65.e.3" e2="Dailymed.7eee95bf-0452-4d6e-9712-33403768695a.s.65.e.0"/><pair ddi="false" e1="Dailymed.7eee95bf-0452-4d6e-9712-33403768695a.s.65.e.4" e2="Dailymed.7eee95bf-0452-4d6e-9712-33403768695a.s.65.e.0"/><pair ddi="false" e1="Dailymed.7eee95bf-0452-4d6e-9712-33403768695a.s.65.e.5" e2="Dailymed.7eee95bf-0452-4d6e-9712-33403768695a.s.65.e.0"/><pair ddi="false" e1="Dailymed.7eee95bf-0452-4d6e-9712-33403768695a.s.65.e.6" e2="Dailymed.7eee95bf-0452-4d6e-9712-33403768695a.s.65.e.0"/><pair ddi="false" e1="Dailymed.7eee95bf-0452-4d6e-9712-33403768695a.s.65.e.2" e2="Dailymed.7eee95bf-0452-4d6e-9712-33403768695a.s.65.e.1"/><pair ddi="false" e1="Dailymed.7eee95bf-0452-4d6e-9712-33403768695a.s.65.e.3" e2="Dailymed.7eee95bf-0452-4d6e-9712-33403768695a.s.65.e.1"/><pair ddi="false" e1="Dailymed.7eee95bf-0452-4d6e-9712-33403768695a.s.65.e.4" e2="Dailymed.7eee95bf-0452-4d6e-9712-33403768695a.s.65.e.1"/><pair ddi="false" e1="Dailymed.7eee95bf-0452-4d6e-9712-33403768695a.s.65.e.5" e2="Dailymed.7eee95bf-0452-4d6e-9712-33403768695a.s.65.e.1"/><pair ddi="false" e1="Dailymed.7eee95bf-0452-4d6e-9712-33403768695a.s.65.e.6" e2="Dailymed.7eee95bf-0452-4d6e-9712-33403768695a.s.65.e.1"/><pair ddi="false" e1="Dailymed.7eee95bf-0452-4d6e-9712-33403768695a.s.65.e.2" e2="Dailymed.7eee95bf-0452-4d6e-9712-33403768695a.s.65.e.3"/><pair ddi="false" e1="Dailymed.7eee95bf-0452-4d6e-9712-33403768695a.s.65.e.2" e2="Dailymed.7eee95bf-0452-4d6e-9712-33403768695a.s.65.e.4"/><pair ddi="false" e1="Dailymed.7eee95bf-0452-4d6e-9712-33403768695a.s.65.e.2" e2="Dailymed.7eee95bf-0452-4d6e-9712-33403768695a.s.65.e.5"/><pair ddi="false" e1="Dailymed.7eee95bf-0452-4d6e-9712-33403768695a.s.65.e.6" e2="Dailymed.7eee95bf-0452-4d6e-9712-33403768695a.s.65.e.2"/><pair ddi="false" e1="Dailymed.7eee95bf-0452-4d6e-9712-33403768695a.s.65.e.4" e2="Dailymed.7eee95bf-0452-4d6e-9712-33403768695a.s.65.e.3"/><pair ddi="false" e1="Dailymed.7eee95bf-0452-4d6e-9712-33403768695a.s.65.e.5" e2="Dailymed.7eee95bf-0452-4d6e-9712-33403768695a.s.65.e.3"/><pair ddi="false" e1="Dailymed.7eee95bf-0452-4d6e-9712-33403768695a.s.65.e.6" e2="Dailymed.7eee95bf-0452-4d6e-9712-33403768695a.s.65.e.3"/><pair ddi="false" e1="Dailymed.7eee95bf-0452-4d6e-9712-33403768695a.s.65.e.4" e2="Dailymed.7eee95bf-0452-4d6e-9712-33403768695a.s.65.e.5"/><pair ddi="false" e1="Dailymed.7eee95bf-0452-4d6e-9712-33403768695a.s.65.e.6" e2="Dailymed.7eee95bf-0452-4d6e-9712-33403768695a.s.65.e.4"/><pair ddi="false" e1="Dailymed.7eee95bf-0452-4d6e-9712-33403768695a.s.65.e.6" e2="Dailymed.7eee95bf-0452-4d6e-9712-33403768695a.s.65.e.5"/></sentence><sentence id="Dailymed.7eee95bf-0452-4d6e-9712-33403768695a.s.66" text="Both digitalis glycosides and beta-blockers slow atrioventricular conduction and decrease heart rate. " type="negative"><entity charOffset="5:25" id="Dailymed.7eee95bf-0452-4d6e-9712-33403768695a.s.66.e.0" text="digitalis glycosides" type="Biomedical_Entity"><Normalization><mmtx cui="C0012253" phraseText="Both digitalis glycosides" preferredWord="Digitalis Glycosides" semType="phsu, carb"/><RxNorm RxCui="91235"/></Normalization></entity><entity charOffset="30:43" id="Dailymed.7eee95bf-0452-4d6e-9712-33403768695a.s.66.e.1" text="beta-blockers" type="Biomedical_Entity"><Normalization><mmtx cui="C0001645" phraseText="beta-blockers slow atrioventricular conduction" preferredWord="Adrenergic beta-Antagonists" semType="phsu"/><RxNorm RxCui="371"/></Normalization></entity><pair ddi="false" e1="Dailymed.7eee95bf-0452-4d6e-9712-33403768695a.s.66.e.0" e2="Dailymed.7eee95bf-0452-4d6e-9712-33403768695a.s.66.e.1"/></sentence><sentence biomedicalEntities="0" id="Dailymed.7eee95bf-0452-4d6e-9712-33403768695a.s.67" lineNumber="72" text="Concomitant use can increase the risk of bradycardia." type="irregular"><entity charOffset="41:52" id="Dailymed.7eee95bf-0452-4d6e-9712-33403768695a.s.67.e.1" text="bradycardia" type="Specific_Interaction"/><drugInteraction id="Dailymed.7eee95bf-0452-4d6e-9712-33403768695a.s.67.ddi.1"><interaction trigger="Dailymed.7eee95bf-0452-4d6e-9712-33403768695a.s.67.e.1"><relations><relation type="hasPrecipitant"><ellipsisSentence id="Dailymed.7eee95bf-0452-4d6e-9712-33403768695a.s.66" text="Both digitalis glycosides and beta-blockers slow atrioventricular conduction and decrease heart rate. "><entity charOffset="5:25" id="Dailymed.7eee95bf-0452-4d6e-9712-33403768695a.s.66.e.0" text="digitalis glycosides" type="Drug_Class"><Normalization><mmtx cui="C0012253" phraseText="Both digitalis glycosides" preferredWord="Digitalis Glycosides" semType="phsu, carb"/></Normalization></entity></ellipsisSentence></relation><relation type="hasObject"><ellipsisSentence id="Dailymed.7eee95bf-0452-4d6e-9712-33403768695a.s.66" text="Both digitalis glycosides and beta-blockers slow atrioventricular conduction and decrease heart rate. "><entity charOffset="30:43" id="Dailymed.7eee95bf-0452-4d6e-9712-33403768695a.s.66.e.1" text="beta-blockers" type="Drug_Class"><Normalization><mmtx cui="C0001645" phraseText="beta-blockers slow atrioventricular conduction" preferredWord="Adrenergic beta-Antagonists" semType="phsu"/></Normalization></entity></ellipsisSentence></relation></relations></interaction></drugInteraction></sentence><positiveExamples number="6"/><negativeExamples number="47"/></document>