<?xml version="1.0" encoding="UTF-8" standalone="no"?><document setID="8b8ad213-1dc8-454e-a524-075685c0e1a8"><labelDrug name="Bystolic"><Normalization><mmtx cui="C1995642" preferredWord="Bystolic" semType="phsu, orch"/></Normalization></labelDrug><generic name="nebivolol hydrochloride"/><sentence id="Dailymed.8b8ad213-1dc8-454e-a524-075685c0e1a8.s.1" text="BYSTOLIC (nebivolol hydrochloride) tablet" type="negative"><entity charOffset="0:8" id="Dailymed.8b8ad213-1dc8-454e-a524-075685c0e1a8.s.1.e.0" text="bystolic" type="Biomedical_Entity"><Normalization><mmtx cui="C1995642" phraseText="BYSTOLIC" preferredWord="Bystolic" semType="phsu, orch"/><RxNorm RxCui="751613"/></Normalization></entity><entity charOffset="10:33" id="Dailymed.8b8ad213-1dc8-454e-a524-075685c0e1a8.s.1.e.1" text="nebivolol hydrochloride" type="Biomedical_Entity"><Normalization><mmtx cui="C0772208" phraseText="(nebivolol hydrochloride" preferredWord="NEBIVOLOL HCL" semType="phsu, orch"/><RxNorm RxCui="31555"/></Normalization></entity><pair ddi="false" e1="Dailymed.8b8ad213-1dc8-454e-a524-075685c0e1a8.s.1.e.0" e2="Dailymed.8b8ad213-1dc8-454e-a524-075685c0e1a8.s.1.e.1"/></sentence><sentence id="Dailymed.8b8ad213-1dc8-454e-a524-075685c0e1a8.s.3" text="BYSTOLIC may be used alone or in combination with other antihypertensive agents [see Drug Interactions (7)]." type="negative"><entity charOffset="56:79" id="Dailymed.8b8ad213-1dc8-454e-a524-075685c0e1a8.s.3.e.0" text="antihypertensive agents" type="Biomedical_Entity"><Normalization><mmtx cui="C0003364" phraseText="with other antihypertensive agents" preferredWord="Antihypertensive Agents" semType="phsu"/><RxNorm RxCui="968"/></Normalization></entity><entity charOffset="0:8" id="Dailymed.8b8ad213-1dc8-454e-a524-075685c0e1a8.s.3.e.1" text="bystolic" type="Biomedical_Entity"><Normalization><mmtx cui="C1995642" phraseText="BYSTOLIC" preferredWord="Bystolic" semType="phsu, orch"/><RxNorm RxCui="751613"/></Normalization></entity><pair ddi="false" e1="Dailymed.8b8ad213-1dc8-454e-a524-075685c0e1a8.s.3.e.1" e2="Dailymed.8b8ad213-1dc8-454e-a524-075685c0e1a8.s.3.e.0"/></sentence><sentence biomedicalEntities="5" id="Dailymed.8b8ad213-1dc8-454e-a524-075685c0e1a8.s.41" lineNumber="45" text="If BYSTOLIC is to be continued perioperatively, monitor patients closely when anesthetic agents which depress myocardial function, such as ether, cyclopropane, and trichloroethylene, are used. " type="regular"><entity charOffset="3:11" id="Dailymed.8b8ad213-1dc8-454e-a524-075685c0e1a8.s.41.e.0" text="BYSTOLIC" type="Drug"><Normalization><mmtx cui="C1995642" phraseText="BYSTOLIC" preferredWord="Bystolic" semType="phsu, orch"/><RxNorm RxCui="751613"/></Normalization></entity><entity charOffset="48:55" id="Dailymed.8b8ad213-1dc8-454e-a524-075685c0e1a8.s.41.e.1" text="monitor" type="Caution_Interaction"/><entity charOffset="78:129" id="Dailymed.8b8ad213-1dc8-454e-a524-075685c0e1a8.s.41.e.3" text="anesthetic agents which depress myocardial function" type="Drug_Class"><Normalization><mmtx cui="C0002932" phraseText="anesthetic agents" preferredWord="Anesthetics" semType="phsu"/><RxNorm RxCui="817"/></Normalization></entity><entity charOffset="139:144" id="Dailymed.8b8ad213-1dc8-454e-a524-075685c0e1a8.s.41.e.4" text="ether" type="Drug"><Normalization><mmtx cui="C0014994" phraseText="such as ether," preferredWord="ethyl ether" semType="phsu, orch"/><mmtx cui="C0014996" phraseText="such as ether," preferredWord="Ethers" semType="phsu, orch"/><mmtx cui="C1161324" phraseText="such as ether," preferredWord="Etherum, ether, Homeopathic preparation" semType="phsu, orch"/><RxNorm RxCui="1363043"/></Normalization></entity><entity charOffset="146:158" id="Dailymed.8b8ad213-1dc8-454e-a524-075685c0e1a8.s.41.e.5" text="cyclopropane" type="Drug"><Normalization><mmtx cui="C0010587" phraseText="cyclopropane," preferredWord="cyclopropane" semType="phsu, orch"/><RxNorm RxCui="3004"/></Normalization></entity><entity charOffset="164:181" id="Dailymed.8b8ad213-1dc8-454e-a524-075685c0e1a8.s.41.e.6" text="trichloroethylene" type="Drug"><Normalization><mmtx cui="C0040905" phraseText="trichloroethylene," preferredWord="Trichloroethylene" semType="phsu, orch"/><RxNorm RxCui="10777"/></Normalization></entity><drugClassMembership drug="Dailymed.8b8ad213-1dc8-454e-a524-075685c0e1a8.s.41.e.4" drugClass="Dailymed.8b8ad213-1dc8-454e-a524-075685c0e1a8.s.41.e.3"/><drugClassMembership drug="Dailymed.8b8ad213-1dc8-454e-a524-075685c0e1a8.s.41.e.5" drugClass="Dailymed.8b8ad213-1dc8-454e-a524-075685c0e1a8.s.41.e.3"/><drugClassMembership drug="Dailymed.8b8ad213-1dc8-454e-a524-075685c0e1a8.s.41.e.6" drugClass="Dailymed.8b8ad213-1dc8-454e-a524-075685c0e1a8.s.41.e.3"/><drugInteraction id="Dailymed.8b8ad213-1dc8-454e-a524-075685c0e1a8.s.41.ddi.1"><interaction trigger="Dailymed.8b8ad213-1dc8-454e-a524-075685c0e1a8.s.41.e.1"><relations><relation type="hasPrecipitant"><entity id="Dailymed.8b8ad213-1dc8-454e-a524-075685c0e1a8.s.41.e.3"/></relation><relation type="hasObject"><entity id="Dailymed.8b8ad213-1dc8-454e-a524-075685c0e1a8.s.41.e.0"/></relation></relations></interaction></drugInteraction><pair ddi="true" e1="Dailymed.8b8ad213-1dc8-454e-a524-075685c0e1a8.s.41.e.0" e2="Dailymed.8b8ad213-1dc8-454e-a524-075685c0e1a8.s.41.e.3" trigger="Dailymed.8b8ad213-1dc8-454e-a524-075685c0e1a8.s.41.e.1" type="Caution_Interaction"/></sentence><sentence biomedicalEntities="4" id="Dailymed.8b8ad213-1dc8-454e-a524-075685c0e1a8.s.43" lineNumber="47" text="The  -blocking effects of BYSTOLIC can be reversed by  -agonists, e.g., dobutamine or isoproterenol. " type="regular"><entity charOffset="72:82" id="Dailymed.8b8ad213-1dc8-454e-a524-075685c0e1a8.s.43.e.0" text="dobutamine" type="Drug"><Normalization><mmtx cui="C0012963" phraseText="dobutamine" preferredWord="Dobutamine" semType="phsu, orch"/><RxNorm RxCui="203121"/></Normalization></entity><entity charOffset="86:99" id="Dailymed.8b8ad213-1dc8-454e-a524-075685c0e1a8.s.43.e.1" text="isoproterenol" type="Drug"><Normalization><mmtx cui="C0022245" phraseText="isoproterenol." preferredWord="Isoproterenol" semType="phsu, orch"/><RxNorm RxCui="82030"/></Normalization></entity><entity charOffset="54:64" id="Dailymed.8b8ad213-1dc8-454e-a524-075685c0e1a8.s.43.e.2" text="β-agonists" type="Drug_Class"><Normalization><mmtx cui="C0243192" phraseText="reversed by  -agonists," preferredWord="agonists" semType="phsu"/><mmtx cui="C2987634" phraseText="reversed by  -agonists," preferredWord="Agonist" semType="phsu"/><RxNorm RxCui="608609"/></Normalization></entity><entity charOffset="26:34" id="Dailymed.8b8ad213-1dc8-454e-a524-075685c0e1a8.s.43.e.5" text="BYSTOLIC" type="Drug"><Normalization><mmtx cui="C1995642" phraseText="The  -blocking effects of BYSTOLIC" preferredWord="Bystolic" semType="phsu, orch"/><RxNorm RxCui="751613"/></Normalization></entity><entity charOffset="4:22|42:50" id="Dailymed.8b8ad213-1dc8-454e-a524-075685c0e1a8.s.43.e.6" text="β-blocking effects reversed" type="Specific_Interaction"/><drugClassMembership drug="Dailymed.8b8ad213-1dc8-454e-a524-075685c0e1a8.s.43.e.0" drugClass="Dailymed.8b8ad213-1dc8-454e-a524-075685c0e1a8.s.43.e.2"/><drugClassMembership drug="Dailymed.8b8ad213-1dc8-454e-a524-075685c0e1a8.s.43.e.1" drugClass="Dailymed.8b8ad213-1dc8-454e-a524-075685c0e1a8.s.43.e.2"/><drugInteraction id="Dailymed.8b8ad213-1dc8-454e-a524-075685c0e1a8.s.43.ddi.1"><interaction trigger="Dailymed.8b8ad213-1dc8-454e-a524-075685c0e1a8.s.43.e.6"><relations><relation type="hasObject"><entity id="Dailymed.8b8ad213-1dc8-454e-a524-075685c0e1a8.s.43.e.5"/></relation><relation type="hasPrecipitant"><entity id="Dailymed.8b8ad213-1dc8-454e-a524-075685c0e1a8.s.43.e.2"/></relation></relations></interaction></drugInteraction><pair ddi="true" e1="Dailymed.8b8ad213-1dc8-454e-a524-075685c0e1a8.s.43.e.5" e2="Dailymed.8b8ad213-1dc8-454e-a524-075685c0e1a8.s.43.e.2" trigger="Dailymed.8b8ad213-1dc8-454e-a524-075685c0e1a8.s.43.e.6" type="Specific_Interaction"/></sentence><sentence biomedicalEntities="2" id="Dailymed.8b8ad213-1dc8-454e-a524-075685c0e1a8.s.48" lineNumber="51" text="Nonselective  -blockers may potentiate insulin-induced hypoglycemia and delay recovery of serum glucose levels. " type="regular"><entity charOffset="0:23" id="Dailymed.8b8ad213-1dc8-454e-a524-075685c0e1a8.s.48.e.0" text="Nonselective β-blockers" type="Drug_Class"><Normalization><RxNorm RxCui="NA"/></Normalization></entity><entity charOffset="55:67" id="Dailymed.8b8ad213-1dc8-454e-a524-075685c0e1a8.s.48.e.1" text="hypoglycemia" type="Specific_Interaction"><Normalization><mmtx cui="C0858734" phraseText="insulin-induced hypoglycemia" preferredWord="insulin hypoglycemia" semType="dsyn"/></Normalization></entity><entity charOffset="39:46" id="Dailymed.8b8ad213-1dc8-454e-a524-075685c0e1a8.s.48.e.3" text="insulin" type="Drug"><Normalization><RxNorm RxCui="5856"/></Normalization></entity><drugInteraction id="Dailymed.8b8ad213-1dc8-454e-a524-075685c0e1a8.s.48.ddi.1"><interaction trigger="Dailymed.8b8ad213-1dc8-454e-a524-075685c0e1a8.s.48.e.1"><relations><relation type="hasPrecipitant"><entity id="Dailymed.8b8ad213-1dc8-454e-a524-075685c0e1a8.s.48.e.0"/></relation><relation type="hasObject"><entity id="Dailymed.8b8ad213-1dc8-454e-a524-075685c0e1a8.s.48.e.3"/></relation></relations></interaction></drugInteraction><pair ddi="true" e1="Dailymed.8b8ad213-1dc8-454e-a524-075685c0e1a8.s.48.e.0" e2="Dailymed.8b8ad213-1dc8-454e-a524-075685c0e1a8.s.48.e.3" trigger="Dailymed.8b8ad213-1dc8-454e-a524-075685c0e1a8.s.48.e.1" type="Specific_Interaction"/></sentence><sentence biomedicalEntities="2" id="Dailymed.8b8ad213-1dc8-454e-a524-075685c0e1a8.s.50" lineNumber="51" text="Advise patients subject to spontaneous hypoglycemia and diabetic patients receiving insulin or oral hypoglycemic agents about these possibilities." type="irregular"><entity charOffset="0:6" id="Dailymed.8b8ad213-1dc8-454e-a524-075685c0e1a8.s.50.e.0" text="Advise" type="Caution_Interaction"/><entity charOffset="84:91" id="Dailymed.8b8ad213-1dc8-454e-a524-075685c0e1a8.s.50.e.2" text="insulin" type="Drug"><Normalization><mmtx cui="C0021641" phraseText="insulin" preferredWord="Insulin" semType="phsu, aapp, horm"/><mmtx cui="C1533581" phraseText="insulin" preferredWord="Recombinant Insulin" semType="phsu, aapp, horm"/><mmtx cui="C1579433" phraseText="insulin" preferredWord="Insulin [EPC]" semType="phsu"/><RxNorm RxCui="5856"/></Normalization></entity><entity charOffset="95:119" id="Dailymed.8b8ad213-1dc8-454e-a524-075685c0e1a8.s.50.e.3" text="oral hypoglycemic agents" type="Drug_Class"><Normalization><mmtx cui="C0359086" phraseText="oral hypoglycemic agents about these possibilities." preferredWord="Oral hypoglycemic" semType="phsu"/><RxNorm RxCui="NA"/></Normalization></entity><entity charOffset="56:73" id="Dailymed.8b8ad213-1dc8-454e-a524-075685c0e1a8.s.50.e.4" text="diabetic patients" type="SPAN"/><drugInteraction id="Dailymed.8b8ad213-1dc8-454e-a524-075685c0e1a8.s.50.ddi.1"><interaction trigger="Dailymed.8b8ad213-1dc8-454e-a524-075685c0e1a8.s.50.e.0"><relations><relation type="hasContext"><entity id="Dailymed.8b8ad213-1dc8-454e-a524-075685c0e1a8.s.50.e.4"/></relation><relation type="hasPrecipitant"><entity id="Dailymed.8b8ad213-1dc8-454e-a524-075685c0e1a8.s.50.e.3"/></relation><relation type="hasObject"><ellipsisSentence id="Dailymed.8b8ad213-1dc8-454e-a524-075685c0e1a8.s.49" text="It is not known whether nebivolol has these effects. "><entity charOffset="24:33" id="Dailymed.8b8ad213-1dc8-454e-a524-075685c0e1a8.s.49.e.0" text="nebivolol" type="Drug"><Normalization><mmtx cui="C0068475" phraseText="nebivolol" preferredWord="nebivolol" semType="phsu, orch"/></Normalization></entity></ellipsisSentence></relation><relation type="hasPrecipitant"><entity id="Dailymed.8b8ad213-1dc8-454e-a524-075685c0e1a8.s.50.e.2"/></relation></relations></interaction></drugInteraction><pair ddi="false" e1="Dailymed.8b8ad213-1dc8-454e-a524-075685c0e1a8.s.50.e.2" e2="Dailymed.8b8ad213-1dc8-454e-a524-075685c0e1a8.s.50.e.3"/><pair ddi="true" e1="labelDrug" e2="Dailymed.8b8ad213-1dc8-454e-a524-075685c0e1a8.s.50.e.3"/><pair ddi="true" e1="labelDrug" e2="Dailymed.8b8ad213-1dc8-454e-a524-075685c0e1a8.s.50.e.2"/></sentence><sentence biomedicalEntities="4" id="Dailymed.8b8ad213-1dc8-454e-a524-075685c0e1a8.s.57" lineNumber="63" text="Because of significant negative inotropic and chronotropic effects in patients treated with  -blockers and calcium channel blockers of the verapamil and diltiazem type, monitor the ECG and blood pressure in patients treated concomitantly with these agents." type="regular"><entity charOffset="107:131" id="Dailymed.8b8ad213-1dc8-454e-a524-075685c0e1a8.s.57.e.0" text="calcium channel blockers" type="Drug_Class"><Normalization><mmtx cui="C0006684" phraseText="calcium channel blockers of the verapamil" preferredWord="Calcium Channel Blockers" semType="phsu"/><RxNorm RxCui="1895"/></Normalization></entity><entity charOffset="139:148" id="Dailymed.8b8ad213-1dc8-454e-a524-075685c0e1a8.s.57.e.1" text="verapamil" type="Drug"><Normalization><mmtx cui="C0042523" phraseText="calcium channel blockers of the verapamil" preferredWord="Verapamil" semType="phsu, orch"/><RxNorm RxCui="11170"/></Normalization></entity><entity charOffset="153:162" id="Dailymed.8b8ad213-1dc8-454e-a524-075685c0e1a8.s.57.e.2" text="diltiazem" type="Drug"><Normalization><mmtx cui="C0012373" phraseText="diltiazem type," preferredWord="Diltiazem" semType="phsu, orch"/><RxNorm RxCui="203211"/></Normalization></entity><entity charOffset="169:176" id="Dailymed.8b8ad213-1dc8-454e-a524-075685c0e1a8.s.57.e.5" text="monitor" type="Caution_Interaction"/><entity charOffset="92:102" id="Dailymed.8b8ad213-1dc8-454e-a524-075685c0e1a8.s.57.e.7" text="β-blockers" type="Drug_Class"><Normalization><RxNorm RxCui="984952"/></Normalization></entity><entity charOffset="23:41|59:66" id="Dailymed.8b8ad213-1dc8-454e-a524-075685c0e1a8.s.57.e.8" text="negative inotropic effects" type="Specific_Interaction"/><entity charOffset="23:31|46:66" id="Dailymed.8b8ad213-1dc8-454e-a524-075685c0e1a8.s.57.e.10" text="negative chronotropic effects" type="Specific_Interaction"/><drugClassMembership drug="Dailymed.8b8ad213-1dc8-454e-a524-075685c0e1a8.s.57.e.1" drugClass="Dailymed.8b8ad213-1dc8-454e-a524-075685c0e1a8.s.57.e.0"/><drugClassMembership drug="Dailymed.8b8ad213-1dc8-454e-a524-075685c0e1a8.s.57.e.2" drugClass="Dailymed.8b8ad213-1dc8-454e-a524-075685c0e1a8.s.57.e.0"/><drugInteraction id="Dailymed.8b8ad213-1dc8-454e-a524-075685c0e1a8.s.57.ddi.1"><interaction trigger="Dailymed.8b8ad213-1dc8-454e-a524-075685c0e1a8.s.57.e.5"><relations><relation type="hasObject"><entity id="Dailymed.8b8ad213-1dc8-454e-a524-075685c0e1a8.s.57.e.7"/></relation><relation type="hasPrecipitant"><entity id="Dailymed.8b8ad213-1dc8-454e-a524-075685c0e1a8.s.57.e.0"/></relation></relations></interaction></drugInteraction><drugInteraction id="Dailymed.8b8ad213-1dc8-454e-a524-075685c0e1a8.s.57.ddi.2"><interaction trigger="Dailymed.8b8ad213-1dc8-454e-a524-075685c0e1a8.s.57.e.8"><relations><relation type="hasObject"><entity id="Dailymed.8b8ad213-1dc8-454e-a524-075685c0e1a8.s.57.e.7"/></relation><relation type="hasPrecipitant"><entity id="Dailymed.8b8ad213-1dc8-454e-a524-075685c0e1a8.s.57.e.0"/></relation></relations></interaction></drugInteraction><drugInteraction id="Dailymed.8b8ad213-1dc8-454e-a524-075685c0e1a8.s.57.ddi.3"><interaction trigger="Dailymed.8b8ad213-1dc8-454e-a524-075685c0e1a8.s.57.e.10"><relations><relation type="hasObject"><entity id="Dailymed.8b8ad213-1dc8-454e-a524-075685c0e1a8.s.57.e.7"/></relation><relation type="hasPrecipitant"><entity id="Dailymed.8b8ad213-1dc8-454e-a524-075685c0e1a8.s.57.e.0"/></relation></relations></interaction></drugInteraction><pair ddi="true" e1="Dailymed.8b8ad213-1dc8-454e-a524-075685c0e1a8.s.57.e.7" e2="Dailymed.8b8ad213-1dc8-454e-a524-075685c0e1a8.s.57.e.0" trigger="Dailymed.8b8ad213-1dc8-454e-a524-075685c0e1a8.s.57.e.5" type="Caution_Interaction"/></sentence><sentence biomedicalEntities="6" id="Dailymed.8b8ad213-1dc8-454e-a524-075685c0e1a8.s.73" lineNumber="85" text="Use caution when BYSTOLIC is co-administered with CYP2D6 inhibitors (quinidine, propafenone, fluoxetine, paroxetine, etc.) " type="regular"><entity charOffset="50:67" id="Dailymed.8b8ad213-1dc8-454e-a524-075685c0e1a8.s.73.e.0" text="CYP2D6 inhibitors" type="Drug_Class"><Normalization><RxNorm RxCui="22364"/></Normalization></entity><entity charOffset="69:78" id="Dailymed.8b8ad213-1dc8-454e-a524-075685c0e1a8.s.73.e.1" text="quinidine" type="Drug"><Normalization><mmtx cui="C0034414" phraseText="(quinidine," preferredWord="Quinidine" semType="phsu, orch"/><RxNorm RxCui="9068"/></Normalization></entity><entity charOffset="80:91" id="Dailymed.8b8ad213-1dc8-454e-a524-075685c0e1a8.s.73.e.2" text="propafenone" type="Drug"><Normalization><mmtx cui="C0033429" phraseText="propafenone," preferredWord="Propafenone" semType="phsu, orch"/><RxNorm RxCui="8754"/></Normalization></entity><entity charOffset="93:103" id="Dailymed.8b8ad213-1dc8-454e-a524-075685c0e1a8.s.73.e.3" text="fluoxetine" type="Drug"><Normalization><mmtx cui="C0016365" phraseText="fluoxetine," preferredWord="Fluoxetine" semType="phsu, orch"/><RxNorm RxCui="227224"/></Normalization></entity><entity charOffset="105:115" id="Dailymed.8b8ad213-1dc8-454e-a524-075685c0e1a8.s.73.e.4" text="paroxetine" type="Drug"><Normalization><mmtx cui="C0070122" phraseText="paroxetine," preferredWord="Paroxetine" semType="phsu, orch"/><RxNorm RxCui="32937"/></Normalization></entity><entity charOffset="17:25" id="Dailymed.8b8ad213-1dc8-454e-a524-075685c0e1a8.s.73.e.9" text="BYSTOLIC" type="Drug"><Normalization><mmtx cui="C1995642" phraseText="BYSTOLIC" preferredWord="Bystolic" semType="phsu, orch"/><RxNorm RxCui="751613"/></Normalization></entity><entity charOffset="4:11" id="Dailymed.8b8ad213-1dc8-454e-a524-075685c0e1a8.s.73.e.10" text="caution" type="Caution_Interaction"/><drugClassMembership drug="Dailymed.8b8ad213-1dc8-454e-a524-075685c0e1a8.s.73.e.1" drugClass="Dailymed.8b8ad213-1dc8-454e-a524-075685c0e1a8.s.73.e.0"/><drugClassMembership drug="Dailymed.8b8ad213-1dc8-454e-a524-075685c0e1a8.s.73.e.2" drugClass="Dailymed.8b8ad213-1dc8-454e-a524-075685c0e1a8.s.73.e.0"/><drugClassMembership drug="Dailymed.8b8ad213-1dc8-454e-a524-075685c0e1a8.s.73.e.3" drugClass="Dailymed.8b8ad213-1dc8-454e-a524-075685c0e1a8.s.73.e.0"/><drugClassMembership drug="Dailymed.8b8ad213-1dc8-454e-a524-075685c0e1a8.s.73.e.4" drugClass="Dailymed.8b8ad213-1dc8-454e-a524-075685c0e1a8.s.73.e.0"/><drugInteraction id="Dailymed.8b8ad213-1dc8-454e-a524-075685c0e1a8.s.73.ddi.1"><interaction trigger="Dailymed.8b8ad213-1dc8-454e-a524-075685c0e1a8.s.73.e.10"><relations><relation type="hasPrecipitant"><entity id="Dailymed.8b8ad213-1dc8-454e-a524-075685c0e1a8.s.73.e.0"/></relation><relation type="hasObject"><entity id="Dailymed.8b8ad213-1dc8-454e-a524-075685c0e1a8.s.73.e.9"/></relation></relations></interaction></drugInteraction><pair ddi="true" e1="Dailymed.8b8ad213-1dc8-454e-a524-075685c0e1a8.s.73.e.9" e2="Dailymed.8b8ad213-1dc8-454e-a524-075685c0e1a8.s.73.e.0" trigger="Dailymed.8b8ad213-1dc8-454e-a524-075685c0e1a8.s.73.e.10" type="Caution_Interaction"/></sentence><sentence biomedicalEntities="2" id="Dailymed.8b8ad213-1dc8-454e-a524-075685c0e1a8.s.76" lineNumber="89" text="Do not use BYSTOLIC with other  -blockers. " type="regular"><entity charOffset="0:10" id="Dailymed.8b8ad213-1dc8-454e-a524-075685c0e1a8.s.76.e.0" text="Do not use" type="Caution_Interaction"/><entity charOffset="11:19" id="Dailymed.8b8ad213-1dc8-454e-a524-075685c0e1a8.s.76.e.2" text="BYSTOLIC" type="Drug"><Normalization><mmtx cui="C1995642" phraseText="BYSTOLIC with other  -blockers." preferredWord="Bystolic" semType="phsu, orch"/><RxNorm RxCui="751613"/></Normalization></entity><entity charOffset="31:41" id="Dailymed.8b8ad213-1dc8-454e-a524-075685c0e1a8.s.76.e.3" text="β-blockers" type="Drug_Class"><Normalization><RxNorm RxCui="984952"/></Normalization></entity><drugInteraction id="Dailymed.8b8ad213-1dc8-454e-a524-075685c0e1a8.s.76.ddi.1"><interaction trigger="Dailymed.8b8ad213-1dc8-454e-a524-075685c0e1a8.s.76.e.0"><relations><relation type="hasObject"><entity id="Dailymed.8b8ad213-1dc8-454e-a524-075685c0e1a8.s.76.e.2"/></relation><relation type="hasPrecipitant"><entity id="Dailymed.8b8ad213-1dc8-454e-a524-075685c0e1a8.s.76.e.3"/></relation></relations></interaction></drugInteraction><pair ddi="true" e1="Dailymed.8b8ad213-1dc8-454e-a524-075685c0e1a8.s.76.e.2" e2="Dailymed.8b8ad213-1dc8-454e-a524-075685c0e1a8.s.76.e.3" trigger="Dailymed.8b8ad213-1dc8-454e-a524-075685c0e1a8.s.76.e.0" type="Caution_Interaction"/></sentence><sentence biomedicalEntities="4" id="Dailymed.8b8ad213-1dc8-454e-a524-075685c0e1a8.s.77" lineNumber="89" text="Closely monitor patients receiving catecholamine-depleting drugs, such as reserpine or guanethidine, because the added  -blocking action of BYSTOLIC may produce excessive reduction of sympathetic activity. " type="regular"><entity charOffset="35:64" id="Dailymed.8b8ad213-1dc8-454e-a524-075685c0e1a8.s.77.e.0" text="catecholamine-depleting drugs" type="Drug_Class"><Normalization><mmtx cui="C0007412" phraseText="catecholamine-depleting drugs," preferredWord="Catecholamines" semType="phsu, nsba"/><mmtx cui="C0013227" phraseText="catecholamine-depleting drugs," preferredWord="Pharmaceutical Preparations" semType="phsu"/><mmtx cui="C3536742" phraseText="catecholamine-depleting drugs," preferredWord="Catecholamine [EPC]" semType="phsu"/><mmtx cui="C0013227" phraseText="catecholamine-depleting drugs," preferredWord="Pharmaceutical Preparations" semType="phsu"/><RxNorm RxCui="990350"/></Normalization></entity><entity charOffset="74:83" id="Dailymed.8b8ad213-1dc8-454e-a524-075685c0e1a8.s.77.e.1" text="reserpine" type="Drug"><Normalization><mmtx cui="C0035179" phraseText="such as reserpine" preferredWord="Reserpine" semType="phsu, orch"/><RxNorm RxCui="9260"/></Normalization></entity><entity charOffset="87:99" id="Dailymed.8b8ad213-1dc8-454e-a524-075685c0e1a8.s.77.e.2" text="guanethidine" type="Drug"><Normalization><mmtx cui="C0018318" phraseText="guanethidine," preferredWord="Guanethidine" semType="phsu, orch"/><RxNorm RxCui="5036"/></Normalization></entity><entity charOffset="140:148" id="Dailymed.8b8ad213-1dc8-454e-a524-075685c0e1a8.s.77.e.5" text="BYSTOLIC" type="Drug"><Normalization><mmtx cui="C1995642" phraseText="the added  -blocking action of BYSTOLIC" preferredWord="Bystolic" semType="phsu, orch"/><RxNorm RxCui="751613"/></Normalization></entity><entity charOffset="161:204" id="Dailymed.8b8ad213-1dc8-454e-a524-075685c0e1a8.s.77.e.6" text="excessive reduction of sympathetic activity" type="Specific_Interaction"/><drugClassMembership drug="Dailymed.8b8ad213-1dc8-454e-a524-075685c0e1a8.s.77.e.1" drugClass="Dailymed.8b8ad213-1dc8-454e-a524-075685c0e1a8.s.77.e.0"/><drugClassMembership drug="Dailymed.8b8ad213-1dc8-454e-a524-075685c0e1a8.s.77.e.2" drugClass="Dailymed.8b8ad213-1dc8-454e-a524-075685c0e1a8.s.77.e.0"/><drugInteraction id="Dailymed.8b8ad213-1dc8-454e-a524-075685c0e1a8.s.77.ddi.1"><interaction trigger="Dailymed.8b8ad213-1dc8-454e-a524-075685c0e1a8.s.77.e.6"><relations><relation type="hasObject"><entity id="Dailymed.8b8ad213-1dc8-454e-a524-075685c0e1a8.s.77.e.5"/></relation><relation type="hasPrecipitant"><entity id="Dailymed.8b8ad213-1dc8-454e-a524-075685c0e1a8.s.77.e.0"/></relation></relations></interaction></drugInteraction><pair ddi="true" e1="Dailymed.8b8ad213-1dc8-454e-a524-075685c0e1a8.s.77.e.0" e2="Dailymed.8b8ad213-1dc8-454e-a524-075685c0e1a8.s.77.e.5" trigger="Dailymed.8b8ad213-1dc8-454e-a524-075685c0e1a8.s.77.e.6" type="Specific_Interaction"/></sentence><sentence id="Dailymed.8b8ad213-1dc8-454e-a524-075685c0e1a8.s.78" text="In patients who are receiving BYSTOLIC and clonidine, discontinue BYSTOLIC for several days before the gradual tapering of clonidine." type="negative"><entity charOffset="123:132" id="Dailymed.8b8ad213-1dc8-454e-a524-075685c0e1a8.s.78.e.0" text="clonidine" type="Biomedical_Entity"><Normalization><mmtx cui="C0009014" phraseText="of clonidine." preferredWord="Clonidine" semType="phsu, orch"/><RxNorm RxCui="2599"/></Normalization></entity><entity charOffset="30:38" id="Dailymed.8b8ad213-1dc8-454e-a524-075685c0e1a8.s.78.e.1" text="bystolic" type="Biomedical_Entity"><Normalization><mmtx cui="C1995642" phraseText="receiving BYSTOLIC" preferredWord="Bystolic" semType="phsu, orch"/><RxNorm RxCui="751613"/></Normalization></entity><entity charOffset="66:74" id="Dailymed.8b8ad213-1dc8-454e-a524-075685c0e1a8.s.78.e.2" text="bystolic" type="Biomedical_Entity"><Normalization><mmtx cui="C1995642" phraseText="BYSTOLIC for several days" preferredWord="Bystolic" semType="phsu, orch"/><RxNorm RxCui="751613"/></Normalization></entity><entity charOffset="43:52" id="Dailymed.8b8ad213-1dc8-454e-a524-075685c0e1a8.s.78.e.3" text="clonidine" type="Biomedical_Entity"><Normalization><mmtx cui="C0009014" phraseText="clonidine," preferredWord="Clonidine" semType="phsu, orch"/><RxNorm RxCui="2599"/></Normalization></entity><pair ddi="false" e1="Dailymed.8b8ad213-1dc8-454e-a524-075685c0e1a8.s.78.e.1" e2="Dailymed.8b8ad213-1dc8-454e-a524-075685c0e1a8.s.78.e.0"/><pair ddi="false" e1="Dailymed.8b8ad213-1dc8-454e-a524-075685c0e1a8.s.78.e.2" e2="Dailymed.8b8ad213-1dc8-454e-a524-075685c0e1a8.s.78.e.0"/><pair ddi="false" e1="Dailymed.8b8ad213-1dc8-454e-a524-075685c0e1a8.s.78.e.1" e2="Dailymed.8b8ad213-1dc8-454e-a524-075685c0e1a8.s.78.e.3"/><pair ddi="false" e1="Dailymed.8b8ad213-1dc8-454e-a524-075685c0e1a8.s.78.e.3" e2="Dailymed.8b8ad213-1dc8-454e-a524-075685c0e1a8.s.78.e.2"/></sentence><sentence biomedicalEntities="0" id="Dailymed.8b8ad213-1dc8-454e-a524-075685c0e1a8.s.81" lineNumber="93" text="Concomitant use can increase the risk of bradycardia." type="irregular"><entity charOffset="41:52" id="Dailymed.8b8ad213-1dc8-454e-a524-075685c0e1a8.s.81.e.0" text="bradycardia" type="Specific_Interaction"/><drugInteraction id="Dailymed.8b8ad213-1dc8-454e-a524-075685c0e1a8.s.81.ddi.1"><interaction trigger="Dailymed.8b8ad213-1dc8-454e-a524-075685c0e1a8.s.81.e.0"><relations><relation type="hasPrecipitant"><ellipsisSentence id="Dailymed.8b8ad213-1dc8-454e-a524-075685c0e1a8.s.80" text="Both digitalis glycosides and  -blockers slow atrioventricular conduction and decrease heart rate. "><entity charOffset="5:25" id="Dailymed.8b8ad213-1dc8-454e-a524-075685c0e1a8.s.80.e.0" text="digitalis glycosides" type="Drug_Class"><Normalization><mmtx cui="C0012253" phraseText="Both digitalis glycosides" preferredWord="Digitalis Glycosides" semType="phsu, carb"/></Normalization></entity></ellipsisSentence></relation><relation type="hasObject"><ellipsisSentence id="Dailymed.8b8ad213-1dc8-454e-a524-075685c0e1a8.s.80" text="Both digitalis glycosides and  -blockers slow atrioventricular conduction and decrease heart rate. "><entity charOffset="30:40" id="Dailymed.8b8ad213-1dc8-454e-a524-075685c0e1a8.s.80.e.1" text="β-blockers" type="Drug_Class"/></ellipsisSentence></relation></relations></interaction></drugInteraction></sentence><sentence biomedicalEntities="10" id="Dailymed.8b8ad213-1dc8-454e-a524-075685c0e1a8.s.83" lineNumber="97" text="BYSTOLIC can exacerbate the effects of myocardial depressants or inhibitors of AV conduction, such as certain calcium antagonists (particularly of the phenylalkylamine [verapamil] and benzothiazepine [diltiazem] classes), or antiarrhythmic agents, such as disopyramide." type="regular"><entity charOffset="39:61" id="Dailymed.8b8ad213-1dc8-454e-a524-075685c0e1a8.s.83.e.0" text="myocardial depressants" type="Drug_Class"><Normalization><mmtx cui="C0027048" phraseText="the effects of myocardial depressants" preferredWord="Cardiac Depressants" semType="phsu"/><RxNorm RxCui="1024808"/></Normalization></entity><entity charOffset="65:92" id="Dailymed.8b8ad213-1dc8-454e-a524-075685c0e1a8.s.83.e.1" text="inhibitors of AV conduction" type="Drug_Class"><Normalization><RxNorm RxCui="NA"/></Normalization></entity><entity charOffset="110:129" id="Dailymed.8b8ad213-1dc8-454e-a524-075685c0e1a8.s.83.e.2" text="calcium antagonists" type="Drug_Class"><Normalization><mmtx cui="C0006684" phraseText="such as certain calcium antagonists" preferredWord="Calcium Channel Blockers" semType="phsu"/><RxNorm RxCui="1895"/></Normalization></entity><entity charOffset="151:167|212:219" id="Dailymed.8b8ad213-1dc8-454e-a524-075685c0e1a8.s.83.e.3" text="phenylalkylamine classes" type="Drug_Class"><Normalization><mmtx cui="C0042523" phraseText="[verapamil" preferredWord="Verapamil" semType="phsu, orch"/><mmtx cui="C0012373" phraseText="[diltiazem" preferredWord="Diltiazem" semType="phsu, orch"/><RxNorm RxCui="154325"/></Normalization></entity><entity charOffset="169:178" id="Dailymed.8b8ad213-1dc8-454e-a524-075685c0e1a8.s.83.e.4" text="verapamil" type="Drug"><Normalization><mmtx cui="C0042523" phraseText="[verapamil" preferredWord="Verapamil" semType="phsu, orch"/><RxNorm RxCui="11170"/></Normalization></entity><entity charOffset="184:199|212:219" id="Dailymed.8b8ad213-1dc8-454e-a524-075685c0e1a8.s.83.e.6" text="benzothiazepine classes" type="Drug_Class"><Normalization><mmtx cui="C0012373" phraseText="[diltiazem" preferredWord="Diltiazem" semType="phsu, orch"/><RxNorm RxCui="402122"/></Normalization></entity><entity charOffset="201:210" id="Dailymed.8b8ad213-1dc8-454e-a524-075685c0e1a8.s.83.e.7" text="diltiazem" type="Drug"><Normalization><mmtx cui="C0012373" phraseText="[diltiazem" preferredWord="Diltiazem" semType="phsu, orch"/><RxNorm RxCui="203211"/></Normalization></entity><entity charOffset="0:8" id="Dailymed.8b8ad213-1dc8-454e-a524-075685c0e1a8.s.83.e.12" text="BYSTOLIC" type="Drug"><Normalization><mmtx cui="C1995642" phraseText="BYSTOLIC" preferredWord="Bystolic" semType="phsu, orch"/><RxNorm RxCui="751613"/></Normalization></entity><entity charOffset="13:35" id="Dailymed.8b8ad213-1dc8-454e-a524-075685c0e1a8.s.83.e.13" text="exacerbate the effects" type="Increase_Interaction"/><entity charOffset="225:246" id="Dailymed.8b8ad213-1dc8-454e-a524-075685c0e1a8.s.83.e.15" text="antiarrhythmic agents" type="Drug_Class"><Normalization><mmtx cui="C0003195" phraseText="antiarrhythmic agents," preferredWord="Anti-Arrhythmia Agents" semType="phsu"/><RxNorm RxCui="883"/></Normalization></entity><entity charOffset="256:268" id="Dailymed.8b8ad213-1dc8-454e-a524-075685c0e1a8.s.83.e.16" text="disopyramide" type="Drug"><Normalization><mmtx cui="C0012702" phraseText="such as disopyramide." preferredWord="Disopyramide" semType="phsu, orch"/><RxNorm RxCui="3541"/></Normalization></entity><drugClassMembership drug="Dailymed.8b8ad213-1dc8-454e-a524-075685c0e1a8.s.83.e.4" drugClass="Dailymed.8b8ad213-1dc8-454e-a524-075685c0e1a8.s.83.e.3"/><drugClassMembership drug="Dailymed.8b8ad213-1dc8-454e-a524-075685c0e1a8.s.83.e.7" drugClass="Dailymed.8b8ad213-1dc8-454e-a524-075685c0e1a8.s.83.e.6"/><classClassMembership drugClass="Dailymed.8b8ad213-1dc8-454e-a524-075685c0e1a8.s.83.e.2"/><classClassMembership drugClass="Dailymed.8b8ad213-1dc8-454e-a524-075685c0e1a8.s.83.e.3"/><classClassMembership drugClass="Dailymed.8b8ad213-1dc8-454e-a524-075685c0e1a8.s.83.e.6"/><drugClassMembership drug="Dailymed.8b8ad213-1dc8-454e-a524-075685c0e1a8.s.83.e.16" drugClass="Dailymed.8b8ad213-1dc8-454e-a524-075685c0e1a8.s.83.e.15"/><drugInteraction id="Dailymed.8b8ad213-1dc8-454e-a524-075685c0e1a8.s.83.ddi.1"><interaction trigger="Dailymed.8b8ad213-1dc8-454e-a524-075685c0e1a8.s.83.e.13"><relations><relation type="hasObject"><entity id="Dailymed.8b8ad213-1dc8-454e-a524-075685c0e1a8.s.83.e.1"/></relation><relation type="hasObject"><entity id="Dailymed.8b8ad213-1dc8-454e-a524-075685c0e1a8.s.83.e.15"/></relation><relation type="hasObject"><entity id="Dailymed.8b8ad213-1dc8-454e-a524-075685c0e1a8.s.83.e.0"/></relation><relation type="hasPrecipitant"><entity id="Dailymed.8b8ad213-1dc8-454e-a524-075685c0e1a8.s.83.e.12"/></relation></relations></interaction></drugInteraction><pair ddi="true" e1="Dailymed.8b8ad213-1dc8-454e-a524-075685c0e1a8.s.83.e.12" e2="Dailymed.8b8ad213-1dc8-454e-a524-075685c0e1a8.s.83.e.1" trigger="Dailymed.8b8ad213-1dc8-454e-a524-075685c0e1a8.s.83.e.13" type="Increase_Interaction"/><pair ddi="true" e1="Dailymed.8b8ad213-1dc8-454e-a524-075685c0e1a8.s.83.e.12" e2="Dailymed.8b8ad213-1dc8-454e-a524-075685c0e1a8.s.83.e.15" trigger="Dailymed.8b8ad213-1dc8-454e-a524-075685c0e1a8.s.83.e.13" type="Increase_Interaction"/><pair ddi="true" e1="Dailymed.8b8ad213-1dc8-454e-a524-075685c0e1a8.s.83.e.12" e2="Dailymed.8b8ad213-1dc8-454e-a524-075685c0e1a8.s.83.e.0" trigger="Dailymed.8b8ad213-1dc8-454e-a524-075685c0e1a8.s.83.e.13" type="Increase_Interaction"/></sentence><sentence biomedicalEntities="2" id="Dailymed.8b8ad213-1dc8-454e-a524-075685c0e1a8.s.84" lineNumber="99" text="Drugs that inhibit CYP2D6 can be expected to increase plasma levels of nebivolol. " type="regular"><entity charOffset="0:25" id="Dailymed.8b8ad213-1dc8-454e-a524-075685c0e1a8.s.84.e.0" text="Drugs that inhibit CYP2D6" type="Drug_Class"><Normalization><mmtx cui="C0013227" phraseText="Drugs" preferredWord="Pharmaceutical Preparations" semType="phsu"/><RxNorm RxCui="NA"/></Normalization></entity><entity charOffset="71:80" id="Dailymed.8b8ad213-1dc8-454e-a524-075685c0e1a8.s.84.e.1" text="nebivolol" type="Drug"><Normalization><mmtx cui="C0068475" phraseText="plasma levels of nebivolol." preferredWord="nebivolol" semType="phsu, orch"/><mmtx cui="C0068475" phraseText="plasma levels of nebivolol." preferredWord="nebivolol" semType="phsu, orch"/><RxNorm RxCui="31555"/></Normalization></entity><entity charOffset="45:67" id="Dailymed.8b8ad213-1dc8-454e-a524-075685c0e1a8.s.84.e.2" text="increase plasma levels" type="Increase_Interaction"/><entity charOffset="19:25" id="Dailymed.8b8ad213-1dc8-454e-a524-075685c0e1a8.s.84.e.4" text="CYP2D6" type="SPAN"/><drugInteraction id="Dailymed.8b8ad213-1dc8-454e-a524-075685c0e1a8.s.84.ddi.1"><interaction trigger="Dailymed.8b8ad213-1dc8-454e-a524-075685c0e1a8.s.84.e.2"><relations><relation type="hasPrecipitant"><entity id="Dailymed.8b8ad213-1dc8-454e-a524-075685c0e1a8.s.84.e.0"/></relation><relation type="hasObject"><entity id="Dailymed.8b8ad213-1dc8-454e-a524-075685c0e1a8.s.84.e.1"/></relation></relations></interaction></drugInteraction><pair ddi="true" e1="Dailymed.8b8ad213-1dc8-454e-a524-075685c0e1a8.s.84.e.0" e2="Dailymed.8b8ad213-1dc8-454e-a524-075685c0e1a8.s.84.e.1" trigger="Dailymed.8b8ad213-1dc8-454e-a524-075685c0e1a8.s.84.e.2" type="Increase_Interaction"/></sentence><sentence biomedicalEntities="4" id="Dailymed.8b8ad213-1dc8-454e-a524-075685c0e1a8.s.85" lineNumber="99" text="When BYSTOLIC is co-administered with an inhibitor or an inducer of this enzyme, monitor patients closely and adjust the nebivolol dose according to blood pressure response. " type="regular"><anaphoraRelation><antecedentSentence ID="Dailymed.8b8ad213-1dc8-454e-a524-075685c0e1a8.s.84" Text="Drugs that inhibit CYP2D6 can be expected to increase plasma levels of nebivolol. "/><anaphoraEntity charOffset="68:79" id="Dailymed.8b8ad213-1dc8-454e-a524-075685c0e1a8.s.85.e.2" text="this enzyme" type="Expression"/><antecedentEntity charOffset="19:25" id="Dailymed.8b8ad213-1dc8-454e-a524-075685c0e1a8.s.84.e.4" text="CYP2D6" type="SPAN"/></anaphoraRelation><anaphoraRelation><anaphoraEntity charOffset="121:130" id="Dailymed.8b8ad213-1dc8-454e-a524-075685c0e1a8.s.85.e.9" text="nebivolol" type="Drug"/><antecedentEntity charOffset="5-13" id="Dailymed.8b8ad213-1dc8-454e-a524-075685c0e1a8.s.85.e.4" text="BYSTOLIC" type="Drug"/></anaphoraRelation><entity charOffset="41:50|65:79" id="Dailymed.8b8ad213-1dc8-454e-a524-075685c0e1a8.s.85.e.0" text="inhibitor of this enzyme" type="Drug_Class"><Normalization><RxNorm RxCui="NA"/></Normalization></entity><entity charOffset="57:79" id="Dailymed.8b8ad213-1dc8-454e-a524-075685c0e1a8.s.85.e.1" text="inducer of this enzyme" type="Drug_Class"><Normalization><RxNorm RxCui="993159"/></Normalization></entity><entity charOffset="5:13" id="Dailymed.8b8ad213-1dc8-454e-a524-075685c0e1a8.s.85.e.4" text="BYSTOLIC" type="Drug"><Normalization><mmtx cui="C1995642" phraseText="BYSTOLIC" preferredWord="Bystolic" semType="phsu, orch"/><RxNorm RxCui="751613"/></Normalization></entity><entity charOffset="81:88" id="Dailymed.8b8ad213-1dc8-454e-a524-075685c0e1a8.s.85.e.5" text="monitor" type="Caution_Interaction"/><entity charOffset="110:120|131:135" id="Dailymed.8b8ad213-1dc8-454e-a524-075685c0e1a8.s.85.e.7" text="adjust the dose" type="Caution_Interaction"/><entity charOffset="121:130" id="Dailymed.8b8ad213-1dc8-454e-a524-075685c0e1a8.s.85.e.9" text="nebivolol" type="Drug"><Normalization><mmtx cui="C0068475" phraseText="the nebivolol dose according to blood pressure response." preferredWord="nebivolol" semType="phsu, orch"/><RxNorm RxCui="31555"/></Normalization></entity><drugInteraction id="Dailymed.8b8ad213-1dc8-454e-a524-075685c0e1a8.s.85.ddi.1"><interaction trigger="Dailymed.8b8ad213-1dc8-454e-a524-075685c0e1a8.s.85.e.5"><relations><relation type="hasPrecipitant"><entity id="Dailymed.8b8ad213-1dc8-454e-a524-075685c0e1a8.s.85.e.1"/></relation><relation type="hasObject"><entity id="Dailymed.8b8ad213-1dc8-454e-a524-075685c0e1a8.s.85.e.4"/></relation><relation type="hasPrecipitant"><entity id="Dailymed.8b8ad213-1dc8-454e-a524-075685c0e1a8.s.85.e.0"/></relation></relations></interaction></drugInteraction><drugInteraction id="Dailymed.8b8ad213-1dc8-454e-a524-075685c0e1a8.s.85.ddi.2"><interaction trigger="Dailymed.8b8ad213-1dc8-454e-a524-075685c0e1a8.s.85.e.7"><relations><relation type="hasPrecipitant"><entity id="Dailymed.8b8ad213-1dc8-454e-a524-075685c0e1a8.s.85.e.1"/></relation><relation type="hasObject"><entity id="Dailymed.8b8ad213-1dc8-454e-a524-075685c0e1a8.s.85.e.9"/></relation><relation type="hasPrecipitant"><entity id="Dailymed.8b8ad213-1dc8-454e-a524-075685c0e1a8.s.85.e.0"/></relation></relations></interaction></drugInteraction><pair ddi="true" e1="Dailymed.8b8ad213-1dc8-454e-a524-075685c0e1a8.s.85.e.4" e2="Dailymed.8b8ad213-1dc8-454e-a524-075685c0e1a8.s.85.e.1" trigger="Dailymed.8b8ad213-1dc8-454e-a524-075685c0e1a8.s.85.e.5" type="Caution_Interaction"/><pair ddi="true" e1="Dailymed.8b8ad213-1dc8-454e-a524-075685c0e1a8.s.85.e.4" e2="Dailymed.8b8ad213-1dc8-454e-a524-075685c0e1a8.s.85.e.0" trigger="Dailymed.8b8ad213-1dc8-454e-a524-075685c0e1a8.s.85.e.5" type="Caution_Interaction"/><pair ddi="false" e1="Dailymed.8b8ad213-1dc8-454e-a524-075685c0e1a8.s.85.e.0" e2="Dailymed.8b8ad213-1dc8-454e-a524-075685c0e1a8.s.85.e.1"/><pair ddi="true" e1="Dailymed.8b8ad213-1dc8-454e-a524-075685c0e1a8.s.85.e.1" e2="Dailymed.8b8ad213-1dc8-454e-a524-075685c0e1a8.s.85.e.9" trigger="Dailymed.8b8ad213-1dc8-454e-a524-075685c0e1a8.s.85.e.7" type="Caution_Interaction"/><pair ddi="true" e1="Dailymed.8b8ad213-1dc8-454e-a524-075685c0e1a8.s.85.e.0" e2="Dailymed.8b8ad213-1dc8-454e-a524-075685c0e1a8.s.85.e.9" trigger="Dailymed.8b8ad213-1dc8-454e-a524-075685c0e1a8.s.85.e.7" type="Caution_Interaction"/><pair ddi="false" e1="Dailymed.8b8ad213-1dc8-454e-a524-075685c0e1a8.s.85.e.0" e2="Dailymed.8b8ad213-1dc8-454e-a524-075685c0e1a8.s.85.e.1"/></sentence><sentence id="Dailymed.8b8ad213-1dc8-454e-a524-075685c0e1a8.s.87" text="Digoxin: Concomitant administration of BYSTOLIC (10 mg once daily) and digoxin (0.25 mg once daily) for 10 days in 14 healthy adult individuals resulted in no significant changes in the pharmacokinetics of digoxin or nebivolol [see Drug Interactions (7)]." type="negative"><entity charOffset="206:213" id="Dailymed.8b8ad213-1dc8-454e-a524-075685c0e1a8.s.87.e.0" text="digoxin" type="Biomedical_Entity"><Normalization><mmtx cui="C0012265" phraseText="of digoxin" preferredWord="Digoxin" semType="strd, phsu, carb"/><RxNorm RxCui="3407"/></Normalization></entity><entity charOffset="71:78" id="Dailymed.8b8ad213-1dc8-454e-a524-075685c0e1a8.s.87.e.1" text="digoxin" type="Biomedical_Entity"><Normalization><mmtx cui="C0012265" phraseText="digoxin" preferredWord="Digoxin" semType="strd, phsu, carb"/><RxNorm RxCui="3407"/></Normalization></entity><entity charOffset="0:7" id="Dailymed.8b8ad213-1dc8-454e-a524-075685c0e1a8.s.87.e.2" text="digoxin" type="Biomedical_Entity"><Normalization><mmtx cui="C0012265" phraseText="Digoxin" preferredWord="Digoxin" semType="strd, phsu, carb"/><RxNorm RxCui="3407"/></Normalization></entity><entity charOffset="39:47" id="Dailymed.8b8ad213-1dc8-454e-a524-075685c0e1a8.s.87.e.3" text="bystolic" type="Biomedical_Entity"><Normalization><mmtx cui="C1995642" phraseText="Concomitant administration of BYSTOLIC" preferredWord="Bystolic" semType="phsu, orch"/><RxNorm RxCui="751613"/></Normalization></entity><entity charOffset="217:226" id="Dailymed.8b8ad213-1dc8-454e-a524-075685c0e1a8.s.87.e.4" text="nebivolol" type="Biomedical_Entity"><Normalization><mmtx cui="C0068475" phraseText="nebivolol" preferredWord="nebivolol" semType="phsu, orch"/><RxNorm RxCui="31555"/></Normalization></entity><pair ddi="false" e1="Dailymed.8b8ad213-1dc8-454e-a524-075685c0e1a8.s.87.e.3" e2="Dailymed.8b8ad213-1dc8-454e-a524-075685c0e1a8.s.87.e.0"/><pair ddi="false" e1="Dailymed.8b8ad213-1dc8-454e-a524-075685c0e1a8.s.87.e.0" e2="Dailymed.8b8ad213-1dc8-454e-a524-075685c0e1a8.s.87.e.4"/><pair ddi="false" e1="Dailymed.8b8ad213-1dc8-454e-a524-075685c0e1a8.s.87.e.3" e2="Dailymed.8b8ad213-1dc8-454e-a524-075685c0e1a8.s.87.e.1"/><pair ddi="false" e1="Dailymed.8b8ad213-1dc8-454e-a524-075685c0e1a8.s.87.e.1" e2="Dailymed.8b8ad213-1dc8-454e-a524-075685c0e1a8.s.87.e.4"/><pair ddi="false" e1="Dailymed.8b8ad213-1dc8-454e-a524-075685c0e1a8.s.87.e.2" e2="Dailymed.8b8ad213-1dc8-454e-a524-075685c0e1a8.s.87.e.3"/><pair ddi="false" e1="Dailymed.8b8ad213-1dc8-454e-a524-075685c0e1a8.s.87.e.2" e2="Dailymed.8b8ad213-1dc8-454e-a524-075685c0e1a8.s.87.e.4"/><pair ddi="false" e1="Dailymed.8b8ad213-1dc8-454e-a524-075685c0e1a8.s.87.e.3" e2="Dailymed.8b8ad213-1dc8-454e-a524-075685c0e1a8.s.87.e.4"/></sentence><sentence id="Dailymed.8b8ad213-1dc8-454e-a524-075685c0e1a8.s.88" text="Warfarin: Administration of BYSTOLIC (10 mg once daily for 10 days) led to no significant changes in the pharmacokinetics of nebivolol or R- or S-warfarin following a single 10 mg dose of warfarin. " type="negative"><entity charOffset="165:176" id="Dailymed.8b8ad213-1dc8-454e-a524-075685c0e1a8.s.88.e.0" text="a 10" type="Biomedical_Entity"><Normalization><mmtx cui="C0052080" phraseText="a single 10 mg dose of warfarin." preferredWord="antineoplaston A10" semType="phsu, orch"/><RxNorm RxCui="NA"/></Normalization></entity><entity charOffset="146:154" id="Dailymed.8b8ad213-1dc8-454e-a524-075685c0e1a8.s.88.e.1" text="warfarin" type="Biomedical_Entity"><Normalization><mmtx cui="C0043031" phraseText="R- or S-warfarin" preferredWord="Warfarin" semType="phsu, orch, hops"/><RxNorm RxCui="11289"/></Normalization></entity><entity charOffset="188:196" id="Dailymed.8b8ad213-1dc8-454e-a524-075685c0e1a8.s.88.e.2" text="warfarin" type="Biomedical_Entity"><Normalization><mmtx cui="C0043031" phraseText="a single 10 mg dose of warfarin." preferredWord="Warfarin" semType="phsu, orch, hops"/><RxNorm RxCui="11289"/></Normalization></entity><entity charOffset="0:8" id="Dailymed.8b8ad213-1dc8-454e-a524-075685c0e1a8.s.88.e.3" text="warfarin" type="Biomedical_Entity"><Normalization><mmtx cui="C0043031" phraseText="Warfarin" preferredWord="Warfarin" semType="phsu, orch, hops"/><RxNorm RxCui="11289"/></Normalization></entity><entity charOffset="28:36" id="Dailymed.8b8ad213-1dc8-454e-a524-075685c0e1a8.s.88.e.4" text="bystolic" type="Biomedical_Entity"><Normalization><mmtx cui="C1995642" phraseText="Administration of BYSTOLIC" preferredWord="Bystolic" semType="phsu, orch"/><RxNorm RxCui="751613"/></Normalization></entity><entity charOffset="125:134" id="Dailymed.8b8ad213-1dc8-454e-a524-075685c0e1a8.s.88.e.5" text="nebivolol" type="Biomedical_Entity"><Normalization><mmtx cui="C0068475" phraseText="of nebivolol" preferredWord="nebivolol" semType="phsu, orch"/><RxNorm RxCui="31555"/></Normalization></entity><pair ddi="false" e1="Dailymed.8b8ad213-1dc8-454e-a524-075685c0e1a8.s.88.e.1" e2="Dailymed.8b8ad213-1dc8-454e-a524-075685c0e1a8.s.88.e.0"/><pair ddi="false" e1="Dailymed.8b8ad213-1dc8-454e-a524-075685c0e1a8.s.88.e.0" e2="Dailymed.8b8ad213-1dc8-454e-a524-075685c0e1a8.s.88.e.2"/><pair ddi="false" e1="Dailymed.8b8ad213-1dc8-454e-a524-075685c0e1a8.s.88.e.3" e2="Dailymed.8b8ad213-1dc8-454e-a524-075685c0e1a8.s.88.e.0"/><pair ddi="false" e1="Dailymed.8b8ad213-1dc8-454e-a524-075685c0e1a8.s.88.e.4" e2="Dailymed.8b8ad213-1dc8-454e-a524-075685c0e1a8.s.88.e.0"/><pair ddi="false" e1="Dailymed.8b8ad213-1dc8-454e-a524-075685c0e1a8.s.88.e.5" e2="Dailymed.8b8ad213-1dc8-454e-a524-075685c0e1a8.s.88.e.0"/><pair ddi="false" e1="Dailymed.8b8ad213-1dc8-454e-a524-075685c0e1a8.s.88.e.4" e2="Dailymed.8b8ad213-1dc8-454e-a524-075685c0e1a8.s.88.e.1"/><pair ddi="false" e1="Dailymed.8b8ad213-1dc8-454e-a524-075685c0e1a8.s.88.e.5" e2="Dailymed.8b8ad213-1dc8-454e-a524-075685c0e1a8.s.88.e.1"/><pair ddi="false" e1="Dailymed.8b8ad213-1dc8-454e-a524-075685c0e1a8.s.88.e.4" e2="Dailymed.8b8ad213-1dc8-454e-a524-075685c0e1a8.s.88.e.2"/><pair ddi="false" e1="Dailymed.8b8ad213-1dc8-454e-a524-075685c0e1a8.s.88.e.5" e2="Dailymed.8b8ad213-1dc8-454e-a524-075685c0e1a8.s.88.e.2"/><pair ddi="false" e1="Dailymed.8b8ad213-1dc8-454e-a524-075685c0e1a8.s.88.e.3" e2="Dailymed.8b8ad213-1dc8-454e-a524-075685c0e1a8.s.88.e.4"/><pair ddi="false" e1="Dailymed.8b8ad213-1dc8-454e-a524-075685c0e1a8.s.88.e.3" e2="Dailymed.8b8ad213-1dc8-454e-a524-075685c0e1a8.s.88.e.5"/><pair ddi="false" e1="Dailymed.8b8ad213-1dc8-454e-a524-075685c0e1a8.s.88.e.4" e2="Dailymed.8b8ad213-1dc8-454e-a524-075685c0e1a8.s.88.e.5"/></sentence><sentence id="Dailymed.8b8ad213-1dc8-454e-a524-075685c0e1a8.s.89" text="Similarly, nebivolol has no significant effects on the anticoagulant activity of warfarin, as assessed by Prothrombin time and INR profiles from 0 to 144 hours after a single 10 mg warfarin dose in 12 healthy adult volunteers." type="negative"><entity charOffset="11:20" id="Dailymed.8b8ad213-1dc8-454e-a524-075685c0e1a8.s.89.e.0" text="nebivolol" type="Biomedical_Entity"><Normalization><mmtx cui="C0068475" phraseText="nebivolol" preferredWord="nebivolol" semType="phsu, orch"/><RxNorm RxCui="31555"/></Normalization></entity><entity charOffset="106:117" id="Dailymed.8b8ad213-1dc8-454e-a524-075685c0e1a8.s.89.e.1" text="prothrombin" type="Biomedical_Entity"><Normalization><mmtx cui="C0033706" phraseText="assessed by Prothrombin time" preferredWord="Prothrombin" semType="bacs, phsu, aapp"/><RxNorm RxCui="1441688"/></Normalization></entity><entity charOffset="181:189" id="Dailymed.8b8ad213-1dc8-454e-a524-075685c0e1a8.s.89.e.2" text="warfarin" type="Biomedical_Entity"><Normalization><mmtx cui="C0043031" phraseText="after a single 10 mg warfarin dose" preferredWord="Warfarin" semType="phsu, orch, hops"/><RxNorm RxCui="11289"/></Normalization></entity><entity charOffset="81:89" id="Dailymed.8b8ad213-1dc8-454e-a524-075685c0e1a8.s.89.e.3" text="warfarin" type="Biomedical_Entity"><Normalization><mmtx cui="C0043031" phraseText="no significant effects on the anticoagulant activity of warfarin," preferredWord="Warfarin" semType="phsu, orch, hops"/><RxNorm RxCui="11289"/></Normalization></entity><pair ddi="false" e1="Dailymed.8b8ad213-1dc8-454e-a524-075685c0e1a8.s.89.e.0" e2="Dailymed.8b8ad213-1dc8-454e-a524-075685c0e1a8.s.89.e.1"/><pair ddi="false" e1="Dailymed.8b8ad213-1dc8-454e-a524-075685c0e1a8.s.89.e.0" e2="Dailymed.8b8ad213-1dc8-454e-a524-075685c0e1a8.s.89.e.2"/><pair ddi="false" e1="Dailymed.8b8ad213-1dc8-454e-a524-075685c0e1a8.s.89.e.0" e2="Dailymed.8b8ad213-1dc8-454e-a524-075685c0e1a8.s.89.e.3"/><pair ddi="false" e1="Dailymed.8b8ad213-1dc8-454e-a524-075685c0e1a8.s.89.e.1" e2="Dailymed.8b8ad213-1dc8-454e-a524-075685c0e1a8.s.89.e.2"/><pair ddi="false" e1="Dailymed.8b8ad213-1dc8-454e-a524-075685c0e1a8.s.89.e.3" e2="Dailymed.8b8ad213-1dc8-454e-a524-075685c0e1a8.s.89.e.1"/></sentence><sentence id="Dailymed.8b8ad213-1dc8-454e-a524-075685c0e1a8.s.90" text="Diuretics: No pharmacokinetic interactions were observed in healthy adults between nebivolol (10 mg daily for 10 days) and furosemide (40 mg single dose), hydrochlorothiazide (25 mg once daily for 10 days), or spironolactone (25 mg once daily for 10 days)." type="negative"><entity charOffset="83:92" id="Dailymed.8b8ad213-1dc8-454e-a524-075685c0e1a8.s.90.e.0" text="nebivolol" type="Biomedical_Entity"><Normalization><mmtx cui="C0068475" phraseText="between nebivolol" preferredWord="nebivolol" semType="phsu, orch"/><RxNorm RxCui="31555"/></Normalization></entity><entity charOffset="0:9" id="Dailymed.8b8ad213-1dc8-454e-a524-075685c0e1a8.s.90.e.1" text="diuretics" type="Biomedical_Entity"><Normalization><mmtx cui="C0012798" phraseText="Diuretics" preferredWord="Diuretics" semType="phsu"/><RxNorm RxCui="3567"/></Normalization></entity><entity charOffset="123:133" id="Dailymed.8b8ad213-1dc8-454e-a524-075685c0e1a8.s.90.e.2" text="furosemide" type="Biomedical_Entity"><Normalization><mmtx cui="C0016860" phraseText="furosemide" preferredWord="Furosemide" semType="phsu, orch"/><RxNorm RxCui="4603"/></Normalization></entity><entity charOffset="210:224" id="Dailymed.8b8ad213-1dc8-454e-a524-075685c0e1a8.s.90.e.3" text="spironolactone" type="Biomedical_Entity"><Normalization><mmtx cui="C0037982" phraseText="spironolactone" preferredWord="Spironolactone" semType="strd, phsu"/><RxNorm RxCui="9997"/></Normalization></entity><entity charOffset="155:174" id="Dailymed.8b8ad213-1dc8-454e-a524-075685c0e1a8.s.90.e.4" text="hydrochlorothiazide" type="Biomedical_Entity"><Normalization><mmtx cui="C0020261" phraseText="hydrochlorothiazide" preferredWord="Hydrochlorothiazide" semType="phsu, orch"/><RxNorm RxCui="5487"/></Normalization></entity><pair ddi="false" e1="Dailymed.8b8ad213-1dc8-454e-a524-075685c0e1a8.s.90.e.1" e2="Dailymed.8b8ad213-1dc8-454e-a524-075685c0e1a8.s.90.e.0"/><pair ddi="false" e1="Dailymed.8b8ad213-1dc8-454e-a524-075685c0e1a8.s.90.e.0" e2="Dailymed.8b8ad213-1dc8-454e-a524-075685c0e1a8.s.90.e.2"/><pair ddi="false" e1="Dailymed.8b8ad213-1dc8-454e-a524-075685c0e1a8.s.90.e.0" e2="Dailymed.8b8ad213-1dc8-454e-a524-075685c0e1a8.s.90.e.3"/><pair ddi="false" e1="Dailymed.8b8ad213-1dc8-454e-a524-075685c0e1a8.s.90.e.0" e2="Dailymed.8b8ad213-1dc8-454e-a524-075685c0e1a8.s.90.e.4"/><pair ddi="false" e1="Dailymed.8b8ad213-1dc8-454e-a524-075685c0e1a8.s.90.e.1" e2="Dailymed.8b8ad213-1dc8-454e-a524-075685c0e1a8.s.90.e.2"/><pair ddi="false" e1="Dailymed.8b8ad213-1dc8-454e-a524-075685c0e1a8.s.90.e.1" e2="Dailymed.8b8ad213-1dc8-454e-a524-075685c0e1a8.s.90.e.3"/><pair ddi="false" e1="Dailymed.8b8ad213-1dc8-454e-a524-075685c0e1a8.s.90.e.1" e2="Dailymed.8b8ad213-1dc8-454e-a524-075685c0e1a8.s.90.e.4"/><pair ddi="false" e1="Dailymed.8b8ad213-1dc8-454e-a524-075685c0e1a8.s.90.e.2" e2="Dailymed.8b8ad213-1dc8-454e-a524-075685c0e1a8.s.90.e.3"/><pair ddi="false" e1="Dailymed.8b8ad213-1dc8-454e-a524-075685c0e1a8.s.90.e.2" e2="Dailymed.8b8ad213-1dc8-454e-a524-075685c0e1a8.s.90.e.4"/><pair ddi="false" e1="Dailymed.8b8ad213-1dc8-454e-a524-075685c0e1a8.s.90.e.4" e2="Dailymed.8b8ad213-1dc8-454e-a524-075685c0e1a8.s.90.e.3"/></sentence><sentence id="Dailymed.8b8ad213-1dc8-454e-a524-075685c0e1a8.s.91" text="Ramipril: Concomitant administration of BYSTOLIC (10 mg once daily) and ramipril (5 mg once daily) for 10 days in 15 healthy adult volunteers produced no pharmacokinetic interactions." type="negative"><entity charOffset="0:8" id="Dailymed.8b8ad213-1dc8-454e-a524-075685c0e1a8.s.91.e.0" text="ramipril" type="Biomedical_Entity"><Normalization><mmtx cui="C0072973" phraseText="Ramipril" preferredWord="Ramipril" semType="phsu, orch"/><RxNorm RxCui="35296"/></Normalization></entity><entity charOffset="72:80" id="Dailymed.8b8ad213-1dc8-454e-a524-075685c0e1a8.s.91.e.1" text="ramipril" type="Biomedical_Entity"><Normalization><mmtx cui="C0072973" phraseText="ramipril" preferredWord="Ramipril" semType="phsu, orch"/><RxNorm RxCui="35296"/></Normalization></entity><entity charOffset="40:48" id="Dailymed.8b8ad213-1dc8-454e-a524-075685c0e1a8.s.91.e.2" text="bystolic" type="Biomedical_Entity"><Normalization><mmtx cui="C1995642" phraseText="Concomitant administration of BYSTOLIC" preferredWord="Bystolic" semType="phsu, orch"/><RxNorm RxCui="751613"/></Normalization></entity><pair ddi="false" e1="Dailymed.8b8ad213-1dc8-454e-a524-075685c0e1a8.s.91.e.0" e2="Dailymed.8b8ad213-1dc8-454e-a524-075685c0e1a8.s.91.e.2"/><pair ddi="false" e1="Dailymed.8b8ad213-1dc8-454e-a524-075685c0e1a8.s.91.e.2" e2="Dailymed.8b8ad213-1dc8-454e-a524-075685c0e1a8.s.91.e.1"/></sentence><sentence id="Dailymed.8b8ad213-1dc8-454e-a524-075685c0e1a8.s.92" text="Losartan: Concomitant administration of BYSTOLIC (10 mg single dose) and losartan (50 mg single dose) in 20 healthy adult volunteers did not result in pharmacokinetic interactions." type="negative"><entity charOffset="0:8" id="Dailymed.8b8ad213-1dc8-454e-a524-075685c0e1a8.s.92.e.0" text="losartan" type="Biomedical_Entity"><Normalization><mmtx cui="C0126174" phraseText="Losartan" preferredWord="Losartan" semType="phsu, orch"/><RxNorm RxCui="52175"/></Normalization></entity><entity charOffset="40:48" id="Dailymed.8b8ad213-1dc8-454e-a524-075685c0e1a8.s.92.e.1" text="bystolic" type="Biomedical_Entity"><Normalization><mmtx cui="C1995642" phraseText="Concomitant administration of BYSTOLIC" preferredWord="Bystolic" semType="phsu, orch"/><RxNorm RxCui="751613"/></Normalization></entity><entity charOffset="73:81" id="Dailymed.8b8ad213-1dc8-454e-a524-075685c0e1a8.s.92.e.2" text="losartan" type="Biomedical_Entity"><Normalization><mmtx cui="C0126174" phraseText="losartan" preferredWord="Losartan" semType="phsu, orch"/><RxNorm RxCui="52175"/></Normalization></entity><pair ddi="false" e1="Dailymed.8b8ad213-1dc8-454e-a524-075685c0e1a8.s.92.e.0" e2="Dailymed.8b8ad213-1dc8-454e-a524-075685c0e1a8.s.92.e.1"/><pair ddi="false" e1="Dailymed.8b8ad213-1dc8-454e-a524-075685c0e1a8.s.92.e.1" e2="Dailymed.8b8ad213-1dc8-454e-a524-075685c0e1a8.s.92.e.2"/></sentence><sentence biomedicalEntities="4" id="Dailymed.8b8ad213-1dc8-454e-a524-075685c0e1a8.s.93" lineNumber="111" text="Fluoxetine: Fluoxetine, a CYP2D6 inhibitor, administered at 20 mg per day for 21 days prior to a single 10 mg dose of nebivolol to 10 healthy adults, led to an 8-fold increase in the AUC and 3-fold increase in Cmax for d-nebivolol [see Drug Interactions (7)]." type="regular"><anaphoraRelation><anaphoraEntity charOffset="219:230" id="Dailymed.8b8ad213-1dc8-454e-a524-075685c0e1a8.s.93.e.9" text="d-nebivolol" type="Drug"/><antecedentEntity charOffset="118-127" id="Dailymed.8b8ad213-1dc8-454e-a524-075685c0e1a8.s.93.e.3" text="nebivolol" type="Drug"/></anaphoraRelation><entity charOffset="12:22" id="Dailymed.8b8ad213-1dc8-454e-a524-075685c0e1a8.s.93.e.0" text="Fluoxetine" type="Drug"><Normalization><mmtx cui="C0016365" phraseText="Fluoxetine," preferredWord="Fluoxetine" semType="phsu, orch"/><RxNorm RxCui="227224"/></Normalization></entity><entity charOffset="26:42" id="Dailymed.8b8ad213-1dc8-454e-a524-075685c0e1a8.s.93.e.1" text="CYP2D6 inhibitor" type="Drug_Class"><Normalization><RxNorm RxCui="22364"/></Normalization></entity><entity charOffset="118:127" id="Dailymed.8b8ad213-1dc8-454e-a524-075685c0e1a8.s.93.e.3" text="nebivolol" type="Drug"><Normalization><mmtx cui="C0068475" phraseText="of nebivolol" preferredWord="nebivolol" semType="phsu, orch"/><RxNorm RxCui="31555"/></Normalization></entity><entity charOffset="131:133|142:148" id="Dailymed.8b8ad213-1dc8-454e-a524-075685c0e1a8.s.93.e.4" text="10 adults" type="SPAN"/><entity charOffset="167:186" id="Dailymed.8b8ad213-1dc8-454e-a524-075685c0e1a8.s.93.e.5" text="increase in the AUC" type="Increase_Interaction"/><entity charOffset="198:214" id="Dailymed.8b8ad213-1dc8-454e-a524-075685c0e1a8.s.93.e.7" text="increase in Cmax" type="Increase_Interaction"/><entity charOffset="219:230" id="Dailymed.8b8ad213-1dc8-454e-a524-075685c0e1a8.s.93.e.9" text="d-nebivolol" type="Drug"><Normalization><mmtx cui="C0068475" phraseText="nebivolol" preferredWord="nebivolol" semType="phsu, orch"/><RxNorm RxCui="31555"/></Normalization></entity><drugClassMembership drug="Dailymed.8b8ad213-1dc8-454e-a524-075685c0e1a8.s.93.e.0" drugClass="Dailymed.8b8ad213-1dc8-454e-a524-075685c0e1a8.s.93.e.1"/><drugInteraction id="Dailymed.8b8ad213-1dc8-454e-a524-075685c0e1a8.s.93.ddi.1"><interaction trigger="Dailymed.8b8ad213-1dc8-454e-a524-075685c0e1a8.s.93.e.5"><relations><relation type="hasObject"><entity id="Dailymed.8b8ad213-1dc8-454e-a524-075685c0e1a8.s.93.e.9"/></relation><relation type="hasPrecipitant"><entity id="Dailymed.8b8ad213-1dc8-454e-a524-075685c0e1a8.s.93.e.0"/></relation><relation type="hasEvidence"><entity id="Dailymed.8b8ad213-1dc8-454e-a524-075685c0e1a8.s.93.e.4"/></relation></relations></interaction></drugInteraction><drugInteraction id="Dailymed.8b8ad213-1dc8-454e-a524-075685c0e1a8.s.93.ddi.2"><interaction trigger="Dailymed.8b8ad213-1dc8-454e-a524-075685c0e1a8.s.93.e.7"><relations><relation type="hasObject"><entity id="Dailymed.8b8ad213-1dc8-454e-a524-075685c0e1a8.s.93.e.9"/></relation><relation type="hasPrecipitant"><entity id="Dailymed.8b8ad213-1dc8-454e-a524-075685c0e1a8.s.93.e.0"/></relation><relation type="hasEvidence"><entity id="Dailymed.8b8ad213-1dc8-454e-a524-075685c0e1a8.s.93.e.4"/></relation></relations></interaction></drugInteraction><pair ddi="true" e1="Dailymed.8b8ad213-1dc8-454e-a524-075685c0e1a8.s.93.e.0" e2="Dailymed.8b8ad213-1dc8-454e-a524-075685c0e1a8.s.93.e.9" evidence="Dailymed.8b8ad213-1dc8-454e-a524-075685c0e1a8.s.93.e.4" trigger="Dailymed.8b8ad213-1dc8-454e-a524-075685c0e1a8.s.93.e.5" type="Increase_Interaction"/></sentence><sentence id="Dailymed.8b8ad213-1dc8-454e-a524-075685c0e1a8.s.94" text="Histamine-2 Receptor Antagonists: The pharmacokinetics of nebivolol (5 mg single dose) were not affected by the co-administration of ranitidine (150 mg twice daily). " type="negative"><entity charOffset="58:67" id="Dailymed.8b8ad213-1dc8-454e-a524-075685c0e1a8.s.94.e.0" text="nebivolol" type="Biomedical_Entity"><Normalization><mmtx cui="C0068475" phraseText="The pharmacokinetics of nebivolol" preferredWord="nebivolol" semType="phsu, orch"/><RxNorm RxCui="31555"/></Normalization></entity><entity charOffset="0:32" id="Dailymed.8b8ad213-1dc8-454e-a524-075685c0e1a8.s.94.e.1" text="histamine-2 receptor antagonists" type="Biomedical_Entity"><Normalization><mmtx cui="C3536872" phraseText="Histamine-2 Receptor Antagonists" preferredWord="Histamine-2 Receptor Antagonist [EPC]" semType="phsu"/><RxNorm RxCui="142136"/></Normalization></entity><entity charOffset="133:143" id="Dailymed.8b8ad213-1dc8-454e-a524-075685c0e1a8.s.94.e.2" text="ranitidine" type="Biomedical_Entity"><Normalization><mmtx cui="C0034665" phraseText="affected by the co-administration of ranitidine" preferredWord="Ranitidine" semType="phsu, orch"/><RxNorm RxCui="203136"/></Normalization></entity><pair ddi="false" e1="Dailymed.8b8ad213-1dc8-454e-a524-075685c0e1a8.s.94.e.1" e2="Dailymed.8b8ad213-1dc8-454e-a524-075685c0e1a8.s.94.e.0"/><pair ddi="false" e1="Dailymed.8b8ad213-1dc8-454e-a524-075685c0e1a8.s.94.e.0" e2="Dailymed.8b8ad213-1dc8-454e-a524-075685c0e1a8.s.94.e.2"/><pair ddi="false" e1="Dailymed.8b8ad213-1dc8-454e-a524-075685c0e1a8.s.94.e.1" e2="Dailymed.8b8ad213-1dc8-454e-a524-075685c0e1a8.s.94.e.2"/></sentence><sentence biomedicalEntities="2" id="Dailymed.8b8ad213-1dc8-454e-a524-075685c0e1a8.s.95" lineNumber="113" text="Cimetidine (400 mg twice daily) causes a 23% increase in the plasma levels of d-nebivolol." type="regular"><entity charOffset="0:10" id="Dailymed.8b8ad213-1dc8-454e-a524-075685c0e1a8.s.95.e.0" text="Cimetidine" type="Drug"><Normalization><mmtx cui="C0008783" phraseText="Cimetidine" preferredWord="Cimetidine" semType="phsu, orch"/><RxNorm RxCui="2541"/></Normalization></entity><entity charOffset="45:74" id="Dailymed.8b8ad213-1dc8-454e-a524-075685c0e1a8.s.95.e.1" text="increase in the plasma levels" type="Increase_Interaction"/><entity charOffset="78:89" id="Dailymed.8b8ad213-1dc8-454e-a524-075685c0e1a8.s.95.e.3" text="d-nebivolol" type="Drug"><Normalization><mmtx cui="C0068475" phraseText="nebivolol." preferredWord="nebivolol" semType="phsu, orch"/><RxNorm RxCui="31555"/></Normalization></entity><drugInteraction id="Dailymed.8b8ad213-1dc8-454e-a524-075685c0e1a8.s.95.ddi.1"><interaction trigger="Dailymed.8b8ad213-1dc8-454e-a524-075685c0e1a8.s.95.e.1"><relations><relation type="hasPrecipitant"><entity id="Dailymed.8b8ad213-1dc8-454e-a524-075685c0e1a8.s.95.e.0"/></relation><relation type="hasObject"><entity id="Dailymed.8b8ad213-1dc8-454e-a524-075685c0e1a8.s.95.e.3"/></relation></relations></interaction></drugInteraction><pair ddi="true" e1="Dailymed.8b8ad213-1dc8-454e-a524-075685c0e1a8.s.95.e.0" e2="Dailymed.8b8ad213-1dc8-454e-a524-075685c0e1a8.s.95.e.3" trigger="Dailymed.8b8ad213-1dc8-454e-a524-075685c0e1a8.s.95.e.1" type="Increase_Interaction"/></sentence><sentence id="Dailymed.8b8ad213-1dc8-454e-a524-075685c0e1a8.s.96" text="Charcoal: The pharmacokinetics of nebivolol (10 mg single dose) were not affected by repeated co-administration (4, 8, 12, 16, 22, 28, 36, and 48 hours after nebivolol administration) of activated charcoal (Actidose-Aqua )." type="negative"><entity charOffset="0:8" id="Dailymed.8b8ad213-1dc8-454e-a524-075685c0e1a8.s.96.e.0" text="charcoal" type="Biomedical_Entity"><Normalization><mmtx cui="C0007955" phraseText="Charcoal" preferredWord="Charcoal" semType="phsu, elii"/><RxNorm RxCui="2296"/></Normalization></entity><entity charOffset="158:167" id="Dailymed.8b8ad213-1dc8-454e-a524-075685c0e1a8.s.96.e.1" text="nebivolol" type="Biomedical_Entity"><Normalization><mmtx cui="C0068475" phraseText="48 hours after nebivolol administration" preferredWord="nebivolol" semType="phsu, orch"/><RxNorm RxCui="31555"/></Normalization></entity><entity charOffset="207:220" id="Dailymed.8b8ad213-1dc8-454e-a524-075685c0e1a8.s.96.e.2" text="actidose-aqua" type="Biomedical_Entity"><Normalization><mmtx cui="C0718238" phraseText="(Actidose-Aqua" preferredWord="Actidose-Aqua" semType="phsu, orch"/><RxNorm RxCui="215001"/></Normalization></entity><entity charOffset="34:43" id="Dailymed.8b8ad213-1dc8-454e-a524-075685c0e1a8.s.96.e.3" text="nebivolol" type="Biomedical_Entity"><Normalization><mmtx cui="C0068475" phraseText="The pharmacokinetics of nebivolol" preferredWord="nebivolol" semType="phsu, orch"/><RxNorm RxCui="31555"/></Normalization></entity><entity charOffset="187:205" id="Dailymed.8b8ad213-1dc8-454e-a524-075685c0e1a8.s.96.e.4" text="activated charcoal" type="Biomedical_Entity"><Normalization><mmtx cui="C0001275" phraseText="of activated charcoal" preferredWord="Activated Charcoal" semType="phsu, orch"/><RxNorm RxCui="751543"/></Normalization></entity><pair ddi="false" e1="Dailymed.8b8ad213-1dc8-454e-a524-075685c0e1a8.s.96.e.0" e2="Dailymed.8b8ad213-1dc8-454e-a524-075685c0e1a8.s.96.e.1"/><pair ddi="false" e1="Dailymed.8b8ad213-1dc8-454e-a524-075685c0e1a8.s.96.e.0" e2="Dailymed.8b8ad213-1dc8-454e-a524-075685c0e1a8.s.96.e.2"/><pair ddi="false" e1="Dailymed.8b8ad213-1dc8-454e-a524-075685c0e1a8.s.96.e.0" e2="Dailymed.8b8ad213-1dc8-454e-a524-075685c0e1a8.s.96.e.3"/><pair ddi="false" e1="Dailymed.8b8ad213-1dc8-454e-a524-075685c0e1a8.s.96.e.0" e2="Dailymed.8b8ad213-1dc8-454e-a524-075685c0e1a8.s.96.e.4"/><pair ddi="false" e1="Dailymed.8b8ad213-1dc8-454e-a524-075685c0e1a8.s.96.e.1" e2="Dailymed.8b8ad213-1dc8-454e-a524-075685c0e1a8.s.96.e.2"/><pair ddi="false" e1="Dailymed.8b8ad213-1dc8-454e-a524-075685c0e1a8.s.96.e.1" e2="Dailymed.8b8ad213-1dc8-454e-a524-075685c0e1a8.s.96.e.4"/><pair ddi="false" e1="Dailymed.8b8ad213-1dc8-454e-a524-075685c0e1a8.s.96.e.3" e2="Dailymed.8b8ad213-1dc8-454e-a524-075685c0e1a8.s.96.e.2"/><pair ddi="false" e1="Dailymed.8b8ad213-1dc8-454e-a524-075685c0e1a8.s.96.e.4" e2="Dailymed.8b8ad213-1dc8-454e-a524-075685c0e1a8.s.96.e.2"/><pair ddi="false" e1="Dailymed.8b8ad213-1dc8-454e-a524-075685c0e1a8.s.96.e.3" e2="Dailymed.8b8ad213-1dc8-454e-a524-075685c0e1a8.s.96.e.4"/></sentence><sentence biomedicalEntities="2" id="Dailymed.8b8ad213-1dc8-454e-a524-075685c0e1a8.s.97" lineNumber="117" text="Sildenafil: The co-administration of nebivolol and sildenafil decreased AUC and Cmax of sildenafil by 21 and 23% respectively. " type="regular"><entity charOffset="37:46" id="Dailymed.8b8ad213-1dc8-454e-a524-075685c0e1a8.s.97.e.0" text="nebivolol" type="Drug"><Normalization><mmtx cui="C0068475" phraseText="The co-administration of nebivolol" preferredWord="nebivolol" semType="phsu, orch"/><RxNorm RxCui="31555"/></Normalization></entity><entity charOffset="62:75" id="Dailymed.8b8ad213-1dc8-454e-a524-075685c0e1a8.s.97.e.1" text="decreased AUC" type="Decrease_Interaction"/><entity charOffset="62:71|80:84" id="Dailymed.8b8ad213-1dc8-454e-a524-075685c0e1a8.s.97.e.3" text="decreased Cmax" type="Decrease_Interaction"/><entity charOffset="88:98" id="Dailymed.8b8ad213-1dc8-454e-a524-075685c0e1a8.s.97.e.5" text="sildenafil" type="Drug"><Normalization><mmtx cui="C0529793" phraseText="Cmax of sildenafil" preferredWord="sildenafil" semType="phsu, orch"/><RxNorm RxCui="136411"/></Normalization></entity><drugInteraction id="Dailymed.8b8ad213-1dc8-454e-a524-075685c0e1a8.s.97.ddi.1"><interaction trigger="Dailymed.8b8ad213-1dc8-454e-a524-075685c0e1a8.s.97.e.1"><relations><relation type="hasObject"><entity id="Dailymed.8b8ad213-1dc8-454e-a524-075685c0e1a8.s.97.e.5"/></relation><relation type="hasPrecipitant"><entity id="Dailymed.8b8ad213-1dc8-454e-a524-075685c0e1a8.s.97.e.0"/></relation></relations></interaction></drugInteraction><drugInteraction id="Dailymed.8b8ad213-1dc8-454e-a524-075685c0e1a8.s.97.ddi.2"><interaction trigger="Dailymed.8b8ad213-1dc8-454e-a524-075685c0e1a8.s.97.e.3"><relations><relation type="hasObject"><entity id="Dailymed.8b8ad213-1dc8-454e-a524-075685c0e1a8.s.97.e.5"/></relation><relation type="hasPrecipitant"><entity id="Dailymed.8b8ad213-1dc8-454e-a524-075685c0e1a8.s.97.e.0"/></relation></relations></interaction></drugInteraction><pair ddi="true" e1="Dailymed.8b8ad213-1dc8-454e-a524-075685c0e1a8.s.97.e.0" e2="Dailymed.8b8ad213-1dc8-454e-a524-075685c0e1a8.s.97.e.5" trigger="Dailymed.8b8ad213-1dc8-454e-a524-075685c0e1a8.s.97.e.1" type="Decrease_Interaction"/></sentence><sentence id="Dailymed.8b8ad213-1dc8-454e-a524-075685c0e1a8.s.99" text="The effect on vital signs (e.g., pulse and blood pressure) was approximately the sum of the effects of sildenafil and nebivolol." type="negative"><entity charOffset="103:113" id="Dailymed.8b8ad213-1dc8-454e-a524-075685c0e1a8.s.99.e.0" text="sildenafil" type="Biomedical_Entity"><Normalization><mmtx cui="C0529793" phraseText="the sum of the effects of sildenafil" preferredWord="sildenafil" semType="phsu, orch"/><RxNorm RxCui="136411"/></Normalization></entity><entity charOffset="118:127" id="Dailymed.8b8ad213-1dc8-454e-a524-075685c0e1a8.s.99.e.1" text="nebivolol" type="Biomedical_Entity"><Normalization><mmtx cui="C0068475" phraseText="nebivolol." preferredWord="nebivolol" semType="phsu, orch"/><RxNorm RxCui="31555"/></Normalization></entity><pair ddi="false" e1="Dailymed.8b8ad213-1dc8-454e-a524-075685c0e1a8.s.99.e.0" e2="Dailymed.8b8ad213-1dc8-454e-a524-075685c0e1a8.s.99.e.1"/></sentence><sentence id="Dailymed.8b8ad213-1dc8-454e-a524-075685c0e1a8.s.100" text="Other Concomitant Medications: Utilizing population pharmacokinetic analyses, derived from hypertensive patients, the following drugs were observed not to have an effect on the pharmacokinetics of nebivolol: acetaminophen, acetylsalicylic acid, atorvastatin, esomeprazole, ibuprofen, levothyroxine sodium, metformin, sildenafil, simvastatin, or tocopherol." type="negative"><entity charOffset="284:304" id="Dailymed.8b8ad213-1dc8-454e-a524-075685c0e1a8.s.100.e.0" text="levothyroxine sodium" type="Biomedical_Entity"><Normalization><mmtx cui="C0079691" phraseText="levothyroxine sodium," preferredWord="Levothyroxine Sodium" semType="phsu, aapp, horm"/><RxNorm RxCui="10582"/></Normalization></entity><entity charOffset="245:257" id="Dailymed.8b8ad213-1dc8-454e-a524-075685c0e1a8.s.100.e.1" text="atorvastatin" type="Biomedical_Entity"><Normalization><mmtx cui="C0286651" phraseText="atorvastatin," preferredWord="atorvastatin" semType="phsu, orch"/><RxNorm RxCui="83367"/></Normalization></entity><entity charOffset="223:243" id="Dailymed.8b8ad213-1dc8-454e-a524-075685c0e1a8.s.100.e.2" text="acetylsalicylic acid" type="Biomedical_Entity"><Normalization><mmtx cui="C0004057" phraseText="acetylsalicylic acid," preferredWord="Aspirin" semType="phsu, orch"/><RxNorm RxCui="1191"/></Normalization></entity><entity charOffset="345:355" id="Dailymed.8b8ad213-1dc8-454e-a524-075685c0e1a8.s.100.e.3" text="tocopherol" type="Biomedical_Entity"><Normalization><mmtx cui="C0087096" phraseText="tocopherol." preferredWord="Tocopherols" semType="phsu, lipd, vita"/><RxNorm RxCui="1046243"/></Normalization></entity><entity charOffset="306:315" id="Dailymed.8b8ad213-1dc8-454e-a524-075685c0e1a8.s.100.e.4" text="metformin" type="Biomedical_Entity"><Normalization><mmtx cui="C0025598" phraseText="metformin," preferredWord="Metformin" semType="phsu, orch"/><RxNorm RxCui="235743"/></Normalization></entity><entity charOffset="329:340" id="Dailymed.8b8ad213-1dc8-454e-a524-075685c0e1a8.s.100.e.5" text="simvastatin" type="Biomedical_Entity"><Normalization><mmtx cui="C0074554" phraseText="simvastatin," preferredWord="Simvastatin" semType="phsu, orch"/><RxNorm RxCui="36567"/></Normalization></entity><entity charOffset="273:282" id="Dailymed.8b8ad213-1dc8-454e-a524-075685c0e1a8.s.100.e.6" text="ibuprofen" type="Biomedical_Entity"><Normalization><mmtx cui="C0020740" phraseText="ibuprofen," preferredWord="Ibuprofen" semType="phsu, orch"/><RxNorm RxCui="5640"/></Normalization></entity><entity charOffset="208:221" id="Dailymed.8b8ad213-1dc8-454e-a524-075685c0e1a8.s.100.e.7" text="acetaminophen" type="Biomedical_Entity"><Normalization><mmtx cui="C2917659" phraseText="acetaminophen," preferredWord="Acetaminophen [EPC]" semType="phsu"/><RxNorm RxCui="161"/></Normalization></entity><entity charOffset="317:327" id="Dailymed.8b8ad213-1dc8-454e-a524-075685c0e1a8.s.100.e.8" text="sildenafil" type="Biomedical_Entity"><Normalization><mmtx cui="C0529793" phraseText="sildenafil," preferredWord="sildenafil" semType="phsu, orch"/><RxNorm RxCui="136411"/></Normalization></entity><entity charOffset="197:206" id="Dailymed.8b8ad213-1dc8-454e-a524-075685c0e1a8.s.100.e.9" text="nebivolol" type="Biomedical_Entity"><Normalization><mmtx cui="C0068475" phraseText="an effect on the pharmacokinetics of nebivolol" preferredWord="nebivolol" semType="phsu, orch"/><RxNorm RxCui="31555"/></Normalization></entity><entity charOffset="259:271" id="Dailymed.8b8ad213-1dc8-454e-a524-075685c0e1a8.s.100.e.10" text="esomeprazole" type="Biomedical_Entity"><Normalization><mmtx cui="C0937846" phraseText="esomeprazole," preferredWord="Esomeprazole" semType="phsu, orch"/><RxNorm RxCui="283742"/></Normalization></entity><pair ddi="false" e1="Dailymed.8b8ad213-1dc8-454e-a524-075685c0e1a8.s.100.e.1" e2="Dailymed.8b8ad213-1dc8-454e-a524-075685c0e1a8.s.100.e.0"/><pair ddi="false" e1="Dailymed.8b8ad213-1dc8-454e-a524-075685c0e1a8.s.100.e.2" e2="Dailymed.8b8ad213-1dc8-454e-a524-075685c0e1a8.s.100.e.0"/><pair ddi="false" e1="Dailymed.8b8ad213-1dc8-454e-a524-075685c0e1a8.s.100.e.0" e2="Dailymed.8b8ad213-1dc8-454e-a524-075685c0e1a8.s.100.e.3"/><pair ddi="false" e1="Dailymed.8b8ad213-1dc8-454e-a524-075685c0e1a8.s.100.e.0" e2="Dailymed.8b8ad213-1dc8-454e-a524-075685c0e1a8.s.100.e.4"/><pair ddi="false" e1="Dailymed.8b8ad213-1dc8-454e-a524-075685c0e1a8.s.100.e.0" e2="Dailymed.8b8ad213-1dc8-454e-a524-075685c0e1a8.s.100.e.5"/><pair ddi="false" e1="Dailymed.8b8ad213-1dc8-454e-a524-075685c0e1a8.s.100.e.6" e2="Dailymed.8b8ad213-1dc8-454e-a524-075685c0e1a8.s.100.e.0"/><pair ddi="false" e1="Dailymed.8b8ad213-1dc8-454e-a524-075685c0e1a8.s.100.e.7" e2="Dailymed.8b8ad213-1dc8-454e-a524-075685c0e1a8.s.100.e.0"/><pair ddi="false" e1="Dailymed.8b8ad213-1dc8-454e-a524-075685c0e1a8.s.100.e.0" e2="Dailymed.8b8ad213-1dc8-454e-a524-075685c0e1a8.s.100.e.8"/><pair ddi="false" e1="Dailymed.8b8ad213-1dc8-454e-a524-075685c0e1a8.s.100.e.9" e2="Dailymed.8b8ad213-1dc8-454e-a524-075685c0e1a8.s.100.e.0"/><pair ddi="false" e1="Dailymed.8b8ad213-1dc8-454e-a524-075685c0e1a8.s.100.e.10" e2="Dailymed.8b8ad213-1dc8-454e-a524-075685c0e1a8.s.100.e.0"/><pair ddi="false" e1="Dailymed.8b8ad213-1dc8-454e-a524-075685c0e1a8.s.100.e.2" e2="Dailymed.8b8ad213-1dc8-454e-a524-075685c0e1a8.s.100.e.1"/><pair ddi="false" e1="Dailymed.8b8ad213-1dc8-454e-a524-075685c0e1a8.s.100.e.1" e2="Dailymed.8b8ad213-1dc8-454e-a524-075685c0e1a8.s.100.e.3"/><pair ddi="false" e1="Dailymed.8b8ad213-1dc8-454e-a524-075685c0e1a8.s.100.e.1" e2="Dailymed.8b8ad213-1dc8-454e-a524-075685c0e1a8.s.100.e.4"/><pair ddi="false" e1="Dailymed.8b8ad213-1dc8-454e-a524-075685c0e1a8.s.100.e.1" e2="Dailymed.8b8ad213-1dc8-454e-a524-075685c0e1a8.s.100.e.5"/><pair ddi="false" e1="Dailymed.8b8ad213-1dc8-454e-a524-075685c0e1a8.s.100.e.1" e2="Dailymed.8b8ad213-1dc8-454e-a524-075685c0e1a8.s.100.e.6"/><pair ddi="false" e1="Dailymed.8b8ad213-1dc8-454e-a524-075685c0e1a8.s.100.e.7" e2="Dailymed.8b8ad213-1dc8-454e-a524-075685c0e1a8.s.100.e.1"/><pair ddi="false" e1="Dailymed.8b8ad213-1dc8-454e-a524-075685c0e1a8.s.100.e.1" e2="Dailymed.8b8ad213-1dc8-454e-a524-075685c0e1a8.s.100.e.8"/><pair ddi="false" e1="Dailymed.8b8ad213-1dc8-454e-a524-075685c0e1a8.s.100.e.9" e2="Dailymed.8b8ad213-1dc8-454e-a524-075685c0e1a8.s.100.e.1"/><pair ddi="false" e1="Dailymed.8b8ad213-1dc8-454e-a524-075685c0e1a8.s.100.e.1" e2="Dailymed.8b8ad213-1dc8-454e-a524-075685c0e1a8.s.100.e.10"/><pair ddi="false" e1="Dailymed.8b8ad213-1dc8-454e-a524-075685c0e1a8.s.100.e.2" e2="Dailymed.8b8ad213-1dc8-454e-a524-075685c0e1a8.s.100.e.3"/><pair ddi="false" e1="Dailymed.8b8ad213-1dc8-454e-a524-075685c0e1a8.s.100.e.2" e2="Dailymed.8b8ad213-1dc8-454e-a524-075685c0e1a8.s.100.e.4"/><pair ddi="false" e1="Dailymed.8b8ad213-1dc8-454e-a524-075685c0e1a8.s.100.e.2" e2="Dailymed.8b8ad213-1dc8-454e-a524-075685c0e1a8.s.100.e.5"/><pair ddi="false" e1="Dailymed.8b8ad213-1dc8-454e-a524-075685c0e1a8.s.100.e.2" e2="Dailymed.8b8ad213-1dc8-454e-a524-075685c0e1a8.s.100.e.6"/><pair ddi="false" e1="Dailymed.8b8ad213-1dc8-454e-a524-075685c0e1a8.s.100.e.7" e2="Dailymed.8b8ad213-1dc8-454e-a524-075685c0e1a8.s.100.e.2"/><pair ddi="false" e1="Dailymed.8b8ad213-1dc8-454e-a524-075685c0e1a8.s.100.e.2" e2="Dailymed.8b8ad213-1dc8-454e-a524-075685c0e1a8.s.100.e.8"/><pair ddi="false" e1="Dailymed.8b8ad213-1dc8-454e-a524-075685c0e1a8.s.100.e.9" e2="Dailymed.8b8ad213-1dc8-454e-a524-075685c0e1a8.s.100.e.2"/><pair ddi="false" e1="Dailymed.8b8ad213-1dc8-454e-a524-075685c0e1a8.s.100.e.2" e2="Dailymed.8b8ad213-1dc8-454e-a524-075685c0e1a8.s.100.e.10"/><pair ddi="false" e1="Dailymed.8b8ad213-1dc8-454e-a524-075685c0e1a8.s.100.e.4" e2="Dailymed.8b8ad213-1dc8-454e-a524-075685c0e1a8.s.100.e.3"/><pair ddi="false" e1="Dailymed.8b8ad213-1dc8-454e-a524-075685c0e1a8.s.100.e.5" e2="Dailymed.8b8ad213-1dc8-454e-a524-075685c0e1a8.s.100.e.3"/><pair ddi="false" e1="Dailymed.8b8ad213-1dc8-454e-a524-075685c0e1a8.s.100.e.6" e2="Dailymed.8b8ad213-1dc8-454e-a524-075685c0e1a8.s.100.e.3"/><pair ddi="false" e1="Dailymed.8b8ad213-1dc8-454e-a524-075685c0e1a8.s.100.e.7" e2="Dailymed.8b8ad213-1dc8-454e-a524-075685c0e1a8.s.100.e.3"/><pair ddi="false" e1="Dailymed.8b8ad213-1dc8-454e-a524-075685c0e1a8.s.100.e.8" e2="Dailymed.8b8ad213-1dc8-454e-a524-075685c0e1a8.s.100.e.3"/><pair ddi="false" e1="Dailymed.8b8ad213-1dc8-454e-a524-075685c0e1a8.s.100.e.9" e2="Dailymed.8b8ad213-1dc8-454e-a524-075685c0e1a8.s.100.e.3"/><pair ddi="false" e1="Dailymed.8b8ad213-1dc8-454e-a524-075685c0e1a8.s.100.e.10" e2="Dailymed.8b8ad213-1dc8-454e-a524-075685c0e1a8.s.100.e.3"/><pair ddi="false" e1="Dailymed.8b8ad213-1dc8-454e-a524-075685c0e1a8.s.100.e.4" e2="Dailymed.8b8ad213-1dc8-454e-a524-075685c0e1a8.s.100.e.5"/><pair ddi="false" e1="Dailymed.8b8ad213-1dc8-454e-a524-075685c0e1a8.s.100.e.6" e2="Dailymed.8b8ad213-1dc8-454e-a524-075685c0e1a8.s.100.e.4"/><pair ddi="false" e1="Dailymed.8b8ad213-1dc8-454e-a524-075685c0e1a8.s.100.e.7" e2="Dailymed.8b8ad213-1dc8-454e-a524-075685c0e1a8.s.100.e.4"/><pair ddi="false" e1="Dailymed.8b8ad213-1dc8-454e-a524-075685c0e1a8.s.100.e.4" e2="Dailymed.8b8ad213-1dc8-454e-a524-075685c0e1a8.s.100.e.8"/><pair ddi="false" e1="Dailymed.8b8ad213-1dc8-454e-a524-075685c0e1a8.s.100.e.9" e2="Dailymed.8b8ad213-1dc8-454e-a524-075685c0e1a8.s.100.e.4"/><pair ddi="false" e1="Dailymed.8b8ad213-1dc8-454e-a524-075685c0e1a8.s.100.e.10" e2="Dailymed.8b8ad213-1dc8-454e-a524-075685c0e1a8.s.100.e.4"/><pair ddi="false" e1="Dailymed.8b8ad213-1dc8-454e-a524-075685c0e1a8.s.100.e.6" e2="Dailymed.8b8ad213-1dc8-454e-a524-075685c0e1a8.s.100.e.5"/><pair ddi="false" e1="Dailymed.8b8ad213-1dc8-454e-a524-075685c0e1a8.s.100.e.7" e2="Dailymed.8b8ad213-1dc8-454e-a524-075685c0e1a8.s.100.e.5"/><pair ddi="false" e1="Dailymed.8b8ad213-1dc8-454e-a524-075685c0e1a8.s.100.e.8" e2="Dailymed.8b8ad213-1dc8-454e-a524-075685c0e1a8.s.100.e.5"/><pair ddi="false" e1="Dailymed.8b8ad213-1dc8-454e-a524-075685c0e1a8.s.100.e.9" e2="Dailymed.8b8ad213-1dc8-454e-a524-075685c0e1a8.s.100.e.5"/><pair ddi="false" e1="Dailymed.8b8ad213-1dc8-454e-a524-075685c0e1a8.s.100.e.10" e2="Dailymed.8b8ad213-1dc8-454e-a524-075685c0e1a8.s.100.e.5"/><pair ddi="false" e1="Dailymed.8b8ad213-1dc8-454e-a524-075685c0e1a8.s.100.e.7" e2="Dailymed.8b8ad213-1dc8-454e-a524-075685c0e1a8.s.100.e.6"/><pair ddi="false" e1="Dailymed.8b8ad213-1dc8-454e-a524-075685c0e1a8.s.100.e.6" e2="Dailymed.8b8ad213-1dc8-454e-a524-075685c0e1a8.s.100.e.8"/><pair ddi="false" e1="Dailymed.8b8ad213-1dc8-454e-a524-075685c0e1a8.s.100.e.9" e2="Dailymed.8b8ad213-1dc8-454e-a524-075685c0e1a8.s.100.e.6"/><pair ddi="false" e1="Dailymed.8b8ad213-1dc8-454e-a524-075685c0e1a8.s.100.e.10" e2="Dailymed.8b8ad213-1dc8-454e-a524-075685c0e1a8.s.100.e.6"/><pair ddi="false" e1="Dailymed.8b8ad213-1dc8-454e-a524-075685c0e1a8.s.100.e.7" e2="Dailymed.8b8ad213-1dc8-454e-a524-075685c0e1a8.s.100.e.8"/><pair ddi="false" e1="Dailymed.8b8ad213-1dc8-454e-a524-075685c0e1a8.s.100.e.9" e2="Dailymed.8b8ad213-1dc8-454e-a524-075685c0e1a8.s.100.e.7"/><pair ddi="false" e1="Dailymed.8b8ad213-1dc8-454e-a524-075685c0e1a8.s.100.e.7" e2="Dailymed.8b8ad213-1dc8-454e-a524-075685c0e1a8.s.100.e.10"/><pair ddi="false" e1="Dailymed.8b8ad213-1dc8-454e-a524-075685c0e1a8.s.100.e.9" e2="Dailymed.8b8ad213-1dc8-454e-a524-075685c0e1a8.s.100.e.8"/><pair ddi="false" e1="Dailymed.8b8ad213-1dc8-454e-a524-075685c0e1a8.s.100.e.10" e2="Dailymed.8b8ad213-1dc8-454e-a524-075685c0e1a8.s.100.e.8"/><pair ddi="false" e1="Dailymed.8b8ad213-1dc8-454e-a524-075685c0e1a8.s.100.e.9" e2="Dailymed.8b8ad213-1dc8-454e-a524-075685c0e1a8.s.100.e.10"/></sentence><sentence id="Dailymed.8b8ad213-1dc8-454e-a524-075685c0e1a8.s.101" text="Protein Binding: No meaningful changes in the extent of in vitro binding of nebivolol to human plasma proteins were noted in the presence of high concentrations of diazepam, digoxin, diphenylhydantoin, enalapril, hydrochlorothiazide, imipramine, indomethacin, propranolol, sulfamethazine, tolbutamide, or warfarin. " type="negative"><entity charOffset="164:172" id="Dailymed.8b8ad213-1dc8-454e-a524-075685c0e1a8.s.101.e.0" text="diazepam" type="Biomedical_Entity"><Normalization><mmtx cui="C0012010" phraseText="noted in the presence of high concentrations of diazepam," preferredWord="Diazepam" semType="phsu, orch"/><RxNorm RxCui="3322"/></Normalization></entity><entity charOffset="202:211" id="Dailymed.8b8ad213-1dc8-454e-a524-075685c0e1a8.s.101.e.1" text="enalapril" type="Biomedical_Entity"><Normalization><mmtx cui="C0014025" phraseText="enalapril," preferredWord="Enalapril" semType="phsu, aapp"/><RxNorm RxCui="203123"/></Normalization></entity><entity charOffset="213:232" id="Dailymed.8b8ad213-1dc8-454e-a524-075685c0e1a8.s.101.e.2" text="hydrochlorothiazide" type="Biomedical_Entity"><Normalization><mmtx cui="C0020261" phraseText="hydrochlorothiazide," preferredWord="Hydrochlorothiazide" semType="phsu, orch"/><RxNorm RxCui="5487"/></Normalization></entity><entity charOffset="260:271" id="Dailymed.8b8ad213-1dc8-454e-a524-075685c0e1a8.s.101.e.3" text="propranolol" type="Biomedical_Entity"><Normalization><mmtx cui="C0033497" phraseText="propranolol," preferredWord="Propranolol" semType="phsu, orch"/><RxNorm RxCui="82084"/></Normalization></entity><entity charOffset="273:287" id="Dailymed.8b8ad213-1dc8-454e-a524-075685c0e1a8.s.101.e.4" text="sulfamethazine" type="Biomedical_Entity"><Normalization><mmtx cui="C0038686" phraseText="sulfamethazine," preferredWord="Sulfamethazine" semType="orch, antb"/><RxNorm RxCui="10178"/></Normalization></entity><entity charOffset="183:200" id="Dailymed.8b8ad213-1dc8-454e-a524-075685c0e1a8.s.101.e.5" text="diphenylhydantoin" type="Biomedical_Entity"><Normalization><mmtx cui="C0031507" phraseText="diphenylhydantoin," preferredWord="Phenytoin" semType="phsu, orch"/><RxNorm RxCui="8183"/></Normalization></entity><entity charOffset="89:101" id="Dailymed.8b8ad213-1dc8-454e-a524-075685c0e1a8.s.101.e.6" text="human plasma" type="Biomedical_Entity"><Normalization><mmtx cui="C0544357" phraseText="to human plasma proteins" preferredWord="Human plasma" semType="phsu"/><RxNorm RxCui="831503"/></Normalization></entity><entity charOffset="305:313" id="Dailymed.8b8ad213-1dc8-454e-a524-075685c0e1a8.s.101.e.7" text="warfarin" type="Biomedical_Entity"><Normalization><mmtx cui="C0043031" phraseText="warfarin." preferredWord="Warfarin" semType="phsu, orch, hops"/><RxNorm RxCui="11289"/></Normalization></entity><entity charOffset="76:85" id="Dailymed.8b8ad213-1dc8-454e-a524-075685c0e1a8.s.101.e.8" text="nebivolol" type="Biomedical_Entity"><Normalization><mmtx cui="C0068475" phraseText="No meaningful changes in the extent of in vitro binding of nebivolol" preferredWord="nebivolol" semType="phsu, orch"/><RxNorm RxCui="31555"/></Normalization></entity><entity charOffset="234:244" id="Dailymed.8b8ad213-1dc8-454e-a524-075685c0e1a8.s.101.e.9" text="imipramine" type="Biomedical_Entity"><Normalization><mmtx cui="C0020934" phraseText="imipramine," preferredWord="Imipramine" semType="phsu, orch"/><RxNorm RxCui="5691"/></Normalization></entity><entity charOffset="246:258" id="Dailymed.8b8ad213-1dc8-454e-a524-075685c0e1a8.s.101.e.10" text="indomethacin" type="Biomedical_Entity"><Normalization><mmtx cui="C0021246" phraseText="indomethacin," preferredWord="Indomethacin" semType="phsu, orch"/><RxNorm RxCui="5781"/></Normalization></entity><entity charOffset="289:300" id="Dailymed.8b8ad213-1dc8-454e-a524-075685c0e1a8.s.101.e.11" text="tolbutamide" type="Biomedical_Entity"><Normalization><mmtx cui="C0040374" phraseText="tolbutamide," preferredWord="Tolbutamide" semType="phsu, orch"/><RxNorm RxCui="10635"/></Normalization></entity><entity charOffset="174:181" id="Dailymed.8b8ad213-1dc8-454e-a524-075685c0e1a8.s.101.e.12" text="digoxin" type="Biomedical_Entity"><Normalization><mmtx cui="C0012265" phraseText="digoxin," preferredWord="Digoxin" semType="strd, phsu, carb"/><RxNorm RxCui="3407"/></Normalization></entity><pair ddi="false" e1="Dailymed.8b8ad213-1dc8-454e-a524-075685c0e1a8.s.101.e.0" e2="Dailymed.8b8ad213-1dc8-454e-a524-075685c0e1a8.s.101.e.1"/><pair ddi="false" e1="Dailymed.8b8ad213-1dc8-454e-a524-075685c0e1a8.s.101.e.0" e2="Dailymed.8b8ad213-1dc8-454e-a524-075685c0e1a8.s.101.e.2"/><pair ddi="false" e1="Dailymed.8b8ad213-1dc8-454e-a524-075685c0e1a8.s.101.e.0" e2="Dailymed.8b8ad213-1dc8-454e-a524-075685c0e1a8.s.101.e.3"/><pair ddi="false" e1="Dailymed.8b8ad213-1dc8-454e-a524-075685c0e1a8.s.101.e.0" e2="Dailymed.8b8ad213-1dc8-454e-a524-075685c0e1a8.s.101.e.4"/><pair ddi="false" e1="Dailymed.8b8ad213-1dc8-454e-a524-075685c0e1a8.s.101.e.0" e2="Dailymed.8b8ad213-1dc8-454e-a524-075685c0e1a8.s.101.e.5"/><pair ddi="false" e1="Dailymed.8b8ad213-1dc8-454e-a524-075685c0e1a8.s.101.e.6" e2="Dailymed.8b8ad213-1dc8-454e-a524-075685c0e1a8.s.101.e.0"/><pair ddi="false" e1="Dailymed.8b8ad213-1dc8-454e-a524-075685c0e1a8.s.101.e.0" e2="Dailymed.8b8ad213-1dc8-454e-a524-075685c0e1a8.s.101.e.7"/><pair ddi="false" e1="Dailymed.8b8ad213-1dc8-454e-a524-075685c0e1a8.s.101.e.8" e2="Dailymed.8b8ad213-1dc8-454e-a524-075685c0e1a8.s.101.e.0"/><pair ddi="false" e1="Dailymed.8b8ad213-1dc8-454e-a524-075685c0e1a8.s.101.e.0" e2="Dailymed.8b8ad213-1dc8-454e-a524-075685c0e1a8.s.101.e.9"/><pair ddi="false" e1="Dailymed.8b8ad213-1dc8-454e-a524-075685c0e1a8.s.101.e.0" e2="Dailymed.8b8ad213-1dc8-454e-a524-075685c0e1a8.s.101.e.10"/><pair ddi="false" e1="Dailymed.8b8ad213-1dc8-454e-a524-075685c0e1a8.s.101.e.0" e2="Dailymed.8b8ad213-1dc8-454e-a524-075685c0e1a8.s.101.e.11"/><pair ddi="false" e1="Dailymed.8b8ad213-1dc8-454e-a524-075685c0e1a8.s.101.e.0" e2="Dailymed.8b8ad213-1dc8-454e-a524-075685c0e1a8.s.101.e.12"/><pair ddi="false" e1="Dailymed.8b8ad213-1dc8-454e-a524-075685c0e1a8.s.101.e.1" e2="Dailymed.8b8ad213-1dc8-454e-a524-075685c0e1a8.s.101.e.2"/><pair ddi="false" e1="Dailymed.8b8ad213-1dc8-454e-a524-075685c0e1a8.s.101.e.1" e2="Dailymed.8b8ad213-1dc8-454e-a524-075685c0e1a8.s.101.e.3"/><pair ddi="false" e1="Dailymed.8b8ad213-1dc8-454e-a524-075685c0e1a8.s.101.e.1" e2="Dailymed.8b8ad213-1dc8-454e-a524-075685c0e1a8.s.101.e.4"/><pair ddi="false" e1="Dailymed.8b8ad213-1dc8-454e-a524-075685c0e1a8.s.101.e.5" e2="Dailymed.8b8ad213-1dc8-454e-a524-075685c0e1a8.s.101.e.1"/><pair ddi="false" e1="Dailymed.8b8ad213-1dc8-454e-a524-075685c0e1a8.s.101.e.6" e2="Dailymed.8b8ad213-1dc8-454e-a524-075685c0e1a8.s.101.e.1"/><pair ddi="false" e1="Dailymed.8b8ad213-1dc8-454e-a524-075685c0e1a8.s.101.e.1" e2="Dailymed.8b8ad213-1dc8-454e-a524-075685c0e1a8.s.101.e.7"/><pair ddi="false" e1="Dailymed.8b8ad213-1dc8-454e-a524-075685c0e1a8.s.101.e.8" e2="Dailymed.8b8ad213-1dc8-454e-a524-075685c0e1a8.s.101.e.1"/><pair ddi="false" e1="Dailymed.8b8ad213-1dc8-454e-a524-075685c0e1a8.s.101.e.1" e2="Dailymed.8b8ad213-1dc8-454e-a524-075685c0e1a8.s.101.e.9"/><pair ddi="false" e1="Dailymed.8b8ad213-1dc8-454e-a524-075685c0e1a8.s.101.e.1" e2="Dailymed.8b8ad213-1dc8-454e-a524-075685c0e1a8.s.101.e.10"/><pair ddi="false" e1="Dailymed.8b8ad213-1dc8-454e-a524-075685c0e1a8.s.101.e.1" e2="Dailymed.8b8ad213-1dc8-454e-a524-075685c0e1a8.s.101.e.11"/><pair ddi="false" e1="Dailymed.8b8ad213-1dc8-454e-a524-075685c0e1a8.s.101.e.12" e2="Dailymed.8b8ad213-1dc8-454e-a524-075685c0e1a8.s.101.e.1"/><pair ddi="false" e1="Dailymed.8b8ad213-1dc8-454e-a524-075685c0e1a8.s.101.e.2" e2="Dailymed.8b8ad213-1dc8-454e-a524-075685c0e1a8.s.101.e.3"/><pair ddi="false" e1="Dailymed.8b8ad213-1dc8-454e-a524-075685c0e1a8.s.101.e.2" e2="Dailymed.8b8ad213-1dc8-454e-a524-075685c0e1a8.s.101.e.4"/><pair ddi="false" e1="Dailymed.8b8ad213-1dc8-454e-a524-075685c0e1a8.s.101.e.5" e2="Dailymed.8b8ad213-1dc8-454e-a524-075685c0e1a8.s.101.e.2"/><pair ddi="false" e1="Dailymed.8b8ad213-1dc8-454e-a524-075685c0e1a8.s.101.e.6" e2="Dailymed.8b8ad213-1dc8-454e-a524-075685c0e1a8.s.101.e.2"/><pair ddi="false" e1="Dailymed.8b8ad213-1dc8-454e-a524-075685c0e1a8.s.101.e.2" e2="Dailymed.8b8ad213-1dc8-454e-a524-075685c0e1a8.s.101.e.7"/><pair ddi="false" e1="Dailymed.8b8ad213-1dc8-454e-a524-075685c0e1a8.s.101.e.8" e2="Dailymed.8b8ad213-1dc8-454e-a524-075685c0e1a8.s.101.e.2"/><pair ddi="false" e1="Dailymed.8b8ad213-1dc8-454e-a524-075685c0e1a8.s.101.e.2" e2="Dailymed.8b8ad213-1dc8-454e-a524-075685c0e1a8.s.101.e.9"/><pair ddi="false" e1="Dailymed.8b8ad213-1dc8-454e-a524-075685c0e1a8.s.101.e.2" e2="Dailymed.8b8ad213-1dc8-454e-a524-075685c0e1a8.s.101.e.10"/><pair ddi="false" e1="Dailymed.8b8ad213-1dc8-454e-a524-075685c0e1a8.s.101.e.2" e2="Dailymed.8b8ad213-1dc8-454e-a524-075685c0e1a8.s.101.e.11"/><pair ddi="false" e1="Dailymed.8b8ad213-1dc8-454e-a524-075685c0e1a8.s.101.e.12" e2="Dailymed.8b8ad213-1dc8-454e-a524-075685c0e1a8.s.101.e.2"/><pair ddi="false" e1="Dailymed.8b8ad213-1dc8-454e-a524-075685c0e1a8.s.101.e.3" e2="Dailymed.8b8ad213-1dc8-454e-a524-075685c0e1a8.s.101.e.4"/><pair ddi="false" e1="Dailymed.8b8ad213-1dc8-454e-a524-075685c0e1a8.s.101.e.5" e2="Dailymed.8b8ad213-1dc8-454e-a524-075685c0e1a8.s.101.e.3"/><pair ddi="false" e1="Dailymed.8b8ad213-1dc8-454e-a524-075685c0e1a8.s.101.e.6" e2="Dailymed.8b8ad213-1dc8-454e-a524-075685c0e1a8.s.101.e.3"/><pair ddi="false" e1="Dailymed.8b8ad213-1dc8-454e-a524-075685c0e1a8.s.101.e.3" e2="Dailymed.8b8ad213-1dc8-454e-a524-075685c0e1a8.s.101.e.7"/><pair ddi="false" e1="Dailymed.8b8ad213-1dc8-454e-a524-075685c0e1a8.s.101.e.8" e2="Dailymed.8b8ad213-1dc8-454e-a524-075685c0e1a8.s.101.e.3"/><pair ddi="false" e1="Dailymed.8b8ad213-1dc8-454e-a524-075685c0e1a8.s.101.e.9" e2="Dailymed.8b8ad213-1dc8-454e-a524-075685c0e1a8.s.101.e.3"/><pair ddi="false" e1="Dailymed.8b8ad213-1dc8-454e-a524-075685c0e1a8.s.101.e.10" e2="Dailymed.8b8ad213-1dc8-454e-a524-075685c0e1a8.s.101.e.3"/><pair ddi="false" e1="Dailymed.8b8ad213-1dc8-454e-a524-075685c0e1a8.s.101.e.3" e2="Dailymed.8b8ad213-1dc8-454e-a524-075685c0e1a8.s.101.e.11"/><pair ddi="false" e1="Dailymed.8b8ad213-1dc8-454e-a524-075685c0e1a8.s.101.e.12" e2="Dailymed.8b8ad213-1dc8-454e-a524-075685c0e1a8.s.101.e.3"/><pair ddi="false" e1="Dailymed.8b8ad213-1dc8-454e-a524-075685c0e1a8.s.101.e.5" e2="Dailymed.8b8ad213-1dc8-454e-a524-075685c0e1a8.s.101.e.4"/><pair ddi="false" e1="Dailymed.8b8ad213-1dc8-454e-a524-075685c0e1a8.s.101.e.6" e2="Dailymed.8b8ad213-1dc8-454e-a524-075685c0e1a8.s.101.e.4"/><pair ddi="false" e1="Dailymed.8b8ad213-1dc8-454e-a524-075685c0e1a8.s.101.e.4" e2="Dailymed.8b8ad213-1dc8-454e-a524-075685c0e1a8.s.101.e.7"/><pair ddi="false" e1="Dailymed.8b8ad213-1dc8-454e-a524-075685c0e1a8.s.101.e.8" e2="Dailymed.8b8ad213-1dc8-454e-a524-075685c0e1a8.s.101.e.4"/><pair ddi="false" e1="Dailymed.8b8ad213-1dc8-454e-a524-075685c0e1a8.s.101.e.9" e2="Dailymed.8b8ad213-1dc8-454e-a524-075685c0e1a8.s.101.e.4"/><pair ddi="false" e1="Dailymed.8b8ad213-1dc8-454e-a524-075685c0e1a8.s.101.e.10" e2="Dailymed.8b8ad213-1dc8-454e-a524-075685c0e1a8.s.101.e.4"/><pair ddi="false" e1="Dailymed.8b8ad213-1dc8-454e-a524-075685c0e1a8.s.101.e.4" e2="Dailymed.8b8ad213-1dc8-454e-a524-075685c0e1a8.s.101.e.11"/><pair ddi="false" e1="Dailymed.8b8ad213-1dc8-454e-a524-075685c0e1a8.s.101.e.12" e2="Dailymed.8b8ad213-1dc8-454e-a524-075685c0e1a8.s.101.e.4"/><pair ddi="false" e1="Dailymed.8b8ad213-1dc8-454e-a524-075685c0e1a8.s.101.e.6" e2="Dailymed.8b8ad213-1dc8-454e-a524-075685c0e1a8.s.101.e.5"/><pair ddi="false" e1="Dailymed.8b8ad213-1dc8-454e-a524-075685c0e1a8.s.101.e.5" e2="Dailymed.8b8ad213-1dc8-454e-a524-075685c0e1a8.s.101.e.7"/><pair ddi="false" e1="Dailymed.8b8ad213-1dc8-454e-a524-075685c0e1a8.s.101.e.8" e2="Dailymed.8b8ad213-1dc8-454e-a524-075685c0e1a8.s.101.e.5"/><pair ddi="false" e1="Dailymed.8b8ad213-1dc8-454e-a524-075685c0e1a8.s.101.e.5" e2="Dailymed.8b8ad213-1dc8-454e-a524-075685c0e1a8.s.101.e.9"/><pair ddi="false" e1="Dailymed.8b8ad213-1dc8-454e-a524-075685c0e1a8.s.101.e.5" e2="Dailymed.8b8ad213-1dc8-454e-a524-075685c0e1a8.s.101.e.10"/><pair ddi="false" e1="Dailymed.8b8ad213-1dc8-454e-a524-075685c0e1a8.s.101.e.5" e2="Dailymed.8b8ad213-1dc8-454e-a524-075685c0e1a8.s.101.e.11"/><pair ddi="false" e1="Dailymed.8b8ad213-1dc8-454e-a524-075685c0e1a8.s.101.e.12" e2="Dailymed.8b8ad213-1dc8-454e-a524-075685c0e1a8.s.101.e.5"/><pair ddi="false" e1="Dailymed.8b8ad213-1dc8-454e-a524-075685c0e1a8.s.101.e.6" e2="Dailymed.8b8ad213-1dc8-454e-a524-075685c0e1a8.s.101.e.7"/><pair ddi="false" e1="Dailymed.8b8ad213-1dc8-454e-a524-075685c0e1a8.s.101.e.8" e2="Dailymed.8b8ad213-1dc8-454e-a524-075685c0e1a8.s.101.e.6"/><pair ddi="false" e1="Dailymed.8b8ad213-1dc8-454e-a524-075685c0e1a8.s.101.e.6" e2="Dailymed.8b8ad213-1dc8-454e-a524-075685c0e1a8.s.101.e.9"/><pair ddi="false" e1="Dailymed.8b8ad213-1dc8-454e-a524-075685c0e1a8.s.101.e.6" e2="Dailymed.8b8ad213-1dc8-454e-a524-075685c0e1a8.s.101.e.10"/><pair ddi="false" e1="Dailymed.8b8ad213-1dc8-454e-a524-075685c0e1a8.s.101.e.6" e2="Dailymed.8b8ad213-1dc8-454e-a524-075685c0e1a8.s.101.e.11"/><pair ddi="false" e1="Dailymed.8b8ad213-1dc8-454e-a524-075685c0e1a8.s.101.e.6" e2="Dailymed.8b8ad213-1dc8-454e-a524-075685c0e1a8.s.101.e.12"/><pair ddi="false" e1="Dailymed.8b8ad213-1dc8-454e-a524-075685c0e1a8.s.101.e.8" e2="Dailymed.8b8ad213-1dc8-454e-a524-075685c0e1a8.s.101.e.7"/><pair ddi="false" e1="Dailymed.8b8ad213-1dc8-454e-a524-075685c0e1a8.s.101.e.9" e2="Dailymed.8b8ad213-1dc8-454e-a524-075685c0e1a8.s.101.e.7"/><pair ddi="false" e1="Dailymed.8b8ad213-1dc8-454e-a524-075685c0e1a8.s.101.e.10" e2="Dailymed.8b8ad213-1dc8-454e-a524-075685c0e1a8.s.101.e.7"/><pair ddi="false" e1="Dailymed.8b8ad213-1dc8-454e-a524-075685c0e1a8.s.101.e.11" e2="Dailymed.8b8ad213-1dc8-454e-a524-075685c0e1a8.s.101.e.7"/><pair ddi="false" e1="Dailymed.8b8ad213-1dc8-454e-a524-075685c0e1a8.s.101.e.12" e2="Dailymed.8b8ad213-1dc8-454e-a524-075685c0e1a8.s.101.e.7"/><pair ddi="false" e1="Dailymed.8b8ad213-1dc8-454e-a524-075685c0e1a8.s.101.e.8" e2="Dailymed.8b8ad213-1dc8-454e-a524-075685c0e1a8.s.101.e.9"/><pair ddi="false" e1="Dailymed.8b8ad213-1dc8-454e-a524-075685c0e1a8.s.101.e.8" e2="Dailymed.8b8ad213-1dc8-454e-a524-075685c0e1a8.s.101.e.10"/><pair ddi="false" e1="Dailymed.8b8ad213-1dc8-454e-a524-075685c0e1a8.s.101.e.8" e2="Dailymed.8b8ad213-1dc8-454e-a524-075685c0e1a8.s.101.e.11"/><pair ddi="false" e1="Dailymed.8b8ad213-1dc8-454e-a524-075685c0e1a8.s.101.e.8" e2="Dailymed.8b8ad213-1dc8-454e-a524-075685c0e1a8.s.101.e.12"/><pair ddi="false" e1="Dailymed.8b8ad213-1dc8-454e-a524-075685c0e1a8.s.101.e.9" e2="Dailymed.8b8ad213-1dc8-454e-a524-075685c0e1a8.s.101.e.10"/><pair ddi="false" e1="Dailymed.8b8ad213-1dc8-454e-a524-075685c0e1a8.s.101.e.9" e2="Dailymed.8b8ad213-1dc8-454e-a524-075685c0e1a8.s.101.e.11"/><pair ddi="false" e1="Dailymed.8b8ad213-1dc8-454e-a524-075685c0e1a8.s.101.e.12" e2="Dailymed.8b8ad213-1dc8-454e-a524-075685c0e1a8.s.101.e.9"/><pair ddi="false" e1="Dailymed.8b8ad213-1dc8-454e-a524-075685c0e1a8.s.101.e.10" e2="Dailymed.8b8ad213-1dc8-454e-a524-075685c0e1a8.s.101.e.11"/><pair ddi="false" e1="Dailymed.8b8ad213-1dc8-454e-a524-075685c0e1a8.s.101.e.12" e2="Dailymed.8b8ad213-1dc8-454e-a524-075685c0e1a8.s.101.e.10"/><pair ddi="false" e1="Dailymed.8b8ad213-1dc8-454e-a524-075685c0e1a8.s.101.e.12" e2="Dailymed.8b8ad213-1dc8-454e-a524-075685c0e1a8.s.101.e.11"/></sentence><sentence id="Dailymed.8b8ad213-1dc8-454e-a524-075685c0e1a8.s.102" text="Additionally, nebivolol did not significantly alter the protein binding of the following drugs: diazepam, digoxin, diphenylhydantoin, hydrochlorothiazide, imipramine, or warfarin at their therapeutic concentrations." type="negative"><entity charOffset="96:104" id="Dailymed.8b8ad213-1dc8-454e-a524-075685c0e1a8.s.102.e.0" text="diazepam" type="Biomedical_Entity"><Normalization><mmtx cui="C0012010" phraseText="diazepam," preferredWord="Diazepam" semType="phsu, orch"/><RxNorm RxCui="3322"/></Normalization></entity><entity charOffset="134:153" id="Dailymed.8b8ad213-1dc8-454e-a524-075685c0e1a8.s.102.e.1" text="hydrochlorothiazide" type="Biomedical_Entity"><Normalization><mmtx cui="C0020261" phraseText="hydrochlorothiazide," preferredWord="Hydrochlorothiazide" semType="phsu, orch"/><RxNorm RxCui="5487"/></Normalization></entity><entity charOffset="106:113" id="Dailymed.8b8ad213-1dc8-454e-a524-075685c0e1a8.s.102.e.2" text="digoxin" type="Biomedical_Entity"><Normalization><mmtx cui="C0012265" phraseText="digoxin," preferredWord="Digoxin" semType="strd, phsu, carb"/><RxNorm RxCui="3407"/></Normalization></entity><entity charOffset="155:165" id="Dailymed.8b8ad213-1dc8-454e-a524-075685c0e1a8.s.102.e.3" text="imipramine" type="Biomedical_Entity"><Normalization><mmtx cui="C0020934" phraseText="imipramine," preferredWord="Imipramine" semType="phsu, orch"/><RxNorm RxCui="5691"/></Normalization></entity><entity charOffset="115:132" id="Dailymed.8b8ad213-1dc8-454e-a524-075685c0e1a8.s.102.e.4" text="diphenylhydantoin" type="Biomedical_Entity"><Normalization><mmtx cui="C0031507" phraseText="diphenylhydantoin," preferredWord="Phenytoin" semType="phsu, orch"/><RxNorm RxCui="8183"/></Normalization></entity><entity charOffset="14:23" id="Dailymed.8b8ad213-1dc8-454e-a524-075685c0e1a8.s.102.e.5" text="nebivolol" type="Biomedical_Entity"><Normalization><mmtx cui="C0068475" phraseText="nebivolol" preferredWord="nebivolol" semType="phsu, orch"/><RxNorm RxCui="31555"/></Normalization></entity><entity charOffset="170:178" id="Dailymed.8b8ad213-1dc8-454e-a524-075685c0e1a8.s.102.e.6" text="warfarin" type="Biomedical_Entity"><Normalization><mmtx cui="C0043031" phraseText="warfarin at their therapeutic concentrations." preferredWord="Warfarin" semType="phsu, orch, hops"/><RxNorm RxCui="11289"/></Normalization></entity><pair ddi="false" e1="Dailymed.8b8ad213-1dc8-454e-a524-075685c0e1a8.s.102.e.0" e2="Dailymed.8b8ad213-1dc8-454e-a524-075685c0e1a8.s.102.e.1"/><pair ddi="false" e1="Dailymed.8b8ad213-1dc8-454e-a524-075685c0e1a8.s.102.e.0" e2="Dailymed.8b8ad213-1dc8-454e-a524-075685c0e1a8.s.102.e.2"/><pair ddi="false" e1="Dailymed.8b8ad213-1dc8-454e-a524-075685c0e1a8.s.102.e.0" e2="Dailymed.8b8ad213-1dc8-454e-a524-075685c0e1a8.s.102.e.3"/><pair ddi="false" e1="Dailymed.8b8ad213-1dc8-454e-a524-075685c0e1a8.s.102.e.0" e2="Dailymed.8b8ad213-1dc8-454e-a524-075685c0e1a8.s.102.e.4"/><pair ddi="false" e1="Dailymed.8b8ad213-1dc8-454e-a524-075685c0e1a8.s.102.e.5" e2="Dailymed.8b8ad213-1dc8-454e-a524-075685c0e1a8.s.102.e.0"/><pair ddi="false" e1="Dailymed.8b8ad213-1dc8-454e-a524-075685c0e1a8.s.102.e.0" e2="Dailymed.8b8ad213-1dc8-454e-a524-075685c0e1a8.s.102.e.6"/><pair ddi="false" e1="Dailymed.8b8ad213-1dc8-454e-a524-075685c0e1a8.s.102.e.2" e2="Dailymed.8b8ad213-1dc8-454e-a524-075685c0e1a8.s.102.e.1"/><pair ddi="false" e1="Dailymed.8b8ad213-1dc8-454e-a524-075685c0e1a8.s.102.e.1" e2="Dailymed.8b8ad213-1dc8-454e-a524-075685c0e1a8.s.102.e.3"/><pair ddi="false" e1="Dailymed.8b8ad213-1dc8-454e-a524-075685c0e1a8.s.102.e.4" e2="Dailymed.8b8ad213-1dc8-454e-a524-075685c0e1a8.s.102.e.1"/><pair ddi="false" e1="Dailymed.8b8ad213-1dc8-454e-a524-075685c0e1a8.s.102.e.5" e2="Dailymed.8b8ad213-1dc8-454e-a524-075685c0e1a8.s.102.e.1"/><pair ddi="false" e1="Dailymed.8b8ad213-1dc8-454e-a524-075685c0e1a8.s.102.e.1" e2="Dailymed.8b8ad213-1dc8-454e-a524-075685c0e1a8.s.102.e.6"/><pair ddi="false" e1="Dailymed.8b8ad213-1dc8-454e-a524-075685c0e1a8.s.102.e.2" e2="Dailymed.8b8ad213-1dc8-454e-a524-075685c0e1a8.s.102.e.3"/><pair ddi="false" e1="Dailymed.8b8ad213-1dc8-454e-a524-075685c0e1a8.s.102.e.2" e2="Dailymed.8b8ad213-1dc8-454e-a524-075685c0e1a8.s.102.e.4"/><pair ddi="false" e1="Dailymed.8b8ad213-1dc8-454e-a524-075685c0e1a8.s.102.e.5" e2="Dailymed.8b8ad213-1dc8-454e-a524-075685c0e1a8.s.102.e.2"/><pair ddi="false" e1="Dailymed.8b8ad213-1dc8-454e-a524-075685c0e1a8.s.102.e.2" e2="Dailymed.8b8ad213-1dc8-454e-a524-075685c0e1a8.s.102.e.6"/><pair ddi="false" e1="Dailymed.8b8ad213-1dc8-454e-a524-075685c0e1a8.s.102.e.4" e2="Dailymed.8b8ad213-1dc8-454e-a524-075685c0e1a8.s.102.e.3"/><pair ddi="false" e1="Dailymed.8b8ad213-1dc8-454e-a524-075685c0e1a8.s.102.e.5" e2="Dailymed.8b8ad213-1dc8-454e-a524-075685c0e1a8.s.102.e.3"/><pair ddi="false" e1="Dailymed.8b8ad213-1dc8-454e-a524-075685c0e1a8.s.102.e.3" e2="Dailymed.8b8ad213-1dc8-454e-a524-075685c0e1a8.s.102.e.6"/><pair ddi="false" e1="Dailymed.8b8ad213-1dc8-454e-a524-075685c0e1a8.s.102.e.5" e2="Dailymed.8b8ad213-1dc8-454e-a524-075685c0e1a8.s.102.e.4"/><pair ddi="false" e1="Dailymed.8b8ad213-1dc8-454e-a524-075685c0e1a8.s.102.e.4" e2="Dailymed.8b8ad213-1dc8-454e-a524-075685c0e1a8.s.102.e.6"/><pair ddi="false" e1="Dailymed.8b8ad213-1dc8-454e-a524-075685c0e1a8.s.102.e.5" e2="Dailymed.8b8ad213-1dc8-454e-a524-075685c0e1a8.s.102.e.6"/></sentence><positiveExamples number="20"/><negativeExamples number="214"/></document>