<?xml version="1.0" encoding="UTF-8" standalone="no"?><document setID="9943a961-3b50-4847-8a84-d8414ce38daa"><labelDrug name="DOBUTamine Hydrochloride in Dextrose"><Normalization/></labelDrug><generic name="DOBUTAMINE HYDROCHLORIDE"/><sentence id="Dailymed.9943a961-3b50-4847-8a84-d8414ce38daa.s.1" text="Drug Label for drug brand DOBUTamine Hydrochloride in Dextrose, containing DOBUTAMINE HYDROCHLORIDE." type="negative"><entity charOffset="0:19" id="Dailymed.9943a961-3b50-4847-8a84-d8414ce38daa.s.1.e.0" text="drug drug" type="Biomedical_Entity"><Normalization><mmtx cui="C0013231" phraseText="Drug Label for drug brand DOBUTamine Hydrochloride" preferredWord="Drugs, Non-Prescription" semType="phsu"/><RxNorm RxCui="NA"/></Normalization></entity><entity charOffset="54:62" id="Dailymed.9943a961-3b50-4847-8a84-d8414ce38daa.s.1.e.1" text="dextrose" type="Biomedical_Entity"><Normalization><mmtx cui="C0017725" phraseText="in Dextrose," preferredWord="Glucose" semType="bacs, phsu, carb"/><RxNorm RxCui="4850"/></Normalization></entity><entity charOffset="75:99" id="Dailymed.9943a961-3b50-4847-8a84-d8414ce38daa.s.1.e.2" text="dobutamine hydrochloride" type="Biomedical_Entity"><Normalization><mmtx cui="C0700450" phraseText="DOBUTAMINE HYDROCHLORIDE." preferredWord="Dobutamine Hydrochloride" semType="phsu, orch"/><RxNorm RxCui="203121"/></Normalization></entity><entity charOffset="26:50" id="Dailymed.9943a961-3b50-4847-8a84-d8414ce38daa.s.1.e.3" text="dobutamine hydrochloride" type="Biomedical_Entity"><Normalization><mmtx cui="C0700450" phraseText="Drug Label for drug brand DOBUTamine Hydrochloride" preferredWord="Dobutamine Hydrochloride" semType="phsu, orch"/><RxNorm RxCui="203121"/></Normalization></entity><pair ddi="false" e1="Dailymed.9943a961-3b50-4847-8a84-d8414ce38daa.s.1.e.0" e2="Dailymed.9943a961-3b50-4847-8a84-d8414ce38daa.s.1.e.1"/><pair ddi="false" e1="Dailymed.9943a961-3b50-4847-8a84-d8414ce38daa.s.1.e.0" e2="Dailymed.9943a961-3b50-4847-8a84-d8414ce38daa.s.1.e.2"/><pair ddi="false" e1="Dailymed.9943a961-3b50-4847-8a84-d8414ce38daa.s.1.e.0" e2="Dailymed.9943a961-3b50-4847-8a84-d8414ce38daa.s.1.e.3"/><pair ddi="false" e1="Dailymed.9943a961-3b50-4847-8a84-d8414ce38daa.s.1.e.1" e2="Dailymed.9943a961-3b50-4847-8a84-d8414ce38daa.s.1.e.2"/><pair ddi="false" e1="Dailymed.9943a961-3b50-4847-8a84-d8414ce38daa.s.1.e.3" e2="Dailymed.9943a961-3b50-4847-8a84-d8414ce38daa.s.1.e.1"/></sentence><sentence id="Dailymed.9943a961-3b50-4847-8a84-d8414ce38daa.s.3" text="Dobutamine in 5% Dextrose Injection, USP is contraindicated in patients with idiopathic hypertrophic subaortic stenosis and in patients who have shown previous manifestations of hypersensitivity to dobutamine." type="negative"><entity charOffset="198:208" id="Dailymed.9943a961-3b50-4847-8a84-d8414ce38daa.s.3.e.0" text="dobutamine" type="Biomedical_Entity"><Normalization><mmtx cui="C0012963" phraseText="to dobutamine." preferredWord="Dobutamine" semType="phsu, orch"/><RxNorm RxCui="203121"/></Normalization></entity><entity charOffset="14:25" id="Dailymed.9943a961-3b50-4847-8a84-d8414ce38daa.s.3.e.1" text="5 dextrose" type="Biomedical_Entity"><Normalization><mmtx cui="C0985452" phraseText="Dobutamine in 5% Dextrose Injection," preferredWord="Glucose 50 MG/ML" semType="clnd"/><RxNorm RxCui="NA"/></Normalization></entity><entity charOffset="0:10" id="Dailymed.9943a961-3b50-4847-8a84-d8414ce38daa.s.3.e.2" text="dobutamine" type="Biomedical_Entity"><Normalization><mmtx cui="C0012963" phraseText="Dobutamine in 5% Dextrose Injection," preferredWord="Dobutamine" semType="phsu, orch"/><RxNorm RxCui="203121"/></Normalization></entity><pair ddi="false" e1="Dailymed.9943a961-3b50-4847-8a84-d8414ce38daa.s.3.e.1" e2="Dailymed.9943a961-3b50-4847-8a84-d8414ce38daa.s.3.e.0"/><pair ddi="false" e1="Dailymed.9943a961-3b50-4847-8a84-d8414ce38daa.s.3.e.2" e2="Dailymed.9943a961-3b50-4847-8a84-d8414ce38daa.s.3.e.1"/></sentence><sentence id="Dailymed.9943a961-3b50-4847-8a84-d8414ce38daa.s.4" text="Dextrose solutions without electrolytes should not be administered simultaneously with blood through the same infusion set because of the possibility that pseudoagglutination of red cells may occur." type="negative"><entity charOffset="9:39" id="Dailymed.9943a961-3b50-4847-8a84-d8414ce38daa.s.4.e.0" text="solutions electrolytes" type="Biomedical_Entity"><Normalization><mmtx cui="C0308944" phraseText="Dextrose solutions without electrolytes" preferredWord="Oral electrolyte solution" semType="clnd"/><RxNorm RxCui="NA"/></Normalization></entity><entity charOffset="0:18" id="Dailymed.9943a961-3b50-4847-8a84-d8414ce38daa.s.4.e.1" text="dextrose solutions" type="Biomedical_Entity"><Normalization><mmtx cui="C1165603" phraseText="Dextrose solutions without electrolytes" preferredWord="DEXTROSE SOLUTION" semType="phsu, orch"/><RxNorm RxCui="4850"/></Normalization></entity><entity charOffset="0:8" id="Dailymed.9943a961-3b50-4847-8a84-d8414ce38daa.s.4.e.2" text="dextrose" type="Biomedical_Entity"><Normalization><mmtx cui="C0017725" phraseText="Dextrose solutions without electrolytes" preferredWord="Glucose" semType="bacs, phsu, carb"/><RxNorm RxCui="4850"/></Normalization></entity><entity charOffset="27:39" id="Dailymed.9943a961-3b50-4847-8a84-d8414ce38daa.s.4.e.3" text="electrolytes" type="Biomedical_Entity"><Normalization><mmtx cui="C3536863" phraseText="Dextrose solutions without electrolytes" preferredWord="Electrolyte [EPC]" semType="phsu"/><RxNorm RxCui="3793"/></Normalization></entity><pair ddi="false" e1="Dailymed.9943a961-3b50-4847-8a84-d8414ce38daa.s.4.e.1" e2="Dailymed.9943a961-3b50-4847-8a84-d8414ce38daa.s.4.e.0"/><pair ddi="false" e1="Dailymed.9943a961-3b50-4847-8a84-d8414ce38daa.s.4.e.2" e2="Dailymed.9943a961-3b50-4847-8a84-d8414ce38daa.s.4.e.0"/><pair ddi="false" e1="Dailymed.9943a961-3b50-4847-8a84-d8414ce38daa.s.4.e.0" e2="Dailymed.9943a961-3b50-4847-8a84-d8414ce38daa.s.4.e.3"/><pair ddi="false" e1="Dailymed.9943a961-3b50-4847-8a84-d8414ce38daa.s.4.e.2" e2="Dailymed.9943a961-3b50-4847-8a84-d8414ce38daa.s.4.e.1"/><pair ddi="false" e1="Dailymed.9943a961-3b50-4847-8a84-d8414ce38daa.s.4.e.1" e2="Dailymed.9943a961-3b50-4847-8a84-d8414ce38daa.s.4.e.3"/><pair ddi="false" e1="Dailymed.9943a961-3b50-4847-8a84-d8414ce38daa.s.4.e.2" e2="Dailymed.9943a961-3b50-4847-8a84-d8414ce38daa.s.4.e.3"/></sentence><sentence id="Dailymed.9943a961-3b50-4847-8a84-d8414ce38daa.s.10" text="In patients who have atrial fibrillation with rapid ventricular response, a digitalis preparation should be used prior to institution of therapy with dobutamine. " type="negative"><entity charOffset="150:160" id="Dailymed.9943a961-3b50-4847-8a84-d8414ce38daa.s.10.e.0" text="dobutamine" type="Biomedical_Entity"><Normalization><mmtx cui="C0012963" phraseText="with dobutamine." preferredWord="Dobutamine" semType="phsu, orch"/><RxNorm RxCui="203121"/></Normalization></entity><entity charOffset="76:97" id="Dailymed.9943a961-3b50-4847-8a84-d8414ce38daa.s.10.e.1" text="digitalis preparation" type="Biomedical_Entity"><Normalization><mmtx cui="C0304520" phraseText="a digitalis preparation" preferredWord="Digitalis preparation" semType="phsu, carb"/><RxNorm RxCui="91235"/></Normalization></entity><pair ddi="false" e1="Dailymed.9943a961-3b50-4847-8a84-d8414ce38daa.s.10.e.1" e2="Dailymed.9943a961-3b50-4847-8a84-d8414ce38daa.s.10.e.0"/></sentence><sentence id="Dailymed.9943a961-3b50-4847-8a84-d8414ce38daa.s.13" text="&lt;item&gt;Hypersensitivity Reactions suggestive of hypersensitivity associated with administration of Dobutamine in 5% Dextrose Injection, USP, including skin rash, fever, eosinophilia, and bronchospasm, have been reported occasionally. " type="negative"><entity charOffset="112:123" id="Dailymed.9943a961-3b50-4847-8a84-d8414ce38daa.s.13.e.0" text="5 dextrose" type="Biomedical_Entity"><Normalization><mmtx cui="C0985452" phraseText="in 5% Dextrose Injection," preferredWord="Glucose 50 MG/ML" semType="clnd"/><RxNorm RxCui="NA"/></Normalization></entity><entity charOffset="98:108" id="Dailymed.9943a961-3b50-4847-8a84-d8414ce38daa.s.13.e.1" text="dobutamine" type="Biomedical_Entity"><Normalization><mmtx cui="C0012963" phraseText="associated with administration of Dobutamine" preferredWord="Dobutamine" semType="phsu, orch"/><RxNorm RxCui="203121"/></Normalization></entity><pair ddi="false" e1="Dailymed.9943a961-3b50-4847-8a84-d8414ce38daa.s.13.e.1" e2="Dailymed.9943a961-3b50-4847-8a84-d8414ce38daa.s.13.e.0"/></sentence><sentence id="Dailymed.9943a961-3b50-4847-8a84-d8414ce38daa.s.15" text="&lt;item&gt;Dobutamine in 5% Dextrose Injection, USP contains sodium bisulfite, a sulfite that may cause allergic-type reactions, including anaphylactic symptoms and life-threatening or less severe asthmatic episodes, in certain susceptible people. " type="negative"><entity charOffset="56:72" id="Dailymed.9943a961-3b50-4847-8a84-d8414ce38daa.s.15.e.0" text="sodium bisulfite" type="Biomedical_Entity"><Normalization><mmtx cui="C0074726" phraseText="sodium bisulfite," preferredWord="sodium bisulfite" semType="inch, phsu"/><RxNorm RxCui="9853"/></Normalization></entity><entity charOffset="6:16" id="Dailymed.9943a961-3b50-4847-8a84-d8414ce38daa.s.15.e.1" text="dobutamine" type="Biomedical_Entity"><Normalization><mmtx cui="C0012963" phraseText="&gt;Dobutamine in 5% Dextrose Injection," preferredWord="Dobutamine" semType="phsu, orch"/><RxNorm RxCui="203121"/></Normalization></entity><entity charOffset="20:31" id="Dailymed.9943a961-3b50-4847-8a84-d8414ce38daa.s.15.e.2" text="5 dextrose" type="Biomedical_Entity"><Normalization><mmtx cui="C0985452" phraseText="&gt;Dobutamine in 5% Dextrose Injection," preferredWord="Glucose 50 MG/ML" semType="clnd"/><RxNorm RxCui="NA"/></Normalization></entity><pair ddi="false" e1="Dailymed.9943a961-3b50-4847-8a84-d8414ce38daa.s.15.e.1" e2="Dailymed.9943a961-3b50-4847-8a84-d8414ce38daa.s.15.e.0"/><pair ddi="false" e1="Dailymed.9943a961-3b50-4847-8a84-d8414ce38daa.s.15.e.2" e2="Dailymed.9943a961-3b50-4847-8a84-d8414ce38daa.s.15.e.0"/><pair ddi="false" e1="Dailymed.9943a961-3b50-4847-8a84-d8414ce38daa.s.15.e.1" e2="Dailymed.9943a961-3b50-4847-8a84-d8414ce38daa.s.15.e.2"/></sentence><sentence id="Dailymed.9943a961-3b50-4847-8a84-d8414ce38daa.s.20" text="During the administration of dobutamine, as with any adrenergic agent, ECG and blood pressure should be continuously monitored. " type="negative"><entity charOffset="53:69" id="Dailymed.9943a961-3b50-4847-8a84-d8414ce38daa.s.20.e.0" text="adrenergic agent" type="Biomedical_Entity"><Normalization><mmtx cui="C0001637" phraseText="as with any adrenergic agent," preferredWord="Adrenergic Agents" semType="phsu"/><RxNorm RxCui="1430615"/></Normalization></entity><entity charOffset="29:39" id="Dailymed.9943a961-3b50-4847-8a84-d8414ce38daa.s.20.e.1" text="dobutamine" type="Biomedical_Entity"><Normalization><mmtx cui="C0012963" phraseText="of dobutamine," preferredWord="Dobutamine" semType="phsu, orch"/><RxNorm RxCui="203121"/></Normalization></entity><pair ddi="false" e1="Dailymed.9943a961-3b50-4847-8a84-d8414ce38daa.s.20.e.1" e2="Dailymed.9943a961-3b50-4847-8a84-d8414ce38daa.s.20.e.0"/></sentence><sentence id="Dailymed.9943a961-3b50-4847-8a84-d8414ce38daa.s.21" text="In addition, pulmonary wedge pressure and cardiac output should be monitored whenever possible to aid in the safe and effective infusion of Dobutamine in 5% Dextrose Injection, USP." type="negative"><entity charOffset="140:150" id="Dailymed.9943a961-3b50-4847-8a84-d8414ce38daa.s.21.e.0" text="dobutamine" type="Biomedical_Entity"><Normalization><mmtx cui="C0012963" phraseText="effective infusion of Dobutamine" preferredWord="Dobutamine" semType="phsu, orch"/><RxNorm RxCui="203121"/></Normalization></entity><entity charOffset="154:165" id="Dailymed.9943a961-3b50-4847-8a84-d8414ce38daa.s.21.e.1" text="5 dextrose" type="Biomedical_Entity"><Normalization><mmtx cui="C0985452" phraseText="in 5% Dextrose Injection," preferredWord="Glucose 50 MG/ML" semType="clnd"/><RxNorm RxCui="NA"/></Normalization></entity><pair ddi="false" e1="Dailymed.9943a961-3b50-4847-8a84-d8414ce38daa.s.21.e.0" e2="Dailymed.9943a961-3b50-4847-8a84-d8414ce38daa.s.21.e.1"/></sentence><sentence id="Dailymed.9943a961-3b50-4847-8a84-d8414ce38daa.s.23" text="Hypovolemia should be corrected with suitable volume expanders before treatment with Dobutamine in 5% Dextrose Injection, USP is instituted." type="negative"><entity charOffset="46:62" id="Dailymed.9943a961-3b50-4847-8a84-d8414ce38daa.s.23.e.0" text="volume expanders" type="Biomedical_Entity"><Normalization><mmtx cui="C1875865" phraseText="corrected with suitable volume expanders" preferredWord="VOLUME EXPANDERS" semType="phsu"/><RxNorm RxCui="691938"/></Normalization></entity><entity charOffset="99:110" id="Dailymed.9943a961-3b50-4847-8a84-d8414ce38daa.s.23.e.1" text="5 dextrose" type="Biomedical_Entity"><Normalization><mmtx cui="C0985452" phraseText="in 5% Dextrose Injection," preferredWord="Glucose 50 MG/ML" semType="clnd"/><RxNorm RxCui="NA"/></Normalization></entity><entity charOffset="85:95" id="Dailymed.9943a961-3b50-4847-8a84-d8414ce38daa.s.23.e.2" text="dobutamine" type="Biomedical_Entity"><Normalization><mmtx cui="C0012963" phraseText="with Dobutamine" preferredWord="Dobutamine" semType="phsu, orch"/><RxNorm RxCui="203121"/></Normalization></entity><pair ddi="false" e1="Dailymed.9943a961-3b50-4847-8a84-d8414ce38daa.s.23.e.0" e2="Dailymed.9943a961-3b50-4847-8a84-d8414ce38daa.s.23.e.1"/><pair ddi="false" e1="Dailymed.9943a961-3b50-4847-8a84-d8414ce38daa.s.23.e.0" e2="Dailymed.9943a961-3b50-4847-8a84-d8414ce38daa.s.23.e.2"/><pair ddi="false" e1="Dailymed.9943a961-3b50-4847-8a84-d8414ce38daa.s.23.e.2" e2="Dailymed.9943a961-3b50-4847-8a84-d8414ce38daa.s.23.e.1"/></sentence><sentence biomedicalEntities="2" id="Dailymed.9943a961-3b50-4847-8a84-d8414ce38daa.s.25" lineNumber="31" text="Animal studies indicate that dobutamine may be ineffective if the patient has recently received a -blocking drug. " type="regular"><entity charOffset="47:58" id="Dailymed.9943a961-3b50-4847-8a84-d8414ce38daa.s.25.e.1" text="ineffective" type="Decrease_Interaction"/><entity charOffset="29:39" id="Dailymed.9943a961-3b50-4847-8a84-d8414ce38daa.s.25.e.2" text="dobutamine" type="Drug"><Normalization><mmtx cui="C0012963" phraseText="that dobutamine" preferredWord="Dobutamine" semType="phsu, orch"/><RxNorm RxCui="203121"/></Normalization></entity><entity charOffset="98:112" id="Dailymed.9943a961-3b50-4847-8a84-d8414ce38daa.s.25.e.3" text="-blocking drug" type="Drug_Class"><Normalization><mmtx cui="C0013227" phraseText="a -blocking drug." preferredWord="Pharmaceutical Preparations" semType="phsu"/><mmtx cui="C1254351" phraseText="a -blocking drug." preferredWord="Pharmacologic Substance" semType="phsu"/><RxNorm RxCui="1023276"/></Normalization></entity><entity charOffset="0:14" id="Dailymed.9943a961-3b50-4847-8a84-d8414ce38daa.s.25.e.4" text="Animal studies" type="SPAN"/><drugInteraction id="Dailymed.9943a961-3b50-4847-8a84-d8414ce38daa.s.25.ddi.1"><interaction trigger="Dailymed.9943a961-3b50-4847-8a84-d8414ce38daa.s.25.e.1"><relations><relation type="hasObject"><entity id="Dailymed.9943a961-3b50-4847-8a84-d8414ce38daa.s.25.e.2"/></relation><relation type="hasEvidence"><entity id="Dailymed.9943a961-3b50-4847-8a84-d8414ce38daa.s.25.e.4"/></relation></relations></interaction></drugInteraction></sentence><sentence id="Dailymed.9943a961-3b50-4847-8a84-d8414ce38daa.s.30" text="Dobutamine, like other -agonists, can produce a mild reduction in serum potassium concentration, rarely to hypokalemic levels. " type="negative"><entity charOffset="72:81" id="Dailymed.9943a961-3b50-4847-8a84-d8414ce38daa.s.30.e.0" text="potassium" type="Biomedical_Entity"><Normalization><mmtx cui="C0597277" phraseText="a mild reduction in serum potassium concentration," preferredWord="Potassium Ion" semType="phsu, elii"/><RxNorm RxCui="8588"/></Normalization></entity><entity charOffset="24:32" id="Dailymed.9943a961-3b50-4847-8a84-d8414ce38daa.s.30.e.1" text="agonists" type="Biomedical_Entity"><Normalization><mmtx cui="C2987634" phraseText="like other -agonists," preferredWord="Agonist" semType="phsu"/><RxNorm RxCui="608609"/></Normalization></entity><entity charOffset="0:10" id="Dailymed.9943a961-3b50-4847-8a84-d8414ce38daa.s.30.e.2" text="dobutamine" type="Biomedical_Entity"><Normalization><mmtx cui="C0012963" phraseText="Dobutamine," preferredWord="Dobutamine" semType="phsu, orch"/><RxNorm RxCui="203121"/></Normalization></entity><pair ddi="false" e1="Dailymed.9943a961-3b50-4847-8a84-d8414ce38daa.s.30.e.1" e2="Dailymed.9943a961-3b50-4847-8a84-d8414ce38daa.s.30.e.0"/><pair ddi="false" e1="Dailymed.9943a961-3b50-4847-8a84-d8414ce38daa.s.30.e.2" e2="Dailymed.9943a961-3b50-4847-8a84-d8414ce38daa.s.30.e.0"/><pair ddi="false" e1="Dailymed.9943a961-3b50-4847-8a84-d8414ce38daa.s.30.e.2" e2="Dailymed.9943a961-3b50-4847-8a84-d8414ce38daa.s.30.e.1"/></sentence><sentence id="Dailymed.9943a961-3b50-4847-8a84-d8414ce38daa.s.34" text="The intravenous administration of these solutions can cause fluid and/or solute overloading resulting in dilution of serum electrolyte concentrations, overhydration, congested states or pulmonary edema." type="negative"><entity charOffset="123:134" id="Dailymed.9943a961-3b50-4847-8a84-d8414ce38daa.s.34.e.0" text="electrolyte" type="Biomedical_Entity"><Normalization><mmtx cui="C0013832" phraseText="resulting in dilution of serum electrolyte concentrations," preferredWord="Electrolytes" semType="inch, phsu"/><RxNorm RxCui="3793"/></Normalization></entity><entity charOffset="166:175" id="Dailymed.9943a961-3b50-4847-8a84-d8414ce38daa.s.34.e.1" text="congested" type="Biomedical_Entity"><Normalization><mmtx cui="C0700150" phraseText="congested" preferredWord="Congest" semType="strd, phsu, horm"/><RxNorm RxCui="1096425"/></Normalization></entity><pair ddi="false" e1="Dailymed.9943a961-3b50-4847-8a84-d8414ce38daa.s.34.e.0" e2="Dailymed.9943a961-3b50-4847-8a84-d8414ce38daa.s.34.e.1"/></sentence><sentence id="Dailymed.9943a961-3b50-4847-8a84-d8414ce38daa.s.41" text="Dobutamine in 5% Dextrose Injection, USP may exhibit a pink color that, if present, will increase with time. " type="negative"><entity charOffset="0:10" id="Dailymed.9943a961-3b50-4847-8a84-d8414ce38daa.s.41.e.0" text="dobutamine" type="Biomedical_Entity"><Normalization><mmtx cui="C0012963" phraseText="Dobutamine in 5% Dextrose Injection," preferredWord="Dobutamine" semType="phsu, orch"/><RxNorm RxCui="203121"/></Normalization></entity><entity charOffset="14:25" id="Dailymed.9943a961-3b50-4847-8a84-d8414ce38daa.s.41.e.1" text="5 dextrose" type="Biomedical_Entity"><Normalization><mmtx cui="C0985452" phraseText="Dobutamine in 5% Dextrose Injection," preferredWord="Glucose 50 MG/ML" semType="clnd"/><RxNorm RxCui="NA"/></Normalization></entity><entity charOffset="60:65" id="Dailymed.9943a961-3b50-4847-8a84-d8414ce38daa.s.41.e.2" text="color" type="Biomedical_Entity"><Normalization><mmtx cui="C1705245" phraseText="color" preferredWord="Coloring Excipient" semType="phsu"/><RxNorm RxCui="314569"/></Normalization></entity><pair ddi="false" e1="Dailymed.9943a961-3b50-4847-8a84-d8414ce38daa.s.41.e.0" e2="Dailymed.9943a961-3b50-4847-8a84-d8414ce38daa.s.41.e.1"/><pair ddi="false" e1="Dailymed.9943a961-3b50-4847-8a84-d8414ce38daa.s.41.e.0" e2="Dailymed.9943a961-3b50-4847-8a84-d8414ce38daa.s.41.e.2"/><pair ddi="false" e1="Dailymed.9943a961-3b50-4847-8a84-d8414ce38daa.s.41.e.1" e2="Dailymed.9943a961-3b50-4847-8a84-d8414ce38daa.s.41.e.2"/></sentence><sentence id="Dailymed.9943a961-3b50-4847-8a84-d8414ce38daa.s.47" text="Drug Interactions: There was no evidence of drug interactions in clinical studies in which dobutamine hydrochloride was administered concurrently with other drugs, including digitalis preparations, furosemide, spironolactone, lidocaine, glyceryl trinitrate, isosorbide dinitrate, morphine, atropine, heparin, protamine, potassium chloride, folic acid, and acetaminophen. " type="negative"><entity charOffset="309:318" id="Dailymed.9943a961-3b50-4847-8a84-d8414ce38daa.s.47.e.0" text="protamine" type="Biomedical_Entity"><Normalization><mmtx cui="C0033603" phraseText="protamine," preferredWord="Protamines" semType="bacs, phsu, aapp"/><RxNorm RxCui="236471"/></Normalization></entity><entity charOffset="300:307" id="Dailymed.9943a961-3b50-4847-8a84-d8414ce38daa.s.47.e.1" text="heparin" type="Biomedical_Entity"><Normalization><mmtx cui="C0770546" phraseText="heparin," preferredWord="heparin, porcine" semType="bacs, phsu, carb"/><RxNorm RxCui="5224"/></Normalization></entity><entity charOffset="226:235" id="Dailymed.9943a961-3b50-4847-8a84-d8414ce38daa.s.47.e.2" text="lidocaine" type="Biomedical_Entity"><Normalization><mmtx cui="C0023660" phraseText="lidocaine," preferredWord="Lidocaine" semType="phsu, orch"/><RxNorm RxCui="6387"/></Normalization></entity><entity charOffset="280:288" id="Dailymed.9943a961-3b50-4847-8a84-d8414ce38daa.s.47.e.3" text="morphine" type="Biomedical_Entity"><Normalization><mmtx cui="C0026549" phraseText="morphine," preferredWord="Morphine" semType="phsu, orch"/><RxNorm RxCui="235751"/></Normalization></entity><entity charOffset="320:338" id="Dailymed.9943a961-3b50-4847-8a84-d8414ce38daa.s.47.e.4" text="potassium chloride" type="Biomedical_Entity"><Normalization><mmtx cui="C0032825" phraseText="potassium chloride," preferredWord="Potassium Chloride" semType="inch, phsu"/><RxNorm RxCui="8588"/></Normalization></entity><entity charOffset="356:369" id="Dailymed.9943a961-3b50-4847-8a84-d8414ce38daa.s.47.e.5" text="acetaminophen" type="Biomedical_Entity"><Normalization><mmtx cui="C0000970" phraseText="acetaminophen." preferredWord="Acetaminophen" semType="phsu, orch"/><RxNorm RxCui="161"/></Normalization></entity><entity charOffset="258:278" id="Dailymed.9943a961-3b50-4847-8a84-d8414ce38daa.s.47.e.6" text="isosorbide dinitrate" type="Biomedical_Entity"><Normalization><mmtx cui="C0022252" phraseText="isosorbide dinitrate," preferredWord="Isosorbide Dinitrate" semType="phsu, orch"/><RxNorm RxCui="6057"/></Normalization></entity><entity charOffset="174:196" id="Dailymed.9943a961-3b50-4847-8a84-d8414ce38daa.s.47.e.7" text="digitalis preparations" type="Biomedical_Entity"><Normalization><mmtx cui="C0304520" phraseText="digitalis preparations," preferredWord="Digitalis preparation" semType="phsu, carb"/><RxNorm RxCui="91235"/></Normalization></entity><entity charOffset="237:256" id="Dailymed.9943a961-3b50-4847-8a84-d8414ce38daa.s.47.e.8" text="glyceryl trinitrate" type="Biomedical_Entity"><Normalization><mmtx cui="C0017887" phraseText="glyceryl trinitrate," preferredWord="Nitroglycerin" semType="phsu, orch"/><RxNorm RxCui="1432297"/></Normalization></entity><entity charOffset="210:224" id="Dailymed.9943a961-3b50-4847-8a84-d8414ce38daa.s.47.e.9" text="spironolactone" type="Biomedical_Entity"><Normalization><mmtx cui="C0037982" phraseText="spironolactone," preferredWord="Spironolactone" semType="strd, phsu"/><RxNorm RxCui="9997"/></Normalization></entity><entity charOffset="198:208" id="Dailymed.9943a961-3b50-4847-8a84-d8414ce38daa.s.47.e.10" text="furosemide" type="Biomedical_Entity"><Normalization><mmtx cui="C0016860" phraseText="furosemide," preferredWord="Furosemide" semType="phsu, orch"/><RxNorm RxCui="4603"/></Normalization></entity><entity charOffset="340:350" id="Dailymed.9943a961-3b50-4847-8a84-d8414ce38daa.s.47.e.11" text="folic acid" type="Biomedical_Entity"><Normalization><mmtx cui="C0016410" phraseText="folic acid," preferredWord="Folic Acid" semType="phsu, orch, vita"/><RxNorm RxCui="4511"/></Normalization></entity><entity charOffset="290:298" id="Dailymed.9943a961-3b50-4847-8a84-d8414ce38daa.s.47.e.12" text="atropine" type="Biomedical_Entity"><Normalization><mmtx cui="C1161352" phraseText="atropine," preferredWord="Atropinum, atropine" semType="phsu"/><RxNorm RxCui="1223"/></Normalization></entity><entity charOffset="91:115" id="Dailymed.9943a961-3b50-4847-8a84-d8414ce38daa.s.47.e.13" text="dobutamine hydrochloride" type="Biomedical_Entity"><Normalization><mmtx cui="C0700450" phraseText="in which dobutamine hydrochloride" preferredWord="Dobutamine Hydrochloride" semType="phsu, orch"/><RxNorm RxCui="203121"/></Normalization></entity><pair ddi="false" e1="Dailymed.9943a961-3b50-4847-8a84-d8414ce38daa.s.47.e.1" e2="Dailymed.9943a961-3b50-4847-8a84-d8414ce38daa.s.47.e.0"/><pair ddi="false" e1="Dailymed.9943a961-3b50-4847-8a84-d8414ce38daa.s.47.e.2" e2="Dailymed.9943a961-3b50-4847-8a84-d8414ce38daa.s.47.e.0"/><pair ddi="false" e1="Dailymed.9943a961-3b50-4847-8a84-d8414ce38daa.s.47.e.3" e2="Dailymed.9943a961-3b50-4847-8a84-d8414ce38daa.s.47.e.0"/><pair ddi="false" e1="Dailymed.9943a961-3b50-4847-8a84-d8414ce38daa.s.47.e.0" e2="Dailymed.9943a961-3b50-4847-8a84-d8414ce38daa.s.47.e.4"/><pair ddi="false" e1="Dailymed.9943a961-3b50-4847-8a84-d8414ce38daa.s.47.e.0" e2="Dailymed.9943a961-3b50-4847-8a84-d8414ce38daa.s.47.e.5"/><pair ddi="false" e1="Dailymed.9943a961-3b50-4847-8a84-d8414ce38daa.s.47.e.6" e2="Dailymed.9943a961-3b50-4847-8a84-d8414ce38daa.s.47.e.0"/><pair ddi="false" e1="Dailymed.9943a961-3b50-4847-8a84-d8414ce38daa.s.47.e.7" e2="Dailymed.9943a961-3b50-4847-8a84-d8414ce38daa.s.47.e.0"/><pair ddi="false" e1="Dailymed.9943a961-3b50-4847-8a84-d8414ce38daa.s.47.e.8" e2="Dailymed.9943a961-3b50-4847-8a84-d8414ce38daa.s.47.e.0"/><pair ddi="false" e1="Dailymed.9943a961-3b50-4847-8a84-d8414ce38daa.s.47.e.9" e2="Dailymed.9943a961-3b50-4847-8a84-d8414ce38daa.s.47.e.0"/><pair ddi="false" e1="Dailymed.9943a961-3b50-4847-8a84-d8414ce38daa.s.47.e.10" e2="Dailymed.9943a961-3b50-4847-8a84-d8414ce38daa.s.47.e.0"/><pair ddi="false" e1="Dailymed.9943a961-3b50-4847-8a84-d8414ce38daa.s.47.e.0" e2="Dailymed.9943a961-3b50-4847-8a84-d8414ce38daa.s.47.e.11"/><pair ddi="false" e1="Dailymed.9943a961-3b50-4847-8a84-d8414ce38daa.s.47.e.12" e2="Dailymed.9943a961-3b50-4847-8a84-d8414ce38daa.s.47.e.0"/><pair ddi="false" e1="Dailymed.9943a961-3b50-4847-8a84-d8414ce38daa.s.47.e.13" e2="Dailymed.9943a961-3b50-4847-8a84-d8414ce38daa.s.47.e.0"/><pair ddi="false" e1="Dailymed.9943a961-3b50-4847-8a84-d8414ce38daa.s.47.e.2" e2="Dailymed.9943a961-3b50-4847-8a84-d8414ce38daa.s.47.e.1"/><pair ddi="false" e1="Dailymed.9943a961-3b50-4847-8a84-d8414ce38daa.s.47.e.3" e2="Dailymed.9943a961-3b50-4847-8a84-d8414ce38daa.s.47.e.1"/><pair ddi="false" e1="Dailymed.9943a961-3b50-4847-8a84-d8414ce38daa.s.47.e.1" e2="Dailymed.9943a961-3b50-4847-8a84-d8414ce38daa.s.47.e.4"/><pair ddi="false" e1="Dailymed.9943a961-3b50-4847-8a84-d8414ce38daa.s.47.e.1" e2="Dailymed.9943a961-3b50-4847-8a84-d8414ce38daa.s.47.e.5"/><pair ddi="false" e1="Dailymed.9943a961-3b50-4847-8a84-d8414ce38daa.s.47.e.6" e2="Dailymed.9943a961-3b50-4847-8a84-d8414ce38daa.s.47.e.1"/><pair ddi="false" e1="Dailymed.9943a961-3b50-4847-8a84-d8414ce38daa.s.47.e.7" e2="Dailymed.9943a961-3b50-4847-8a84-d8414ce38daa.s.47.e.1"/><pair ddi="false" e1="Dailymed.9943a961-3b50-4847-8a84-d8414ce38daa.s.47.e.8" e2="Dailymed.9943a961-3b50-4847-8a84-d8414ce38daa.s.47.e.1"/><pair ddi="false" e1="Dailymed.9943a961-3b50-4847-8a84-d8414ce38daa.s.47.e.9" e2="Dailymed.9943a961-3b50-4847-8a84-d8414ce38daa.s.47.e.1"/><pair ddi="false" e1="Dailymed.9943a961-3b50-4847-8a84-d8414ce38daa.s.47.e.10" e2="Dailymed.9943a961-3b50-4847-8a84-d8414ce38daa.s.47.e.1"/><pair ddi="false" e1="Dailymed.9943a961-3b50-4847-8a84-d8414ce38daa.s.47.e.1" e2="Dailymed.9943a961-3b50-4847-8a84-d8414ce38daa.s.47.e.11"/><pair ddi="false" e1="Dailymed.9943a961-3b50-4847-8a84-d8414ce38daa.s.47.e.12" e2="Dailymed.9943a961-3b50-4847-8a84-d8414ce38daa.s.47.e.1"/><pair ddi="false" e1="Dailymed.9943a961-3b50-4847-8a84-d8414ce38daa.s.47.e.13" e2="Dailymed.9943a961-3b50-4847-8a84-d8414ce38daa.s.47.e.1"/><pair ddi="false" e1="Dailymed.9943a961-3b50-4847-8a84-d8414ce38daa.s.47.e.2" e2="Dailymed.9943a961-3b50-4847-8a84-d8414ce38daa.s.47.e.3"/><pair ddi="false" e1="Dailymed.9943a961-3b50-4847-8a84-d8414ce38daa.s.47.e.2" e2="Dailymed.9943a961-3b50-4847-8a84-d8414ce38daa.s.47.e.4"/><pair ddi="false" e1="Dailymed.9943a961-3b50-4847-8a84-d8414ce38daa.s.47.e.2" e2="Dailymed.9943a961-3b50-4847-8a84-d8414ce38daa.s.47.e.5"/><pair ddi="false" e1="Dailymed.9943a961-3b50-4847-8a84-d8414ce38daa.s.47.e.2" e2="Dailymed.9943a961-3b50-4847-8a84-d8414ce38daa.s.47.e.6"/><pair ddi="false" e1="Dailymed.9943a961-3b50-4847-8a84-d8414ce38daa.s.47.e.7" e2="Dailymed.9943a961-3b50-4847-8a84-d8414ce38daa.s.47.e.2"/><pair ddi="false" e1="Dailymed.9943a961-3b50-4847-8a84-d8414ce38daa.s.47.e.2" e2="Dailymed.9943a961-3b50-4847-8a84-d8414ce38daa.s.47.e.8"/><pair ddi="false" e1="Dailymed.9943a961-3b50-4847-8a84-d8414ce38daa.s.47.e.9" e2="Dailymed.9943a961-3b50-4847-8a84-d8414ce38daa.s.47.e.2"/><pair ddi="false" e1="Dailymed.9943a961-3b50-4847-8a84-d8414ce38daa.s.47.e.10" e2="Dailymed.9943a961-3b50-4847-8a84-d8414ce38daa.s.47.e.2"/><pair ddi="false" e1="Dailymed.9943a961-3b50-4847-8a84-d8414ce38daa.s.47.e.2" e2="Dailymed.9943a961-3b50-4847-8a84-d8414ce38daa.s.47.e.11"/><pair ddi="false" e1="Dailymed.9943a961-3b50-4847-8a84-d8414ce38daa.s.47.e.2" e2="Dailymed.9943a961-3b50-4847-8a84-d8414ce38daa.s.47.e.12"/><pair ddi="false" e1="Dailymed.9943a961-3b50-4847-8a84-d8414ce38daa.s.47.e.13" e2="Dailymed.9943a961-3b50-4847-8a84-d8414ce38daa.s.47.e.2"/><pair ddi="false" e1="Dailymed.9943a961-3b50-4847-8a84-d8414ce38daa.s.47.e.3" e2="Dailymed.9943a961-3b50-4847-8a84-d8414ce38daa.s.47.e.4"/><pair ddi="false" e1="Dailymed.9943a961-3b50-4847-8a84-d8414ce38daa.s.47.e.3" e2="Dailymed.9943a961-3b50-4847-8a84-d8414ce38daa.s.47.e.5"/><pair ddi="false" e1="Dailymed.9943a961-3b50-4847-8a84-d8414ce38daa.s.47.e.6" e2="Dailymed.9943a961-3b50-4847-8a84-d8414ce38daa.s.47.e.3"/><pair ddi="false" e1="Dailymed.9943a961-3b50-4847-8a84-d8414ce38daa.s.47.e.7" e2="Dailymed.9943a961-3b50-4847-8a84-d8414ce38daa.s.47.e.3"/><pair ddi="false" e1="Dailymed.9943a961-3b50-4847-8a84-d8414ce38daa.s.47.e.8" e2="Dailymed.9943a961-3b50-4847-8a84-d8414ce38daa.s.47.e.3"/><pair ddi="false" e1="Dailymed.9943a961-3b50-4847-8a84-d8414ce38daa.s.47.e.9" e2="Dailymed.9943a961-3b50-4847-8a84-d8414ce38daa.s.47.e.3"/><pair ddi="false" e1="Dailymed.9943a961-3b50-4847-8a84-d8414ce38daa.s.47.e.10" e2="Dailymed.9943a961-3b50-4847-8a84-d8414ce38daa.s.47.e.3"/><pair ddi="false" e1="Dailymed.9943a961-3b50-4847-8a84-d8414ce38daa.s.47.e.3" e2="Dailymed.9943a961-3b50-4847-8a84-d8414ce38daa.s.47.e.11"/><pair ddi="false" e1="Dailymed.9943a961-3b50-4847-8a84-d8414ce38daa.s.47.e.3" e2="Dailymed.9943a961-3b50-4847-8a84-d8414ce38daa.s.47.e.12"/><pair ddi="false" e1="Dailymed.9943a961-3b50-4847-8a84-d8414ce38daa.s.47.e.13" e2="Dailymed.9943a961-3b50-4847-8a84-d8414ce38daa.s.47.e.3"/><pair ddi="false" e1="Dailymed.9943a961-3b50-4847-8a84-d8414ce38daa.s.47.e.4" e2="Dailymed.9943a961-3b50-4847-8a84-d8414ce38daa.s.47.e.5"/><pair ddi="false" e1="Dailymed.9943a961-3b50-4847-8a84-d8414ce38daa.s.47.e.6" e2="Dailymed.9943a961-3b50-4847-8a84-d8414ce38daa.s.47.e.4"/><pair ddi="false" e1="Dailymed.9943a961-3b50-4847-8a84-d8414ce38daa.s.47.e.7" e2="Dailymed.9943a961-3b50-4847-8a84-d8414ce38daa.s.47.e.4"/><pair ddi="false" e1="Dailymed.9943a961-3b50-4847-8a84-d8414ce38daa.s.47.e.8" e2="Dailymed.9943a961-3b50-4847-8a84-d8414ce38daa.s.47.e.4"/><pair ddi="false" e1="Dailymed.9943a961-3b50-4847-8a84-d8414ce38daa.s.47.e.9" e2="Dailymed.9943a961-3b50-4847-8a84-d8414ce38daa.s.47.e.4"/><pair ddi="false" e1="Dailymed.9943a961-3b50-4847-8a84-d8414ce38daa.s.47.e.10" e2="Dailymed.9943a961-3b50-4847-8a84-d8414ce38daa.s.47.e.4"/><pair ddi="false" e1="Dailymed.9943a961-3b50-4847-8a84-d8414ce38daa.s.47.e.4" e2="Dailymed.9943a961-3b50-4847-8a84-d8414ce38daa.s.47.e.11"/><pair ddi="false" e1="Dailymed.9943a961-3b50-4847-8a84-d8414ce38daa.s.47.e.12" e2="Dailymed.9943a961-3b50-4847-8a84-d8414ce38daa.s.47.e.4"/><pair ddi="false" e1="Dailymed.9943a961-3b50-4847-8a84-d8414ce38daa.s.47.e.13" e2="Dailymed.9943a961-3b50-4847-8a84-d8414ce38daa.s.47.e.4"/><pair ddi="false" e1="Dailymed.9943a961-3b50-4847-8a84-d8414ce38daa.s.47.e.6" e2="Dailymed.9943a961-3b50-4847-8a84-d8414ce38daa.s.47.e.5"/><pair ddi="false" e1="Dailymed.9943a961-3b50-4847-8a84-d8414ce38daa.s.47.e.7" e2="Dailymed.9943a961-3b50-4847-8a84-d8414ce38daa.s.47.e.5"/><pair ddi="false" e1="Dailymed.9943a961-3b50-4847-8a84-d8414ce38daa.s.47.e.8" e2="Dailymed.9943a961-3b50-4847-8a84-d8414ce38daa.s.47.e.5"/><pair ddi="false" e1="Dailymed.9943a961-3b50-4847-8a84-d8414ce38daa.s.47.e.9" e2="Dailymed.9943a961-3b50-4847-8a84-d8414ce38daa.s.47.e.5"/><pair ddi="false" e1="Dailymed.9943a961-3b50-4847-8a84-d8414ce38daa.s.47.e.10" e2="Dailymed.9943a961-3b50-4847-8a84-d8414ce38daa.s.47.e.5"/><pair ddi="false" e1="Dailymed.9943a961-3b50-4847-8a84-d8414ce38daa.s.47.e.11" e2="Dailymed.9943a961-3b50-4847-8a84-d8414ce38daa.s.47.e.5"/><pair ddi="false" e1="Dailymed.9943a961-3b50-4847-8a84-d8414ce38daa.s.47.e.12" e2="Dailymed.9943a961-3b50-4847-8a84-d8414ce38daa.s.47.e.5"/><pair ddi="false" e1="Dailymed.9943a961-3b50-4847-8a84-d8414ce38daa.s.47.e.13" e2="Dailymed.9943a961-3b50-4847-8a84-d8414ce38daa.s.47.e.5"/><pair ddi="false" e1="Dailymed.9943a961-3b50-4847-8a84-d8414ce38daa.s.47.e.7" e2="Dailymed.9943a961-3b50-4847-8a84-d8414ce38daa.s.47.e.6"/><pair ddi="false" e1="Dailymed.9943a961-3b50-4847-8a84-d8414ce38daa.s.47.e.8" e2="Dailymed.9943a961-3b50-4847-8a84-d8414ce38daa.s.47.e.6"/><pair ddi="false" e1="Dailymed.9943a961-3b50-4847-8a84-d8414ce38daa.s.47.e.9" e2="Dailymed.9943a961-3b50-4847-8a84-d8414ce38daa.s.47.e.6"/><pair ddi="false" e1="Dailymed.9943a961-3b50-4847-8a84-d8414ce38daa.s.47.e.10" e2="Dailymed.9943a961-3b50-4847-8a84-d8414ce38daa.s.47.e.6"/><pair ddi="false" e1="Dailymed.9943a961-3b50-4847-8a84-d8414ce38daa.s.47.e.6" e2="Dailymed.9943a961-3b50-4847-8a84-d8414ce38daa.s.47.e.11"/><pair ddi="false" e1="Dailymed.9943a961-3b50-4847-8a84-d8414ce38daa.s.47.e.6" e2="Dailymed.9943a961-3b50-4847-8a84-d8414ce38daa.s.47.e.12"/><pair ddi="false" e1="Dailymed.9943a961-3b50-4847-8a84-d8414ce38daa.s.47.e.13" e2="Dailymed.9943a961-3b50-4847-8a84-d8414ce38daa.s.47.e.6"/><pair ddi="false" e1="Dailymed.9943a961-3b50-4847-8a84-d8414ce38daa.s.47.e.7" e2="Dailymed.9943a961-3b50-4847-8a84-d8414ce38daa.s.47.e.8"/><pair ddi="false" e1="Dailymed.9943a961-3b50-4847-8a84-d8414ce38daa.s.47.e.7" e2="Dailymed.9943a961-3b50-4847-8a84-d8414ce38daa.s.47.e.9"/><pair ddi="false" e1="Dailymed.9943a961-3b50-4847-8a84-d8414ce38daa.s.47.e.7" e2="Dailymed.9943a961-3b50-4847-8a84-d8414ce38daa.s.47.e.10"/><pair ddi="false" e1="Dailymed.9943a961-3b50-4847-8a84-d8414ce38daa.s.47.e.7" e2="Dailymed.9943a961-3b50-4847-8a84-d8414ce38daa.s.47.e.11"/><pair ddi="false" e1="Dailymed.9943a961-3b50-4847-8a84-d8414ce38daa.s.47.e.7" e2="Dailymed.9943a961-3b50-4847-8a84-d8414ce38daa.s.47.e.12"/><pair ddi="false" e1="Dailymed.9943a961-3b50-4847-8a84-d8414ce38daa.s.47.e.13" e2="Dailymed.9943a961-3b50-4847-8a84-d8414ce38daa.s.47.e.7"/><pair ddi="false" e1="Dailymed.9943a961-3b50-4847-8a84-d8414ce38daa.s.47.e.9" e2="Dailymed.9943a961-3b50-4847-8a84-d8414ce38daa.s.47.e.8"/><pair ddi="false" e1="Dailymed.9943a961-3b50-4847-8a84-d8414ce38daa.s.47.e.10" e2="Dailymed.9943a961-3b50-4847-8a84-d8414ce38daa.s.47.e.8"/><pair ddi="false" e1="Dailymed.9943a961-3b50-4847-8a84-d8414ce38daa.s.47.e.8" e2="Dailymed.9943a961-3b50-4847-8a84-d8414ce38daa.s.47.e.11"/><pair ddi="false" e1="Dailymed.9943a961-3b50-4847-8a84-d8414ce38daa.s.47.e.8" e2="Dailymed.9943a961-3b50-4847-8a84-d8414ce38daa.s.47.e.12"/><pair ddi="false" e1="Dailymed.9943a961-3b50-4847-8a84-d8414ce38daa.s.47.e.13" e2="Dailymed.9943a961-3b50-4847-8a84-d8414ce38daa.s.47.e.8"/><pair ddi="false" e1="Dailymed.9943a961-3b50-4847-8a84-d8414ce38daa.s.47.e.10" e2="Dailymed.9943a961-3b50-4847-8a84-d8414ce38daa.s.47.e.9"/><pair ddi="false" e1="Dailymed.9943a961-3b50-4847-8a84-d8414ce38daa.s.47.e.9" e2="Dailymed.9943a961-3b50-4847-8a84-d8414ce38daa.s.47.e.11"/><pair ddi="false" e1="Dailymed.9943a961-3b50-4847-8a84-d8414ce38daa.s.47.e.9" e2="Dailymed.9943a961-3b50-4847-8a84-d8414ce38daa.s.47.e.12"/><pair ddi="false" e1="Dailymed.9943a961-3b50-4847-8a84-d8414ce38daa.s.47.e.13" e2="Dailymed.9943a961-3b50-4847-8a84-d8414ce38daa.s.47.e.9"/><pair ddi="false" e1="Dailymed.9943a961-3b50-4847-8a84-d8414ce38daa.s.47.e.10" e2="Dailymed.9943a961-3b50-4847-8a84-d8414ce38daa.s.47.e.11"/><pair ddi="false" e1="Dailymed.9943a961-3b50-4847-8a84-d8414ce38daa.s.47.e.10" e2="Dailymed.9943a961-3b50-4847-8a84-d8414ce38daa.s.47.e.12"/><pair ddi="false" e1="Dailymed.9943a961-3b50-4847-8a84-d8414ce38daa.s.47.e.13" e2="Dailymed.9943a961-3b50-4847-8a84-d8414ce38daa.s.47.e.10"/><pair ddi="false" e1="Dailymed.9943a961-3b50-4847-8a84-d8414ce38daa.s.47.e.12" e2="Dailymed.9943a961-3b50-4847-8a84-d8414ce38daa.s.47.e.11"/><pair ddi="false" e1="Dailymed.9943a961-3b50-4847-8a84-d8414ce38daa.s.47.e.13" e2="Dailymed.9943a961-3b50-4847-8a84-d8414ce38daa.s.47.e.11"/><pair ddi="false" e1="Dailymed.9943a961-3b50-4847-8a84-d8414ce38daa.s.47.e.13" e2="Dailymed.9943a961-3b50-4847-8a84-d8414ce38daa.s.47.e.12"/></sentence><sentence biomedicalEntities="2" id="Dailymed.9943a961-3b50-4847-8a84-d8414ce38daa.s.48" lineNumber="41" text="Preliminary studies indicate that the concomitant use of dobutamine and nitroprusside results in a higher cardiac output and, usually, a lower pulmonary wedge pressure than when either drug is used alone." type="regular"><entity charOffset="99:120" id="Dailymed.9943a961-3b50-4847-8a84-d8414ce38daa.s.48.e.1" text="higher cardiac output" type="Specific_Interaction"/><entity charOffset="72:85" id="Dailymed.9943a961-3b50-4847-8a84-d8414ce38daa.s.48.e.2" text="nitroprusside" type="Drug"><Normalization><mmtx cui="C0028193" phraseText="nitroprusside" preferredWord="Nitroprusside" semType="inch, phsu"/><RxNorm RxCui="7476"/></Normalization></entity><entity charOffset="57:67" id="Dailymed.9943a961-3b50-4847-8a84-d8414ce38daa.s.48.e.3" text="dobutamine" type="Drug"><Normalization><mmtx cui="C0012963" phraseText="the concomitant use of dobutamine" preferredWord="Dobutamine" semType="phsu, orch"/><RxNorm RxCui="203121"/></Normalization></entity><entity charOffset="137:167" id="Dailymed.9943a961-3b50-4847-8a84-d8414ce38daa.s.48.e.5" text="lower pulmonary wedge pressure" type="Specific_Interaction"/><drugInteraction id="Dailymed.9943a961-3b50-4847-8a84-d8414ce38daa.s.48.ddi.1"><interaction trigger="Dailymed.9943a961-3b50-4847-8a84-d8414ce38daa.s.48.e.1"><relations><relation type="hasPrecipitant"><entity id="Dailymed.9943a961-3b50-4847-8a84-d8414ce38daa.s.48.e.2"/></relation><relation type="hasObject"><entity id="Dailymed.9943a961-3b50-4847-8a84-d8414ce38daa.s.48.e.3"/></relation></relations></interaction></drugInteraction><drugInteraction id="Dailymed.9943a961-3b50-4847-8a84-d8414ce38daa.s.48.ddi.2"><interaction trigger="Dailymed.9943a961-3b50-4847-8a84-d8414ce38daa.s.48.e.5"><relations><relation type="hasPrecipitant"><entity id="Dailymed.9943a961-3b50-4847-8a84-d8414ce38daa.s.48.e.2"/></relation><relation type="hasObject"><entity id="Dailymed.9943a961-3b50-4847-8a84-d8414ce38daa.s.48.e.3"/></relation></relations></interaction></drugInteraction><pair ddi="true" e1="Dailymed.9943a961-3b50-4847-8a84-d8414ce38daa.s.48.e.3" e2="Dailymed.9943a961-3b50-4847-8a84-d8414ce38daa.s.48.e.2" trigger="Dailymed.9943a961-3b50-4847-8a84-d8414ce38daa.s.48.e.1" type="Specific_Interaction"/></sentence><sentence id="Dailymed.9943a961-3b50-4847-8a84-d8414ce38daa.s.54" text="In premature neonates, however, dobutamine is less effective than dopamine in raising systemic blood pressure without causing undue tachycardia, and dobutamine has not been shown to provide any added benefit when given to such infants already receiving optimal infusions of dopamine." type="negative"><entity charOffset="274:282" id="Dailymed.9943a961-3b50-4847-8a84-d8414ce38daa.s.54.e.0" text="dopamine" type="Biomedical_Entity"><Normalization><mmtx cui="C0013030" phraseText="optimal infusions of dopamine." preferredWord="Dopamine" semType="phsu, orch, nsba"/><RxNorm RxCui="82010"/></Normalization></entity><entity charOffset="149:159" id="Dailymed.9943a961-3b50-4847-8a84-d8414ce38daa.s.54.e.1" text="dobutamine" type="Biomedical_Entity"><Normalization><mmtx cui="C0012963" phraseText="dobutamine" preferredWord="Dobutamine" semType="phsu, orch"/><RxNorm RxCui="203121"/></Normalization></entity><entity charOffset="66:74" id="Dailymed.9943a961-3b50-4847-8a84-d8414ce38daa.s.54.e.2" text="dopamine" type="Biomedical_Entity"><Normalization><mmtx cui="C0013030" phraseText="less effective than dopamine" preferredWord="Dopamine" semType="phsu, orch, nsba"/><RxNorm RxCui="82010"/></Normalization></entity><entity charOffset="32:42" id="Dailymed.9943a961-3b50-4847-8a84-d8414ce38daa.s.54.e.3" text="dobutamine" type="Biomedical_Entity"><Normalization><mmtx cui="C0012963" phraseText="dobutamine" preferredWord="Dobutamine" semType="phsu, orch"/><RxNorm RxCui="203121"/></Normalization></entity><pair ddi="false" e1="Dailymed.9943a961-3b50-4847-8a84-d8414ce38daa.s.54.e.1" e2="Dailymed.9943a961-3b50-4847-8a84-d8414ce38daa.s.54.e.0"/><pair ddi="false" e1="Dailymed.9943a961-3b50-4847-8a84-d8414ce38daa.s.54.e.3" e2="Dailymed.9943a961-3b50-4847-8a84-d8414ce38daa.s.54.e.0"/><pair ddi="false" e1="Dailymed.9943a961-3b50-4847-8a84-d8414ce38daa.s.54.e.2" e2="Dailymed.9943a961-3b50-4847-8a84-d8414ce38daa.s.54.e.1"/><pair ddi="false" e1="Dailymed.9943a961-3b50-4847-8a84-d8414ce38daa.s.54.e.3" e2="Dailymed.9943a961-3b50-4847-8a84-d8414ce38daa.s.54.e.2"/></sentence><positiveExamples number="1"/><negativeExamples number="125"/></document>