<?xml version="1.0" encoding="UTF-8" standalone="no"?><document setID="a3d05b02-d7ea-4e8f-90b0-d6cd9cd169c8"><labelDrug name="DIANEAL Low Calcium with Dextrose"><Normalization/></labelDrug><generic name="dextrose monohydrate, sodium chloride, sodium lactate, calcium chloride, and magnesium chloride"/><sentence id="Dailymed.a3d05b02-d7ea-4e8f-90b0-d6cd9cd169c8.s.2" text="Dianeal Low Calcium peritoneal dialysis solutions are sterile, nonpyrogenic solutions in UltraBag containers for intraperitoneal administration only. " type="negative"><entity charOffset="20:49" id="Dailymed.a3d05b02-d7ea-4e8f-90b0-d6cd9cd169c8.s.2.e.0" text="peritoneal dialysis solutions" type="Biomedical_Entity"><Normalization><mmtx cui="C0353714" phraseText="Dianeal Low Calcium peritoneal dialysis solutions" preferredWord="Peritoneal dialysis solution (product)" semType="phsu"/><RxNorm RxCui="1432003"/></Normalization></entity><entity charOffset="12:19" id="Dailymed.a3d05b02-d7ea-4e8f-90b0-d6cd9cd169c8.s.2.e.1" text="calcium" type="Biomedical_Entity"><Normalization><mmtx cui="C0006675" phraseText="Dianeal Low Calcium peritoneal dialysis solutions" preferredWord="Calcium" semType="bacs, phsu, elii"/><RxNorm RxCui="1895"/></Normalization></entity><pair ddi="false" e1="Dailymed.a3d05b02-d7ea-4e8f-90b0-d6cd9cd169c8.s.2.e.1" e2="Dailymed.a3d05b02-d7ea-4e8f-90b0-d6cd9cd169c8.s.2.e.0"/></sentence><sentence id="Dailymed.a3d05b02-d7ea-4e8f-90b0-d6cd9cd169c8.s.15" text="Dianeal Low Calcium peritoneal dialysis solutions in UltraBag containers are indicated for use in chronic renal failure patients being maintained on continuous ambulatory peritoneal dialysis when nondialytic medical therapy is judged to be inadequate." type="negative"><entity charOffset="20:49" id="Dailymed.a3d05b02-d7ea-4e8f-90b0-d6cd9cd169c8.s.15.e.0" text="peritoneal dialysis solutions" type="Biomedical_Entity"><Normalization><mmtx cui="C0353714" phraseText="Dianeal Low Calcium peritoneal dialysis solutions in UltraBag containers" preferredWord="Peritoneal dialysis solution (product)" semType="phsu"/><RxNorm RxCui="1432003"/></Normalization></entity><entity charOffset="12:19" id="Dailymed.a3d05b02-d7ea-4e8f-90b0-d6cd9cd169c8.s.15.e.1" text="calcium" type="Biomedical_Entity"><Normalization><mmtx cui="C2936886" phraseText="Dianeal Low Calcium peritoneal dialysis solutions in UltraBag containers" preferredWord="Calcium [EPC]" semType="phsu"/><RxNorm RxCui="1895"/></Normalization></entity><pair ddi="false" e1="Dailymed.a3d05b02-d7ea-4e8f-90b0-d6cd9cd169c8.s.15.e.1" e2="Dailymed.a3d05b02-d7ea-4e8f-90b0-d6cd9cd169c8.s.15.e.0"/></sentence><sentence id="Dailymed.a3d05b02-d7ea-4e8f-90b0-d6cd9cd169c8.s.21" text="Significant losses of protein, amino acids and water soluble vitamins may occur during peritoneal dialysis. " type="negative"><entity charOffset="31:42" id="Dailymed.a3d05b02-d7ea-4e8f-90b0-d6cd9cd169c8.s.21.e.0" text="amino acids" type="Biomedical_Entity"><Normalization><mmtx cui="C0002520" phraseText="amino acids" preferredWord="Amino Acids" semType="bacs, phsu, aapp"/><RxNorm RxCui="658"/></Normalization></entity><entity charOffset="47:69" id="Dailymed.a3d05b02-d7ea-4e8f-90b0-d6cd9cd169c8.s.21.e.1" text="water soluble vitamins" type="Biomedical_Entity"><Normalization><mmtx cui="C0259754" phraseText="water soluble vitamins" preferredWord="Water soluble vitamin product" semType="phsu, orch, vita"/><RxNorm RxCui="11295"/></Normalization></entity><pair ddi="false" e1="Dailymed.a3d05b02-d7ea-4e8f-90b0-d6cd9cd169c8.s.21.e.0" e2="Dailymed.a3d05b02-d7ea-4e8f-90b0-d6cd9cd169c8.s.21.e.1"/></sentence><sentence biomedicalEntities="3" id="Dailymed.a3d05b02-d7ea-4e8f-90b0-d6cd9cd169c8.s.24" lineNumber="24" text="For example, rapid potassium removal may create arrhythmias in cardiac patients using digitalis or similar drugs, digitalis toxicity may be masked by elevated potassium or magnesium, or by hypocalcemia. " type="irregular"><entity charOffset="48:59" id="Dailymed.a3d05b02-d7ea-4e8f-90b0-d6cd9cd169c8.s.24.e.0" text="arrhythmias" type="Specific_Interaction"/><entity charOffset="86:95" id="Dailymed.a3d05b02-d7ea-4e8f-90b0-d6cd9cd169c8.s.24.e.2" text="digitalis" type="Drug"><Normalization><mmtx cui="C0304520" phraseText="digitalis" preferredWord="Digitalis preparation" semType="phsu, carb"/><RxNorm RxCui="91235"/></Normalization></entity><entity charOffset="63:79" id="Dailymed.a3d05b02-d7ea-4e8f-90b0-d6cd9cd169c8.s.24.e.3" text="cardiac patients" type="SPAN"/><entity charOffset="99:112" id="Dailymed.a3d05b02-d7ea-4e8f-90b0-d6cd9cd169c8.s.24.e.4" text="similar drugs" type="Drug_Class"><Normalization><mmtx cui="C0013227" phraseText="similar drugs," preferredWord="Pharmaceutical Preparations" semType="phsu"/><RxNorm RxCui="1430732"/></Normalization></entity><entity charOffset="124:132" id="Dailymed.a3d05b02-d7ea-4e8f-90b0-d6cd9cd169c8.s.24.e.5" text="toxicity" type="Increase_Interaction"/><entity charOffset="114:123" id="Dailymed.a3d05b02-d7ea-4e8f-90b0-d6cd9cd169c8.s.24.e.7" text="digitalis" type="Drug"><Normalization><mmtx cui="C0304520" phraseText="digitalis toxicity" preferredWord="Digitalis preparation" semType="phsu, carb"/><RxNorm RxCui="91235"/></Normalization></entity><entity charOffset="189:201" id="Dailymed.a3d05b02-d7ea-4e8f-90b0-d6cd9cd169c8.s.24.e.8" text="hypocalcemia" type="Specific_Interaction"/><entity charOffset="150:168" id="Dailymed.a3d05b02-d7ea-4e8f-90b0-d6cd9cd169c8.s.24.e.10" text="elevated potassium" type="Specific_Interaction"/><entity charOffset="150:158|172:181" id="Dailymed.a3d05b02-d7ea-4e8f-90b0-d6cd9cd169c8.s.24.e.12" text="elevated magnesium" type="Specific_Interaction"/><drugInteraction id="Dailymed.a3d05b02-d7ea-4e8f-90b0-d6cd9cd169c8.s.24.ddi.1"><interaction trigger="Dailymed.a3d05b02-d7ea-4e8f-90b0-d6cd9cd169c8.s.24.e.0"><relations><relation type="hasContext"><entity id="Dailymed.a3d05b02-d7ea-4e8f-90b0-d6cd9cd169c8.s.24.e.3"/></relation><relation type="hasObject"><ellipsisSentence id="Dailymed.a3d05b02-d7ea-4e8f-90b0-d6cd9cd169c8.s.23" text="When prescribing the solution to be used for an individual patient, consideration should be given to the potential interaction between the dialysis treatment and therapy directed at other existing illnesses. "><entity charOffset="139:157" id="Dailymed.a3d05b02-d7ea-4e8f-90b0-d6cd9cd169c8.s.23.e.0" text="dialysis treatment" type="Expression"/></ellipsisSentence></relation><relation type="hasPrecipitant"><entity id="Dailymed.a3d05b02-d7ea-4e8f-90b0-d6cd9cd169c8.s.24.e.4"/></relation><relation type="hasPrecipitant"><entity id="Dailymed.a3d05b02-d7ea-4e8f-90b0-d6cd9cd169c8.s.24.e.2"/></relation></relations></interaction></drugInteraction><drugInteraction id="Dailymed.a3d05b02-d7ea-4e8f-90b0-d6cd9cd169c8.s.24.ddi.2"><interaction trigger="Dailymed.a3d05b02-d7ea-4e8f-90b0-d6cd9cd169c8.s.24.e.5"><relations><relation type="hasPrecipitant"><ellipsisSentence id="Dailymed.a3d05b02-d7ea-4e8f-90b0-d6cd9cd169c8.s.23" text="When prescribing the solution to be used for an individual patient, consideration should be given to the potential interaction between the dialysis treatment and therapy directed at other existing illnesses. "><entity charOffset="139:157" id="Dailymed.a3d05b02-d7ea-4e8f-90b0-d6cd9cd169c8.s.23.e.0" text="dialysis treatment" type="Expression"/></ellipsisSentence></relation><relation type="hasObject"><entity id="Dailymed.a3d05b02-d7ea-4e8f-90b0-d6cd9cd169c8.s.24.e.7"/></relation></relations></interaction></drugInteraction><drugInteraction id="Dailymed.a3d05b02-d7ea-4e8f-90b0-d6cd9cd169c8.s.24.ddi.3"><interaction trigger="Dailymed.a3d05b02-d7ea-4e8f-90b0-d6cd9cd169c8.s.24.e.8"><relations><relation type="hasPrecipitant"><entity id="Dailymed.a3d05b02-d7ea-4e8f-90b0-d6cd9cd169c8.s.24.e.7"/></relation><relation type="hasObject"><ellipsisSentence id="Dailymed.a3d05b02-d7ea-4e8f-90b0-d6cd9cd169c8.s.23" text="When prescribing the solution to be used for an individual patient, consideration should be given to the potential interaction between the dialysis treatment and therapy directed at other existing illnesses. "><entity charOffset="139:157" id="Dailymed.a3d05b02-d7ea-4e8f-90b0-d6cd9cd169c8.s.23.e.0" text="dialysis treatment" type="Expression"/></ellipsisSentence></relation></relations></interaction></drugInteraction><drugInteraction id="Dailymed.a3d05b02-d7ea-4e8f-90b0-d6cd9cd169c8.s.24.ddi.4"><interaction trigger="Dailymed.a3d05b02-d7ea-4e8f-90b0-d6cd9cd169c8.s.24.e.10"><relations><relation type="hasPrecipitant"><entity id="Dailymed.a3d05b02-d7ea-4e8f-90b0-d6cd9cd169c8.s.24.e.7"/></relation><relation type="hasObject"><ellipsisSentence id="Dailymed.a3d05b02-d7ea-4e8f-90b0-d6cd9cd169c8.s.23" text="When prescribing the solution to be used for an individual patient, consideration should be given to the potential interaction between the dialysis treatment and therapy directed at other existing illnesses. "><entity charOffset="139:157" id="Dailymed.a3d05b02-d7ea-4e8f-90b0-d6cd9cd169c8.s.23.e.0" text="dialysis treatment" type="Expression"/></ellipsisSentence></relation></relations></interaction></drugInteraction><drugInteraction id="Dailymed.a3d05b02-d7ea-4e8f-90b0-d6cd9cd169c8.s.24.ddi.5"><interaction trigger="Dailymed.a3d05b02-d7ea-4e8f-90b0-d6cd9cd169c8.s.24.e.12"><relations><relation type="hasPrecipitant"><entity id="Dailymed.a3d05b02-d7ea-4e8f-90b0-d6cd9cd169c8.s.24.e.7"/></relation><relation type="hasObject"><ellipsisSentence id="Dailymed.a3d05b02-d7ea-4e8f-90b0-d6cd9cd169c8.s.23" text="When prescribing the solution to be used for an individual patient, consideration should be given to the potential interaction between the dialysis treatment and therapy directed at other existing illnesses. "><entity charOffset="139:157" id="Dailymed.a3d05b02-d7ea-4e8f-90b0-d6cd9cd169c8.s.23.e.0" text="dialysis treatment" type="Expression"/></ellipsisSentence></relation></relations></interaction></drugInteraction><pair ddi="false" e1="Dailymed.a3d05b02-d7ea-4e8f-90b0-d6cd9cd169c8.s.24.e.2" e2="Dailymed.a3d05b02-d7ea-4e8f-90b0-d6cd9cd169c8.s.24.e.4"/><pair ddi="true" e1="labelDrug" e2="Dailymed.a3d05b02-d7ea-4e8f-90b0-d6cd9cd169c8.s.24.e.4"/><pair ddi="true" e1="labelDrug" e2="Dailymed.a3d05b02-d7ea-4e8f-90b0-d6cd9cd169c8.s.24.e.2"/></sentence><sentence biomedicalEntities="1" id="Dailymed.a3d05b02-d7ea-4e8f-90b0-d6cd9cd169c8.s.25" lineNumber="24" text="Correction of electrolytes by dialysis may precipitate signs and symptoms of digitalis excess. " type="irregular"><anaphoraRelation><antecedentSentence ID="Dailymed.a3d05b02-d7ea-4e8f-90b0-d6cd9cd169c8.s.15" Text="Dianeal Low Calcium peritoneal dialysis solutions in UltraBag containers are indicated for use in chronic renal failure patients being maintained on continuous ambulatory peritoneal dialysis when nondialytic medical therapy is judged to be inadequate."/><anaphoraEntity charOffset="30:38" id="Dailymed.a3d05b02-d7ea-4e8f-90b0-d6cd9cd169c8.s.25.e.3" text="dialysis" type="Expression"/><antecedentEntity charOffset="0:72" id="Dailymed.a3d05b02-d7ea-4e8f-90b0-d6cd9cd169c8.s.15.e.0" text="Dianeal Low Calcium peritoneal dialysis solutions in UltraBag containers" type="Substance"/></anaphoraRelation><entity charOffset="77:86" id="Dailymed.a3d05b02-d7ea-4e8f-90b0-d6cd9cd169c8.s.25.e.0" text="digitalis" type="Drug"><Normalization><mmtx cui="C0304520" phraseText="symptoms of digitalis excess." preferredWord="Digitalis preparation" semType="phsu, carb"/><RxNorm RxCui="91235"/></Normalization></entity><entity charOffset="87:93" id="Dailymed.a3d05b02-d7ea-4e8f-90b0-d6cd9cd169c8.s.25.e.1" text="excess" type="Increase_Interaction"/><drugInteraction id="Dailymed.a3d05b02-d7ea-4e8f-90b0-d6cd9cd169c8.s.25.ddi.1"><interaction trigger="Dailymed.a3d05b02-d7ea-4e8f-90b0-d6cd9cd169c8.s.25.e.1"><relations><relation type="hasObject"><entity id="Dailymed.a3d05b02-d7ea-4e8f-90b0-d6cd9cd169c8.s.25.e.0"/></relation><relation type="hasPrecipitant"><entity id="Dailymed.a3d05b02-d7ea-4e8f-90b0-d6cd9cd169c8.s.25.e.3"/></relation></relations></interaction></drugInteraction><pair ddi="true" e1="Dailymed.a3d05b02-d7ea-4e8f-90b0-d6cd9cd169c8.s.25.e.3" e2="Dailymed.a3d05b02-d7ea-4e8f-90b0-d6cd9cd169c8.s.25.e.0" trigger="Dailymed.a3d05b02-d7ea-4e8f-90b0-d6cd9cd169c8.s.25.e.1" type="Increase_Interaction"/></sentence><sentence biomedicalEntities="1" id="Dailymed.a3d05b02-d7ea-4e8f-90b0-d6cd9cd169c8.s.26" lineNumber="24" text="Conversely, toxicity may occur at suboptimal dosages of digitalis if potassium is low or calcium high. " type="irregular"><entity charOffset="12:20" id="Dailymed.a3d05b02-d7ea-4e8f-90b0-d6cd9cd169c8.s.26.e.0" text="toxicity" type="Increase_Interaction"/><entity charOffset="56:65" id="Dailymed.a3d05b02-d7ea-4e8f-90b0-d6cd9cd169c8.s.26.e.2" text="digitalis" type="Drug"><Normalization><mmtx cui="C0304520" phraseText="occur at suboptimal dosages of digitalis" preferredWord="Digitalis preparation" semType="phsu, carb"/><RxNorm RxCui="91235"/></Normalization></entity><entity charOffset="69:85" id="Dailymed.a3d05b02-d7ea-4e8f-90b0-d6cd9cd169c8.s.26.e.3" text="potassium is low" type="SPAN"/><entity charOffset="89:101" id="Dailymed.a3d05b02-d7ea-4e8f-90b0-d6cd9cd169c8.s.26.e.4" text="calcium high" type="SPAN"/><drugInteraction id="Dailymed.a3d05b02-d7ea-4e8f-90b0-d6cd9cd169c8.s.26.ddi.1"><interaction trigger="Dailymed.a3d05b02-d7ea-4e8f-90b0-d6cd9cd169c8.s.26.e.0"><relations><relation type="hasContext"><entity id="Dailymed.a3d05b02-d7ea-4e8f-90b0-d6cd9cd169c8.s.26.e.4"/></relation><relation type="hasContext"><entity id="Dailymed.a3d05b02-d7ea-4e8f-90b0-d6cd9cd169c8.s.26.e.3"/></relation><relation type="hasObject"><entity id="Dailymed.a3d05b02-d7ea-4e8f-90b0-d6cd9cd169c8.s.26.e.2"/></relation><relation type="hasPrecipitant"><ellipsisSentence id="Dailymed.a3d05b02-d7ea-4e8f-90b0-d6cd9cd169c8.s.25" text="Correction of electrolytes by dialysis may precipitate signs and symptoms of digitalis excess. "><entity id="Dailymed.a3d05b02-d7ea-4e8f-90b0-d6cd9cd169c8.s.25.e.3"/></ellipsisSentence></relation></relations></interaction></drugInteraction></sentence><sentence biomedicalEntities="2" id="Dailymed.a3d05b02-d7ea-4e8f-90b0-d6cd9cd169c8.s.27" lineNumber="24" text="Azotemic diabetics require careful monitoring of insulin requirements during and following dialysis with dextrose containing solutions." type="regular"><entity charOffset="49:56" id="Dailymed.a3d05b02-d7ea-4e8f-90b0-d6cd9cd169c8.s.27.e.0" text="insulin" type="Drug"><Normalization><mmtx cui="C0021641" phraseText="careful monitoring of insulin requirements" preferredWord="Insulin" semType="phsu, aapp, horm"/><mmtx cui="C1533581" phraseText="careful monitoring of insulin requirements" preferredWord="Recombinant Insulin" semType="phsu, aapp, horm"/><mmtx cui="C1579433" phraseText="careful monitoring of insulin requirements" preferredWord="Insulin [EPC]" semType="phsu"/><RxNorm RxCui="5856"/></Normalization></entity><entity charOffset="105:134" id="Dailymed.a3d05b02-d7ea-4e8f-90b0-d6cd9cd169c8.s.27.e.1" text="dextrose containing solutions" type="Substance"><Normalization><mmtx cui="C0011947" phraseText="dialysis with dextrose containing solutions." preferredWord="Dialysis Solutions" semType="phsu"/><mmtx cui="C0017725" phraseText="dialysis with dextrose containing solutions." preferredWord="Glucose" semType="bacs, phsu, carb"/><RxNorm RxCui="4850"/></Normalization></entity><entity charOffset="35:45" id="Dailymed.a3d05b02-d7ea-4e8f-90b0-d6cd9cd169c8.s.27.e.2" text="monitoring" type="Caution_Interaction"/><entity charOffset="0:18" id="Dailymed.a3d05b02-d7ea-4e8f-90b0-d6cd9cd169c8.s.27.e.4" text="Azotemic diabetics" type="SPAN"/><drugInteraction id="Dailymed.a3d05b02-d7ea-4e8f-90b0-d6cd9cd169c8.s.27.ddi.1"><interaction trigger="Dailymed.a3d05b02-d7ea-4e8f-90b0-d6cd9cd169c8.s.27.e.2"><relations><relation type="hasObject"><entity id="Dailymed.a3d05b02-d7ea-4e8f-90b0-d6cd9cd169c8.s.27.e.1"/></relation><relation type="hasPrecipitant"><entity id="Dailymed.a3d05b02-d7ea-4e8f-90b0-d6cd9cd169c8.s.27.e.0"/></relation><relation type="hasContext"><entity id="Dailymed.a3d05b02-d7ea-4e8f-90b0-d6cd9cd169c8.s.27.e.4"/></relation></relations></interaction></drugInteraction><pair context="Dailymed.a3d05b02-d7ea-4e8f-90b0-d6cd9cd169c8.s.27.e.4" ddi="true" e1="Dailymed.a3d05b02-d7ea-4e8f-90b0-d6cd9cd169c8.s.27.e.0" e2="Dailymed.a3d05b02-d7ea-4e8f-90b0-d6cd9cd169c8.s.27.e.1" trigger="Dailymed.a3d05b02-d7ea-4e8f-90b0-d6cd9cd169c8.s.27.e.2" type="Caution_Interaction"/></sentence><sentence id="Dailymed.a3d05b02-d7ea-4e8f-90b0-d6cd9cd169c8.s.28" text="Serum electrolytes, magnesium, bicarbonate levels and fluid balance should be periodically monitored." type="negative"><entity charOffset="6:18" id="Dailymed.a3d05b02-d7ea-4e8f-90b0-d6cd9cd169c8.s.28.e.0" text="electrolytes" type="Biomedical_Entity"><Normalization><mmtx cui="C0013832" phraseText="Serum electrolytes," preferredWord="Electrolytes" semType="inch, phsu"/><RxNorm RxCui="3793"/></Normalization></entity><entity charOffset="31:42" id="Dailymed.a3d05b02-d7ea-4e8f-90b0-d6cd9cd169c8.s.28.e.1" text="bicarbonate" type="Biomedical_Entity"><Normalization><mmtx cui="C2722820" phraseText="bicarbonate levels" preferredWord="Bicarbonate preparation" semType="phsu, orch"/><RxNorm RxCui="1527"/></Normalization></entity><pair ddi="false" e1="Dailymed.a3d05b02-d7ea-4e8f-90b0-d6cd9cd169c8.s.28.e.0" e2="Dailymed.a3d05b02-d7ea-4e8f-90b0-d6cd9cd169c8.s.28.e.1"/></sentence><sentence id="Dailymed.a3d05b02-d7ea-4e8f-90b0-d6cd9cd169c8.s.30" text="Animal reproduction studies have not been conducted with Dianeal Low Calcium peritoneal dialysis solution. " type="negative"><entity charOffset="69:76" id="Dailymed.a3d05b02-d7ea-4e8f-90b0-d6cd9cd169c8.s.30.e.0" text="calcium" type="Biomedical_Entity"><Normalization><mmtx cui="C0006675" phraseText="conducted with Dianeal Low Calcium peritoneal dialysis solution." preferredWord="Calcium" semType="bacs, phsu, elii"/><RxNorm RxCui="1895"/></Normalization></entity><entity charOffset="77:105" id="Dailymed.a3d05b02-d7ea-4e8f-90b0-d6cd9cd169c8.s.30.e.1" text="peritoneal dialysis solution" type="Biomedical_Entity"><Normalization><mmtx cui="C0353714" phraseText="conducted with Dianeal Low Calcium peritoneal dialysis solution." preferredWord="Peritoneal dialysis solution (product)" semType="phsu"/><RxNorm RxCui="1432003"/></Normalization></entity><pair ddi="false" e1="Dailymed.a3d05b02-d7ea-4e8f-90b0-d6cd9cd169c8.s.30.e.0" e2="Dailymed.a3d05b02-d7ea-4e8f-90b0-d6cd9cd169c8.s.30.e.1"/></sentence><sentence id="Dailymed.a3d05b02-d7ea-4e8f-90b0-d6cd9cd169c8.s.31" text="It is also not known whether Dianeal Low Calcium peritoneal dialysis solution can cause fetal harm when administered to a pregnant woman or can affect reproduction capacity. " type="negative"><entity charOffset="49:77" id="Dailymed.a3d05b02-d7ea-4e8f-90b0-d6cd9cd169c8.s.31.e.0" text="peritoneal dialysis solution" type="Biomedical_Entity"><Normalization><mmtx cui="C0353714" phraseText="Dianeal Low Calcium peritoneal dialysis solution" preferredWord="Peritoneal dialysis solution (product)" semType="phsu"/><RxNorm RxCui="1432003"/></Normalization></entity><entity charOffset="41:48" id="Dailymed.a3d05b02-d7ea-4e8f-90b0-d6cd9cd169c8.s.31.e.1" text="calcium" type="Biomedical_Entity"><Normalization><mmtx cui="C0006675" phraseText="Dianeal Low Calcium peritoneal dialysis solution" preferredWord="Calcium" semType="bacs, phsu, elii"/><RxNorm RxCui="1895"/></Normalization></entity><pair ddi="false" e1="Dailymed.a3d05b02-d7ea-4e8f-90b0-d6cd9cd169c8.s.31.e.1" e2="Dailymed.a3d05b02-d7ea-4e8f-90b0-d6cd9cd169c8.s.31.e.0"/></sentence><sentence id="Dailymed.a3d05b02-d7ea-4e8f-90b0-d6cd9cd169c8.s.32" text="Dianeal Low Calcium peritoneal dialysis solution should be given to a pregnant woman only if clearly needed." type="negative"><entity charOffset="20:48" id="Dailymed.a3d05b02-d7ea-4e8f-90b0-d6cd9cd169c8.s.32.e.0" text="peritoneal dialysis solution" type="Biomedical_Entity"><Normalization><mmtx cui="C0353714" phraseText="Dianeal Low Calcium peritoneal dialysis solution" preferredWord="Peritoneal dialysis solution (product)" semType="phsu"/><RxNorm RxCui="1432003"/></Normalization></entity><entity charOffset="12:19" id="Dailymed.a3d05b02-d7ea-4e8f-90b0-d6cd9cd169c8.s.32.e.1" text="calcium" type="Biomedical_Entity"><Normalization><mmtx cui="C0006675" phraseText="Dianeal Low Calcium peritoneal dialysis solution" preferredWord="Calcium" semType="bacs, phsu, elii"/><RxNorm RxCui="1895"/></Normalization></entity><pair ddi="false" e1="Dailymed.a3d05b02-d7ea-4e8f-90b0-d6cd9cd169c8.s.32.e.1" e2="Dailymed.a3d05b02-d7ea-4e8f-90b0-d6cd9cd169c8.s.32.e.0"/></sentence><sentence id="Dailymed.a3d05b02-d7ea-4e8f-90b0-d6cd9cd169c8.s.33" text="Caution should be exercised when Dianeal Low Calcium peritoneal dialysis solution is administered to a nursing woman." type="negative"><entity charOffset="53:81" id="Dailymed.a3d05b02-d7ea-4e8f-90b0-d6cd9cd169c8.s.33.e.0" text="peritoneal dialysis solution" type="Biomedical_Entity"><Normalization><mmtx cui="C0353714" phraseText="Dianeal Low Calcium peritoneal dialysis solution" preferredWord="Peritoneal dialysis solution (product)" semType="phsu"/><RxNorm RxCui="1432003"/></Normalization></entity><entity charOffset="45:52" id="Dailymed.a3d05b02-d7ea-4e8f-90b0-d6cd9cd169c8.s.33.e.1" text="calcium" type="Biomedical_Entity"><Normalization><mmtx cui="C0006675" phraseText="Dianeal Low Calcium peritoneal dialysis solution" preferredWord="Calcium" semType="bacs, phsu, elii"/><RxNorm RxCui="1895"/></Normalization></entity><pair ddi="false" e1="Dailymed.a3d05b02-d7ea-4e8f-90b0-d6cd9cd169c8.s.33.e.1" e2="Dailymed.a3d05b02-d7ea-4e8f-90b0-d6cd9cd169c8.s.33.e.0"/></sentence><sentence id="Dailymed.a3d05b02-d7ea-4e8f-90b0-d6cd9cd169c8.s.42" text="Heating the dialysis solution to 37 C (98.6 F) may decrease discomfort." type="negative"><entity charOffset="44:45" id="Dailymed.a3d05b02-d7ea-4e8f-90b0-d6cd9cd169c8.s.42.e.0" text="f" type="Biomedical_Entity"><Normalization><mmtx cui="C0016327" phraseText="the dialysis solution to 37 C (98.6 F)" preferredWord="Fluorides" semType="inch, phsu"/><RxNorm RxCui="999736"/></Normalization></entity><entity charOffset="12:29" id="Dailymed.a3d05b02-d7ea-4e8f-90b0-d6cd9cd169c8.s.42.e.1" text="dialysis solution" type="Biomedical_Entity"><Normalization><mmtx cui="C0011947" phraseText="the dialysis solution to 37 C (98.6 F)" preferredWord="Dialysis Solutions" semType="phsu"/><RxNorm RxCui="619675"/></Normalization></entity><pair ddi="false" e1="Dailymed.a3d05b02-d7ea-4e8f-90b0-d6cd9cd169c8.s.42.e.1" e2="Dailymed.a3d05b02-d7ea-4e8f-90b0-d6cd9cd169c8.s.42.e.0"/></sentence><sentence id="Dailymed.a3d05b02-d7ea-4e8f-90b0-d6cd9cd169c8.s.50" text="The majority of exchanges will utilize 1.5% or 2.5% dextrose containing peritoneal dialysis solutions, with 4.25% dextrose containing solutions being used when extra fluid removal is required. " type="negative"><entity charOffset="114:143" id="Dailymed.a3d05b02-d7ea-4e8f-90b0-d6cd9cd169c8.s.50.e.0" text="dextrose solutions" type="Biomedical_Entity"><Normalization><mmtx cui="C1165603" phraseText="with 4.25% dextrose containing solutions" preferredWord="DEXTROSE SOLUTION" semType="phsu, orch"/><RxNorm RxCui="4850"/></Normalization></entity><entity charOffset="52:60" id="Dailymed.a3d05b02-d7ea-4e8f-90b0-d6cd9cd169c8.s.50.e.1" text="dextrose" type="Biomedical_Entity"><Normalization><mmtx cui="C0017725" phraseText="2.5% dextrose" preferredWord="Glucose" semType="bacs, phsu, carb"/><RxNorm RxCui="4850"/></Normalization></entity><entity charOffset="72:101" id="Dailymed.a3d05b02-d7ea-4e8f-90b0-d6cd9cd169c8.s.50.e.2" text="peritoneal dialysis solutions" type="Biomedical_Entity"><Normalization><mmtx cui="C0353714" phraseText="peritoneal dialysis solutions," preferredWord="Peritoneal dialysis solution (product)" semType="phsu"/><RxNorm RxCui="1432003"/></Normalization></entity><pair ddi="false" e1="Dailymed.a3d05b02-d7ea-4e8f-90b0-d6cd9cd169c8.s.50.e.1" e2="Dailymed.a3d05b02-d7ea-4e8f-90b0-d6cd9cd169c8.s.50.e.0"/><pair ddi="false" e1="Dailymed.a3d05b02-d7ea-4e8f-90b0-d6cd9cd169c8.s.50.e.2" e2="Dailymed.a3d05b02-d7ea-4e8f-90b0-d6cd9cd169c8.s.50.e.0"/><pair ddi="false" e1="Dailymed.a3d05b02-d7ea-4e8f-90b0-d6cd9cd169c8.s.50.e.1" e2="Dailymed.a3d05b02-d7ea-4e8f-90b0-d6cd9cd169c8.s.50.e.2"/></sentence><positiveExamples number="4"/><negativeExamples number="13"/></document>