<?xml version="1.0" encoding="UTF-8" standalone="no"?><document setID="a4d548f5-fa96-4824-9679-dd6d12746119"><labelDrug name="NeoProfen"><Normalization><mmtx cui="C1712051" preferredWord="Neoprofen" semType="phsu, orch"/></Normalization></labelDrug><generic name="ibuprofen lysine"/><sentence id="Dailymed.a4d548f5-fa96-4824-9679-dd6d12746119.s.1" text="Drug Label for drug brand NeoProfen, containing ibuprofen lysine." type="negative"><entity charOffset="26:35" id="Dailymed.a4d548f5-fa96-4824-9679-dd6d12746119.s.1.e.0" text="neoprofen" type="Biomedical_Entity"><Normalization><mmtx cui="C1712051" phraseText="Drug Label for drug brand NeoProfen," preferredWord="Neoprofen" semType="phsu, orch"/><RxNorm RxCui="637194"/></Normalization></entity><entity charOffset="0:19" id="Dailymed.a4d548f5-fa96-4824-9679-dd6d12746119.s.1.e.1" text="drug drug" type="Biomedical_Entity"><Normalization><mmtx cui="C0013231" phraseText="Drug Label for drug brand NeoProfen," preferredWord="Drugs, Non-Prescription" semType="phsu"/><RxNorm RxCui="NA"/></Normalization></entity><entity charOffset="48:64" id="Dailymed.a4d548f5-fa96-4824-9679-dd6d12746119.s.1.e.2" text="ibuprofen lysine" type="Biomedical_Entity"><Normalization><mmtx cui="C0074814" phraseText="ibuprofen lysine." preferredWord="solufenum" semType="phsu, orch"/><RxNorm RxCui="5640"/></Normalization></entity><pair ddi="false" e1="Dailymed.a4d548f5-fa96-4824-9679-dd6d12746119.s.1.e.1" e2="Dailymed.a4d548f5-fa96-4824-9679-dd6d12746119.s.1.e.0"/><pair ddi="false" e1="Dailymed.a4d548f5-fa96-4824-9679-dd6d12746119.s.1.e.0" e2="Dailymed.a4d548f5-fa96-4824-9679-dd6d12746119.s.1.e.2"/><pair ddi="false" e1="Dailymed.a4d548f5-fa96-4824-9679-dd6d12746119.s.1.e.1" e2="Dailymed.a4d548f5-fa96-4824-9679-dd6d12746119.s.1.e.2"/></sentence><sentence id="Dailymed.a4d548f5-fa96-4824-9679-dd6d12746119.s.24" text="There are no long-term evaluations of the infants treated with ibuprofen at durations greater than the 36 weeks post-conceptual age observation period. " type="negative"><entity charOffset="76:85" id="Dailymed.a4d548f5-fa96-4824-9679-dd6d12746119.s.24.e.0" text="durations" type="Biomedical_Entity"><Normalization><mmtx cui="C2926735" phraseText="at durations" preferredWord="Duration" semType="phsu"/><RxNorm RxCui="1001007"/></Normalization></entity><entity charOffset="63:72" id="Dailymed.a4d548f5-fa96-4824-9679-dd6d12746119.s.24.e.1" text="ibuprofen" type="Biomedical_Entity"><Normalization><mmtx cui="C0020740" phraseText="treated with ibuprofen" preferredWord="Ibuprofen" semType="phsu, orch"/><RxNorm RxCui="5640"/></Normalization></entity><pair ddi="false" e1="Dailymed.a4d548f5-fa96-4824-9679-dd6d12746119.s.24.e.1" e2="Dailymed.a4d548f5-fa96-4824-9679-dd6d12746119.s.24.e.0"/></sentence><sentence id="Dailymed.a4d548f5-fa96-4824-9679-dd6d12746119.s.30" text="NeoProfen, like other non-steroidal anti-inflammatory agents, can inhibit platelet aggregation. " type="negative"><entity charOffset="0:9" id="Dailymed.a4d548f5-fa96-4824-9679-dd6d12746119.s.30.e.0" text="neoprofen" type="Biomedical_Entity"><Normalization><mmtx cui="C1712051" phraseText="NeoProfen," preferredWord="Neoprofen" semType="phsu, orch"/><RxNorm RxCui="637194"/></Normalization></entity><entity charOffset="22:60" id="Dailymed.a4d548f5-fa96-4824-9679-dd6d12746119.s.30.e.1" text="non-steroidal anti-inflammatory agents" type="Biomedical_Entity"><Normalization><mmtx cui="C0003211" phraseText="like other non-steroidal anti-inflammatory agents," preferredWord="Anti-Inflammatory Agents, Non-Steroidal" semType="phsu"/><RxNorm RxCui="1005832"/></Normalization></entity><pair ddi="false" e1="Dailymed.a4d548f5-fa96-4824-9679-dd6d12746119.s.30.e.0" e2="Dailymed.a4d548f5-fa96-4824-9679-dd6d12746119.s.30.e.1"/></sentence><positiveExamples number="0"/><negativeExamples number="5"/></document>