<?xml version="1.0" encoding="UTF-8" standalone="no"?><document setID="afbefaff-97c4-4f84-b989-1595f882a885"><labelDrug name="Microzide"><Normalization><mmtx cui="C0721720" preferredWord="Microzide" semType="phsu, orch"/></Normalization></labelDrug><generic name="Hydrochlorothiazide"/><sentence id="Dailymed.afbefaff-97c4-4f84-b989-1595f882a885.s.1" text="Drug Label for drug brand Microzide, containing Hydrochlorothiazide." type="negative"><entity charOffset="48:67" id="Dailymed.afbefaff-97c4-4f84-b989-1595f882a885.s.1.e.0" text="hydrochlorothiazide" type="Biomedical_Entity"><Normalization><mmtx cui="C0020261" phraseText="Hydrochlorothiazide." preferredWord="Hydrochlorothiazide" semType="phsu, orch"/><RxNorm RxCui="5487"/></Normalization></entity><entity charOffset="26:35" id="Dailymed.afbefaff-97c4-4f84-b989-1595f882a885.s.1.e.1" text="microzide" type="Biomedical_Entity"><Normalization><mmtx cui="C0721720" phraseText="Drug Label for drug brand Microzide," preferredWord="Microzide" semType="phsu, orch"/><RxNorm RxCui="218369"/></Normalization></entity><entity charOffset="0:19" id="Dailymed.afbefaff-97c4-4f84-b989-1595f882a885.s.1.e.2" text="drug drug" type="Biomedical_Entity"><Normalization><mmtx cui="C0013231" phraseText="Drug Label for drug brand Microzide," preferredWord="Drugs, Non-Prescription" semType="phsu"/><RxNorm RxCui="NA"/></Normalization></entity><pair ddi="false" e1="Dailymed.afbefaff-97c4-4f84-b989-1595f882a885.s.1.e.1" e2="Dailymed.afbefaff-97c4-4f84-b989-1595f882a885.s.1.e.0"/><pair ddi="false" e1="Dailymed.afbefaff-97c4-4f84-b989-1595f882a885.s.1.e.2" e2="Dailymed.afbefaff-97c4-4f84-b989-1595f882a885.s.1.e.0"/><pair ddi="false" e1="Dailymed.afbefaff-97c4-4f84-b989-1595f882a885.s.1.e.2" e2="Dailymed.afbefaff-97c4-4f84-b989-1595f882a885.s.1.e.1"/></sentence><sentence id="Dailymed.afbefaff-97c4-4f84-b989-1595f882a885.s.3" text="&lt;main&gt;MICROZIDE (hydrochlorothiazide, USP) Capsules 12.5 mg is the 3,4-dihydro derivative of chlorothiazide. " type="negative"><entity charOffset="6:15" id="Dailymed.afbefaff-97c4-4f84-b989-1595f882a885.s.3.e.0" text="microzide" type="Biomedical_Entity"><Normalization><mmtx cui="C0721720" phraseText="&gt;MICROZIDE" preferredWord="Microzide" semType="phsu, orch"/><RxNorm RxCui="218369"/></Normalization></entity><entity charOffset="17:36" id="Dailymed.afbefaff-97c4-4f84-b989-1595f882a885.s.3.e.1" text="hydrochlorothiazide" type="Biomedical_Entity"><Normalization><mmtx cui="C0020261" phraseText="(hydrochlorothiazide," preferredWord="Hydrochlorothiazide" semType="phsu, orch"/><RxNorm RxCui="5487"/></Normalization></entity><entity charOffset="93:107" id="Dailymed.afbefaff-97c4-4f84-b989-1595f882a885.s.3.e.2" text="chlorothiazide" type="Biomedical_Entity"><Normalization><mmtx cui="C0008273" phraseText="4-dihydro derivative of chlorothiazide." preferredWord="Chlorothiazide" semType="phsu, orch"/><RxNorm RxCui="2396"/></Normalization></entity><pair ddi="false" e1="Dailymed.afbefaff-97c4-4f84-b989-1595f882a885.s.3.e.0" e2="Dailymed.afbefaff-97c4-4f84-b989-1595f882a885.s.3.e.1"/><pair ddi="false" e1="Dailymed.afbefaff-97c4-4f84-b989-1595f882a885.s.3.e.0" e2="Dailymed.afbefaff-97c4-4f84-b989-1595f882a885.s.3.e.2"/><pair ddi="false" e1="Dailymed.afbefaff-97c4-4f84-b989-1595f882a885.s.3.e.1" e2="Dailymed.afbefaff-97c4-4f84-b989-1595f882a885.s.3.e.2"/></sentence><sentence id="Dailymed.afbefaff-97c4-4f84-b989-1595f882a885.s.4" text="Its chemical name is 6-chloro-3,4-dihydro-2H -1,2,4-benzothiadiazine-7-sulfonamide 1,1-dioxide. " type="negative"><entity charOffset="52:68" id="Dailymed.afbefaff-97c4-4f84-b989-1595f882a885.s.4.e.0" text="benzothiadiazine" type="Biomedical_Entity"><Normalization><mmtx cui="C0541746" phraseText="4-benzothiadiazine-7-sulfonamide 1," preferredWord="Thiazides" semType="phsu, orch"/><RxNorm RxCui="1414"/></Normalization></entity><entity charOffset="71:82" id="Dailymed.afbefaff-97c4-4f84-b989-1595f882a885.s.4.e.1" text="sulfonamide" type="Biomedical_Entity"><Normalization><mmtx cui="C0599503" phraseText="4-benzothiadiazine-7-sulfonamide 1," preferredWord="Sulfonamide Anti-Infective Agents" semType="orch, antb"/><RxNorm RxCui="1427600"/></Normalization></entity><entity charOffset="87:94" id="Dailymed.afbefaff-97c4-4f84-b989-1595f882a885.s.4.e.2" text="dioxide" type="Biomedical_Entity"><Normalization><mmtx cui="C0678717" phraseText="1-dioxide." preferredWord="dioxide" semType="inch, phsu"/><RxNorm RxCui="29263"/></Normalization></entity><pair ddi="false" e1="Dailymed.afbefaff-97c4-4f84-b989-1595f882a885.s.4.e.0" e2="Dailymed.afbefaff-97c4-4f84-b989-1595f882a885.s.4.e.1"/><pair ddi="false" e1="Dailymed.afbefaff-97c4-4f84-b989-1595f882a885.s.4.e.0" e2="Dailymed.afbefaff-97c4-4f84-b989-1595f882a885.s.4.e.2"/><pair ddi="false" e1="Dailymed.afbefaff-97c4-4f84-b989-1595f882a885.s.4.e.1" e2="Dailymed.afbefaff-97c4-4f84-b989-1595f882a885.s.4.e.2"/></sentence><sentence id="Dailymed.afbefaff-97c4-4f84-b989-1595f882a885.s.8" text="&lt;item&gt;Inactive ingredients: colloidal silicon dioxide, corn starch, lactose monohydrate, magnesium stearate. " type="negative"><entity charOffset="89:107" id="Dailymed.afbefaff-97c4-4f84-b989-1595f882a885.s.8.e.0" text="magnesium stearate" type="Biomedical_Entity"><Normalization><mmtx cui="C0126791" phraseText="magnesium stearate." preferredWord="Magnesium stearate" semType="phsu, lipd"/><RxNorm RxCui="6574"/></Normalization></entity><entity charOffset="68:87" id="Dailymed.afbefaff-97c4-4f84-b989-1595f882a885.s.8.e.1" text="lactose monohydrate" type="Biomedical_Entity"><Normalization><mmtx cui="C1658042" phraseText="lactose monohydrate," preferredWord="Lactose Monohydrate" semType="phsu, orch"/><RxNorm RxCui="6211"/></Normalization></entity><entity charOffset="55:66" id="Dailymed.afbefaff-97c4-4f84-b989-1595f882a885.s.8.e.2" text="corn starch" type="Biomedical_Entity"><Normalization><mmtx cui="C1384515" phraseText="corn starch," preferredWord="cornstarch" semType="phsu, carb"/><RxNorm RxCui="892547"/></Normalization></entity><entity charOffset="28:53" id="Dailymed.afbefaff-97c4-4f84-b989-1595f882a885.s.8.e.3" text="colloidal silicon dioxide" type="Biomedical_Entity"><Normalization><mmtx cui="C0982384" phraseText="colloidal silicon dioxide," preferredWord="silicon dioxide, colloidal" semType="inch, phsu, bodm"/><RxNorm RxCui="221082"/></Normalization></entity><pair ddi="false" e1="Dailymed.afbefaff-97c4-4f84-b989-1595f882a885.s.8.e.1" e2="Dailymed.afbefaff-97c4-4f84-b989-1595f882a885.s.8.e.0"/><pair ddi="false" e1="Dailymed.afbefaff-97c4-4f84-b989-1595f882a885.s.8.e.2" e2="Dailymed.afbefaff-97c4-4f84-b989-1595f882a885.s.8.e.0"/><pair ddi="false" e1="Dailymed.afbefaff-97c4-4f84-b989-1595f882a885.s.8.e.3" e2="Dailymed.afbefaff-97c4-4f84-b989-1595f882a885.s.8.e.0"/><pair ddi="false" e1="Dailymed.afbefaff-97c4-4f84-b989-1595f882a885.s.8.e.2" e2="Dailymed.afbefaff-97c4-4f84-b989-1595f882a885.s.8.e.1"/><pair ddi="false" e1="Dailymed.afbefaff-97c4-4f84-b989-1595f882a885.s.8.e.3" e2="Dailymed.afbefaff-97c4-4f84-b989-1595f882a885.s.8.e.1"/><pair ddi="false" e1="Dailymed.afbefaff-97c4-4f84-b989-1595f882a885.s.8.e.3" e2="Dailymed.afbefaff-97c4-4f84-b989-1595f882a885.s.8.e.2"/></sentence><sentence id="Dailymed.afbefaff-97c4-4f84-b989-1595f882a885.s.12" text="1, gelatin, titanium dioxide. " type="negative"><entity charOffset="3:10" id="Dailymed.afbefaff-97c4-4f84-b989-1595f882a885.s.12.e.0" text="gelatin" type="Biomedical_Entity"><Normalization><mmtx cui="C0017237" phraseText="gelatin," preferredWord="Gelatins" semType="phsu, aapp, bodm"/><RxNorm RxCui="4716"/></Normalization></entity><entity charOffset="12:28" id="Dailymed.afbefaff-97c4-4f84-b989-1595f882a885.s.12.e.1" text="titanium dioxide" type="Biomedical_Entity"><Normalization><mmtx cui="C0076733" phraseText="titanium dioxide." preferredWord="titanium dioxide" semType="inch, phsu"/><RxNorm RxCui="1305547"/></Normalization></entity><pair ddi="false" e1="Dailymed.afbefaff-97c4-4f84-b989-1595f882a885.s.12.e.0" e2="Dailymed.afbefaff-97c4-4f84-b989-1595f882a885.s.12.e.1"/></sentence><sentence id="Dailymed.afbefaff-97c4-4f84-b989-1595f882a885.s.23" text="Acute Myopia and Secondary Angle-Closure Glaucoma: Hydrochlorothiazide, a sulfonamide, can cause an idiosyncratic reaction, resulting in acute transient myopia and acute angle-closure glaucoma. " type="negative"><entity charOffset="74:85" id="Dailymed.afbefaff-97c4-4f84-b989-1595f882a885.s.23.e.0" text="sulfonamide" type="Biomedical_Entity"><Normalization><mmtx cui="C3536763" phraseText="a sulfonamide," preferredWord="Sulfonamide [EPC]" semType="phsu"/><RxNorm RxCui="1427600"/></Normalization></entity><entity charOffset="51:70" id="Dailymed.afbefaff-97c4-4f84-b989-1595f882a885.s.23.e.1" text="hydrochlorothiazide" type="Biomedical_Entity"><Normalization><mmtx cui="C0020261" phraseText="Hydrochlorothiazide," preferredWord="Hydrochlorothiazide" semType="phsu, orch"/><RxNorm RxCui="5487"/></Normalization></entity><pair ddi="false" e1="Dailymed.afbefaff-97c4-4f84-b989-1595f882a885.s.23.e.1" e2="Dailymed.afbefaff-97c4-4f84-b989-1595f882a885.s.23.e.0"/></sentence><sentence biomedicalEntities="2" id="Dailymed.afbefaff-97c4-4f84-b989-1595f882a885.s.29" lineNumber="20" text="Diabetes and Hypoglycemia: Latent diabetes mellitus may become manifest and diabetic patients given thiazides may require adjustment of their insulin dose." type="regular"><entity charOffset="100:109" id="Dailymed.afbefaff-97c4-4f84-b989-1595f882a885.s.29.e.0" text="thiazides" type="Drug_Class"><Normalization><mmtx cui="C0541746" phraseText="thiazides" preferredWord="Thiazides" semType="phsu, orch"/><RxNorm RxCui="141801"/></Normalization></entity><entity charOffset="142:149" id="Dailymed.afbefaff-97c4-4f84-b989-1595f882a885.s.29.e.1" text="insulin" type="Drug"><Normalization><mmtx cui="C0021641" phraseText="adjustment of their insulin dose." preferredWord="Insulin" semType="phsu, aapp, horm"/><mmtx cui="C1533581" phraseText="adjustment of their insulin dose." preferredWord="Recombinant Insulin" semType="phsu, aapp, horm"/><mmtx cui="C1579433" phraseText="adjustment of their insulin dose." preferredWord="Insulin [EPC]" semType="phsu"/><RxNorm RxCui="5856"/></Normalization></entity><entity charOffset="76:93" id="Dailymed.afbefaff-97c4-4f84-b989-1595f882a885.s.29.e.2" text="diabetic patients" type="SPAN"/><entity charOffset="122:135|150:154" id="Dailymed.afbefaff-97c4-4f84-b989-1595f882a885.s.29.e.3" text="adjustment of dose" type="Caution_Interaction"/><drugInteraction id="Dailymed.afbefaff-97c4-4f84-b989-1595f882a885.s.29.ddi.1"><interaction trigger="Dailymed.afbefaff-97c4-4f84-b989-1595f882a885.s.29.e.3"><relations><relation type="hasContext"><entity id="Dailymed.afbefaff-97c4-4f84-b989-1595f882a885.s.29.e.2"/></relation><relation type="hasPrecipitant"><entity id="Dailymed.afbefaff-97c4-4f84-b989-1595f882a885.s.29.e.1"/></relation><relation type="hasObject"><entity id="Dailymed.afbefaff-97c4-4f84-b989-1595f882a885.s.29.e.0"/></relation></relations></interaction></drugInteraction><pair context="Dailymed.afbefaff-97c4-4f84-b989-1595f882a885.s.29.e.2" ddi="true" e1="Dailymed.afbefaff-97c4-4f84-b989-1595f882a885.s.29.e.0" e2="Dailymed.afbefaff-97c4-4f84-b989-1595f882a885.s.29.e.1" trigger="Dailymed.afbefaff-97c4-4f84-b989-1595f882a885.s.29.e.3" type="Caution_Interaction"/></sentence><sentence id="Dailymed.afbefaff-97c4-4f84-b989-1595f882a885.s.33" text="Electrolyte and Fluid Balance Status: In published studies, clinically significant hypokalemia has been consistently less common in patients who received 12.5 mg of hydrochlorothiazide than in patients who received higher doses. " type="negative"><entity charOffset="154:184" id="Dailymed.afbefaff-97c4-4f84-b989-1595f882a885.s.33.e.0" text="12.5 mg hydrochlorothiazide" type="Biomedical_Entity"><Normalization><mmtx cui="C0986524" phraseText="12.5 mg of hydrochlorothiazide" preferredWord="Hydrochlorothiazide 12.5 MG" semType="clnd"/><RxNorm RxCui="NA"/></Normalization></entity><entity charOffset="0:11" id="Dailymed.afbefaff-97c4-4f84-b989-1595f882a885.s.33.e.1" text="electrolyte" type="Biomedical_Entity"><Normalization><mmtx cui="C3536863" phraseText="Electrolyte" preferredWord="Electrolyte [EPC]" semType="phsu"/><RxNorm RxCui="3793"/></Normalization></entity><pair ddi="false" e1="Dailymed.afbefaff-97c4-4f84-b989-1595f882a885.s.33.e.1" e2="Dailymed.afbefaff-97c4-4f84-b989-1595f882a885.s.33.e.0"/></sentence><sentence biomedicalEntities="2" id="Dailymed.afbefaff-97c4-4f84-b989-1595f882a885.s.37" lineNumber="27" text="Hypokalemia may develop, especially with brisk diuresis when severe cirrhosis is present, during concomitant use of corticosteroid or adrenocorticotropic hormone (ACTH) or after prolonged therapy. " type="irregular"><entity charOffset="0:11" id="Dailymed.afbefaff-97c4-4f84-b989-1595f882a885.s.37.e.0" text="Hypokalemia" type="Specific_Interaction"/><entity charOffset="116:130" id="Dailymed.afbefaff-97c4-4f84-b989-1595f882a885.s.37.e.2" text="corticosteroid" type="Drug_Class"><Normalization><mmtx cui="C0001617" phraseText="of corticosteroid" preferredWord="Adrenal Cortex Hormones" semType="strd, phsu, horm"/><mmtx cui="C3536709" phraseText="of corticosteroid" preferredWord="Corticosteroid [EPC]" semType="phsu"/><RxNorm RxCui="1427675"/></Normalization></entity><entity charOffset="134:168" id="Dailymed.afbefaff-97c4-4f84-b989-1595f882a885.s.37.e.3" text="adrenocorticotropic hormone (ACTH)" type="Drug"><Normalization><mmtx cui="C0001655" phraseText="adrenocorticotropic hormone (ACTH)" preferredWord="Corticotropin" semType="phsu, aapp, horm, nsba"/><mmtx cui="C1523997" phraseText="adrenocorticotropic hormone (ACTH)" preferredWord="Recombinant Corticotropin" semType="phsu, aapp, horm"/><mmtx cui="C2825093" phraseText="adrenocorticotropic hormone (ACTH)" preferredWord="Adrenocorticotropic Hormone [EPC]" semType="phsu"/><RxNorm RxCui="376"/></Normalization></entity><entity charOffset="47:55" id="Dailymed.afbefaff-97c4-4f84-b989-1595f882a885.s.37.e.4" text="diuresis" type="Specific_Interaction"/><entity charOffset="61:77" id="Dailymed.afbefaff-97c4-4f84-b989-1595f882a885.s.37.e.6" text="severe cirrhosis" type="SPAN"><Normalization><mmtx cui="C0023890" phraseText="severe cirrhosis" preferredWord="Liver Cirrhosis" semType="dsyn"/><mmtx cui="C1623038" phraseText="severe cirrhosis" preferredWord="Cirrhosis" semType="dsyn"/></Normalization></entity><drugInteraction id="Dailymed.afbefaff-97c4-4f84-b989-1595f882a885.s.37.ddi.1"><interaction trigger="Dailymed.afbefaff-97c4-4f84-b989-1595f882a885.s.37.e.0"><relations><relation type="hasPrecipitant"><entity id="Dailymed.afbefaff-97c4-4f84-b989-1595f882a885.s.37.e.2"/></relation><relation type="hasPrecipitant"><entity id="Dailymed.afbefaff-97c4-4f84-b989-1595f882a885.s.37.e.3"/></relation><relation type="hasObject"><labelDrug text="Microzide"/><normalization><mmtx><preferredWord>Microzide</preferredWord><phraseText>MICROZIDE</phraseText><cuiCode>C0721720</cuiCode><semType>phsu</semType><semType>orch</semType></mmtx></normalization></relation></relations></interaction></drugInteraction><drugInteraction id="Dailymed.afbefaff-97c4-4f84-b989-1595f882a885.s.37.ddi.2"><interaction trigger="Dailymed.afbefaff-97c4-4f84-b989-1595f882a885.s.37.e.4"><relations><relation type="hasPrecipitant"><entity id="Dailymed.afbefaff-97c4-4f84-b989-1595f882a885.s.37.e.2"/></relation><relation type="hasPrecipitant"><entity id="Dailymed.afbefaff-97c4-4f84-b989-1595f882a885.s.37.e.3"/></relation><relation type="hasContext"><entity id="Dailymed.afbefaff-97c4-4f84-b989-1595f882a885.s.37.e.6"/></relation><relation type="hasObject"><labelDrug text="Microzide"/><normalization><mmtx><preferredWord>Microzide</preferredWord><phraseText>MICROZIDE</phraseText><cuiCode>C0721720</cuiCode><semType>phsu</semType><semType>orch</semType></mmtx></normalization></relation></relations></interaction></drugInteraction><pair ddi="false" e1="Dailymed.afbefaff-97c4-4f84-b989-1595f882a885.s.37.e.2" e2="Dailymed.afbefaff-97c4-4f84-b989-1595f882a885.s.37.e.3"/><pair ddi="true" e1="labelDrug" e2="Dailymed.afbefaff-97c4-4f84-b989-1595f882a885.s.37.e.2"/><pair ddi="true" e1="labelDrug" e2="Dailymed.afbefaff-97c4-4f84-b989-1595f882a885.s.37.e.3"/></sentence><sentence id="Dailymed.afbefaff-97c4-4f84-b989-1595f882a885.s.40" text="Hypokalemia may be avoided or treated by potassium supplementation or increased intake of potassium rich foods." type="negative"><entity charOffset="90:99" id="Dailymed.afbefaff-97c4-4f84-b989-1595f882a885.s.40.e.0" text="potassium" type="Biomedical_Entity"><Normalization><mmtx cui="C0597277" phraseText="increased intake of potassium rich foods." preferredWord="Potassium Ion" semType="phsu, elii"/><RxNorm RxCui="8588"/></Normalization></entity><entity charOffset="41:66" id="Dailymed.afbefaff-97c4-4f84-b989-1595f882a885.s.40.e.1" text="potassium supplementation" type="Biomedical_Entity"><Normalization><mmtx cui="C0561938" phraseText="treated by potassium supplementation" preferredWord="Potassium supplementation" semType="phsu"/><RxNorm RxCui="8588"/></Normalization></entity><pair ddi="false" e1="Dailymed.afbefaff-97c4-4f84-b989-1595f882a885.s.40.e.1" e2="Dailymed.afbefaff-97c4-4f84-b989-1595f882a885.s.40.e.0"/></sentence><sentence id="Dailymed.afbefaff-97c4-4f84-b989-1595f882a885.s.46" text="Parathyroid Disease: Calcium excretion is decreased by thiazides, and pathologic changes in the parathyroid glands, with hypercalcemia and hypophosphatemia, have been observed in a few patients on prolonged thiazide therapy." type="negative"><entity charOffset="207:215" id="Dailymed.afbefaff-97c4-4f84-b989-1595f882a885.s.46.e.0" text="thiazide" type="Biomedical_Entity"><Normalization><mmtx cui="C0541746" phraseText="on prolonged thiazide therapy." preferredWord="Thiazides" semType="phsu, orch"/><RxNorm RxCui="141801"/></Normalization></entity><entity charOffset="21:28" id="Dailymed.afbefaff-97c4-4f84-b989-1595f882a885.s.46.e.1" text="calcium" type="Biomedical_Entity"><Normalization><mmtx cui="C2936886" phraseText="Calcium excretion" preferredWord="Calcium [EPC]" semType="phsu"/><RxNorm RxCui="1895"/></Normalization></entity><entity charOffset="55:64" id="Dailymed.afbefaff-97c4-4f84-b989-1595f882a885.s.46.e.2" text="thiazides" type="Biomedical_Entity"><Normalization><mmtx cui="C0541746" phraseText="decreased by thiazides," preferredWord="Thiazides" semType="phsu, orch"/><RxNorm RxCui="141801"/></Normalization></entity><pair ddi="false" e1="Dailymed.afbefaff-97c4-4f84-b989-1595f882a885.s.46.e.1" e2="Dailymed.afbefaff-97c4-4f84-b989-1595f882a885.s.46.e.0"/><pair ddi="false" e1="Dailymed.afbefaff-97c4-4f84-b989-1595f882a885.s.46.e.1" e2="Dailymed.afbefaff-97c4-4f84-b989-1595f882a885.s.46.e.2"/></sentence><sentence biomedicalEntities="3" id="Dailymed.afbefaff-97c4-4f84-b989-1595f882a885.s.48" lineNumber="33" text="Alcohol, barbiturates, or narcotics - potentiation of orthostatic hypotension may occur." type="irregular"><entity charOffset="0:7" id="Dailymed.afbefaff-97c4-4f84-b989-1595f882a885.s.48.e.0" text="Alcohol" type="Substance"><Normalization><mmtx cui="C0001975" phraseText="Alcohol," preferredWord="Alcohols" semType="phsu, orch"/><RxNorm RxCui="448"/></Normalization></entity><entity charOffset="9:21" id="Dailymed.afbefaff-97c4-4f84-b989-1595f882a885.s.48.e.1" text="barbiturates" type="Drug_Class"><Normalization><mmtx cui="C0004745" phraseText="barbiturates," preferredWord="Barbiturates" semType="phsu, orch"/><RxNorm RxCui="1437144"/></Normalization></entity><entity charOffset="26:35" id="Dailymed.afbefaff-97c4-4f84-b989-1595f882a885.s.48.e.2" text="narcotics" type="Drug_Class"><Normalization><mmtx cui="C0027415" phraseText="narcotics - potentiation of orthostatic hypotension" preferredWord="Narcotics" semType="phsu, hops"/><RxNorm RxCui="992359"/></Normalization></entity><entity charOffset="38:77" id="Dailymed.afbefaff-97c4-4f84-b989-1595f882a885.s.48.e.3" text="potentiation of orthostatic hypotension" type="Specific_Interaction"><Normalization><mmtx cui="C0149746" phraseText="narcotics - potentiation of orthostatic hypotension" preferredWord="Orthostasis" semType="sosy"/></Normalization></entity><drugInteraction id="Dailymed.afbefaff-97c4-4f84-b989-1595f882a885.s.48.ddi.1"><interaction trigger="Dailymed.afbefaff-97c4-4f84-b989-1595f882a885.s.48.e.3"><relations><relation type="hasObject"><ellipsisSentence id="Dailymed.afbefaff-97c4-4f84-b989-1595f882a885.s.47" text="Drug Interactions : When given concurrently the following drugs may interact with thiazide diuretics:"><entity charOffset="82:100" id="Dailymed.afbefaff-97c4-4f84-b989-1595f882a885.s.47.e.0" text="thiazide diuretics" type="Drug_Class"><Normalization><mmtx cui="C0012802" phraseText="interact with thiazide diuretics" preferredWord="Thiazide Diuretics" semType="phsu, orch"/></Normalization></entity></ellipsisSentence></relation><relation type="hasPrecipitant"><entity id="Dailymed.afbefaff-97c4-4f84-b989-1595f882a885.s.48.e.2"/></relation><relation type="hasPrecipitant"><entity id="Dailymed.afbefaff-97c4-4f84-b989-1595f882a885.s.48.e.0"/></relation><relation type="hasPrecipitant"><entity id="Dailymed.afbefaff-97c4-4f84-b989-1595f882a885.s.48.e.1"/></relation></relations></interaction></drugInteraction><pair ddi="false" e1="Dailymed.afbefaff-97c4-4f84-b989-1595f882a885.s.48.e.0" e2="Dailymed.afbefaff-97c4-4f84-b989-1595f882a885.s.48.e.2"/><pair ddi="false" e1="Dailymed.afbefaff-97c4-4f84-b989-1595f882a885.s.48.e.1" e2="Dailymed.afbefaff-97c4-4f84-b989-1595f882a885.s.48.e.2"/><pair ddi="false" e1="Dailymed.afbefaff-97c4-4f84-b989-1595f882a885.s.48.e.0" e2="Dailymed.afbefaff-97c4-4f84-b989-1595f882a885.s.48.e.1"/><pair ddi="true" e1="labelDrug" e2="Dailymed.afbefaff-97c4-4f84-b989-1595f882a885.s.48.e.2"/><pair ddi="true" e1="labelDrug" e2="Dailymed.afbefaff-97c4-4f84-b989-1595f882a885.s.48.e.0"/><pair ddi="true" e1="labelDrug" e2="Dailymed.afbefaff-97c4-4f84-b989-1595f882a885.s.48.e.1"/></sentence><sentence biomedicalEntities="2" id="Dailymed.afbefaff-97c4-4f84-b989-1595f882a885.s.49" lineNumber="34" text="Antidiabetic drugs - (oral agents and insulin) dosage adjustment of the antidiabetic drug may be required." type="irregular"><anaphoraRelation><anaphoraEntity charOffset="72:89" id="Dailymed.afbefaff-97c4-4f84-b989-1595f882a885.s.49.e.4" text="antidiabetic drug" type="Expression"/><antecedentEntity charOffset="0-33" id="Dailymed.afbefaff-97c4-4f84-b989-1595f882a885.s.49.e.0" text="Antidiabetic drugs oral agents" type="Drug_Class"/></anaphoraRelation><anaphoraRelation><anaphoraEntity charOffset="72:89" id="Dailymed.afbefaff-97c4-4f84-b989-1595f882a885.s.49.e.4" text="antidiabetic drug" type="Expression"/><antecedentEntity charOffset="38-45" id="Dailymed.afbefaff-97c4-4f84-b989-1595f882a885.s.49.e.1" text="insulin" type="Drug"/></anaphoraRelation><entity charOffset="0:18|22:33" id="Dailymed.afbefaff-97c4-4f84-b989-1595f882a885.s.49.e.0" text="Antidiabetic drugs oral agents" type="Drug_Class"><Normalization><mmtx cui="C0935929" phraseText="Antidiabetic drugs -" preferredWord="Antidiabetics" semType="phsu"/><mmtx cui="C1254351" phraseText="(oral agents" preferredWord="Pharmacologic Substance" semType="phsu"/><RxNorm RxCui="282360"/></Normalization></entity><entity charOffset="38:45" id="Dailymed.afbefaff-97c4-4f84-b989-1595f882a885.s.49.e.1" text="insulin" type="Drug"><Normalization><mmtx cui="C0021641" phraseText="insulin" preferredWord="Insulin" semType="phsu, aapp, horm"/><mmtx cui="C1533581" phraseText="insulin" preferredWord="Recombinant Insulin" semType="phsu, aapp, horm"/><mmtx cui="C1579433" phraseText="insulin" preferredWord="Insulin [EPC]" semType="phsu"/><RxNorm RxCui="5856"/></Normalization></entity><entity charOffset="47:64" id="Dailymed.afbefaff-97c4-4f84-b989-1595f882a885.s.49.e.2" text="dosage adjustment" type="Caution_Interaction"/><drugInteraction id="Dailymed.afbefaff-97c4-4f84-b989-1595f882a885.s.49.ddi.1"><interaction trigger="Dailymed.afbefaff-97c4-4f84-b989-1595f882a885.s.49.e.2"><relations><relation type="hasObject"><ellipsisSentence id="Dailymed.afbefaff-97c4-4f84-b989-1595f882a885.s.47" text="Drug Interactions : When given concurrently the following drugs may interact with thiazide diuretics:"><entity charOffset="82:100" id="Dailymed.afbefaff-97c4-4f84-b989-1595f882a885.s.47.e.0" text="thiazide diuretics" type="Drug_Class"><Normalization><mmtx cui="C0012802" phraseText="interact with thiazide diuretics" preferredWord="Thiazide Diuretics" semType="phsu, orch"/></Normalization></entity></ellipsisSentence><middleSentence id="Dailymed.afbefaff-97c4-4f84-b989-1595f882a885.s.48" text="Alcohol, barbiturates, or narcotics - potentiation of orthostatic hypotension may occur."/></relation><relation type="hasPrecipitant"><entity id="Dailymed.afbefaff-97c4-4f84-b989-1595f882a885.s.49.e.1"/></relation><relation type="hasPrecipitant"><entity id="Dailymed.afbefaff-97c4-4f84-b989-1595f882a885.s.49.e.0"/></relation></relations></interaction></drugInteraction><pair ddi="false" e1="Dailymed.afbefaff-97c4-4f84-b989-1595f882a885.s.49.e.0" e2="Dailymed.afbefaff-97c4-4f84-b989-1595f882a885.s.49.e.1"/><pair ddi="true" e1="labelDrug" e2="Dailymed.afbefaff-97c4-4f84-b989-1595f882a885.s.49.e.1"/><pair ddi="true" e1="labelDrug" e2="Dailymed.afbefaff-97c4-4f84-b989-1595f882a885.s.49.e.0"/></sentence><sentence biomedicalEntities="1" id="Dailymed.afbefaff-97c4-4f84-b989-1595f882a885.s.50" lineNumber="35" text="Other antihypertensive drugs - additive effect or potentiation." type="irregular"><entity charOffset="6:28" id="Dailymed.afbefaff-97c4-4f84-b989-1595f882a885.s.50.e.0" text="antihypertensive drugs" type="Drug_Class"><Normalization><mmtx cui="C0003364" phraseText="Other antihypertensive drugs - additive effect" preferredWord="Antihypertensive Agents" semType="phsu"/><RxNorm RxCui="968"/></Normalization></entity><entity charOffset="31:62" id="Dailymed.afbefaff-97c4-4f84-b989-1595f882a885.s.50.e.1" text="additive effect or potentiation" type="Increase_Interaction"/><drugInteraction id="Dailymed.afbefaff-97c4-4f84-b989-1595f882a885.s.50.ddi.1"><interaction trigger="Dailymed.afbefaff-97c4-4f84-b989-1595f882a885.s.50.e.1"><relations><relation type="hasObject"><ellipsisSentence id="Dailymed.afbefaff-97c4-4f84-b989-1595f882a885.s.47" text="Drug Interactions : When given concurrently the following drugs may interact with thiazide diuretics:"><entity charOffset="82:100" id="Dailymed.afbefaff-97c4-4f84-b989-1595f882a885.s.47.e.0" text="thiazide diuretics" type="Drug_Class"><Normalization><mmtx cui="C0012802" phraseText="interact with thiazide diuretics" preferredWord="Thiazide Diuretics" semType="phsu, orch"/></Normalization></entity></ellipsisSentence><middleSentence id="Dailymed.afbefaff-97c4-4f84-b989-1595f882a885.s.48" text="Alcohol, barbiturates, or narcotics - potentiation of orthostatic hypotension may occur."/><middleSentence id="Dailymed.afbefaff-97c4-4f84-b989-1595f882a885.s.49" text="Antidiabetic drugs - (oral agents and insulin) dosage adjustment of the antidiabetic drug may be required."/></relation><relation type="hasPrecipitant"><entity id="Dailymed.afbefaff-97c4-4f84-b989-1595f882a885.s.50.e.0"/></relation></relations></interaction></drugInteraction><pair ddi="true" e1="labelDrug" e2="Dailymed.afbefaff-97c4-4f84-b989-1595f882a885.s.50.e.0"/></sentence><sentence biomedicalEntities="3" id="Dailymed.afbefaff-97c4-4f84-b989-1595f882a885.s.51" lineNumber="36" text="Cholestyramine and colestipol resins - Cholestyramine and colestipol resins bind the hydrochlorothiazide and reduce its absorption from the gastrointestinal tract by up to 85 and 43 percent, respectively." type="regular"><anaphoraRelation><anaphoraEntity charOffset="116:119" id="Dailymed.afbefaff-97c4-4f84-b989-1595f882a885.s.51.e.4" text="its" type="Expression"/><antecedentEntity charOffset="85-104" id="Dailymed.afbefaff-97c4-4f84-b989-1595f882a885.s.51.e.5" text="hydrochlorothiazide" type="Drug"/></anaphoraRelation><entity charOffset="39:53" id="Dailymed.afbefaff-97c4-4f84-b989-1595f882a885.s.51.e.0" text="Cholestyramine" type="Drug"><Normalization><mmtx cui="C0008402" phraseText="colestipol resins - Cholestyramine" preferredWord="Cholestyramine Resin" semType="phsu, orch"/><RxNorm RxCui="2447"/></Normalization></entity><entity charOffset="58:75" id="Dailymed.afbefaff-97c4-4f84-b989-1595f882a885.s.51.e.1" text="colestipol resins" type="Drug_Class"><Normalization><mmtx cui="C0009279" phraseText="colestipol resins" preferredWord="Colestipol" semType="phsu, orch"/><RxNorm RxCui="104485"/></Normalization></entity><entity charOffset="109:115|120:162" id="Dailymed.afbefaff-97c4-4f84-b989-1595f882a885.s.51.e.2" text="reduce absorption from the gastrointestinal tract" type="Decrease_Interaction"/><entity charOffset="85:104" id="Dailymed.afbefaff-97c4-4f84-b989-1595f882a885.s.51.e.5" text="hydrochlorothiazide" type="Drug"><Normalization><mmtx cui="C0020261" phraseText="the hydrochlorothiazide" preferredWord="Hydrochlorothiazide" semType="phsu, orch"/><RxNorm RxCui="5487"/></Normalization></entity><drugInteraction id="Dailymed.afbefaff-97c4-4f84-b989-1595f882a885.s.51.ddi.1"><interaction trigger="Dailymed.afbefaff-97c4-4f84-b989-1595f882a885.s.51.e.2"><relations><relation type="hasPrecipitant"><entity id="Dailymed.afbefaff-97c4-4f84-b989-1595f882a885.s.51.e.0"/></relation><relation type="hasPrecipitant"><entity id="Dailymed.afbefaff-97c4-4f84-b989-1595f882a885.s.51.e.1"/></relation><relation type="hasObject"><entity id="Dailymed.afbefaff-97c4-4f84-b989-1595f882a885.s.51.e.4"/></relation></relations></interaction></drugInteraction><pair ddi="true" e1="Dailymed.afbefaff-97c4-4f84-b989-1595f882a885.s.51.e.0" e2="Dailymed.afbefaff-97c4-4f84-b989-1595f882a885.s.51.e.4" trigger="Dailymed.afbefaff-97c4-4f84-b989-1595f882a885.s.51.e.2" type="Decrease_Interaction"/><pair ddi="true" e1="Dailymed.afbefaff-97c4-4f84-b989-1595f882a885.s.51.e.1" e2="Dailymed.afbefaff-97c4-4f84-b989-1595f882a885.s.51.e.4" trigger="Dailymed.afbefaff-97c4-4f84-b989-1595f882a885.s.51.e.2" type="Decrease_Interaction"/><pair ddi="false" e1="Dailymed.afbefaff-97c4-4f84-b989-1595f882a885.s.51.e.0" e2="Dailymed.afbefaff-97c4-4f84-b989-1595f882a885.s.51.e.1"/></sentence><sentence biomedicalEntities="2" id="Dailymed.afbefaff-97c4-4f84-b989-1595f882a885.s.52" lineNumber="37" text="Corticosteroid, ACTH intensified electrolyte depletion, particularly hypokalemia." type="irregular"><entity charOffset="0:14" id="Dailymed.afbefaff-97c4-4f84-b989-1595f882a885.s.52.e.0" text="Corticosteroid" type="Drug_Class"><Normalization><mmtx cui="C0001617" phraseText="Corticosteroid," preferredWord="Adrenal Cortex Hormones" semType="strd, phsu, horm"/><mmtx cui="C3536709" phraseText="Corticosteroid," preferredWord="Corticosteroid [EPC]" semType="phsu"/><RxNorm RxCui="1427675"/></Normalization></entity><entity charOffset="16:20" id="Dailymed.afbefaff-97c4-4f84-b989-1595f882a885.s.52.e.1" text="ACTH" type="Drug"><Normalization><RxNorm RxCui="376"/></Normalization></entity><entity charOffset="33:54" id="Dailymed.afbefaff-97c4-4f84-b989-1595f882a885.s.52.e.2" text="electrolyte depletion" type="Specific_Interaction"/><entity charOffset="69:80" id="Dailymed.afbefaff-97c4-4f84-b989-1595f882a885.s.52.e.4" text="hypokalemia" type="Specific_Interaction"/><drugInteraction id="Dailymed.afbefaff-97c4-4f84-b989-1595f882a885.s.52.ddi.1"><interaction trigger="Dailymed.afbefaff-97c4-4f84-b989-1595f882a885.s.52.e.2"><relations><relation type="hasObject"><ellipsisSentence id="Dailymed.afbefaff-97c4-4f84-b989-1595f882a885.s.47" text="Drug Interactions : When given concurrently the following drugs may interact with thiazide diuretics:"><entity charOffset="82:100" id="Dailymed.afbefaff-97c4-4f84-b989-1595f882a885.s.47.e.0" text="thiazide diuretics" type="Drug_Class"><Normalization><mmtx cui="C0012802" phraseText="interact with thiazide diuretics" preferredWord="Thiazide Diuretics" semType="phsu, orch"/></Normalization></entity></ellipsisSentence><middleSentence id="Dailymed.afbefaff-97c4-4f84-b989-1595f882a885.s.48" text="Alcohol, barbiturates, or narcotics - potentiation of orthostatic hypotension may occur."/><middleSentence id="Dailymed.afbefaff-97c4-4f84-b989-1595f882a885.s.49" text="Antidiabetic drugs - (oral agents and insulin) dosage adjustment of the antidiabetic drug may be required."/><middleSentence id="Dailymed.afbefaff-97c4-4f84-b989-1595f882a885.s.50" text="Other antihypertensive drugs - additive effect or potentiation."/><middleSentence id="Dailymed.afbefaff-97c4-4f84-b989-1595f882a885.s.51" text="Cholestyramine and colestipol resins - Cholestyramine and colestipol resins bind the hydrochlorothiazide and reduce its absorption from the gastrointestinal tract by up to 85 and 43 percent, respectively."/></relation><relation type="hasPrecipitant"><entity id="Dailymed.afbefaff-97c4-4f84-b989-1595f882a885.s.52.e.0"/></relation><relation type="hasPrecipitant"><entity id="Dailymed.afbefaff-97c4-4f84-b989-1595f882a885.s.52.e.1"/></relation></relations></interaction></drugInteraction><drugInteraction id="Dailymed.afbefaff-97c4-4f84-b989-1595f882a885.s.52.ddi.2"><interaction trigger="Dailymed.afbefaff-97c4-4f84-b989-1595f882a885.s.52.e.4"><relations><relation type="hasObject"><ellipsisSentence id="Dailymed.afbefaff-97c4-4f84-b989-1595f882a885.s.47" text="Drug Interactions : When given concurrently the following drugs may interact with thiazide diuretics:"><entity charOffset="82:100" id="Dailymed.afbefaff-97c4-4f84-b989-1595f882a885.s.47.e.0" text="thiazide diuretics" type="Drug_Class"><Normalization><mmtx cui="C0012802" phraseText="interact with thiazide diuretics" preferredWord="Thiazide Diuretics" semType="phsu, orch"/></Normalization></entity></ellipsisSentence><middleSentence id="Dailymed.afbefaff-97c4-4f84-b989-1595f882a885.s.48" text="Alcohol, barbiturates, or narcotics - potentiation of orthostatic hypotension may occur."/><middleSentence id="Dailymed.afbefaff-97c4-4f84-b989-1595f882a885.s.49" text="Antidiabetic drugs - (oral agents and insulin) dosage adjustment of the antidiabetic drug may be required."/><middleSentence id="Dailymed.afbefaff-97c4-4f84-b989-1595f882a885.s.50" text="Other antihypertensive drugs - additive effect or potentiation."/><middleSentence id="Dailymed.afbefaff-97c4-4f84-b989-1595f882a885.s.51" text="Cholestyramine and colestipol resins - Cholestyramine and colestipol resins bind the hydrochlorothiazide and reduce its absorption from the gastrointestinal tract by up to 85 and 43 percent, respectively."/></relation><relation type="hasPrecipitant"><entity id="Dailymed.afbefaff-97c4-4f84-b989-1595f882a885.s.52.e.0"/></relation><relation type="hasPrecipitant"><entity id="Dailymed.afbefaff-97c4-4f84-b989-1595f882a885.s.52.e.1"/></relation></relations></interaction></drugInteraction><pair ddi="false" e1="Dailymed.afbefaff-97c4-4f84-b989-1595f882a885.s.52.e.0" e2="Dailymed.afbefaff-97c4-4f84-b989-1595f882a885.s.52.e.1"/><pair ddi="true" e1="labelDrug" e2="Dailymed.afbefaff-97c4-4f84-b989-1595f882a885.s.52.e.0"/><pair ddi="true" e1="labelDrug" e2="Dailymed.afbefaff-97c4-4f84-b989-1595f882a885.s.52.e.1"/></sentence><sentence biomedicalEntities="3" id="Dailymed.afbefaff-97c4-4f84-b989-1595f882a885.s.53" lineNumber="38" text="Pressor amines (e.g., norepinephrine) - possible decreased response to pressor amines but not sufficient to preclude their use." type="irregular"><entity charOffset="0:14" id="Dailymed.afbefaff-97c4-4f84-b989-1595f882a885.s.53.e.0" text="Pressor amines" type="Drug_Class"><Normalization><mmtx cui="C0237795" phraseText="Pressor amines" preferredWord="Pressors" semType="phsu"/><RxNorm RxCui="203344"/></Normalization></entity><entity charOffset="22:36" id="Dailymed.afbefaff-97c4-4f84-b989-1595f882a885.s.53.e.1" text="norepinephrine" type="Drug"><Normalization><mmtx cui="C0028351" phraseText="norepinephrine" preferredWord="Norepinephrine" semType="phsu, orch, nsba"/><RxNorm RxCui="7508"/></Normalization></entity><entity charOffset="49:67" id="Dailymed.afbefaff-97c4-4f84-b989-1595f882a885.s.53.e.3" text="decreased response" type="Decrease_Interaction"/><entity charOffset="71:85" id="Dailymed.afbefaff-97c4-4f84-b989-1595f882a885.s.53.e.5" text="pressor amines" type="Drug_Class"><Normalization><mmtx cui="C0237795" phraseText="possible decreased response to pressor amines" preferredWord="Pressors" semType="phsu"/><RxNorm RxCui="203344"/></Normalization></entity><drugClassMembership drug="Dailymed.afbefaff-97c4-4f84-b989-1595f882a885.s.53.e.1" drugClass="Dailymed.afbefaff-97c4-4f84-b989-1595f882a885.s.53.e.0"/><drugInteraction id="Dailymed.afbefaff-97c4-4f84-b989-1595f882a885.s.53.ddi.1"><interaction trigger="Dailymed.afbefaff-97c4-4f84-b989-1595f882a885.s.53.e.3"><relations><relation type="hasObject"><ellipsisSentence id="Dailymed.afbefaff-97c4-4f84-b989-1595f882a885.s.47" text="Drug Interactions : When given concurrently the following drugs may interact with thiazide diuretics:"><entity charOffset="82:100" id="Dailymed.afbefaff-97c4-4f84-b989-1595f882a885.s.47.e.0" text="thiazide diuretics" type="Drug_Class"><Normalization><mmtx cui="C0012802" phraseText="interact with thiazide diuretics" preferredWord="Thiazide Diuretics" semType="phsu, orch"/></Normalization></entity></ellipsisSentence><middleSentence id="Dailymed.afbefaff-97c4-4f84-b989-1595f882a885.s.48" text="Alcohol, barbiturates, or narcotics - potentiation of orthostatic hypotension may occur."/><middleSentence id="Dailymed.afbefaff-97c4-4f84-b989-1595f882a885.s.49" text="Antidiabetic drugs - (oral agents and insulin) dosage adjustment of the antidiabetic drug may be required."/><middleSentence id="Dailymed.afbefaff-97c4-4f84-b989-1595f882a885.s.50" text="Other antihypertensive drugs - additive effect or potentiation."/><middleSentence id="Dailymed.afbefaff-97c4-4f84-b989-1595f882a885.s.51" text="Cholestyramine and colestipol resins - Cholestyramine and colestipol resins bind the hydrochlorothiazide and reduce its absorption from the gastrointestinal tract by up to 85 and 43 percent, respectively."/><middleSentence id="Dailymed.afbefaff-97c4-4f84-b989-1595f882a885.s.52" text="Corticosteroid, ACTH intensified electrolyte depletion, particularly hypokalemia."/></relation><relation type="hasPrecipitant"><entity id="Dailymed.afbefaff-97c4-4f84-b989-1595f882a885.s.53.e.5"/></relation></relations></interaction></drugInteraction><pair ddi="true" e1="labelDrug" e2="Dailymed.afbefaff-97c4-4f84-b989-1595f882a885.s.53.e.5"/></sentence><sentence biomedicalEntities="3" id="Dailymed.afbefaff-97c4-4f84-b989-1595f882a885.s.54" lineNumber="39" text="Skeletal muscle relaxants, nondepolarizing (e.g., tubocurarine) - possible increased responsiveness to the muscle relaxant." type="irregular"><anaphoraRelation><anaphoraEntity charOffset="107:122" id="Dailymed.afbefaff-97c4-4f84-b989-1595f882a885.s.54.e.4" text="muscle relaxant" type="Expression"/><antecedentEntity charOffset="0-42" id="Dailymed.afbefaff-97c4-4f84-b989-1595f882a885.s.54.e.0" text="Skeletal muscle relaxants, nondepolarizing" type="Drug_Class"/></anaphoraRelation><entity charOffset="0:42" id="Dailymed.afbefaff-97c4-4f84-b989-1595f882a885.s.54.e.0" text="Skeletal muscle relaxants, nondepolarizing" type="Drug_Class"><Normalization><mmtx cui="C0037250" phraseText="Skeletal muscle relaxants," preferredWord="skeletal muscle relaxants" semType="phsu"/><RxNorm RxCui="1427638"/></Normalization></entity><entity charOffset="50:62" id="Dailymed.afbefaff-97c4-4f84-b989-1595f882a885.s.54.e.1" text="tubocurarine" type="Drug"><Normalization><mmtx cui="C0041345" phraseText="tubocurarine" preferredWord="Tubocurarine" semType="phsu, orch"/><RxNorm RxCui="82115"/></Normalization></entity><entity charOffset="107:122" id="Dailymed.afbefaff-97c4-4f84-b989-1595f882a885.s.54.e.3" text="muscle relaxant" type="Drug_Class"><Normalization><mmtx cui="C0358430" phraseText="possible increased responsiveness to the muscle relaxant." preferredWord="Muscle relaxants" semType="phsu"/><mmtx cui="C2911818" phraseText="possible increased responsiveness to the muscle relaxant." preferredWord="Muscle Relaxant [EPC]" semType="phsu"/><RxNorm RxCui="1023025"/></Normalization></entity><entity charOffset="75:99" id="Dailymed.afbefaff-97c4-4f84-b989-1595f882a885.s.54.e.6" text="increased responsiveness" type="Increase_Interaction"/><drugClassMembership drug="Dailymed.afbefaff-97c4-4f84-b989-1595f882a885.s.54.e.1" drugClass="Dailymed.afbefaff-97c4-4f84-b989-1595f882a885.s.54.e.0"/><drugInteraction id="Dailymed.afbefaff-97c4-4f84-b989-1595f882a885.s.54.ddi.1"><interaction trigger="Dailymed.afbefaff-97c4-4f84-b989-1595f882a885.s.54.e.6"><relations><relation type="hasObject"><ellipsisSentence id="Dailymed.afbefaff-97c4-4f84-b989-1595f882a885.s.47" text="Drug Interactions : When given concurrently the following drugs may interact with thiazide diuretics:"><entity charOffset="82:100" id="Dailymed.afbefaff-97c4-4f84-b989-1595f882a885.s.47.e.0" text="thiazide diuretics" type="Drug_Class"><Normalization><mmtx cui="C0012802" phraseText="interact with thiazide diuretics" preferredWord="Thiazide Diuretics" semType="phsu, orch"/></Normalization></entity></ellipsisSentence><middleSentence id="Dailymed.afbefaff-97c4-4f84-b989-1595f882a885.s.48" text="Alcohol, barbiturates, or narcotics - potentiation of orthostatic hypotension may occur."/><middleSentence id="Dailymed.afbefaff-97c4-4f84-b989-1595f882a885.s.49" text="Antidiabetic drugs - (oral agents and insulin) dosage adjustment of the antidiabetic drug may be required."/><middleSentence id="Dailymed.afbefaff-97c4-4f84-b989-1595f882a885.s.50" text="Other antihypertensive drugs - additive effect or potentiation."/><middleSentence id="Dailymed.afbefaff-97c4-4f84-b989-1595f882a885.s.51" text="Cholestyramine and colestipol resins - Cholestyramine and colestipol resins bind the hydrochlorothiazide and reduce its absorption from the gastrointestinal tract by up to 85 and 43 percent, respectively."/><middleSentence id="Dailymed.afbefaff-97c4-4f84-b989-1595f882a885.s.52" text="Corticosteroid, ACTH intensified electrolyte depletion, particularly hypokalemia."/><middleSentence id="Dailymed.afbefaff-97c4-4f84-b989-1595f882a885.s.53" text="Pressor amines (e.g., norepinephrine) - possible decreased response to pressor amines but not sufficient to preclude their use."/></relation><relation type="hasPrecipitant"><entity id="Dailymed.afbefaff-97c4-4f84-b989-1595f882a885.s.54.e.3"/></relation></relations></interaction></drugInteraction><pair ddi="true" e1="labelDrug" e2="Dailymed.afbefaff-97c4-4f84-b989-1595f882a885.s.54.e.3"/></sentence><sentence biomedicalEntities="2" id="Dailymed.afbefaff-97c4-4f84-b989-1595f882a885.s.55" lineNumber="40" text="Lithium - generally should not be given with diuretics. " type="regular"><entity charOffset="27:39" id="Dailymed.afbefaff-97c4-4f84-b989-1595f882a885.s.55.e.0" text="not be given" type="Caution_Interaction"/><entity charOffset="0:7" id="Dailymed.afbefaff-97c4-4f84-b989-1595f882a885.s.55.e.2" text="Lithium" type="Drug"><Normalization><mmtx cui="C0023870" phraseText="Lithium - generally" preferredWord="Lithium" semType="phsu, elii"/><RxNorm RxCui="1428998"/></Normalization></entity><entity charOffset="45:54" id="Dailymed.afbefaff-97c4-4f84-b989-1595f882a885.s.55.e.3" text="diuretics" type="Drug_Class"><Normalization><mmtx cui="C0012798" phraseText="given with diuretics." preferredWord="Diuretics" semType="phsu"/><RxNorm RxCui="3567"/></Normalization></entity><drugInteraction id="Dailymed.afbefaff-97c4-4f84-b989-1595f882a885.s.55.ddi.1"><interaction trigger="Dailymed.afbefaff-97c4-4f84-b989-1595f882a885.s.55.e.0"><relations><relation type="hasPrecipitant"><entity id="Dailymed.afbefaff-97c4-4f84-b989-1595f882a885.s.55.e.2"/></relation><relation type="hasObject"><entity id="Dailymed.afbefaff-97c4-4f84-b989-1595f882a885.s.55.e.3"/></relation></relations></interaction></drugInteraction><pair ddi="true" e1="Dailymed.afbefaff-97c4-4f84-b989-1595f882a885.s.55.e.2" e2="Dailymed.afbefaff-97c4-4f84-b989-1595f882a885.s.55.e.3" trigger="Dailymed.afbefaff-97c4-4f84-b989-1595f882a885.s.55.e.0" type="Caution_Interaction"/></sentence><sentence biomedicalEntities="3" id="Dailymed.afbefaff-97c4-4f84-b989-1595f882a885.s.56" lineNumber="40" text="Diuretic agents reduce the renal clearance of lithium and greatly increase the risk of lithium toxicity. " type="regular"><entity charOffset="0:15" id="Dailymed.afbefaff-97c4-4f84-b989-1595f882a885.s.56.e.0" text="Diuretic agents" type="Drug_Class"><Normalization><mmtx cui="C0012798" phraseText="Diuretic agents" preferredWord="Diuretics" semType="phsu"/><mmtx cui="C1254351" phraseText="Diuretic agents" preferredWord="Pharmacologic Substance" semType="phsu"/><RxNorm RxCui="3567"/></Normalization></entity><entity charOffset="16:42" id="Dailymed.afbefaff-97c4-4f84-b989-1595f882a885.s.56.e.1" text="reduce the renal clearance" type="Increase_Interaction"/><entity charOffset="95:103" id="Dailymed.afbefaff-97c4-4f84-b989-1595f882a885.s.56.e.3" text="toxicity" type="Increase_Interaction"/><entity charOffset="46:53" id="Dailymed.afbefaff-97c4-4f84-b989-1595f882a885.s.56.e.5" text="lithium" type="Drug"><Normalization><mmtx cui="C0023870" phraseText="the renal clearance of lithium" preferredWord="Lithium" semType="phsu, elii"/><RxNorm RxCui="1428998"/></Normalization></entity><entity charOffset="87:94" id="Dailymed.afbefaff-97c4-4f84-b989-1595f882a885.s.56.e.6" text="lithium" type="Drug"><Normalization><mmtx cui="C0023870" phraseText="the risk of lithium toxicity." preferredWord="Lithium" semType="phsu, elii"/><RxNorm RxCui="1428998"/></Normalization></entity><drugInteraction id="Dailymed.afbefaff-97c4-4f84-b989-1595f882a885.s.56.ddi.1"><interaction trigger="Dailymed.afbefaff-97c4-4f84-b989-1595f882a885.s.56.e.1"><relations><relation type="hasObject"><entity id="Dailymed.afbefaff-97c4-4f84-b989-1595f882a885.s.56.e.5"/></relation><relation type="hasPrecipitant"><entity id="Dailymed.afbefaff-97c4-4f84-b989-1595f882a885.s.56.e.0"/></relation></relations></interaction></drugInteraction><drugInteraction id="Dailymed.afbefaff-97c4-4f84-b989-1595f882a885.s.56.ddi.2"><interaction trigger="Dailymed.afbefaff-97c4-4f84-b989-1595f882a885.s.56.e.3"><relations><relation type="hasObject"><entity id="Dailymed.afbefaff-97c4-4f84-b989-1595f882a885.s.56.e.6"/></relation><relation type="hasPrecipitant"><entity id="Dailymed.afbefaff-97c4-4f84-b989-1595f882a885.s.56.e.0"/></relation></relations></interaction></drugInteraction><pair ddi="true" e1="Dailymed.afbefaff-97c4-4f84-b989-1595f882a885.s.56.e.0" e2="Dailymed.afbefaff-97c4-4f84-b989-1595f882a885.s.56.e.5" trigger="Dailymed.afbefaff-97c4-4f84-b989-1595f882a885.s.56.e.1" type="Increase_Interaction"/><pair ddi="true" e1="Dailymed.afbefaff-97c4-4f84-b989-1595f882a885.s.56.e.0" e2="Dailymed.afbefaff-97c4-4f84-b989-1595f882a885.s.56.e.6" trigger="Dailymed.afbefaff-97c4-4f84-b989-1595f882a885.s.56.e.3" type="Increase_Interaction"/></sentence><sentence id="Dailymed.afbefaff-97c4-4f84-b989-1595f882a885.s.57" text="Refer to the package insert for lithium preparations before use of such preparations with MICROZIDE." type="negative"><entity charOffset="32:39" id="Dailymed.afbefaff-97c4-4f84-b989-1595f882a885.s.57.e.0" text="lithium" type="Biomedical_Entity"><Normalization><mmtx cui="C0023870" phraseText="for lithium preparations" preferredWord="Lithium" semType="phsu, elii"/><RxNorm RxCui="1428998"/></Normalization></entity><entity charOffset="90:99" id="Dailymed.afbefaff-97c4-4f84-b989-1595f882a885.s.57.e.1" text="microzide" type="Biomedical_Entity"><Normalization><mmtx cui="C0721720" phraseText="with MICROZIDE." preferredWord="Microzide" semType="phsu, orch"/><RxNorm RxCui="218369"/></Normalization></entity><pair ddi="false" e1="Dailymed.afbefaff-97c4-4f84-b989-1595f882a885.s.57.e.0" e2="Dailymed.afbefaff-97c4-4f84-b989-1595f882a885.s.57.e.1"/></sentence><sentence biomedicalEntities="4" id="Dailymed.afbefaff-97c4-4f84-b989-1595f882a885.s.58" lineNumber="41" text="Non-steroidal anti-inflammatory drugs - In some patients, the administration of a non-steroidal anti-inflammatory agent can reduce the diuretic, natriuretic, and antihypertensive effects of loop, potassium-sparing and thiazide diuretics. " type="regular"><entity charOffset="82:119" id="Dailymed.afbefaff-97c4-4f84-b989-1595f882a885.s.58.e.0" text="non-steroidal anti-inflammatory agent" type="Drug_Class"><Normalization><mmtx cui="C0003211" phraseText="the administration of a non-steroidal anti-inflammatory agent" preferredWord="Anti-Inflammatory Agents, Non-Steroidal" semType="phsu"/><mmtx cui="C3536840" phraseText="the administration of a non-steroidal anti-inflammatory agent" preferredWord="Nonsteroidal Anti-inflammatory Drug [EPC]" semType="phsu"/><RxNorm RxCui="1005832"/></Normalization></entity><entity charOffset="124:143|179:186" id="Dailymed.afbefaff-97c4-4f84-b989-1595f882a885.s.58.e.1" text="reduce the diuretic effects" type="Specific_Interaction"/><entity charOffset="124:134|145:156|179:186" id="Dailymed.afbefaff-97c4-4f84-b989-1595f882a885.s.58.e.3" text="reduce the natriuretic effects" type="Specific_Interaction"/><entity charOffset="124:134|162:186" id="Dailymed.afbefaff-97c4-4f84-b989-1595f882a885.s.58.e.5" text="reduce the antihypertensive effects" type="Specific_Interaction"/><entity charOffset="190:194|227:236" id="Dailymed.afbefaff-97c4-4f84-b989-1595f882a885.s.58.e.7" text="loop diuretics" type="Drug_Class"><Normalization><mmtx cui="C0597277" phraseText="potassium-sparing" preferredWord="Potassium Ion" semType="phsu, elii"/><mmtx cui="C0012802" phraseText="thiazide diuretics." preferredWord="Thiazide Diuretics" semType="phsu, orch"/><RxNorm RxCui="104215"/></Normalization></entity><entity charOffset="196:213|227:236" id="Dailymed.afbefaff-97c4-4f84-b989-1595f882a885.s.58.e.8" text="potassium-sparing diuretics" type="Drug_Class"><Normalization><mmtx cui="C0597277" phraseText="potassium-sparing" preferredWord="Potassium Ion" semType="phsu, elii"/><mmtx cui="C0012802" phraseText="thiazide diuretics." preferredWord="Thiazide Diuretics" semType="phsu, orch"/><RxNorm RxCui="1437061"/></Normalization></entity><entity charOffset="218:236" id="Dailymed.afbefaff-97c4-4f84-b989-1595f882a885.s.58.e.9" text="thiazide diuretics" type="Drug_Class"><Normalization><mmtx cui="C0012802" phraseText="thiazide diuretics." preferredWord="Thiazide Diuretics" semType="phsu, orch"/><RxNorm RxCui="141801"/></Normalization></entity><drugInteraction id="Dailymed.afbefaff-97c4-4f84-b989-1595f882a885.s.58.ddi.1"><interaction trigger="Dailymed.afbefaff-97c4-4f84-b989-1595f882a885.s.58.e.1"><relations><relation type="hasPrecipitant"><entity id="Dailymed.afbefaff-97c4-4f84-b989-1595f882a885.s.58.e.0"/></relation><relation type="hasObject"><entity id="Dailymed.afbefaff-97c4-4f84-b989-1595f882a885.s.58.e.7"/></relation><relation type="hasObject"><entity id="Dailymed.afbefaff-97c4-4f84-b989-1595f882a885.s.58.e.8"/></relation><relation type="hasObject"><entity id="Dailymed.afbefaff-97c4-4f84-b989-1595f882a885.s.58.e.9"/></relation></relations></interaction></drugInteraction><drugInteraction id="Dailymed.afbefaff-97c4-4f84-b989-1595f882a885.s.58.ddi.2"><interaction trigger="Dailymed.afbefaff-97c4-4f84-b989-1595f882a885.s.58.e.3"><relations><relation type="hasPrecipitant"><entity id="Dailymed.afbefaff-97c4-4f84-b989-1595f882a885.s.58.e.0"/></relation><relation type="hasObject"><entity id="Dailymed.afbefaff-97c4-4f84-b989-1595f882a885.s.58.e.7"/></relation><relation type="hasObject"><entity id="Dailymed.afbefaff-97c4-4f84-b989-1595f882a885.s.58.e.8"/></relation><relation type="hasObject"><entity id="Dailymed.afbefaff-97c4-4f84-b989-1595f882a885.s.58.e.9"/></relation></relations></interaction></drugInteraction><drugInteraction id="Dailymed.afbefaff-97c4-4f84-b989-1595f882a885.s.58.ddi.3"><interaction trigger="Dailymed.afbefaff-97c4-4f84-b989-1595f882a885.s.58.e.5"><relations><relation type="hasPrecipitant"><entity id="Dailymed.afbefaff-97c4-4f84-b989-1595f882a885.s.58.e.0"/></relation><relation type="hasObject"><entity id="Dailymed.afbefaff-97c4-4f84-b989-1595f882a885.s.58.e.7"/></relation><relation type="hasObject"><entity id="Dailymed.afbefaff-97c4-4f84-b989-1595f882a885.s.58.e.8"/></relation><relation type="hasObject"><entity id="Dailymed.afbefaff-97c4-4f84-b989-1595f882a885.s.58.e.9"/></relation></relations></interaction></drugInteraction><pair ddi="true" e1="Dailymed.afbefaff-97c4-4f84-b989-1595f882a885.s.58.e.0" e2="Dailymed.afbefaff-97c4-4f84-b989-1595f882a885.s.58.e.7" trigger="Dailymed.afbefaff-97c4-4f84-b989-1595f882a885.s.58.e.1" type="Specific_Interaction"/><pair ddi="true" e1="Dailymed.afbefaff-97c4-4f84-b989-1595f882a885.s.58.e.0" e2="Dailymed.afbefaff-97c4-4f84-b989-1595f882a885.s.58.e.8" trigger="Dailymed.afbefaff-97c4-4f84-b989-1595f882a885.s.58.e.1" type="Specific_Interaction"/><pair ddi="true" e1="Dailymed.afbefaff-97c4-4f84-b989-1595f882a885.s.58.e.0" e2="Dailymed.afbefaff-97c4-4f84-b989-1595f882a885.s.58.e.9" trigger="Dailymed.afbefaff-97c4-4f84-b989-1595f882a885.s.58.e.1" type="Specific_Interaction"/></sentence><sentence biomedicalEntities="2" id="Dailymed.afbefaff-97c4-4f84-b989-1595f882a885.s.59" lineNumber="41" text="When MICROZIDE and non-steroidal anti-inflammatory agents are used concomitantly, the patients should be observed closely to determine if the desired effect of the diuretic is obtained." type="regular"><entity charOffset="5:14" id="Dailymed.afbefaff-97c4-4f84-b989-1595f882a885.s.59.e.0" text="MICROZIDE" type="Drug"><Normalization><mmtx cui="C0721720" phraseText="MICROZIDE" preferredWord="Microzide" semType="phsu, orch"/><RxNorm RxCui="218369"/></Normalization></entity><entity charOffset="19:57" id="Dailymed.afbefaff-97c4-4f84-b989-1595f882a885.s.59.e.1" text="non-steroidal anti-inflammatory agents" type="Drug_Class"><Normalization><mmtx cui="C0003211" phraseText="non-steroidal anti-inflammatory agents" preferredWord="Anti-Inflammatory Agents, Non-Steroidal" semType="phsu"/><RxNorm RxCui="1005832"/></Normalization></entity><entity charOffset="105:113" id="Dailymed.afbefaff-97c4-4f84-b989-1595f882a885.s.59.e.2" text="observed" type="Caution_Interaction"/><drugInteraction id="Dailymed.afbefaff-97c4-4f84-b989-1595f882a885.s.59.ddi.1"><interaction trigger="Dailymed.afbefaff-97c4-4f84-b989-1595f882a885.s.59.e.2"><relations><relation type="hasPrecipitant"><entity id="Dailymed.afbefaff-97c4-4f84-b989-1595f882a885.s.59.e.1"/></relation><relation type="hasObject"><entity id="Dailymed.afbefaff-97c4-4f84-b989-1595f882a885.s.59.e.0"/></relation></relations></interaction></drugInteraction><pair ddi="true" e1="Dailymed.afbefaff-97c4-4f84-b989-1595f882a885.s.59.e.0" e2="Dailymed.afbefaff-97c4-4f84-b989-1595f882a885.s.59.e.1" trigger="Dailymed.afbefaff-97c4-4f84-b989-1595f882a885.s.59.e.2" type="Caution_Interaction"/></sentence><sentence id="Dailymed.afbefaff-97c4-4f84-b989-1595f882a885.s.74" text="A greater blood pressure reduction and an increase in side effects may be observed in the elderly (i.e., 65 years) with hydrochlorothiazide. " type="negative"><entity charOffset="99:107" id="Dailymed.afbefaff-97c4-4f84-b989-1595f882a885.s.74.e.0" text="i 65" type="Biomedical_Entity"><Normalization><mmtx cui="C0063251" phraseText="(i.e., 65 years" preferredWord="I 65" semType="phsu, orch"/><RxNorm RxCui="NA"/></Normalization></entity><entity charOffset="120:139" id="Dailymed.afbefaff-97c4-4f84-b989-1595f882a885.s.74.e.1" text="hydrochlorothiazide" type="Biomedical_Entity"><Normalization><mmtx cui="C0020261" phraseText="with hydrochlorothiazide." preferredWord="Hydrochlorothiazide" semType="phsu, orch"/><RxNorm RxCui="5487"/></Normalization></entity><pair ddi="false" e1="Dailymed.afbefaff-97c4-4f84-b989-1595f882a885.s.74.e.0" e2="Dailymed.afbefaff-97c4-4f84-b989-1595f882a885.s.74.e.1"/></sentence><sentence id="Dailymed.afbefaff-97c4-4f84-b989-1595f882a885.s.78" text="For Control of Hypertension: The adult initial dose of MICROZIDE is one capsule given once daily whether given alone or in combination with other antihypertensives. " type="negative"><entity charOffset="55:64" id="Dailymed.afbefaff-97c4-4f84-b989-1595f882a885.s.78.e.0" text="microzide" type="Biomedical_Entity"><Normalization><mmtx cui="C0721720" phraseText="The adult initial dose of MICROZIDE" preferredWord="Microzide" semType="phsu, orch"/><RxNorm RxCui="218369"/></Normalization></entity><entity charOffset="146:163" id="Dailymed.afbefaff-97c4-4f84-b989-1595f882a885.s.78.e.1" text="antihypertensives" type="Biomedical_Entity"><Normalization><mmtx cui="C0003364" phraseText="with other antihypertensives." preferredWord="Antihypertensive Agents" semType="phsu"/><RxNorm RxCui="968"/></Normalization></entity><pair ddi="false" e1="Dailymed.afbefaff-97c4-4f84-b989-1595f882a885.s.78.e.0" e2="Dailymed.afbefaff-97c4-4f84-b989-1595f882a885.s.78.e.1"/></sentence><positiveExamples number="22"/><negativeExamples number="31"/></document>