<?xml version="1.0" encoding="UTF-8" standalone="no"?><document setID="b7a060fa-0b7d-45eb-ecae-a4abfb16b548"><labelDrug name="Corlopam"><Normalization/></labelDrug><generic name="FENOLDOPAM MESYLATE"/><sentence id="Dailymed.b7a060fa-0b7d-45eb-ecae-a4abfb16b548.s.1" text="Drug Label for drug brand Corlopam, containing FENOLDOPAM MESYLATE." type="negative"><entity charOffset="0:19" id="Dailymed.b7a060fa-0b7d-45eb-ecae-a4abfb16b548.s.1.e.0" text="drug drug" type="Biomedical_Entity"><Normalization><mmtx cui="C0013231" phraseText="Drug Label for drug brand Corlopam," preferredWord="Drugs, Non-Prescription" semType="phsu"/><RxNorm RxCui="NA"/></Normalization></entity><entity charOffset="47:66" id="Dailymed.b7a060fa-0b7d-45eb-ecae-a4abfb16b548.s.1.e.1" text="fenoldopam mesylate" type="Biomedical_Entity"><Normalization><mmtx cui="C0700481" phraseText="FENOLDOPAM MESYLATE." preferredWord="Fenoldopam Mesylate" semType="phsu, orch"/><RxNorm RxCui="203151"/></Normalization></entity><entity charOffset="26:34" id="Dailymed.b7a060fa-0b7d-45eb-ecae-a4abfb16b548.s.1.e.2" text="corlopam" type="Biomedical_Entity"><Normalization><mmtx cui="C0600404" phraseText="Drug Label for drug brand Corlopam," preferredWord="Corlopam" semType="phsu, orch"/><RxNorm RxCui="155091"/></Normalization></entity><pair ddi="false" e1="Dailymed.b7a060fa-0b7d-45eb-ecae-a4abfb16b548.s.1.e.0" e2="Dailymed.b7a060fa-0b7d-45eb-ecae-a4abfb16b548.s.1.e.1"/><pair ddi="false" e1="Dailymed.b7a060fa-0b7d-45eb-ecae-a4abfb16b548.s.1.e.0" e2="Dailymed.b7a060fa-0b7d-45eb-ecae-a4abfb16b548.s.1.e.2"/><pair ddi="false" e1="Dailymed.b7a060fa-0b7d-45eb-ecae-a4abfb16b548.s.1.e.2" e2="Dailymed.b7a060fa-0b7d-45eb-ecae-a4abfb16b548.s.1.e.1"/></sentence><sentence id="Dailymed.b7a060fa-0b7d-45eb-ecae-a4abfb16b548.s.20" text="Hypokalemia: Decreases in serum potassium occasionally to values below 3 mEq/L were observed after less than 6 hours of fenoldopam infusion. " type="negative"><entity charOffset="120:130" id="Dailymed.b7a060fa-0b7d-45eb-ecae-a4abfb16b548.s.20.e.0" text="fenoldopam" type="Biomedical_Entity"><Normalization><mmtx cui="C0060180" phraseText="of fenoldopam infusion." preferredWord="Fenoldopam" semType="phsu, orch"/><RxNorm RxCui="203151"/></Normalization></entity><entity charOffset="32:41" id="Dailymed.b7a060fa-0b7d-45eb-ecae-a4abfb16b548.s.20.e.1" text="potassium" type="Biomedical_Entity"><Normalization><mmtx cui="C0597277" phraseText="Decreases in serum potassium occasionally" preferredWord="Potassium Ion" semType="phsu, elii"/><RxNorm RxCui="8588"/></Normalization></entity><pair ddi="false" e1="Dailymed.b7a060fa-0b7d-45eb-ecae-a4abfb16b548.s.20.e.1" e2="Dailymed.b7a060fa-0b7d-45eb-ecae-a4abfb16b548.s.20.e.0"/></sentence><sentence id="Dailymed.b7a060fa-0b7d-45eb-ecae-a4abfb16b548.s.21" text="It is not clear if the hypokalemia reflects a pressure natriuresis with enhanced potassium-sodium exchange or a direct drug effect. " type="negative"><entity charOffset="91:97" id="Dailymed.b7a060fa-0b7d-45eb-ecae-a4abfb16b548.s.21.e.0" text="sodium" type="Biomedical_Entity"><Normalization><mmtx cui="C0597484" phraseText="a pressure natriuresis with enhanced potassium-sodium exchange" preferredWord="Sodium Cation" semType="phsu, elii"/><RxNorm RxCui="1444874"/></Normalization></entity><entity charOffset="81:90" id="Dailymed.b7a060fa-0b7d-45eb-ecae-a4abfb16b548.s.21.e.1" text="potassium" type="Biomedical_Entity"><Normalization><mmtx cui="C0597277" phraseText="a pressure natriuresis with enhanced potassium-sodium exchange" preferredWord="Potassium Ion" semType="phsu, elii"/><RxNorm RxCui="8588"/></Normalization></entity><pair ddi="false" e1="Dailymed.b7a060fa-0b7d-45eb-ecae-a4abfb16b548.s.21.e.1" e2="Dailymed.b7a060fa-0b7d-45eb-ecae-a4abfb16b548.s.21.e.0"/></sentence><sentence biomedicalEntities="2" id="Dailymed.b7a060fa-0b7d-45eb-ecae-a4abfb16b548.s.27" lineNumber="25" text="Concomitant use of fenoldopam with beta-blockers should be avoided. " type="regular"><entity charOffset="59:66" id="Dailymed.b7a060fa-0b7d-45eb-ecae-a4abfb16b548.s.27.e.1" text="avoided" type="Caution_Interaction"/><entity charOffset="35:48" id="Dailymed.b7a060fa-0b7d-45eb-ecae-a4abfb16b548.s.27.e.2" text="beta-blockers" type="Drug_Class"><Normalization><mmtx cui="C0001645" phraseText="with beta-blockers" preferredWord="Adrenergic beta-Antagonists" semType="phsu"/><RxNorm RxCui="371"/></Normalization></entity><entity charOffset="19:29" id="Dailymed.b7a060fa-0b7d-45eb-ecae-a4abfb16b548.s.27.e.3" text="fenoldopam" type="Drug"><Normalization><mmtx cui="C0060180" phraseText="Concomitant use of fenoldopam" preferredWord="Fenoldopam" semType="phsu, orch"/><RxNorm RxCui="203151"/></Normalization></entity><drugInteraction id="Dailymed.b7a060fa-0b7d-45eb-ecae-a4abfb16b548.s.27.ddi.1"><interaction trigger="Dailymed.b7a060fa-0b7d-45eb-ecae-a4abfb16b548.s.27.e.1"><relations><relation type="hasObject"><entity id="Dailymed.b7a060fa-0b7d-45eb-ecae-a4abfb16b548.s.27.e.3"/></relation><relation type="hasPrecipitant"><entity id="Dailymed.b7a060fa-0b7d-45eb-ecae-a4abfb16b548.s.27.e.2"/></relation></relations></interaction></drugInteraction><pair ddi="true" e1="Dailymed.b7a060fa-0b7d-45eb-ecae-a4abfb16b548.s.27.e.3" e2="Dailymed.b7a060fa-0b7d-45eb-ecae-a4abfb16b548.s.27.e.2" trigger="Dailymed.b7a060fa-0b7d-45eb-ecae-a4abfb16b548.s.27.e.1" type="Caution_Interaction"/></sentence><sentence biomedicalEntities="2" id="Dailymed.b7a060fa-0b7d-45eb-ecae-a4abfb16b548.s.28" lineNumber="25" text="If the drugs are used together, caution should be exercised because unexpected hypotension could result from beta-blocker inhibition of the sympathetic reflex response to fenoldopam." type="regular"><entity charOffset="79:90" id="Dailymed.b7a060fa-0b7d-45eb-ecae-a4abfb16b548.s.28.e.1" text="hypotension" type="Specific_Interaction"/><entity charOffset="109:121" id="Dailymed.b7a060fa-0b7d-45eb-ecae-a4abfb16b548.s.28.e.2" text="beta-blocker" type="Drug_Class"><Normalization><mmtx cui="C0001645" phraseText="result from beta-blocker inhibition of the sympathetic reflex response" preferredWord="Adrenergic beta-Antagonists" semType="phsu"/><mmtx cui="C0001645" phraseText="result from beta-blocker inhibition of the sympathetic reflex response" preferredWord="Adrenergic beta-Antagonists" semType="phsu"/><RxNorm RxCui="371"/></Normalization></entity><entity charOffset="171:181" id="Dailymed.b7a060fa-0b7d-45eb-ecae-a4abfb16b548.s.28.e.3" text="fenoldopam" type="Drug"><Normalization><mmtx cui="C0060180" phraseText="to fenoldopam." preferredWord="Fenoldopam" semType="phsu, orch"/><RxNorm RxCui="203151"/></Normalization></entity><drugInteraction id="Dailymed.b7a060fa-0b7d-45eb-ecae-a4abfb16b548.s.28.ddi.1"><interaction trigger="Dailymed.b7a060fa-0b7d-45eb-ecae-a4abfb16b548.s.28.e.1"><relations><relation type="hasPrecipitant"><entity id="Dailymed.b7a060fa-0b7d-45eb-ecae-a4abfb16b548.s.28.e.2"/></relation><relation type="hasObject"><entity id="Dailymed.b7a060fa-0b7d-45eb-ecae-a4abfb16b548.s.28.e.3"/></relation></relations></interaction></drugInteraction><pair ddi="true" e1="Dailymed.b7a060fa-0b7d-45eb-ecae-a4abfb16b548.s.28.e.2" e2="Dailymed.b7a060fa-0b7d-45eb-ecae-a4abfb16b548.s.28.e.3" trigger="Dailymed.b7a060fa-0b7d-45eb-ecae-a4abfb16b548.s.28.e.1" type="Specific_Interaction"/></sentence><sentence id="Dailymed.b7a060fa-0b7d-45eb-ecae-a4abfb16b548.s.30" text="Although there have been no formal interaction studies, intravenous fenoldopam has been administered safely with drugs such as digitalis and sublingual nitroglycerin. " type="negative"><entity charOffset="127:136" id="Dailymed.b7a060fa-0b7d-45eb-ecae-a4abfb16b548.s.30.e.0" text="digitalis" type="Biomedical_Entity"><Normalization><mmtx cui="C0304520" phraseText="such as digitalis" preferredWord="Digitalis preparation" semType="phsu, carb"/><RxNorm RxCui="91235"/></Normalization></entity><entity charOffset="152:165" id="Dailymed.b7a060fa-0b7d-45eb-ecae-a4abfb16b548.s.30.e.1" text="nitroglycerin" type="Biomedical_Entity"><Normalization><mmtx cui="C0885378" phraseText="sublingual nitroglycerin." preferredWord="Glonoine, nitroglycerine, Homeopathic preparation" semType="phsu, orch"/><RxNorm RxCui="4917"/></Normalization></entity><entity charOffset="68:78" id="Dailymed.b7a060fa-0b7d-45eb-ecae-a4abfb16b548.s.30.e.2" text="fenoldopam" type="Biomedical_Entity"><Normalization><mmtx cui="C0060180" phraseText="intravenous fenoldopam" preferredWord="Fenoldopam" semType="phsu, orch"/><RxNorm RxCui="203151"/></Normalization></entity><pair ddi="false" e1="Dailymed.b7a060fa-0b7d-45eb-ecae-a4abfb16b548.s.30.e.0" e2="Dailymed.b7a060fa-0b7d-45eb-ecae-a4abfb16b548.s.30.e.1"/><pair ddi="false" e1="Dailymed.b7a060fa-0b7d-45eb-ecae-a4abfb16b548.s.30.e.2" e2="Dailymed.b7a060fa-0b7d-45eb-ecae-a4abfb16b548.s.30.e.0"/><pair ddi="false" e1="Dailymed.b7a060fa-0b7d-45eb-ecae-a4abfb16b548.s.30.e.2" e2="Dailymed.b7a060fa-0b7d-45eb-ecae-a4abfb16b548.s.30.e.1"/></sentence><sentence id="Dailymed.b7a060fa-0b7d-45eb-ecae-a4abfb16b548.s.31" text="There is limited experience with concomitant antihypertensive agents such as alpha-blockers, calcium channel-blockers, ACE inhibitors, and diuretics (both thiazide-like and loop)." type="negative"><entity charOffset="45:68" id="Dailymed.b7a060fa-0b7d-45eb-ecae-a4abfb16b548.s.31.e.0" text="antihypertensive agents" type="Biomedical_Entity"><Normalization><mmtx cui="C0003364" phraseText="experience with concomitant antihypertensive agents" preferredWord="Antihypertensive Agents" semType="phsu"/><RxNorm RxCui="968"/></Normalization></entity><entity charOffset="155:163" id="Dailymed.b7a060fa-0b7d-45eb-ecae-a4abfb16b548.s.31.e.1" text="thiazide" type="Biomedical_Entity"><Normalization><mmtx cui="C0541746" phraseText="both thiazide-" preferredWord="Thiazides" semType="phsu, orch"/><RxNorm RxCui="141801"/></Normalization></entity><entity charOffset="77:91" id="Dailymed.b7a060fa-0b7d-45eb-ecae-a4abfb16b548.s.31.e.2" text="alpha-blockers" type="Biomedical_Entity"><Normalization><mmtx cui="C0001641" phraseText="such as alpha-blockers," preferredWord="Adrenergic alpha-Antagonists" semType="phsu"/><RxNorm RxCui="1023426"/></Normalization></entity><entity charOffset="93:117" id="Dailymed.b7a060fa-0b7d-45eb-ecae-a4abfb16b548.s.31.e.3" text="calcium channel-blockers" type="Biomedical_Entity"><Normalization><mmtx cui="C0006684" phraseText="calcium channel-blockers," preferredWord="Calcium Channel Blockers" semType="phsu"/><RxNorm RxCui="1895"/></Normalization></entity><entity charOffset="119:133" id="Dailymed.b7a060fa-0b7d-45eb-ecae-a4abfb16b548.s.31.e.4" text="ace inhibitors" type="Biomedical_Entity"><Normalization><mmtx cui="C0003015" phraseText="ACE inhibitors," preferredWord="Angiotensin-Converting Enzyme Inhibitors" semType="phsu"/><RxNorm RxCui="221294"/></Normalization></entity><entity charOffset="139:148" id="Dailymed.b7a060fa-0b7d-45eb-ecae-a4abfb16b548.s.31.e.5" text="diuretics" type="Biomedical_Entity"><Normalization><mmtx cui="C0012798" phraseText="diuretics" preferredWord="Diuretics" semType="phsu"/><RxNorm RxCui="3567"/></Normalization></entity><pair ddi="false" e1="Dailymed.b7a060fa-0b7d-45eb-ecae-a4abfb16b548.s.31.e.0" e2="Dailymed.b7a060fa-0b7d-45eb-ecae-a4abfb16b548.s.31.e.1"/><pair ddi="false" e1="Dailymed.b7a060fa-0b7d-45eb-ecae-a4abfb16b548.s.31.e.0" e2="Dailymed.b7a060fa-0b7d-45eb-ecae-a4abfb16b548.s.31.e.2"/><pair ddi="false" e1="Dailymed.b7a060fa-0b7d-45eb-ecae-a4abfb16b548.s.31.e.0" e2="Dailymed.b7a060fa-0b7d-45eb-ecae-a4abfb16b548.s.31.e.3"/><pair ddi="false" e1="Dailymed.b7a060fa-0b7d-45eb-ecae-a4abfb16b548.s.31.e.0" e2="Dailymed.b7a060fa-0b7d-45eb-ecae-a4abfb16b548.s.31.e.4"/><pair ddi="false" e1="Dailymed.b7a060fa-0b7d-45eb-ecae-a4abfb16b548.s.31.e.0" e2="Dailymed.b7a060fa-0b7d-45eb-ecae-a4abfb16b548.s.31.e.5"/><pair ddi="false" e1="Dailymed.b7a060fa-0b7d-45eb-ecae-a4abfb16b548.s.31.e.2" e2="Dailymed.b7a060fa-0b7d-45eb-ecae-a4abfb16b548.s.31.e.1"/><pair ddi="false" e1="Dailymed.b7a060fa-0b7d-45eb-ecae-a4abfb16b548.s.31.e.3" e2="Dailymed.b7a060fa-0b7d-45eb-ecae-a4abfb16b548.s.31.e.1"/><pair ddi="false" e1="Dailymed.b7a060fa-0b7d-45eb-ecae-a4abfb16b548.s.31.e.4" e2="Dailymed.b7a060fa-0b7d-45eb-ecae-a4abfb16b548.s.31.e.1"/><pair ddi="false" e1="Dailymed.b7a060fa-0b7d-45eb-ecae-a4abfb16b548.s.31.e.5" e2="Dailymed.b7a060fa-0b7d-45eb-ecae-a4abfb16b548.s.31.e.1"/><pair ddi="false" e1="Dailymed.b7a060fa-0b7d-45eb-ecae-a4abfb16b548.s.31.e.2" e2="Dailymed.b7a060fa-0b7d-45eb-ecae-a4abfb16b548.s.31.e.3"/><pair ddi="false" e1="Dailymed.b7a060fa-0b7d-45eb-ecae-a4abfb16b548.s.31.e.2" e2="Dailymed.b7a060fa-0b7d-45eb-ecae-a4abfb16b548.s.31.e.4"/><pair ddi="false" e1="Dailymed.b7a060fa-0b7d-45eb-ecae-a4abfb16b548.s.31.e.2" e2="Dailymed.b7a060fa-0b7d-45eb-ecae-a4abfb16b548.s.31.e.5"/><pair ddi="false" e1="Dailymed.b7a060fa-0b7d-45eb-ecae-a4abfb16b548.s.31.e.3" e2="Dailymed.b7a060fa-0b7d-45eb-ecae-a4abfb16b548.s.31.e.4"/><pair ddi="false" e1="Dailymed.b7a060fa-0b7d-45eb-ecae-a4abfb16b548.s.31.e.3" e2="Dailymed.b7a060fa-0b7d-45eb-ecae-a4abfb16b548.s.31.e.5"/><pair ddi="false" e1="Dailymed.b7a060fa-0b7d-45eb-ecae-a4abfb16b548.s.31.e.4" e2="Dailymed.b7a060fa-0b7d-45eb-ecae-a4abfb16b548.s.31.e.5"/></sentence><sentence id="Dailymed.b7a060fa-0b7d-45eb-ecae-a4abfb16b548.s.54" text="Anti-hypertensive effects of fenoldopam have been studied in pediatric patients age 1 month (at least 2 kg or full term) to 12 years old requiring blood pressure reduction (see Pharmacodynamics and Clinical Studies, Pediatric Patients)." type="negative"><entity charOffset="29:39" id="Dailymed.b7a060fa-0b7d-45eb-ecae-a4abfb16b548.s.54.e.0" text="fenoldopam" type="Biomedical_Entity"><Normalization><mmtx cui="C0060180" phraseText="Anti-hypertensive effects of fenoldopam" preferredWord="Fenoldopam" semType="phsu, orch"/><RxNorm RxCui="203151"/></Normalization></entity><entity charOffset="0:17" id="Dailymed.b7a060fa-0b7d-45eb-ecae-a4abfb16b548.s.54.e.1" text="anti-hypertensive" type="Biomedical_Entity"><Normalization><mmtx cui="C0003364" phraseText="Anti-hypertensive effects of fenoldopam" preferredWord="Antihypertensive Agents" semType="phsu"/><RxNorm RxCui="691734"/></Normalization></entity><pair ddi="false" e1="Dailymed.b7a060fa-0b7d-45eb-ecae-a4abfb16b548.s.54.e.1" e2="Dailymed.b7a060fa-0b7d-45eb-ecae-a4abfb16b548.s.54.e.0"/></sentence><positiveExamples number="2"/><negativeExamples number="24"/></document>