<?xml version="1.0" encoding="UTF-8" standalone="no"?><document setID="c2e709d2-96a2-41ea-b5e9-9ce4ccb91f59"><labelDrug name="CORGARD"><Normalization/></labelDrug><generic name="nadolol"/><sentence id="Dailymed.c2e709d2-96a2-41ea-b5e9-9ce4ccb91f59.s.1" text="CORGARD (nadolol) tablet" type="negative"><entity charOffset="9:16" id="Dailymed.c2e709d2-96a2-41ea-b5e9-9ce4ccb91f59.s.1.e.0" text="nadolol" type="Biomedical_Entity"><Normalization><mmtx cui="C0027302" phraseText="(nadolol" preferredWord="Nadolol" semType="phsu, orch"/><RxNorm RxCui="7226"/></Normalization></entity><entity charOffset="0:7" id="Dailymed.c2e709d2-96a2-41ea-b5e9-9ce4ccb91f59.s.1.e.1" text="corgard" type="Biomedical_Entity"><Normalization><mmtx cui="C0591292" phraseText="CORGARD" preferredWord="Corgard" semType="phsu, orch"/><RxNorm RxCui="151549"/></Normalization></entity><pair ddi="false" e1="Dailymed.c2e709d2-96a2-41ea-b5e9-9ce4ccb91f59.s.1.e.1" e2="Dailymed.c2e709d2-96a2-41ea-b5e9-9ce4ccb91f59.s.1.e.0"/></sentence><sentence id="Dailymed.c2e709d2-96a2-41ea-b5e9-9ce4ccb91f59.s.7" text="Although beta-blockers should be avoided in overt congestive heart failure, if necessary, they can be used with caution in patients with a history of failure who are well-compensated, usually with digitalis and diuretics. " type="negative"><entity charOffset="9:22" id="Dailymed.c2e709d2-96a2-41ea-b5e9-9ce4ccb91f59.s.7.e.0" text="beta-blockers" type="Biomedical_Entity"><Normalization><mmtx cui="C0001645" phraseText="beta-blockers" preferredWord="Adrenergic beta-Antagonists" semType="phsu"/><RxNorm RxCui="371"/></Normalization></entity><entity charOffset="211:220" id="Dailymed.c2e709d2-96a2-41ea-b5e9-9ce4ccb91f59.s.7.e.1" text="diuretics" type="Biomedical_Entity"><Normalization><mmtx cui="C0012798" phraseText="diuretics." preferredWord="Diuretics" semType="phsu"/><RxNorm RxCui="3567"/></Normalization></entity><entity charOffset="197:206" id="Dailymed.c2e709d2-96a2-41ea-b5e9-9ce4ccb91f59.s.7.e.2" text="digitalis" type="Biomedical_Entity"><Normalization><mmtx cui="C0304520" phraseText="well-compensated, usually with digitalis" preferredWord="Digitalis preparation" semType="phsu, carb"/><RxNorm RxCui="91235"/></Normalization></entity><pair ddi="false" e1="Dailymed.c2e709d2-96a2-41ea-b5e9-9ce4ccb91f59.s.7.e.0" e2="Dailymed.c2e709d2-96a2-41ea-b5e9-9ce4ccb91f59.s.7.e.1"/><pair ddi="false" e1="Dailymed.c2e709d2-96a2-41ea-b5e9-9ce4ccb91f59.s.7.e.0" e2="Dailymed.c2e709d2-96a2-41ea-b5e9-9ce4ccb91f59.s.7.e.2"/><pair ddi="false" e1="Dailymed.c2e709d2-96a2-41ea-b5e9-9ce4ccb91f59.s.7.e.2" e2="Dailymed.c2e709d2-96a2-41ea-b5e9-9ce4ccb91f59.s.7.e.1"/></sentence><sentence id="Dailymed.c2e709d2-96a2-41ea-b5e9-9ce4ccb91f59.s.8" text="Beta-adrenergic blocking agents do not abolish the inotropic action of digitalis on heart muscle." type="negative"><entity charOffset="71:80" id="Dailymed.c2e709d2-96a2-41ea-b5e9-9ce4ccb91f59.s.8.e.0" text="digitalis" type="Biomedical_Entity"><Normalization><mmtx cui="C0304520" phraseText="the inotropic action of digitalis" preferredWord="Digitalis preparation" semType="phsu, carb"/><RxNorm RxCui="91235"/></Normalization></entity><entity charOffset="0:31" id="Dailymed.c2e709d2-96a2-41ea-b5e9-9ce4ccb91f59.s.8.e.1" text="beta-adrenergic blocking agents" type="Biomedical_Entity"><Normalization><mmtx cui="C0001645" phraseText="Beta-adrenergic blocking agents" preferredWord="Adrenergic beta-Antagonists" semType="phsu"/><RxNorm RxCui="9162"/></Normalization></entity><pair ddi="false" e1="Dailymed.c2e709d2-96a2-41ea-b5e9-9ce4ccb91f59.s.8.e.1" e2="Dailymed.c2e709d2-96a2-41ea-b5e9-9ce4ccb91f59.s.8.e.0"/></sentence><sentence id="Dailymed.c2e709d2-96a2-41ea-b5e9-9ce4ccb91f59.s.10" text="Therefore, at the first sign or symptom of heart failure, the patient should be digitalized and/or treated with diuretics, and the response observed closely, or nadolol should be discontinued (gradually, if possible)." type="negative"><entity charOffset="112:121" id="Dailymed.c2e709d2-96a2-41ea-b5e9-9ce4ccb91f59.s.10.e.0" text="diuretics" type="Biomedical_Entity"><Normalization><mmtx cui="C0012798" phraseText="treated with diuretics," preferredWord="Diuretics" semType="phsu"/><RxNorm RxCui="3567"/></Normalization></entity><entity charOffset="161:168" id="Dailymed.c2e709d2-96a2-41ea-b5e9-9ce4ccb91f59.s.10.e.1" text="nadolol" type="Biomedical_Entity"><Normalization><mmtx cui="C0027302" phraseText="nadolol" preferredWord="Nadolol" semType="phsu, orch"/><RxNorm RxCui="7226"/></Normalization></entity><pair ddi="false" e1="Dailymed.c2e709d2-96a2-41ea-b5e9-9ce4ccb91f59.s.10.e.0" e2="Dailymed.c2e709d2-96a2-41ea-b5e9-9ce4ccb91f59.s.10.e.1"/></sentence><sentence id="Dailymed.c2e709d2-96a2-41ea-b5e9-9ce4ccb91f59.s.11" text="Exacerbation of Ischemic Heart Disease Following Abrupt Withdrawal Hypersensitivity to catecholamines has been observed in patients withdrawn from beta-blocker therapy; " type="negative"><entity charOffset="87:101" id="Dailymed.c2e709d2-96a2-41ea-b5e9-9ce4ccb91f59.s.11.e.0" text="catecholamines" type="Biomedical_Entity"><Normalization><mmtx cui="C0007412" phraseText="Abrupt Withdrawal Hypersensitivity to catecholamines" preferredWord="Catecholamines" semType="phsu, nsba"/><RxNorm RxCui="2146"/></Normalization></entity><entity charOffset="147:159" id="Dailymed.c2e709d2-96a2-41ea-b5e9-9ce4ccb91f59.s.11.e.1" text="beta-blocker" type="Biomedical_Entity"><Normalization><mmtx cui="C0001645" phraseText="withdrawn from beta-blocker therapy" preferredWord="Adrenergic beta-Antagonists" semType="phsu"/><RxNorm RxCui="371"/></Normalization></entity><pair ddi="false" e1="Dailymed.c2e709d2-96a2-41ea-b5e9-9ce4ccb91f59.s.11.e.0" e2="Dailymed.c2e709d2-96a2-41ea-b5e9-9ce4ccb91f59.s.11.e.1"/></sentence><sentence id="Dailymed.c2e709d2-96a2-41ea-b5e9-9ce4ccb91f59.s.19" text="Nadolol should be administered with caution since it may block bronchodilation produced by endogenous or exogenous catecholamine stimulation of beta2 receptors." type="negative"><entity charOffset="115:128" id="Dailymed.c2e709d2-96a2-41ea-b5e9-9ce4ccb91f59.s.19.e.0" text="catecholamine" type="Biomedical_Entity"><Normalization><mmtx cui="C3536742" phraseText="exogenous catecholamine stimulation of beta2 receptors." preferredWord="Catecholamine [EPC]" semType="phsu"/><RxNorm RxCui="2146"/></Normalization></entity><entity charOffset="0:7" id="Dailymed.c2e709d2-96a2-41ea-b5e9-9ce4ccb91f59.s.19.e.1" text="nadolol" type="Biomedical_Entity"><Normalization><mmtx cui="C0027302" phraseText="Nadolol" preferredWord="Nadolol" semType="phsu, orch"/><RxNorm RxCui="7226"/></Normalization></entity><pair ddi="false" e1="Dailymed.c2e709d2-96a2-41ea-b5e9-9ce4ccb91f59.s.19.e.1" e2="Dailymed.c2e709d2-96a2-41ea-b5e9-9ce4ccb91f59.s.19.e.0"/></sentence><sentence id="Dailymed.c2e709d2-96a2-41ea-b5e9-9ce4ccb91f59.s.26" text="Beta-blockade also reduces the release of insulin in response to hyperglycemia; " type="negative"><entity charOffset="42:49" id="Dailymed.c2e709d2-96a2-41ea-b5e9-9ce4ccb91f59.s.26.e.0" text="insulin" type="Biomedical_Entity"><Normalization><mmtx cui="C1533581" phraseText="the release of insulin" preferredWord="Recombinant Insulin" semType="phsu, aapp, horm"/><RxNorm RxCui="5856"/></Normalization></entity><entity charOffset="5:13" id="Dailymed.c2e709d2-96a2-41ea-b5e9-9ce4ccb91f59.s.26.e.1" text="blockade" type="Biomedical_Entity"><Normalization><mmtx cui="C3540676" phraseText="Beta-blockade also" preferredWord="Blockade" semType="phsu"/><RxNorm RxCui="1423936"/></Normalization></entity><pair ddi="false" e1="Dailymed.c2e709d2-96a2-41ea-b5e9-9ce4ccb91f59.s.26.e.1" e2="Dailymed.c2e709d2-96a2-41ea-b5e9-9ce4ccb91f59.s.26.e.0"/></sentence><sentence biomedicalEntities="1" id="Dailymed.c2e709d2-96a2-41ea-b5e9-9ce4ccb91f59.s.27" lineNumber="27" text="therefore, it may be necessary to adjust the dose of antidiabetic drugs." type="irregular"><entity charOffset="51:69" id="Dailymed.c2e709d2-96a2-41ea-b5e9-9ce4ccb91f59.s.27.e.0" text="antidiabetic drugs" type="Drug_Class"><Normalization><RxNorm RxCui="282360"/></Normalization></entity><entity charOffset="32:47" id="Dailymed.c2e709d2-96a2-41ea-b5e9-9ce4ccb91f59.s.27.e.1" text="adjust the dose" type="Caution_Interaction"/><drugInteraction id="Dailymed.c2e709d2-96a2-41ea-b5e9-9ce4ccb91f59.s.27.ddi.1"><interaction trigger="Dailymed.c2e709d2-96a2-41ea-b5e9-9ce4ccb91f59.s.27.e.1"><relations><relation type="hasPrecipitant"><entity id="Dailymed.c2e709d2-96a2-41ea-b5e9-9ce4ccb91f59.s.27.e.0"/></relation><relation type="hasObject"/></relations></interaction></drugInteraction><pair ddi="true" e1="labelDrug" e2="Dailymed.c2e709d2-96a2-41ea-b5e9-9ce4ccb91f59.s.27.e.0"/></sentence><sentence biomedicalEntities="1" id="Dailymed.c2e709d2-96a2-41ea-b5e9-9ce4ccb91f59.s.40" lineNumber="47" text="Anesthetics, general exaggeration of the hypotension induced by general anesthetics (see WARNINGS, Major Surgery)." type="irregular"><entity charOffset="62:81" id="Dailymed.c2e709d2-96a2-41ea-b5e9-9ce4ccb91f59.s.40.e.0" text="general anesthetics" type="Drug_Class"><Normalization><RxNorm RxCui="4740"/></Normalization></entity><entity charOffset="39:50" id="Dailymed.c2e709d2-96a2-41ea-b5e9-9ce4ccb91f59.s.40.e.1" text="hypotension" type="Specific_Interaction"/><drugInteraction id="Dailymed.c2e709d2-96a2-41ea-b5e9-9ce4ccb91f59.s.40.ddi.1"><interaction trigger="Dailymed.c2e709d2-96a2-41ea-b5e9-9ce4ccb91f59.s.40.e.1"><relations><relation type="hasPrecipitant"><entity id="Dailymed.c2e709d2-96a2-41ea-b5e9-9ce4ccb91f59.s.40.e.0"/></relation><relation type="hasObject"><ellipsisSentence id="Dailymed.c2e709d2-96a2-41ea-b5e9-9ce4ccb91f59.s.39" text="When administered concurrently, the following drugs may interact with beta-adrenergic receptor blocking agents:"><entity charOffset="68:108" id="Dailymed.c2e709d2-96a2-41ea-b5e9-9ce4ccb91f59.s.39.e.0" text="beta-adrenergic receptor blocking agents" type="Drug_Class"/></ellipsisSentence></relation></relations></interaction></drugInteraction><pair ddi="true" e1="labelDrug" e2="Dailymed.c2e709d2-96a2-41ea-b5e9-9ce4ccb91f59.s.40.e.0"/></sentence><sentence biomedicalEntities="1" id="Dailymed.c2e709d2-96a2-41ea-b5e9-9ce4ccb91f59.s.41" lineNumber="49" text="Antidiabetic drugs (oral agents and insulin) hypoglycemia or hyperglycemia; " type="irregular"><entity charOffset="41:53" id="Dailymed.c2e709d2-96a2-41ea-b5e9-9ce4ccb91f59.s.41.e.0" text="hypoglycemia" type="Specific_Interaction"/><entity charOffset="57:70" id="Dailymed.c2e709d2-96a2-41ea-b5e9-9ce4ccb91f59.s.41.e.2" text="hyperglycemia" type="Specific_Interaction"/><entity charOffset="32:39" id="Dailymed.c2e709d2-96a2-41ea-b5e9-9ce4ccb91f59.s.41.e.4" text="insulin" type="Drug"><Normalization><RxNorm RxCui="5856"/></Normalization></entity><drugInteraction id="Dailymed.c2e709d2-96a2-41ea-b5e9-9ce4ccb91f59.s.41.ddi.1"><interaction trigger="Dailymed.c2e709d2-96a2-41ea-b5e9-9ce4ccb91f59.s.41.e.0"><relations><relation type="hasPrecipitant"/><relation type="hasPrecipitant"><entity id="Dailymed.c2e709d2-96a2-41ea-b5e9-9ce4ccb91f59.s.41.e.4"/></relation><relation type="hasObject"><ellipsisSentence id="Dailymed.c2e709d2-96a2-41ea-b5e9-9ce4ccb91f59.s.39" text="When administered concurrently, the following drugs may interact with beta-adrenergic receptor blocking agents:"><entity charOffset="68:108" id="Dailymed.c2e709d2-96a2-41ea-b5e9-9ce4ccb91f59.s.39.e.0" text="beta-adrenergic receptor blocking agents" type="Drug_Class"/></ellipsisSentence><middleSentence id="Dailymed.c2e709d2-96a2-41ea-b5e9-9ce4ccb91f59.s.40" text="Anesthetics, general exaggeration of the hypotension induced by general anesthetics (see WARNINGS, Major Surgery)."/></relation></relations></interaction></drugInteraction><drugInteraction id="Dailymed.c2e709d2-96a2-41ea-b5e9-9ce4ccb91f59.s.41.ddi.2"><interaction trigger="Dailymed.c2e709d2-96a2-41ea-b5e9-9ce4ccb91f59.s.41.e.2"><relations><relation type="hasPrecipitant"/><relation type="hasPrecipitant"><entity id="Dailymed.c2e709d2-96a2-41ea-b5e9-9ce4ccb91f59.s.41.e.4"/></relation><relation type="hasObject"><ellipsisSentence id="Dailymed.c2e709d2-96a2-41ea-b5e9-9ce4ccb91f59.s.39" text="When administered concurrently, the following drugs may interact with beta-adrenergic receptor blocking agents:"><entity charOffset="68:108" id="Dailymed.c2e709d2-96a2-41ea-b5e9-9ce4ccb91f59.s.39.e.0" text="beta-adrenergic receptor blocking agents" type="Drug_Class"/></ellipsisSentence><middleSentence id="Dailymed.c2e709d2-96a2-41ea-b5e9-9ce4ccb91f59.s.40" text="Anesthetics, general exaggeration of the hypotension induced by general anesthetics (see WARNINGS, Major Surgery)."/></relation></relations></interaction></drugInteraction><pair ddi="true" e1="labelDrug" e2="Dailymed.c2e709d2-96a2-41ea-b5e9-9ce4ccb91f59.s.41.e.4"/></sentence><sentence biomedicalEntities="1" id="Dailymed.c2e709d2-96a2-41ea-b5e9-9ce4ccb91f59.s.43" lineNumber="51" text="Catecholamine-depleting drugs (e.g., reserpine) additive effect; " type="irregular"><entity charOffset="31:40" id="Dailymed.c2e709d2-96a2-41ea-b5e9-9ce4ccb91f59.s.43.e.0" text="reserpine" type="Drug"><Normalization><RxNorm RxCui="9260"/></Normalization></entity><entity charOffset="42:57" id="Dailymed.c2e709d2-96a2-41ea-b5e9-9ce4ccb91f59.s.43.e.1" text="additive effect" type="Increase_Interaction"/><drugInteraction id="Dailymed.c2e709d2-96a2-41ea-b5e9-9ce4ccb91f59.s.43.ddi.1"><interaction trigger="Dailymed.c2e709d2-96a2-41ea-b5e9-9ce4ccb91f59.s.43.e.1"><relations><relation type="hasPrecipitant"/><relation type="hasObject"><ellipsisSentence id="Dailymed.c2e709d2-96a2-41ea-b5e9-9ce4ccb91f59.s.39" text="When administered concurrently, the following drugs may interact with beta-adrenergic receptor blocking agents:"><entity charOffset="68:108" id="Dailymed.c2e709d2-96a2-41ea-b5e9-9ce4ccb91f59.s.39.e.0" text="beta-adrenergic receptor blocking agents" type="Drug_Class"/></ellipsisSentence><middleSentence id="Dailymed.c2e709d2-96a2-41ea-b5e9-9ce4ccb91f59.s.40" text="Anesthetics, general exaggeration of the hypotension induced by general anesthetics (see WARNINGS, Major Surgery)."/><middleSentence id="Dailymed.c2e709d2-96a2-41ea-b5e9-9ce4ccb91f59.s.41" text="Antidiabetic drugs (oral agents and insulin) hypoglycemia or hyperglycemia; "/><middleSentence id="Dailymed.c2e709d2-96a2-41ea-b5e9-9ce4ccb91f59.s.42" text="adjust dosage of antidiabetic drug accordingly (see WARNINGS, Diabetes and Hypoglycemia)."/></relation></relations></interaction></drugInteraction></sentence><sentence biomedicalEntities="0" id="Dailymed.c2e709d2-96a2-41ea-b5e9-9ce4ccb91f59.s.44" lineNumber="51" text="monitor closely for evidence of hypotension and/or excessive bradycardia (e.g., vertigo, syncope, postural hypotension)." type="irregular"><entity charOffset="26:37" id="Dailymed.c2e709d2-96a2-41ea-b5e9-9ce4ccb91f59.s.44.e.0" text="hypotension" type="Specific_Interaction"/><entity charOffset="55:66" id="Dailymed.c2e709d2-96a2-41ea-b5e9-9ce4ccb91f59.s.44.e.2" text="bradycardia" type="Specific_Interaction"/><entity charOffset="74:81" id="Dailymed.c2e709d2-96a2-41ea-b5e9-9ce4ccb91f59.s.44.e.4" text="vertigo" type="Specific_Interaction"/><entity charOffset="83:90" id="Dailymed.c2e709d2-96a2-41ea-b5e9-9ce4ccb91f59.s.44.e.6" text="syncope" type="Specific_Interaction"/><entity charOffset="92:112" id="Dailymed.c2e709d2-96a2-41ea-b5e9-9ce4ccb91f59.s.44.e.8" text="postural hypotension" type="Specific_Interaction"/><drugInteraction id="Dailymed.c2e709d2-96a2-41ea-b5e9-9ce4ccb91f59.s.44.ddi.1"><interaction trigger="Dailymed.c2e709d2-96a2-41ea-b5e9-9ce4ccb91f59.s.44.e.0"><relations><relation type="hasPrecipitant"/><relation type="hasObject"><ellipsisSentence id="Dailymed.c2e709d2-96a2-41ea-b5e9-9ce4ccb91f59.s.39" text="When administered concurrently, the following drugs may interact with beta-adrenergic receptor blocking agents:"><entity charOffset="68:108" id="Dailymed.c2e709d2-96a2-41ea-b5e9-9ce4ccb91f59.s.39.e.0" text="beta-adrenergic receptor blocking agents" type="Drug_Class"/></ellipsisSentence><middleSentence id="Dailymed.c2e709d2-96a2-41ea-b5e9-9ce4ccb91f59.s.40" text="Anesthetics, general exaggeration of the hypotension induced by general anesthetics (see WARNINGS, Major Surgery)."/><middleSentence id="Dailymed.c2e709d2-96a2-41ea-b5e9-9ce4ccb91f59.s.41" text="Antidiabetic drugs (oral agents and insulin) hypoglycemia or hyperglycemia; "/><middleSentence id="Dailymed.c2e709d2-96a2-41ea-b5e9-9ce4ccb91f59.s.42" text="adjust dosage of antidiabetic drug accordingly (see WARNINGS, Diabetes and Hypoglycemia)."/><middleSentence id="Dailymed.c2e709d2-96a2-41ea-b5e9-9ce4ccb91f59.s.43" text="Catecholamine-depleting drugs (e.g., reserpine) additive effect; "/></relation></relations></interaction></drugInteraction><drugInteraction id="Dailymed.c2e709d2-96a2-41ea-b5e9-9ce4ccb91f59.s.44.ddi.2"><interaction trigger="Dailymed.c2e709d2-96a2-41ea-b5e9-9ce4ccb91f59.s.44.e.2"><relations><relation type="hasPrecipitant"/><relation type="hasObject"><ellipsisSentence id="Dailymed.c2e709d2-96a2-41ea-b5e9-9ce4ccb91f59.s.39" text="When administered concurrently, the following drugs may interact with beta-adrenergic receptor blocking agents:"><entity charOffset="68:108" id="Dailymed.c2e709d2-96a2-41ea-b5e9-9ce4ccb91f59.s.39.e.0" text="beta-adrenergic receptor blocking agents" type="Drug_Class"/></ellipsisSentence><middleSentence id="Dailymed.c2e709d2-96a2-41ea-b5e9-9ce4ccb91f59.s.40" text="Anesthetics, general exaggeration of the hypotension induced by general anesthetics (see WARNINGS, Major Surgery)."/><middleSentence id="Dailymed.c2e709d2-96a2-41ea-b5e9-9ce4ccb91f59.s.41" text="Antidiabetic drugs (oral agents and insulin) hypoglycemia or hyperglycemia; "/><middleSentence id="Dailymed.c2e709d2-96a2-41ea-b5e9-9ce4ccb91f59.s.42" text="adjust dosage of antidiabetic drug accordingly (see WARNINGS, Diabetes and Hypoglycemia)."/><middleSentence id="Dailymed.c2e709d2-96a2-41ea-b5e9-9ce4ccb91f59.s.43" text="Catecholamine-depleting drugs (e.g., reserpine) additive effect; "/></relation></relations></interaction></drugInteraction><drugInteraction id="Dailymed.c2e709d2-96a2-41ea-b5e9-9ce4ccb91f59.s.44.ddi.3"><interaction trigger="Dailymed.c2e709d2-96a2-41ea-b5e9-9ce4ccb91f59.s.44.e.4"><relations><relation type="hasPrecipitant"/><relation type="hasObject"><ellipsisSentence id="Dailymed.c2e709d2-96a2-41ea-b5e9-9ce4ccb91f59.s.39" text="When administered concurrently, the following drugs may interact with beta-adrenergic receptor blocking agents:"><entity charOffset="68:108" id="Dailymed.c2e709d2-96a2-41ea-b5e9-9ce4ccb91f59.s.39.e.0" text="beta-adrenergic receptor blocking agents" type="Drug_Class"/></ellipsisSentence><middleSentence id="Dailymed.c2e709d2-96a2-41ea-b5e9-9ce4ccb91f59.s.40" text="Anesthetics, general exaggeration of the hypotension induced by general anesthetics (see WARNINGS, Major Surgery)."/><middleSentence id="Dailymed.c2e709d2-96a2-41ea-b5e9-9ce4ccb91f59.s.41" text="Antidiabetic drugs (oral agents and insulin) hypoglycemia or hyperglycemia; "/><middleSentence id="Dailymed.c2e709d2-96a2-41ea-b5e9-9ce4ccb91f59.s.42" text="adjust dosage of antidiabetic drug accordingly (see WARNINGS, Diabetes and Hypoglycemia)."/><middleSentence id="Dailymed.c2e709d2-96a2-41ea-b5e9-9ce4ccb91f59.s.43" text="Catecholamine-depleting drugs (e.g., reserpine) additive effect; "/></relation></relations></interaction></drugInteraction><drugInteraction id="Dailymed.c2e709d2-96a2-41ea-b5e9-9ce4ccb91f59.s.44.ddi.4"><interaction trigger="Dailymed.c2e709d2-96a2-41ea-b5e9-9ce4ccb91f59.s.44.e.6"><relations><relation type="hasPrecipitant"/><relation type="hasObject"><ellipsisSentence id="Dailymed.c2e709d2-96a2-41ea-b5e9-9ce4ccb91f59.s.39" text="When administered concurrently, the following drugs may interact with beta-adrenergic receptor blocking agents:"><entity charOffset="68:108" id="Dailymed.c2e709d2-96a2-41ea-b5e9-9ce4ccb91f59.s.39.e.0" text="beta-adrenergic receptor blocking agents" type="Drug_Class"/></ellipsisSentence><middleSentence id="Dailymed.c2e709d2-96a2-41ea-b5e9-9ce4ccb91f59.s.40" text="Anesthetics, general exaggeration of the hypotension induced by general anesthetics (see WARNINGS, Major Surgery)."/><middleSentence id="Dailymed.c2e709d2-96a2-41ea-b5e9-9ce4ccb91f59.s.41" text="Antidiabetic drugs (oral agents and insulin) hypoglycemia or hyperglycemia; "/><middleSentence id="Dailymed.c2e709d2-96a2-41ea-b5e9-9ce4ccb91f59.s.42" text="adjust dosage of antidiabetic drug accordingly (see WARNINGS, Diabetes and Hypoglycemia)."/><middleSentence id="Dailymed.c2e709d2-96a2-41ea-b5e9-9ce4ccb91f59.s.43" text="Catecholamine-depleting drugs (e.g., reserpine) additive effect; "/></relation></relations></interaction></drugInteraction><drugInteraction id="Dailymed.c2e709d2-96a2-41ea-b5e9-9ce4ccb91f59.s.44.ddi.5"><interaction trigger="Dailymed.c2e709d2-96a2-41ea-b5e9-9ce4ccb91f59.s.44.e.8"><relations><relation type="hasPrecipitant"/><relation type="hasObject"><ellipsisSentence id="Dailymed.c2e709d2-96a2-41ea-b5e9-9ce4ccb91f59.s.39" text="When administered concurrently, the following drugs may interact with beta-adrenergic receptor blocking agents:"><entity charOffset="68:108" id="Dailymed.c2e709d2-96a2-41ea-b5e9-9ce4ccb91f59.s.39.e.0" text="beta-adrenergic receptor blocking agents" type="Drug_Class"/></ellipsisSentence><middleSentence id="Dailymed.c2e709d2-96a2-41ea-b5e9-9ce4ccb91f59.s.40" text="Anesthetics, general exaggeration of the hypotension induced by general anesthetics (see WARNINGS, Major Surgery)."/><middleSentence id="Dailymed.c2e709d2-96a2-41ea-b5e9-9ce4ccb91f59.s.41" text="Antidiabetic drugs (oral agents and insulin) hypoglycemia or hyperglycemia; "/><middleSentence id="Dailymed.c2e709d2-96a2-41ea-b5e9-9ce4ccb91f59.s.42" text="adjust dosage of antidiabetic drug accordingly (see WARNINGS, Diabetes and Hypoglycemia)."/><middleSentence id="Dailymed.c2e709d2-96a2-41ea-b5e9-9ce4ccb91f59.s.43" text="Catecholamine-depleting drugs (e.g., reserpine) additive effect; "/></relation></relations></interaction></drugInteraction></sentence><sentence id="Dailymed.c2e709d2-96a2-41ea-b5e9-9ce4ccb91f59.s.45" text="Digitalis glycosides Both digitalis glycosides and beta-blockers slow atrioventricular conduction and decrease heart rate. " type="negative"><entity charOffset="0:20" id="Dailymed.c2e709d2-96a2-41ea-b5e9-9ce4ccb91f59.s.45.e.0" text="digitalis glycosides" type="Biomedical_Entity"><Normalization><mmtx cui="C0012253" phraseText="Digitalis glycosides" preferredWord="Digitalis Glycosides" semType="phsu, carb"/><RxNorm RxCui="91235"/></Normalization></entity><entity charOffset="26:46" id="Dailymed.c2e709d2-96a2-41ea-b5e9-9ce4ccb91f59.s.45.e.1" text="digitalis glycosides" type="Biomedical_Entity"><Normalization><mmtx cui="C0012253" phraseText="Both digitalis glycosides" preferredWord="Digitalis Glycosides" semType="phsu, carb"/><RxNorm RxCui="91235"/></Normalization></entity><entity charOffset="51:64" id="Dailymed.c2e709d2-96a2-41ea-b5e9-9ce4ccb91f59.s.45.e.2" text="beta-blockers" type="Biomedical_Entity"><Normalization><mmtx cui="C0001645" phraseText="beta-blockers slow atrioventricular conduction" preferredWord="Adrenergic beta-Antagonists" semType="phsu"/><RxNorm RxCui="371"/></Normalization></entity><pair ddi="false" e1="Dailymed.c2e709d2-96a2-41ea-b5e9-9ce4ccb91f59.s.45.e.0" e2="Dailymed.c2e709d2-96a2-41ea-b5e9-9ce4ccb91f59.s.45.e.2"/><pair ddi="false" e1="Dailymed.c2e709d2-96a2-41ea-b5e9-9ce4ccb91f59.s.45.e.1" e2="Dailymed.c2e709d2-96a2-41ea-b5e9-9ce4ccb91f59.s.45.e.2"/></sentence><sentence biomedicalEntities="0" id="Dailymed.c2e709d2-96a2-41ea-b5e9-9ce4ccb91f59.s.46" lineNumber="53" text="Concomitant use can increase the risk of bradycardia." type="irregular"><entity charOffset="33:44" id="Dailymed.c2e709d2-96a2-41ea-b5e9-9ce4ccb91f59.s.46.e.0" text="bradycardia" type="Specific_Interaction"/><drugInteraction id="Dailymed.c2e709d2-96a2-41ea-b5e9-9ce4ccb91f59.s.46.ddi.1"><interaction trigger="Dailymed.c2e709d2-96a2-41ea-b5e9-9ce4ccb91f59.s.46.e.0"><relations><relation type="hasObject"><ellipsisSentence id="Dailymed.c2e709d2-96a2-41ea-b5e9-9ce4ccb91f59.s.45" text="Digitalis glycosides Both digitalis glycosides and beta-blockers slow atrioventricular conduction and decrease heart rate. "><entity charOffset="43:56" id="Dailymed.c2e709d2-96a2-41ea-b5e9-9ce4ccb91f59.s.45.e.1" text="beta-blockers" type="Drug_Class"/></ellipsisSentence></relation><relation type="hasPrecipitant"><ellipsisSentence id="Dailymed.c2e709d2-96a2-41ea-b5e9-9ce4ccb91f59.s.45" text="Digitalis glycosides Both digitalis glycosides and beta-blockers slow atrioventricular conduction and decrease heart rate. "><entity charOffset="18:38" id="Dailymed.c2e709d2-96a2-41ea-b5e9-9ce4ccb91f59.s.45.e.0" text="digitalis glycosides" type="Drug_Class"/></ellipsisSentence></relation></relations></interaction></drugInteraction></sentence><sentence id="Dailymed.c2e709d2-96a2-41ea-b5e9-9ce4ccb91f59.s.47" text="Response to Treatment for Anaphylactic Reaction While taking beta-blockers, patients with a history of severe anaphylactic reaction to a variety of allergens may be more reactive to repeated challenge, either accidental, diagnostic, or therapeutic. " type="negative"><entity charOffset="61:74" id="Dailymed.c2e709d2-96a2-41ea-b5e9-9ce4ccb91f59.s.47.e.0" text="beta-blockers" type="Biomedical_Entity"><Normalization><mmtx cui="C0001645" phraseText="taking beta-blockers," preferredWord="Adrenergic beta-Antagonists" semType="phsu"/><RxNorm RxCui="371"/></Normalization></entity><entity charOffset="148:157" id="Dailymed.c2e709d2-96a2-41ea-b5e9-9ce4ccb91f59.s.47.e.1" text="allergens" type="Biomedical_Entity"><Normalization><mmtx cui="C3274161" phraseText="of allergens" preferredWord="Allergen (brand of diphenylpyraline)" semType="phsu, orch"/><RxNorm RxCui="1297244"/></Normalization></entity><pair ddi="false" e1="Dailymed.c2e709d2-96a2-41ea-b5e9-9ce4ccb91f59.s.47.e.0" e2="Dailymed.c2e709d2-96a2-41ea-b5e9-9ce4ccb91f59.s.47.e.1"/></sentence><sentence id="Dailymed.c2e709d2-96a2-41ea-b5e9-9ce4ccb91f59.s.55" text="In animal reproduction studies with nadolol, evidence of embryo- and fetotoxicity was found in rabbits, but not in rats or hamsters, at doses 5 to 10 times greater (on a mg/kg basis) than the maximum indicated human dose. " type="negative"><entity charOffset="36:43" id="Dailymed.c2e709d2-96a2-41ea-b5e9-9ce4ccb91f59.s.55.e.0" text="nadolol" type="Biomedical_Entity"><Normalization><mmtx cui="C0027302" phraseText="studies with nadolol," preferredWord="Nadolol" semType="phsu, orch"/><RxNorm RxCui="7226"/></Normalization></entity><entity charOffset="176:181" id="Dailymed.c2e709d2-96a2-41ea-b5e9-9ce4ccb91f59.s.55.e.1" text="basis" type="Biomedical_Entity"><Normalization><mmtx cui="C1874451" phraseText="on a mg/kg basis" preferredWord="Basis" semType="phsu"/><RxNorm RxCui="1046801"/></Normalization></entity><pair ddi="false" e1="Dailymed.c2e709d2-96a2-41ea-b5e9-9ce4ccb91f59.s.55.e.0" e2="Dailymed.c2e709d2-96a2-41ea-b5e9-9ce4ccb91f59.s.55.e.1"/></sentence><sentence id="Dailymed.c2e709d2-96a2-41ea-b5e9-9ce4ccb91f59.s.62" text="Because of the potential for adverse effects in nursing infants, a decision should be made whether to discontinue nursing or to discontinue therapy taking into account the importance of CORGARD (nadolol) to the mother." type="negative"><entity charOffset="195:202" id="Dailymed.c2e709d2-96a2-41ea-b5e9-9ce4ccb91f59.s.62.e.0" text="nadolol" type="Biomedical_Entity"><Normalization><mmtx cui="C0027302" phraseText="(nadolol" preferredWord="Nadolol" semType="phsu, orch"/><RxNorm RxCui="7226"/></Normalization></entity><entity charOffset="186:193" id="Dailymed.c2e709d2-96a2-41ea-b5e9-9ce4ccb91f59.s.62.e.1" text="corgard" type="Biomedical_Entity"><Normalization><mmtx cui="C0591292" phraseText="the importance of CORGARD" preferredWord="Corgard" semType="phsu, orch"/><RxNorm RxCui="151549"/></Normalization></entity><pair ddi="false" e1="Dailymed.c2e709d2-96a2-41ea-b5e9-9ce4ccb91f59.s.62.e.1" e2="Dailymed.c2e709d2-96a2-41ea-b5e9-9ce4ccb91f59.s.62.e.0"/></sentence><sentence id="Dailymed.c2e709d2-96a2-41ea-b5e9-9ce4ccb91f59.s.95" text="The following adverse reactions have been reported in patients taking nadolol and/or other beta-adrenergic blocking agents, but no causal relationship to nadolol has been established." type="negative"><entity charOffset="70:77" id="Dailymed.c2e709d2-96a2-41ea-b5e9-9ce4ccb91f59.s.95.e.0" text="nadolol" type="Biomedical_Entity"><Normalization><mmtx cui="C0027302" phraseText="nadolol" preferredWord="Nadolol" semType="phsu, orch"/><RxNorm RxCui="7226"/></Normalization></entity><entity charOffset="154:161" id="Dailymed.c2e709d2-96a2-41ea-b5e9-9ce4ccb91f59.s.95.e.1" text="nadolol" type="Biomedical_Entity"><Normalization><mmtx cui="C0027302" phraseText="no causal relationship to nadolol" preferredWord="Nadolol" semType="phsu, orch"/><RxNorm RxCui="7226"/></Normalization></entity><entity charOffset="91:122" id="Dailymed.c2e709d2-96a2-41ea-b5e9-9ce4ccb91f59.s.95.e.2" text="beta-adrenergic blocking agents" type="Biomedical_Entity"><Normalization><mmtx cui="C0001645" phraseText="other beta-adrenergic blocking agents," preferredWord="Adrenergic beta-Antagonists" semType="phsu"/><RxNorm RxCui="9162"/></Normalization></entity><pair ddi="false" e1="Dailymed.c2e709d2-96a2-41ea-b5e9-9ce4ccb91f59.s.95.e.0" e2="Dailymed.c2e709d2-96a2-41ea-b5e9-9ce4ccb91f59.s.95.e.2"/><pair ddi="false" e1="Dailymed.c2e709d2-96a2-41ea-b5e9-9ce4ccb91f59.s.95.e.2" e2="Dailymed.c2e709d2-96a2-41ea-b5e9-9ce4ccb91f59.s.95.e.1"/></sentence><sentence id="Dailymed.c2e709d2-96a2-41ea-b5e9-9ce4ccb91f59.s.117" text="The oculomucocutaneous syndrome associated with the beta-blocker practolol has not been reported with nadolol." type="negative"><entity charOffset="65:74" id="Dailymed.c2e709d2-96a2-41ea-b5e9-9ce4ccb91f59.s.117.e.0" text="practolol" type="Biomedical_Entity"><Normalization><mmtx cui="C0032896" phraseText="associated with the beta-blocker practolol" preferredWord="Practolol" semType="phsu, orch"/><RxNorm RxCui="8620"/></Normalization></entity><entity charOffset="102:109" id="Dailymed.c2e709d2-96a2-41ea-b5e9-9ce4ccb91f59.s.117.e.1" text="nadolol" type="Biomedical_Entity"><Normalization><mmtx cui="C0027302" phraseText="reported with nadolol." preferredWord="Nadolol" semType="phsu, orch"/><RxNorm RxCui="7226"/></Normalization></entity><entity charOffset="52:64" id="Dailymed.c2e709d2-96a2-41ea-b5e9-9ce4ccb91f59.s.117.e.2" text="beta-blocker" type="Biomedical_Entity"><Normalization><mmtx cui="C0001645" phraseText="associated with the beta-blocker practolol" preferredWord="Adrenergic beta-Antagonists" semType="phsu"/><RxNorm RxCui="371"/></Normalization></entity><pair ddi="false" e1="Dailymed.c2e709d2-96a2-41ea-b5e9-9ce4ccb91f59.s.117.e.0" e2="Dailymed.c2e709d2-96a2-41ea-b5e9-9ce4ccb91f59.s.117.e.1"/><pair ddi="false" e1="Dailymed.c2e709d2-96a2-41ea-b5e9-9ce4ccb91f59.s.117.e.2" e2="Dailymed.c2e709d2-96a2-41ea-b5e9-9ce4ccb91f59.s.117.e.0"/><pair ddi="false" e1="Dailymed.c2e709d2-96a2-41ea-b5e9-9ce4ccb91f59.s.117.e.2" e2="Dailymed.c2e709d2-96a2-41ea-b5e9-9ce4ccb91f59.s.117.e.1"/></sentence><sentence id="Dailymed.c2e709d2-96a2-41ea-b5e9-9ce4ccb91f59.s.120" text="CORGARD (NADOLOL) MAY BE ADMINISTERED WITHOUT REGARD TO MEALS." type="negative"><entity charOffset="0:7" id="Dailymed.c2e709d2-96a2-41ea-b5e9-9ce4ccb91f59.s.120.e.0" text="corgard" type="Biomedical_Entity"><Normalization><mmtx cui="C0591292" phraseText="CORGARD" preferredWord="Corgard" semType="phsu, orch"/><RxNorm RxCui="151549"/></Normalization></entity><entity charOffset="9:16" id="Dailymed.c2e709d2-96a2-41ea-b5e9-9ce4ccb91f59.s.120.e.1" text="nadolol" type="Biomedical_Entity"><Normalization><mmtx cui="C0027302" phraseText="(NADOLOL" preferredWord="Nadolol" semType="phsu, orch"/><RxNorm RxCui="7226"/></Normalization></entity><pair ddi="false" e1="Dailymed.c2e709d2-96a2-41ea-b5e9-9ce4ccb91f59.s.120.e.0" e2="Dailymed.c2e709d2-96a2-41ea-b5e9-9ce4ccb91f59.s.120.e.1"/></sentence><sentence id="Dailymed.c2e709d2-96a2-41ea-b5e9-9ce4ccb91f59.s.122" text="The usual initial dose is 40 mg CORGARD (nadolol) once daily. " type="negative"><entity charOffset="32:39" id="Dailymed.c2e709d2-96a2-41ea-b5e9-9ce4ccb91f59.s.122.e.0" text="corgard" type="Biomedical_Entity"><Normalization><mmtx cui="C0591292" phraseText="40 mg CORGARD" preferredWord="Corgard" semType="phsu, orch"/><RxNorm RxCui="151549"/></Normalization></entity><entity charOffset="41:48" id="Dailymed.c2e709d2-96a2-41ea-b5e9-9ce4ccb91f59.s.122.e.1" text="nadolol" type="Biomedical_Entity"><Normalization><mmtx cui="C0027302" phraseText="(nadolol" preferredWord="Nadolol" semType="phsu, orch"/><RxNorm RxCui="7226"/></Normalization></entity><pair ddi="false" e1="Dailymed.c2e709d2-96a2-41ea-b5e9-9ce4ccb91f59.s.122.e.0" e2="Dailymed.c2e709d2-96a2-41ea-b5e9-9ce4ccb91f59.s.122.e.1"/></sentence><sentence id="Dailymed.c2e709d2-96a2-41ea-b5e9-9ce4ccb91f59.s.129" text="The usual initial dose is 40 mg CORGARD (nadolol) once daily, whether it is used alone or in addition to diuretic therapy. " type="negative"><entity charOffset="105:113" id="Dailymed.c2e709d2-96a2-41ea-b5e9-9ce4ccb91f59.s.129.e.0" text="diuretic" type="Biomedical_Entity"><Normalization><mmtx cui="C0012798" phraseText="or in addition to diuretic therapy." preferredWord="Diuretics" semType="phsu"/><RxNorm RxCui="3567"/></Normalization></entity><entity charOffset="41:48" id="Dailymed.c2e709d2-96a2-41ea-b5e9-9ce4ccb91f59.s.129.e.1" text="nadolol" type="Biomedical_Entity"><Normalization><mmtx cui="C0027302" phraseText="(nadolol" preferredWord="Nadolol" semType="phsu, orch"/><RxNorm RxCui="7226"/></Normalization></entity><entity charOffset="32:39" id="Dailymed.c2e709d2-96a2-41ea-b5e9-9ce4ccb91f59.s.129.e.2" text="corgard" type="Biomedical_Entity"><Normalization><mmtx cui="C0591292" phraseText="40 mg CORGARD" preferredWord="Corgard" semType="phsu, orch"/><RxNorm RxCui="151549"/></Normalization></entity><pair ddi="false" e1="Dailymed.c2e709d2-96a2-41ea-b5e9-9ce4ccb91f59.s.129.e.1" e2="Dailymed.c2e709d2-96a2-41ea-b5e9-9ce4ccb91f59.s.129.e.0"/><pair ddi="false" e1="Dailymed.c2e709d2-96a2-41ea-b5e9-9ce4ccb91f59.s.129.e.2" e2="Dailymed.c2e709d2-96a2-41ea-b5e9-9ce4ccb91f59.s.129.e.0"/><pair ddi="false" e1="Dailymed.c2e709d2-96a2-41ea-b5e9-9ce4ccb91f59.s.129.e.2" e2="Dailymed.c2e709d2-96a2-41ea-b5e9-9ce4ccb91f59.s.129.e.1"/></sentence><positiveExamples number="3"/><negativeExamples number="24"/></document>