<?xml version="1.0" encoding="UTF-8" standalone="no"?><document setID="ca68879c-0214-4d7c-93b0-bdaf8ef23f8e"><labelDrug name="Persantine"><Normalization/></labelDrug><generic name="dipyridamole"/><sentence id="Dailymed.ca68879c-0214-4d7c-93b0-bdaf8ef23f8e.s.1" text="Drug Label for drug brand Persantine, containing dipyridamole." type="negative"><entity charOffset="26:36" id="Dailymed.ca68879c-0214-4d7c-93b0-bdaf8ef23f8e.s.1.e.0" text="persantine" type="Biomedical_Entity"><Normalization><mmtx cui="C0700020" phraseText="Drug Label for drug brand Persantine," preferredWord="Persantine" semType="phsu, orch"/><RxNorm RxCui="203015"/></Normalization></entity><entity charOffset="0:19" id="Dailymed.ca68879c-0214-4d7c-93b0-bdaf8ef23f8e.s.1.e.1" text="drug drug" type="Biomedical_Entity"><Normalization><mmtx cui="C0013231" phraseText="Drug Label for drug brand Persantine," preferredWord="Drugs, Non-Prescription" semType="phsu"/><RxNorm RxCui="NA"/></Normalization></entity><entity charOffset="49:61" id="Dailymed.ca68879c-0214-4d7c-93b0-bdaf8ef23f8e.s.1.e.2" text="dipyridamole" type="Biomedical_Entity"><Normalization><mmtx cui="C0012582" phraseText="dipyridamole." preferredWord="Dipyridamole" semType="phsu, orch"/><RxNorm RxCui="3521"/></Normalization></entity><pair ddi="false" e1="Dailymed.ca68879c-0214-4d7c-93b0-bdaf8ef23f8e.s.1.e.1" e2="Dailymed.ca68879c-0214-4d7c-93b0-bdaf8ef23f8e.s.1.e.0"/><pair ddi="false" e1="Dailymed.ca68879c-0214-4d7c-93b0-bdaf8ef23f8e.s.1.e.0" e2="Dailymed.ca68879c-0214-4d7c-93b0-bdaf8ef23f8e.s.1.e.2"/><pair ddi="false" e1="Dailymed.ca68879c-0214-4d7c-93b0-bdaf8ef23f8e.s.1.e.1" e2="Dailymed.ca68879c-0214-4d7c-93b0-bdaf8ef23f8e.s.1.e.2"/></sentence><sentence id="Dailymed.ca68879c-0214-4d7c-93b0-bdaf8ef23f8e.s.13" text="No pharmacokinetic drug-drug interaction studies were conducted with Persantine (dipyridamole USP) tablets. " type="negative"><entity charOffset="81:106" id="Dailymed.ca68879c-0214-4d7c-93b0-bdaf8ef23f8e.s.13.e.0" text="dipyridamole tablets" type="Biomedical_Entity"><Normalization><mmtx cui="C1242076" phraseText="(dipyridamole USP) tablets." preferredWord="Dipyridamole Oral Tablet [Persantine]" semType="clnd"/><RxNorm RxCui="3521"/></Normalization></entity><entity charOffset="69:79" id="Dailymed.ca68879c-0214-4d7c-93b0-bdaf8ef23f8e.s.13.e.1" text="persantine" type="Biomedical_Entity"><Normalization><mmtx cui="C0700020" phraseText="conducted with Persantine" preferredWord="Persantine" semType="phsu, orch"/><RxNorm RxCui="203015"/></Normalization></entity><pair ddi="false" e1="Dailymed.ca68879c-0214-4d7c-93b0-bdaf8ef23f8e.s.13.e.1" e2="Dailymed.ca68879c-0214-4d7c-93b0-bdaf8ef23f8e.s.13.e.0"/></sentence><sentence biomedicalEntities="2" id="Dailymed.ca68879c-0214-4d7c-93b0-bdaf8ef23f8e.s.15" lineNumber="27" text="Adenosine: Dipyridamole has been reported to increase the plasma levels and cardiovascular effects of adenosine. " type="regular"><entity charOffset="45:71" id="Dailymed.ca68879c-0214-4d7c-93b0-bdaf8ef23f8e.s.15.e.1" text="increase the plasma levels" type="Increase_Interaction"/><entity charOffset="11:23" id="Dailymed.ca68879c-0214-4d7c-93b0-bdaf8ef23f8e.s.15.e.2" text="Dipyridamole" type="Drug"><Normalization><mmtx cui="C0012582" phraseText="Dipyridamole" preferredWord="Dipyridamole" semType="phsu, orch"/><RxNorm RxCui="3521"/></Normalization></entity><entity charOffset="102:111" id="Dailymed.ca68879c-0214-4d7c-93b0-bdaf8ef23f8e.s.15.e.3" text="adenosine" type="Drug"><Normalization><mmtx cui="C0001443" phraseText="cardiovascular effects of adenosine." preferredWord="Adenosine" semType="phsu, nsba, nnon"/><RxNorm RxCui="296"/></Normalization></entity><entity charOffset="45:57|76:98" id="Dailymed.ca68879c-0214-4d7c-93b0-bdaf8ef23f8e.s.15.e.5" text="increase the cardiovascular effects" type="Specific_Interaction"/><drugInteraction id="Dailymed.ca68879c-0214-4d7c-93b0-bdaf8ef23f8e.s.15.ddi.1"><interaction trigger="Dailymed.ca68879c-0214-4d7c-93b0-bdaf8ef23f8e.s.15.e.1"><relations><relation type="hasPrecipitant"><entity id="Dailymed.ca68879c-0214-4d7c-93b0-bdaf8ef23f8e.s.15.e.2"/></relation><relation type="hasObject"><entity id="Dailymed.ca68879c-0214-4d7c-93b0-bdaf8ef23f8e.s.15.e.3"/></relation></relations></interaction></drugInteraction><drugInteraction id="Dailymed.ca68879c-0214-4d7c-93b0-bdaf8ef23f8e.s.15.ddi.2"><interaction trigger="Dailymed.ca68879c-0214-4d7c-93b0-bdaf8ef23f8e.s.15.e.5"><relations><relation type="hasObject"><entity id="Dailymed.ca68879c-0214-4d7c-93b0-bdaf8ef23f8e.s.15.e.2"/></relation><relation type="hasPrecipitant"><entity id="Dailymed.ca68879c-0214-4d7c-93b0-bdaf8ef23f8e.s.15.e.3"/></relation></relations></interaction></drugInteraction><pair ddi="true" e1="Dailymed.ca68879c-0214-4d7c-93b0-bdaf8ef23f8e.s.15.e.2" e2="Dailymed.ca68879c-0214-4d7c-93b0-bdaf8ef23f8e.s.15.e.3" trigger="Dailymed.ca68879c-0214-4d7c-93b0-bdaf8ef23f8e.s.15.e.1" type="Increase_Interaction"/></sentence><sentence biomedicalEntities="1" id="Dailymed.ca68879c-0214-4d7c-93b0-bdaf8ef23f8e.s.16" lineNumber="27" text="Adjustment of adenosine dosage may be necessary." type="irregular"><entity charOffset="0:13|24:30" id="Dailymed.ca68879c-0214-4d7c-93b0-bdaf8ef23f8e.s.16.e.1" text="Adjustment of dosage" type="Caution_Interaction"/><entity charOffset="14:23" id="Dailymed.ca68879c-0214-4d7c-93b0-bdaf8ef23f8e.s.16.e.2" text="adenosine" type="Drug"><Normalization><mmtx cui="C0001443" phraseText="Adjustment of adenosine dosage" preferredWord="Adenosine" semType="phsu, nsba, nnon"/><RxNorm RxCui="296"/></Normalization></entity><drugInteraction id="Dailymed.ca68879c-0214-4d7c-93b0-bdaf8ef23f8e.s.16.ddi.1"><interaction trigger="Dailymed.ca68879c-0214-4d7c-93b0-bdaf8ef23f8e.s.16.e.1"><relations><relation type="hasObject"><ellipsisSentence id="Dailymed.ca68879c-0214-4d7c-93b0-bdaf8ef23f8e.s.15" text="Adenosine: Dipyridamole has been reported to increase the plasma levels and cardiovascular effects of adenosine. "><entity id="Dailymed.ca68879c-0214-4d7c-93b0-bdaf8ef23f8e.s.15.e.2"/></ellipsisSentence></relation><relation type="hasPrecipitant"><entity id="Dailymed.ca68879c-0214-4d7c-93b0-bdaf8ef23f8e.s.16.e.2"/></relation></relations></interaction></drugInteraction><pair ddi="true" e1="labelDrug" e2="Dailymed.ca68879c-0214-4d7c-93b0-bdaf8ef23f8e.s.16.e.2"/></sentence><sentence biomedicalEntities="2" id="Dailymed.ca68879c-0214-4d7c-93b0-bdaf8ef23f8e.s.17" lineNumber="28" text="Cholinesterase Inhibitors: Dipyridamole may counteract the anticholinesterase effect of cholinesterase inhibitors, thereby potentially aggravating myasthenia gravis." type="regular"><entity charOffset="44:84" id="Dailymed.ca68879c-0214-4d7c-93b0-bdaf8ef23f8e.s.17.e.1" text="counteract the anticholinesterase effect" type="Specific_Interaction"/><entity charOffset="27:39" id="Dailymed.ca68879c-0214-4d7c-93b0-bdaf8ef23f8e.s.17.e.2" text="Dipyridamole" type="Drug"><Normalization><mmtx cui="C0012582" phraseText="Dipyridamole" preferredWord="Dipyridamole" semType="phsu, orch"/><RxNorm RxCui="3521"/></Normalization></entity><entity charOffset="88:113" id="Dailymed.ca68879c-0214-4d7c-93b0-bdaf8ef23f8e.s.17.e.3" text="cholinesterase inhibitors" type="Drug_Class"><Normalization><mmtx cui="C0008425" phraseText="the anticholinesterase effect of cholinesterase inhibitors," preferredWord="Cholinesterase Inhibitors" semType="phsu, orch"/><RxNorm RxCui="8895"/></Normalization></entity><entity charOffset="147:164" id="Dailymed.ca68879c-0214-4d7c-93b0-bdaf8ef23f8e.s.17.e.5" text="myasthenia gravis" type="Specific_Interaction"><Normalization><mmtx cui="C0026896" phraseText="myasthenia gravis." preferredWord="Myasthenia Gravis" semType="dsyn"/></Normalization></entity><drugInteraction id="Dailymed.ca68879c-0214-4d7c-93b0-bdaf8ef23f8e.s.17.ddi.1"><interaction trigger="Dailymed.ca68879c-0214-4d7c-93b0-bdaf8ef23f8e.s.17.e.1"><relations><relation type="hasObject"><entity id="Dailymed.ca68879c-0214-4d7c-93b0-bdaf8ef23f8e.s.17.e.2"/></relation><relation type="hasPrecipitant"><entity id="Dailymed.ca68879c-0214-4d7c-93b0-bdaf8ef23f8e.s.17.e.3"/></relation></relations></interaction></drugInteraction><drugInteraction id="Dailymed.ca68879c-0214-4d7c-93b0-bdaf8ef23f8e.s.17.ddi.2"><interaction trigger="Dailymed.ca68879c-0214-4d7c-93b0-bdaf8ef23f8e.s.17.e.5"><relations><relation type="hasObject"><entity id="Dailymed.ca68879c-0214-4d7c-93b0-bdaf8ef23f8e.s.17.e.2"/></relation><relation type="hasPrecipitant"><entity id="Dailymed.ca68879c-0214-4d7c-93b0-bdaf8ef23f8e.s.17.e.3"/></relation></relations></interaction></drugInteraction><pair ddi="true" e1="Dailymed.ca68879c-0214-4d7c-93b0-bdaf8ef23f8e.s.17.e.2" e2="Dailymed.ca68879c-0214-4d7c-93b0-bdaf8ef23f8e.s.17.e.3" trigger="Dailymed.ca68879c-0214-4d7c-93b0-bdaf8ef23f8e.s.17.e.1" type="Specific_Interaction"/></sentence><sentence id="Dailymed.ca68879c-0214-4d7c-93b0-bdaf8ef23f8e.s.22" text="There was no evidence of impaired fertility when dipyridamole was administered to male and female rats at oral doses up to 500 mg/kg/day (about 12 times the MRHD on a mg/m2 basis). " type="negative"><entity charOffset="173:178" id="Dailymed.ca68879c-0214-4d7c-93b0-bdaf8ef23f8e.s.22.e.0" text="basis" type="Biomedical_Entity"><Normalization><mmtx cui="C1874451" phraseText="on a mg/m2 basis" preferredWord="Basis" semType="phsu"/><RxNorm RxCui="1046801"/></Normalization></entity><entity charOffset="49:61" id="Dailymed.ca68879c-0214-4d7c-93b0-bdaf8ef23f8e.s.22.e.1" text="dipyridamole" type="Biomedical_Entity"><Normalization><mmtx cui="C0012582" phraseText="dipyridamole" preferredWord="Dipyridamole" semType="phsu, orch"/><RxNorm RxCui="3521"/></Normalization></entity><pair ddi="false" e1="Dailymed.ca68879c-0214-4d7c-93b0-bdaf8ef23f8e.s.22.e.1" e2="Dailymed.ca68879c-0214-4d7c-93b0-bdaf8ef23f8e.s.22.e.0"/></sentence><sentence id="Dailymed.ca68879c-0214-4d7c-93b0-bdaf8ef23f8e.s.26" text="Reproduction studies have been performed in mice, rabbits and rats at oral dipyridamole doses of up to 125 mg/kg, 40 mg/kg and 1000 mg/kg, respectively (about 1, 2 and 25 times the maximum recommended daily human oral dose, respectively, on a mg/m2 basis) and have revealed no evidence of harm to the fetus due to dipyridamole. " type="negative"><entity charOffset="314:326" id="Dailymed.ca68879c-0214-4d7c-93b0-bdaf8ef23f8e.s.26.e.0" text="dipyridamole" type="Biomedical_Entity"><Normalization><mmtx cui="C0012582" phraseText="due to dipyridamole." preferredWord="Dipyridamole" semType="phsu, orch"/><RxNorm RxCui="3521"/></Normalization></entity><entity charOffset="249:254" id="Dailymed.ca68879c-0214-4d7c-93b0-bdaf8ef23f8e.s.26.e.1" text="basis" type="Biomedical_Entity"><Normalization><mmtx cui="C1874451" phraseText="on a mg/m2 basis" preferredWord="Basis" semType="phsu"/><RxNorm RxCui="1046801"/></Normalization></entity><entity charOffset="75:87" id="Dailymed.ca68879c-0214-4d7c-93b0-bdaf8ef23f8e.s.26.e.2" text="dipyridamole" type="Biomedical_Entity"><Normalization><mmtx cui="C0012582" phraseText="rats at oral dipyridamole doses of" preferredWord="Dipyridamole" semType="phsu, orch"/><RxNorm RxCui="3521"/></Normalization></entity><pair ddi="false" e1="Dailymed.ca68879c-0214-4d7c-93b0-bdaf8ef23f8e.s.26.e.1" e2="Dailymed.ca68879c-0214-4d7c-93b0-bdaf8ef23f8e.s.26.e.0"/><pair ddi="false" e1="Dailymed.ca68879c-0214-4d7c-93b0-bdaf8ef23f8e.s.26.e.2" e2="Dailymed.ca68879c-0214-4d7c-93b0-bdaf8ef23f8e.s.26.e.1"/></sentence><sentence id="Dailymed.ca68879c-0214-4d7c-93b0-bdaf8ef23f8e.s.30" text="As dipyridamole is excreted in human milk, caution should be exercised when PERSANTINE tablets are administered to a nursing woman." type="negative"><entity charOffset="3:15" id="Dailymed.ca68879c-0214-4d7c-93b0-bdaf8ef23f8e.s.30.e.0" text="dipyridamole" type="Biomedical_Entity"><Normalization><mmtx cui="C0012582" phraseText="As dipyridamole" preferredWord="Dipyridamole" semType="phsu, orch"/><RxNorm RxCui="3521"/></Normalization></entity><entity charOffset="76:94" id="Dailymed.ca68879c-0214-4d7c-93b0-bdaf8ef23f8e.s.30.e.1" text="persantine tablets" type="Biomedical_Entity"><Normalization><mmtx cui="C1242076" phraseText="PERSANTINE tablets" preferredWord="Dipyridamole Oral Tablet [Persantine]" semType="clnd"/><RxNorm RxCui="203015"/></Normalization></entity><pair ddi="false" e1="Dailymed.ca68879c-0214-4d7c-93b0-bdaf8ef23f8e.s.30.e.0" e2="Dailymed.ca68879c-0214-4d7c-93b0-bdaf8ef23f8e.s.30.e.1"/></sentence><positiveExamples number="3"/><negativeExamples number="8"/></document>