<?xml version="1.0" encoding="UTF-8" standalone="no"?><document setID="cb128705-d8c7-4341-a976-d8fd7371df6d"><labelDrug name="Micro-K Extencaps"><Normalization/></labelDrug><generic name="Potassium Chloride"/><sentence id="Dailymed.cb128705-d8c7-4341-a976-d8fd7371df6d.s.1" text="MICRO-K EXTENCAPS (potassium chloride) capsule, extended release" type="negative"><entity charOffset="0:17" id="Dailymed.cb128705-d8c7-4341-a976-d8fd7371df6d.s.1.e.0" text="micro-k extencaps" type="Biomedical_Entity"><Normalization><mmtx cui="C0306814" phraseText="MICRO-K EXTENCAPS" preferredWord="Micro-K Extencaps" semType="inch, phsu"/><RxNorm RxCui="218365"/></Normalization></entity><entity charOffset="19:37" id="Dailymed.cb128705-d8c7-4341-a976-d8fd7371df6d.s.1.e.1" text="potassium chloride" type="Biomedical_Entity"><Normalization><mmtx cui="C0032825" phraseText="(potassium chloride" preferredWord="Potassium Chloride" semType="inch, phsu"/><RxNorm RxCui="8588"/></Normalization></entity><pair ddi="false" e1="Dailymed.cb128705-d8c7-4341-a976-d8fd7371df6d.s.1.e.0" e2="Dailymed.cb128705-d8c7-4341-a976-d8fd7371df6d.s.1.e.1"/></sentence><sentence id="Dailymed.cb128705-d8c7-4341-a976-d8fd7371df6d.s.2" text="MICRO-K 10 EXTENCAPS (potassium chloride) capsule, extended release" type="negative"><entity charOffset="0:20" id="Dailymed.cb128705-d8c7-4341-a976-d8fd7371df6d.s.2.e.0" text="micro-k 10 extencaps" type="Biomedical_Entity"><Normalization><mmtx cui="C0306813" phraseText="MICRO-K 10 EXTENCAPS" preferredWord="Micro-K 10 Extencaps" semType="inch, phsu"/><RxNorm RxCui="218365"/></Normalization></entity><entity charOffset="22:40" id="Dailymed.cb128705-d8c7-4341-a976-d8fd7371df6d.s.2.e.1" text="potassium chloride" type="Biomedical_Entity"><Normalization><mmtx cui="C0032825" phraseText="(potassium chloride" preferredWord="Potassium Chloride" semType="inch, phsu"/><RxNorm RxCui="8588"/></Normalization></entity><pair ddi="false" e1="Dailymed.cb128705-d8c7-4341-a976-d8fd7371df6d.s.2.e.0" e2="Dailymed.cb128705-d8c7-4341-a976-d8fd7371df6d.s.2.e.1"/></sentence><sentence id="Dailymed.cb128705-d8c7-4341-a976-d8fd7371df6d.s.3" text="Oral dosage forms of microencapsulated potassium chloride containing 600 and 750 mg, respectively, of potassium chloride, USP, equivalent to 8 and 10 mEq of potassium, respectively." type="negative"><entity charOffset="102:120" id="Dailymed.cb128705-d8c7-4341-a976-d8fd7371df6d.s.3.e.0" text="potassium chloride" type="Biomedical_Entity"><Normalization><mmtx cui="C0032825" phraseText="of potassium chloride," preferredWord="Potassium Chloride" semType="inch, phsu"/><RxNorm RxCui="8588"/></Normalization></entity><entity charOffset="39:57" id="Dailymed.cb128705-d8c7-4341-a976-d8fd7371df6d.s.3.e.1" text="potassium chloride" type="Biomedical_Entity"><Normalization><mmtx cui="C0032825" phraseText="forms of microencapsulated potassium chloride" preferredWord="Potassium Chloride" semType="inch, phsu"/><RxNorm RxCui="8588"/></Normalization></entity><entity charOffset="157:166" id="Dailymed.cb128705-d8c7-4341-a976-d8fd7371df6d.s.3.e.2" text="potassium" type="Biomedical_Entity"><Normalization><mmtx cui="C0597277" phraseText="10 mEq of potassium," preferredWord="Potassium Ion" semType="phsu, elii"/><RxNorm RxCui="8588"/></Normalization></entity><pair ddi="false" e1="Dailymed.cb128705-d8c7-4341-a976-d8fd7371df6d.s.3.e.0" e2="Dailymed.cb128705-d8c7-4341-a976-d8fd7371df6d.s.3.e.2"/><pair ddi="false" e1="Dailymed.cb128705-d8c7-4341-a976-d8fd7371df6d.s.3.e.1" e2="Dailymed.cb128705-d8c7-4341-a976-d8fd7371df6d.s.3.e.2"/></sentence><sentence id="Dailymed.cb128705-d8c7-4341-a976-d8fd7371df6d.s.5" text="Potassium supplements are contraindicated in patients with hyperkalemia since a further increase in serum potassium concentration in such patients can produce cardiac arrest. " type="negative"><entity charOffset="106:115" id="Dailymed.cb128705-d8c7-4341-a976-d8fd7371df6d.s.5.e.0" text="potassium" type="Biomedical_Entity"><Normalization><mmtx cui="C0597277" phraseText="a further increase in serum potassium concentration" preferredWord="Potassium Ion" semType="phsu, elii"/><RxNorm RxCui="8588"/></Normalization></entity><entity charOffset="0:21" id="Dailymed.cb128705-d8c7-4341-a976-d8fd7371df6d.s.5.e.1" text="potassium supplements" type="Biomedical_Entity"><Normalization><mmtx cui="C0304475" phraseText="Potassium supplements" preferredWord="Potassium supplement" semType="inch, phsu"/><RxNorm RxCui="8588"/></Normalization></entity><pair ddi="false" e1="Dailymed.cb128705-d8c7-4341-a976-d8fd7371df6d.s.5.e.1" e2="Dailymed.cb128705-d8c7-4341-a976-d8fd7371df6d.s.5.e.0"/></sentence><sentence id="Dailymed.cb128705-d8c7-4341-a976-d8fd7371df6d.s.6" text="Hyperkalemia may complicate any of the following conditions: chronic renal failure, systemic acidosis such as diabetic acidosis, acute dehydration, extensive tissue breakdown as in severe burns, adrenal insufficiency, or the administration of a potassium-sparing diuretic (e.g., spironolactone, triamterene, amiloride) (see OVERDOSAGE)." type="negative"><entity charOffset="279:293" id="Dailymed.cb128705-d8c7-4341-a976-d8fd7371df6d.s.6.e.0" text="spironolactone" type="Biomedical_Entity"><Normalization><mmtx cui="C0037982" phraseText="spironolactone," preferredWord="Spironolactone" semType="strd, phsu"/><RxNorm RxCui="9997"/></Normalization></entity><entity charOffset="245:271" id="Dailymed.cb128705-d8c7-4341-a976-d8fd7371df6d.s.6.e.1" text="potassium-sparing diuretic" type="Biomedical_Entity"><Normalization><mmtx cui="C0304490" phraseText="the administration of a potassium-sparing diuretic" preferredWord="Potassium Sparing Diuretics" semType="phsu"/><RxNorm RxCui="1437061"/></Normalization></entity><entity charOffset="295:306" id="Dailymed.cb128705-d8c7-4341-a976-d8fd7371df6d.s.6.e.2" text="triamterene" type="Biomedical_Entity"><Normalization><mmtx cui="C0040869" phraseText="triamterene," preferredWord="Triamterene" semType="phsu, orch"/><RxNorm RxCui="10763"/></Normalization></entity><entity charOffset="308:317" id="Dailymed.cb128705-d8c7-4341-a976-d8fd7371df6d.s.6.e.3" text="amiloride" type="Biomedical_Entity"><Normalization><mmtx cui="C0002502" phraseText="amiloride" preferredWord="Amiloride" semType="phsu, orch"/><RxNorm RxCui="142424"/></Normalization></entity><pair ddi="false" e1="Dailymed.cb128705-d8c7-4341-a976-d8fd7371df6d.s.6.e.1" e2="Dailymed.cb128705-d8c7-4341-a976-d8fd7371df6d.s.6.e.0"/><pair ddi="false" e1="Dailymed.cb128705-d8c7-4341-a976-d8fd7371df6d.s.6.e.0" e2="Dailymed.cb128705-d8c7-4341-a976-d8fd7371df6d.s.6.e.2"/><pair ddi="false" e1="Dailymed.cb128705-d8c7-4341-a976-d8fd7371df6d.s.6.e.0" e2="Dailymed.cb128705-d8c7-4341-a976-d8fd7371df6d.s.6.e.3"/><pair ddi="false" e1="Dailymed.cb128705-d8c7-4341-a976-d8fd7371df6d.s.6.e.1" e2="Dailymed.cb128705-d8c7-4341-a976-d8fd7371df6d.s.6.e.2"/><pair ddi="false" e1="Dailymed.cb128705-d8c7-4341-a976-d8fd7371df6d.s.6.e.1" e2="Dailymed.cb128705-d8c7-4341-a976-d8fd7371df6d.s.6.e.3"/><pair ddi="false" e1="Dailymed.cb128705-d8c7-4341-a976-d8fd7371df6d.s.6.e.2" e2="Dailymed.cb128705-d8c7-4341-a976-d8fd7371df6d.s.6.e.3"/></sentence><sentence id="Dailymed.cb128705-d8c7-4341-a976-d8fd7371df6d.s.9" text="All solid oral dosage forms of potassium chloride are contraindicated in any patient in whom there is structural, pathological (e.g., diabetic gastroparesis) or pharmacologic (use of anticholinergic agents or other agents with anticholineric properties at sufficient doses to exert anticholinergic effects) cause for arrest or delay in capsule passage through the gastrointestinal tract." type="negative"><entity charOffset="282:297" id="Dailymed.cb128705-d8c7-4341-a976-d8fd7371df6d.s.9.e.0" text="anticholinergic" type="Biomedical_Entity"><Normalization><mmtx cui="C0242896" phraseText="anticholinergic effects" preferredWord="Anticholinergic Agents" semType="phsu"/><RxNorm RxCui="1437161"/></Normalization></entity><entity charOffset="31:49" id="Dailymed.cb128705-d8c7-4341-a976-d8fd7371df6d.s.9.e.1" text="potassium chloride" type="Biomedical_Entity"><Normalization><mmtx cui="C0032825" phraseText="forms of potassium chloride" preferredWord="Potassium Chloride" semType="inch, phsu"/><RxNorm RxCui="8588"/></Normalization></entity><entity charOffset="183:205" id="Dailymed.cb128705-d8c7-4341-a976-d8fd7371df6d.s.9.e.2" text="anticholinergic agents" type="Biomedical_Entity"><Normalization><mmtx cui="C0242896" phraseText="(use of anticholinergic agents" preferredWord="Anticholinergic Agents" semType="phsu"/><RxNorm RxCui="1449194"/></Normalization></entity><pair ddi="false" e1="Dailymed.cb128705-d8c7-4341-a976-d8fd7371df6d.s.9.e.1" e2="Dailymed.cb128705-d8c7-4341-a976-d8fd7371df6d.s.9.e.0"/><pair ddi="false" e1="Dailymed.cb128705-d8c7-4341-a976-d8fd7371df6d.s.9.e.1" e2="Dailymed.cb128705-d8c7-4341-a976-d8fd7371df6d.s.9.e.2"/><pair ddi="false" e1="Dailymed.cb128705-d8c7-4341-a976-d8fd7371df6d.s.9.e.2" e2=""/></sentence><sentence id="Dailymed.cb128705-d8c7-4341-a976-d8fd7371df6d.s.12" text="In patients with impaired mechanisms for excreting potassium, the administration of potassium salts can produce hyperkalemia and cardiac arrest. " type="negative"><entity charOffset="84:99" id="Dailymed.cb128705-d8c7-4341-a976-d8fd7371df6d.s.12.e.0" text="potassium salts" type="Biomedical_Entity"><Normalization><mmtx cui="C0351297" phraseText="the administration of potassium salts" preferredWord="Potassium salt" semType="inch, phsu"/><RxNorm RxCui="8588"/></Normalization></entity><entity charOffset="51:60" id="Dailymed.cb128705-d8c7-4341-a976-d8fd7371df6d.s.12.e.1" text="potassium" type="Biomedical_Entity"><Normalization><mmtx cui="C0597277" phraseText="for excreting potassium," preferredWord="Potassium Ion" semType="phsu, elii"/><RxNorm RxCui="8588"/></Normalization></entity><pair ddi="false" e1="Dailymed.cb128705-d8c7-4341-a976-d8fd7371df6d.s.12.e.1" e2="Dailymed.cb128705-d8c7-4341-a976-d8fd7371df6d.s.12.e.0"/></sentence><sentence id="Dailymed.cb128705-d8c7-4341-a976-d8fd7371df6d.s.13" text="This occurs most commonly in patients given potassium by the intravenous route but may also occur in patients given potassium orally. " type="negative"><entity charOffset="44:72" id="Dailymed.cb128705-d8c7-4341-a976-d8fd7371df6d.s.13.e.0" text="potassium intravenous" type="Biomedical_Entity"><Normalization><mmtx cui="C0360652" phraseText="potassium by the intravenous route" preferredWord="Parenteral form potassium" semType="inch, phsu"/><RxNorm RxCui="8588"/></Normalization></entity><entity charOffset="116:125" id="Dailymed.cb128705-d8c7-4341-a976-d8fd7371df6d.s.13.e.1" text="potassium" type="Biomedical_Entity"><Normalization><mmtx cui="C0597277" phraseText="potassium orally." preferredWord="Potassium Ion" semType="phsu, elii"/><RxNorm RxCui="8588"/></Normalization></entity><pair ddi="false" e1="Dailymed.cb128705-d8c7-4341-a976-d8fd7371df6d.s.13.e.0" e2="Dailymed.cb128705-d8c7-4341-a976-d8fd7371df6d.s.13.e.1"/></sentence><sentence id="Dailymed.cb128705-d8c7-4341-a976-d8fd7371df6d.s.15" text="The use of potassium salts in patients with chronic renal disease, or any other condition which impairs potassium excretion, requires particularly careful monitoring of the serum potassium concentration and appropriate dosage adjustments." type="negative"><entity charOffset="179:188" id="Dailymed.cb128705-d8c7-4341-a976-d8fd7371df6d.s.15.e.0" text="potassium" type="Biomedical_Entity"><Normalization><mmtx cui="C0597277" phraseText="particularly careful monitoring of the serum potassium concentration" preferredWord="Potassium Ion" semType="phsu, elii"/><RxNorm RxCui="8588"/></Normalization></entity><entity charOffset="104:113" id="Dailymed.cb128705-d8c7-4341-a976-d8fd7371df6d.s.15.e.1" text="potassium" type="Biomedical_Entity"><Normalization><mmtx cui="C0597277" phraseText="potassium excretion," preferredWord="Potassium Ion" semType="phsu, elii"/><RxNorm RxCui="8588"/></Normalization></entity><entity charOffset="11:26" id="Dailymed.cb128705-d8c7-4341-a976-d8fd7371df6d.s.15.e.2" text="potassium salts" type="Biomedical_Entity"><Normalization><mmtx cui="C0351297" phraseText="The use of potassium salts" preferredWord="Potassium salt" semType="inch, phsu"/><RxNorm RxCui="8588"/></Normalization></entity><pair ddi="false" e1="Dailymed.cb128705-d8c7-4341-a976-d8fd7371df6d.s.15.e.2" e2="Dailymed.cb128705-d8c7-4341-a976-d8fd7371df6d.s.15.e.0"/><pair ddi="false" e1="Dailymed.cb128705-d8c7-4341-a976-d8fd7371df6d.s.15.e.2" e2="Dailymed.cb128705-d8c7-4341-a976-d8fd7371df6d.s.15.e.1"/></sentence><sentence biomedicalEntities="5" id="Dailymed.cb128705-d8c7-4341-a976-d8fd7371df6d.s.17" lineNumber="22" text="Hypokalemia should not be treated by the concomitant administration of potassium salts and a potassium-sparing diuretic (e.g., spironolactone, triamterene, or amiloride), since the simultaneous administration of these agents can produce severe hyperkalemia." type="regular"><entity charOffset="71:86" id="Dailymed.cb128705-d8c7-4341-a976-d8fd7371df6d.s.17.e.0" text="potassium salts" type="Drug_Class"><Normalization><mmtx cui="C0351297" phraseText="treated by the concomitant administration of potassium salts" preferredWord="Potassium salt" semType="inch, phsu"/><RxNorm RxCui="8588"/></Normalization></entity><entity charOffset="93:119" id="Dailymed.cb128705-d8c7-4341-a976-d8fd7371df6d.s.17.e.1" text="potassium-sparing diuretic" type="Drug_Class"><Normalization><mmtx cui="C0304490" phraseText="a potassium-sparing diuretic" preferredWord="Potassium Sparing Diuretics" semType="phsu"/><mmtx cui="C3536751" phraseText="a potassium-sparing diuretic" preferredWord="Potassium-sparing Diuretic [EPC]" semType="phsu"/><RxNorm RxCui="1437061"/></Normalization></entity><entity charOffset="127:141" id="Dailymed.cb128705-d8c7-4341-a976-d8fd7371df6d.s.17.e.2" text="spironolactone" type="Drug"><Normalization><mmtx cui="C0037982" phraseText="spironolactone," preferredWord="Spironolactone" semType="strd, phsu"/><RxNorm RxCui="9997"/></Normalization></entity><entity charOffset="143:154" id="Dailymed.cb128705-d8c7-4341-a976-d8fd7371df6d.s.17.e.3" text="triamterene" type="Drug"><Normalization><mmtx cui="C0040869" phraseText="triamterene," preferredWord="Triamterene" semType="phsu, orch"/><RxNorm RxCui="10763"/></Normalization></entity><entity charOffset="159:168" id="Dailymed.cb128705-d8c7-4341-a976-d8fd7371df6d.s.17.e.4" text="amiloride" type="Drug"><Normalization><mmtx cui="C0002502" phraseText="amiloride" preferredWord="Amiloride" semType="phsu, orch"/><RxNorm RxCui="142424"/></Normalization></entity><entity charOffset="244:256" id="Dailymed.cb128705-d8c7-4341-a976-d8fd7371df6d.s.17.e.8" text="hyperkalemia" type="Specific_Interaction"/><drugClassMembership drug="Dailymed.cb128705-d8c7-4341-a976-d8fd7371df6d.s.17.e.2" drugClass="Dailymed.cb128705-d8c7-4341-a976-d8fd7371df6d.s.17.e.1"/><drugClassMembership drug="Dailymed.cb128705-d8c7-4341-a976-d8fd7371df6d.s.17.e.3" drugClass="Dailymed.cb128705-d8c7-4341-a976-d8fd7371df6d.s.17.e.1"/><drugClassMembership drug="Dailymed.cb128705-d8c7-4341-a976-d8fd7371df6d.s.17.e.4" drugClass="Dailymed.cb128705-d8c7-4341-a976-d8fd7371df6d.s.17.e.1"/><drugInteraction id="Dailymed.cb128705-d8c7-4341-a976-d8fd7371df6d.s.17.ddi.1"><interaction trigger="Dailymed.cb128705-d8c7-4341-a976-d8fd7371df6d.s.17.e.8"><relations><relation type="hasPrecipitant"><entity id="Dailymed.cb128705-d8c7-4341-a976-d8fd7371df6d.s.17.e.1"/></relation><relation type="hasObject"><entity id="Dailymed.cb128705-d8c7-4341-a976-d8fd7371df6d.s.17.e.0"/></relation></relations></interaction></drugInteraction><pair ddi="true" e1="Dailymed.cb128705-d8c7-4341-a976-d8fd7371df6d.s.17.e.0" e2="Dailymed.cb128705-d8c7-4341-a976-d8fd7371df6d.s.17.e.1" trigger="Dailymed.cb128705-d8c7-4341-a976-d8fd7371df6d.s.17.e.8" type="Specific_Interaction"/></sentence><sentence id="Dailymed.cb128705-d8c7-4341-a976-d8fd7371df6d.s.19" text="Angiotensin converting enzyme (ACE) inhibitors (e.g., captopril, enalapril) will produce some potassium retention by inhibiting aldosterone production. " type="negative"><entity charOffset="128:139" id="Dailymed.cb128705-d8c7-4341-a976-d8fd7371df6d.s.19.e.0" text="aldosterone" type="Biomedical_Entity"><Normalization><mmtx cui="C0002006" phraseText="some potassium retention by inhibiting aldosterone production." preferredWord="Aldosterone" semType="strd, phsu, horm"/><RxNorm RxCui="1312358"/></Normalization></entity><entity charOffset="0:46" id="Dailymed.cb128705-d8c7-4341-a976-d8fd7371df6d.s.19.e.1" text="angiotensin converting enzyme inhibitors" type="Biomedical_Entity"><Normalization><mmtx cui="C0003015" phraseText="Angiotensin converting enzyme (ACE) inhibitors" preferredWord="Angiotensin-Converting Enzyme Inhibitors" semType="phsu"/><RxNorm RxCui="839"/></Normalization></entity><entity charOffset="65:74" id="Dailymed.cb128705-d8c7-4341-a976-d8fd7371df6d.s.19.e.2" text="enalapril" type="Biomedical_Entity"><Normalization><mmtx cui="C0014025" phraseText="enalapril" preferredWord="Enalapril" semType="phsu, aapp"/><RxNorm RxCui="203123"/></Normalization></entity><entity charOffset="54:63" id="Dailymed.cb128705-d8c7-4341-a976-d8fd7371df6d.s.19.e.3" text="captopril" type="Biomedical_Entity"><Normalization><mmtx cui="C0006938" phraseText="captopril," preferredWord="Captopril" semType="phsu, aapp"/><RxNorm RxCui="1998"/></Normalization></entity><pair ddi="false" e1="Dailymed.cb128705-d8c7-4341-a976-d8fd7371df6d.s.19.e.1" e2="Dailymed.cb128705-d8c7-4341-a976-d8fd7371df6d.s.19.e.0"/><pair ddi="false" e1="Dailymed.cb128705-d8c7-4341-a976-d8fd7371df6d.s.19.e.2" e2="Dailymed.cb128705-d8c7-4341-a976-d8fd7371df6d.s.19.e.0"/><pair ddi="false" e1="Dailymed.cb128705-d8c7-4341-a976-d8fd7371df6d.s.19.e.3" e2="Dailymed.cb128705-d8c7-4341-a976-d8fd7371df6d.s.19.e.0"/><pair ddi="false" e1="Dailymed.cb128705-d8c7-4341-a976-d8fd7371df6d.s.19.e.1" e2="Dailymed.cb128705-d8c7-4341-a976-d8fd7371df6d.s.19.e.2"/><pair ddi="false" e1="Dailymed.cb128705-d8c7-4341-a976-d8fd7371df6d.s.19.e.1" e2="Dailymed.cb128705-d8c7-4341-a976-d8fd7371df6d.s.19.e.3"/><pair ddi="false" e1="Dailymed.cb128705-d8c7-4341-a976-d8fd7371df6d.s.19.e.3" e2="Dailymed.cb128705-d8c7-4341-a976-d8fd7371df6d.s.19.e.2"/></sentence><sentence biomedicalEntities="2" id="Dailymed.cb128705-d8c7-4341-a976-d8fd7371df6d.s.20" lineNumber="26" text="Potassium supplements should be given to patients receiving ACE inhibitors only with close monitoring." type="regular"><entity charOffset="0:21" id="Dailymed.cb128705-d8c7-4341-a976-d8fd7371df6d.s.20.e.0" text="Potassium supplements" type="Drug_Class"><Normalization><mmtx cui="C0304475" phraseText="Potassium supplements" preferredWord="Potassium supplement" semType="inch, phsu"/><RxNorm RxCui="8588"/></Normalization></entity><entity charOffset="60:74" id="Dailymed.cb128705-d8c7-4341-a976-d8fd7371df6d.s.20.e.1" text="ACE inhibitors" type="Drug_Class"><Normalization><mmtx cui="C0003015" phraseText="ACE inhibitors only with close monitoring." preferredWord="Angiotensin-Converting Enzyme Inhibitors" semType="phsu"/><RxNorm RxCui="221294"/></Normalization></entity><entity charOffset="91:101" id="Dailymed.cb128705-d8c7-4341-a976-d8fd7371df6d.s.20.e.2" text="monitoring" type="Caution_Interaction"/><drugInteraction id="Dailymed.cb128705-d8c7-4341-a976-d8fd7371df6d.s.20.ddi.1"><interaction trigger="Dailymed.cb128705-d8c7-4341-a976-d8fd7371df6d.s.20.e.2"><relations><relation type="hasPrecipitant"><entity id="Dailymed.cb128705-d8c7-4341-a976-d8fd7371df6d.s.20.e.1"/></relation><relation type="hasObject"><entity id="Dailymed.cb128705-d8c7-4341-a976-d8fd7371df6d.s.20.e.0"/></relation></relations></interaction></drugInteraction><pair ddi="true" e1="Dailymed.cb128705-d8c7-4341-a976-d8fd7371df6d.s.20.e.0" e2="Dailymed.cb128705-d8c7-4341-a976-d8fd7371df6d.s.20.e.1" trigger="Dailymed.cb128705-d8c7-4341-a976-d8fd7371df6d.s.20.e.2" type="Caution_Interaction"/></sentence><sentence id="Dailymed.cb128705-d8c7-4341-a976-d8fd7371df6d.s.25" text="Micro-K  Extencaps  and Micro-K 10 Extencaps are microencapsulated capsules formulated to provide a controlled rate of release of microencapsulated potassium chloride and thus to minimize the possibility of high local concentration of potassium near the gastrointestinal wall." type="negative"><entity charOffset="0:18" id="Dailymed.cb128705-d8c7-4341-a976-d8fd7371df6d.s.25.e.0" text="micro-k extencaps" type="Biomedical_Entity"><Normalization><mmtx cui="C0306814" phraseText="Micro-K  Extencaps" preferredWord="Micro-K Extencaps" semType="inch, phsu"/><RxNorm RxCui="218365"/></Normalization></entity><entity charOffset="148:166" id="Dailymed.cb128705-d8c7-4341-a976-d8fd7371df6d.s.25.e.1" text="potassium chloride" type="Biomedical_Entity"><Normalization><mmtx cui="C0032825" phraseText="a controlled rate of release of microencapsulated potassium chloride" preferredWord="Potassium Chloride" semType="inch, phsu"/><RxNorm RxCui="8588"/></Normalization></entity><entity charOffset="24:44" id="Dailymed.cb128705-d8c7-4341-a976-d8fd7371df6d.s.25.e.2" text="micro-k 10 extencaps" type="Biomedical_Entity"><Normalization><mmtx cui="C0306813" phraseText="Micro-K 10 Extencaps" preferredWord="Micro-K 10 Extencaps" semType="inch, phsu"/><RxNorm RxCui="218365"/></Normalization></entity><entity charOffset="235:244" id="Dailymed.cb128705-d8c7-4341-a976-d8fd7371df6d.s.25.e.3" text="potassium" type="Biomedical_Entity"><Normalization><mmtx cui="C0597277" phraseText="the possibility of high local concentration of potassium" preferredWord="Potassium Ion" semType="phsu, elii"/><RxNorm RxCui="8588"/></Normalization></entity><pair ddi="false" e1="Dailymed.cb128705-d8c7-4341-a976-d8fd7371df6d.s.25.e.0" e2="Dailymed.cb128705-d8c7-4341-a976-d8fd7371df6d.s.25.e.1"/><pair ddi="false" e1="Dailymed.cb128705-d8c7-4341-a976-d8fd7371df6d.s.25.e.0" e2="Dailymed.cb128705-d8c7-4341-a976-d8fd7371df6d.s.25.e.2"/><pair ddi="false" e1="Dailymed.cb128705-d8c7-4341-a976-d8fd7371df6d.s.25.e.0" e2="Dailymed.cb128705-d8c7-4341-a976-d8fd7371df6d.s.25.e.3"/><pair ddi="false" e1="Dailymed.cb128705-d8c7-4341-a976-d8fd7371df6d.s.25.e.2" e2="Dailymed.cb128705-d8c7-4341-a976-d8fd7371df6d.s.25.e.1"/><pair ddi="false" e1="Dailymed.cb128705-d8c7-4341-a976-d8fd7371df6d.s.25.e.1" e2="Dailymed.cb128705-d8c7-4341-a976-d8fd7371df6d.s.25.e.3"/><pair ddi="false" e1="Dailymed.cb128705-d8c7-4341-a976-d8fd7371df6d.s.25.e.2" e2="Dailymed.cb128705-d8c7-4341-a976-d8fd7371df6d.s.25.e.3"/></sentence><sentence id="Dailymed.cb128705-d8c7-4341-a976-d8fd7371df6d.s.29" text="In contrast, there was a higher incidence of gastric and duodenal lesions in subjects receiving a high dose of a wax matrix controlled-release formulation under conditions which did not resemble usual or recommended clinical practice (i.e., 96 mEq per day in divided doses of potassium chloride administered to fasted patients, in the presence of an anticholinergic drug to delay gastric emptying). " type="negative"><entity charOffset="276:294" id="Dailymed.cb128705-d8c7-4341-a976-d8fd7371df6d.s.29.e.0" text="potassium chloride" type="Biomedical_Entity"><Normalization><mmtx cui="C0032825" phraseText="of potassium chloride" preferredWord="Potassium Chloride" semType="inch, phsu"/><RxNorm RxCui="8588"/></Normalization></entity><entity charOffset="350:370" id="Dailymed.cb128705-d8c7-4341-a976-d8fd7371df6d.s.29.e.1" text="anticholinergic drug" type="Biomedical_Entity"><Normalization><mmtx cui="C0242896" phraseText="of an anticholinergic drug to" preferredWord="Anticholinergic Agents" semType="phsu"/><RxNorm RxCui="1449194"/></Normalization></entity><pair ddi="false" e1="Dailymed.cb128705-d8c7-4341-a976-d8fd7371df6d.s.29.e.0" e2="Dailymed.cb128705-d8c7-4341-a976-d8fd7371df6d.s.29.e.1"/></sentence><sentence id="Dailymed.cb128705-d8c7-4341-a976-d8fd7371df6d.s.31" text="The relevance of these findings to the usual conditions (i.e., non-fasting, no anticholinergic agent, smaller doses) under which controlled-release potassium chloride products are used is uncertain; " type="negative"><entity charOffset="79:100" id="Dailymed.cb128705-d8c7-4341-a976-d8fd7371df6d.s.31.e.0" text="anticholinergic agent" type="Biomedical_Entity"><Normalization><mmtx cui="C0242896" phraseText="no anticholinergic agent," preferredWord="Anticholinergic Agents" semType="phsu"/><RxNorm RxCui="1449194"/></Normalization></entity><entity charOffset="148:166" id="Dailymed.cb128705-d8c7-4341-a976-d8fd7371df6d.s.31.e.1" text="potassium chloride" type="Biomedical_Entity"><Normalization><mmtx cui="C0032825" phraseText="under which controlled-release potassium chloride products" preferredWord="Potassium Chloride" semType="inch, phsu"/><RxNorm RxCui="8588"/></Normalization></entity><pair ddi="false" e1="Dailymed.cb128705-d8c7-4341-a976-d8fd7371df6d.s.31.e.0" e2="Dailymed.cb128705-d8c7-4341-a976-d8fd7371df6d.s.31.e.1"/></sentence><sentence id="Dailymed.cb128705-d8c7-4341-a976-d8fd7371df6d.s.33" text="Micro-K Extencaps and Micro-K 10 Extencaps should be discontinued immediately and the possibility of ulceration, obstruction or perforation considered if severe vomiting, abdominal pain, distention, or gastrointestinal bleeding occur." type="negative"><entity charOffset="22:42" id="Dailymed.cb128705-d8c7-4341-a976-d8fd7371df6d.s.33.e.0" text="micro-k 10 extencaps" type="Biomedical_Entity"><Normalization><mmtx cui="C0306813" phraseText="Micro-K 10 Extencaps" preferredWord="Micro-K 10 Extencaps" semType="inch, phsu"/><RxNorm RxCui="218365"/></Normalization></entity><entity charOffset="0:17" id="Dailymed.cb128705-d8c7-4341-a976-d8fd7371df6d.s.33.e.1" text="micro-k extencaps" type="Biomedical_Entity"><Normalization><mmtx cui="C0306814" phraseText="Micro-K Extencaps" preferredWord="Micro-K Extencaps" semType="inch, phsu"/><RxNorm RxCui="218365"/></Normalization></entity><pair ddi="false" e1="Dailymed.cb128705-d8c7-4341-a976-d8fd7371df6d.s.33.e.1" e2="Dailymed.cb128705-d8c7-4341-a976-d8fd7371df6d.s.33.e.0"/></sentence><sentence id="Dailymed.cb128705-d8c7-4341-a976-d8fd7371df6d.s.35" text="Hypokalemia in patients with metabolic acidosis should be treated with an alkalinizing potassium salt such as potassium bicarbonate, potassium citrate, potassium acetate, or potassium gluconate." type="negative"><entity charOffset="133:150" id="Dailymed.cb128705-d8c7-4341-a976-d8fd7371df6d.s.35.e.0" text="potassium citrate" type="Biomedical_Entity"><Normalization><mmtx cui="C0885479" phraseText="potassium citrate," preferredWord="Kali citricum, potassium citrate, Homeopathic preparation" semType="phsu, orch"/><RxNorm RxCui="8588"/></Normalization></entity><entity charOffset="110:131" id="Dailymed.cb128705-d8c7-4341-a976-d8fd7371df6d.s.35.e.1" text="potassium bicarbonate" type="Biomedical_Entity"><Normalization><mmtx cui="C0071751" phraseText="such as potassium bicarbonate," preferredWord="potassium bicarbonate" semType="phsu, orch"/><RxNorm RxCui="8588"/></Normalization></entity><entity charOffset="152:169" id="Dailymed.cb128705-d8c7-4341-a976-d8fd7371df6d.s.35.e.2" text="potassium acetate" type="Biomedical_Entity"><Normalization><mmtx cui="C0137984" phraseText="potassium acetate," preferredWord="Potassium Acetate" semType="phsu, orch"/><RxNorm RxCui="8588"/></Normalization></entity><entity charOffset="174:193" id="Dailymed.cb128705-d8c7-4341-a976-d8fd7371df6d.s.35.e.3" text="potassium gluconate" type="Biomedical_Entity"><Normalization><mmtx cui="C0301527" phraseText="potassium gluconate." preferredWord="Potassium gluconate" semType="phsu, orch"/><RxNorm RxCui="8588"/></Normalization></entity><entity charOffset="87:101" id="Dailymed.cb128705-d8c7-4341-a976-d8fd7371df6d.s.35.e.4" text="potassium salt" type="Biomedical_Entity"><Normalization><mmtx cui="C2757020" phraseText="treated with an alkalinizing potassium salt" preferredWord="Potassium Salt [EPC]" semType="phsu"/><RxNorm RxCui="8588"/></Normalization></entity><pair ddi="false" e1="Dailymed.cb128705-d8c7-4341-a976-d8fd7371df6d.s.35.e.1" e2="Dailymed.cb128705-d8c7-4341-a976-d8fd7371df6d.s.35.e.0"/><pair ddi="false" e1="Dailymed.cb128705-d8c7-4341-a976-d8fd7371df6d.s.35.e.0" e2="Dailymed.cb128705-d8c7-4341-a976-d8fd7371df6d.s.35.e.2"/><pair ddi="false" e1="Dailymed.cb128705-d8c7-4341-a976-d8fd7371df6d.s.35.e.0" e2="Dailymed.cb128705-d8c7-4341-a976-d8fd7371df6d.s.35.e.3"/><pair ddi="false" e1="Dailymed.cb128705-d8c7-4341-a976-d8fd7371df6d.s.35.e.4" e2="Dailymed.cb128705-d8c7-4341-a976-d8fd7371df6d.s.35.e.0"/><pair ddi="false" e1="Dailymed.cb128705-d8c7-4341-a976-d8fd7371df6d.s.35.e.1" e2="Dailymed.cb128705-d8c7-4341-a976-d8fd7371df6d.s.35.e.2"/><pair ddi="false" e1="Dailymed.cb128705-d8c7-4341-a976-d8fd7371df6d.s.35.e.1" e2="Dailymed.cb128705-d8c7-4341-a976-d8fd7371df6d.s.35.e.3"/><pair ddi="false" e1="Dailymed.cb128705-d8c7-4341-a976-d8fd7371df6d.s.35.e.4" e2="Dailymed.cb128705-d8c7-4341-a976-d8fd7371df6d.s.35.e.1"/><pair ddi="false" e1="Dailymed.cb128705-d8c7-4341-a976-d8fd7371df6d.s.35.e.2" e2="Dailymed.cb128705-d8c7-4341-a976-d8fd7371df6d.s.35.e.3"/><pair ddi="false" e1="Dailymed.cb128705-d8c7-4341-a976-d8fd7371df6d.s.35.e.4" e2="Dailymed.cb128705-d8c7-4341-a976-d8fd7371df6d.s.35.e.2"/><pair ddi="false" e1="Dailymed.cb128705-d8c7-4341-a976-d8fd7371df6d.s.35.e.4" e2="Dailymed.cb128705-d8c7-4341-a976-d8fd7371df6d.s.35.e.3"/></sentence><sentence id="Dailymed.cb128705-d8c7-4341-a976-d8fd7371df6d.s.45" text="This is especially important if the patient is also taking diuretics and/or digitalis preparations. " type="negative"><entity charOffset="76:98" id="Dailymed.cb128705-d8c7-4341-a976-d8fd7371df6d.s.45.e.0" text="digitalis preparations" type="Biomedical_Entity"><Normalization><mmtx cui="C0304520" phraseText="digitalis preparations." preferredWord="Digitalis preparation" semType="phsu, carb"/><RxNorm RxCui="91235"/></Normalization></entity><entity charOffset="59:68" id="Dailymed.cb128705-d8c7-4341-a976-d8fd7371df6d.s.45.e.1" text="diuretics" type="Biomedical_Entity"><Normalization><mmtx cui="C0012798" phraseText="also taking diuretics" preferredWord="Diuretics" semType="phsu"/><RxNorm RxCui="3567"/></Normalization></entity><pair ddi="false" e1="Dailymed.cb128705-d8c7-4341-a976-d8fd7371df6d.s.45.e.1" e2="Dailymed.cb128705-d8c7-4341-a976-d8fd7371df6d.s.45.e.0"/></sentence><sentence id="Dailymed.cb128705-d8c7-4341-a976-d8fd7371df6d.s.52" text="Potassium-sparing diuretics, angiotensin converting enzyme inhibitors (see WARNINGS)." type="negative"><entity charOffset="29:69" id="Dailymed.cb128705-d8c7-4341-a976-d8fd7371df6d.s.52.e.0" text="angiotensin converting enzyme inhibitors" type="Biomedical_Entity"><Normalization><mmtx cui="C0003015" phraseText="angiotensin converting enzyme inhibitors" preferredWord="Angiotensin-Converting Enzyme Inhibitors" semType="phsu"/><RxNorm RxCui="839"/></Normalization></entity><entity charOffset="0:27" id="Dailymed.cb128705-d8c7-4341-a976-d8fd7371df6d.s.52.e.1" text="potassium-sparing diuretics" type="Biomedical_Entity"><Normalization><mmtx cui="C0304490" phraseText="Potassium-sparing diuretics," preferredWord="Potassium Sparing Diuretics" semType="phsu"/><RxNorm RxCui="1437061"/></Normalization></entity><pair ddi="false" e1="Dailymed.cb128705-d8c7-4341-a976-d8fd7371df6d.s.52.e.1" e2="Dailymed.cb128705-d8c7-4341-a976-d8fd7371df6d.s.52.e.0"/></sentence><positiveExamples number="2"/><negativeExamples number="45"/></document>