<?xml version="1.0" encoding="UTF-8" standalone="no"?><document setID="ce141ca0-d734-11df-8537-0002a5d5c51b"><labelDrug name="Cardene SR"><Normalization/></labelDrug><generic name="nicardipine hydrochloride"/><sentence id="Dailymed.ce141ca0-d734-11df-8537-0002a5d5c51b.s.1" text="CARDENE SR (nicardipine hydrochloride) capsule, extended release" type="negative"><entity charOffset="12:37" id="Dailymed.ce141ca0-d734-11df-8537-0002a5d5c51b.s.1.e.0" text="nicardipine hydrochloride" type="Biomedical_Entity"><Normalization><mmtx cui="C0770150" phraseText="CARDENE SR (nicardipine hydrochloride" preferredWord="Nicardipine hydrochloride" semType="phsu, orch"/><RxNorm RxCui="235230"/></Normalization></entity><entity charOffset="0:10" id="Dailymed.ce141ca0-d734-11df-8537-0002a5d5c51b.s.1.e.1" text="cardene sr" type="Biomedical_Entity"><Normalization><mmtx cui="C0591233" phraseText="CARDENE SR (nicardipine hydrochloride" preferredWord="Cardene SR" semType="phsu, orch"/><RxNorm RxCui="151490"/></Normalization></entity><pair ddi="false" e1="Dailymed.ce141ca0-d734-11df-8537-0002a5d5c51b.s.1.e.1" e2="Dailymed.ce141ca0-d734-11df-8537-0002a5d5c51b.s.1.e.0"/></sentence><sentence id="Dailymed.ce141ca0-d734-11df-8537-0002a5d5c51b.s.2" text="CARDENE SR is a sustained release formulation of CARDENE. " type="negative"><entity charOffset="49:56" id="Dailymed.ce141ca0-d734-11df-8537-0002a5d5c51b.s.2.e.0" text="cardene" type="Biomedical_Entity"><Normalization><mmtx cui="C0591232" phraseText="a sustained release formulation of CARDENE." preferredWord="Cardene" semType="phsu, orch"/><RxNorm RxCui="151490"/></Normalization></entity><entity charOffset="0:10" id="Dailymed.ce141ca0-d734-11df-8537-0002a5d5c51b.s.2.e.1" text="cardene sr" type="Biomedical_Entity"><Normalization><mmtx cui="C0591233" phraseText="CARDENE SR" preferredWord="Cardene SR" semType="phsu, orch"/><RxNorm RxCui="151490"/></Normalization></entity><pair ddi="false" e1="Dailymed.ce141ca0-d734-11df-8537-0002a5d5c51b.s.2.e.1" e2="Dailymed.ce141ca0-d734-11df-8537-0002a5d5c51b.s.2.e.0"/></sentence><sentence id="Dailymed.ce141ca0-d734-11df-8537-0002a5d5c51b.s.3" text="CARDENE SR capsules for oral administration each contain 30 mg, 45 mg or 60 mg of nicardipine hydrochloride." type="negative"><entity charOffset="73:107" id="Dailymed.ce141ca0-d734-11df-8537-0002a5d5c51b.s.3.e.0" text="60 mg nicardipine hydrochloride" type="Biomedical_Entity"><Normalization><mmtx cui="C2718700" phraseText="60 mg of nicardipine hydrochloride." preferredWord="Nicardipine hydrochloride 60 MG" semType="clnd"/><RxNorm RxCui="NA"/></Normalization></entity><entity charOffset="0:19" id="Dailymed.ce141ca0-d734-11df-8537-0002a5d5c51b.s.3.e.1" text="cardene capsules" type="Biomedical_Entity"><Normalization><mmtx cui="C1240694" phraseText="CARDENE SR capsules for oral administration" preferredWord="Cardene Capsules" semType="clnd"/><RxNorm RxCui="151490"/></Normalization></entity><pair ddi="false" e1="Dailymed.ce141ca0-d734-11df-8537-0002a5d5c51b.s.3.e.1" e2="Dailymed.ce141ca0-d734-11df-8537-0002a5d5c51b.s.3.e.0"/></sentence><sentence id="Dailymed.ce141ca0-d734-11df-8537-0002a5d5c51b.s.10" text="In short-term, placebo-controlled angina trials with CARDENE (an immediate release oral dosage form of nicardipine), about 7% of patients on CARDENE (compared with 4% of patients on placebo) have developed increased frequency, duration or severity of angina. " type="negative"><entity charOffset="141:148" id="Dailymed.ce141ca0-d734-11df-8537-0002a5d5c51b.s.10.e.0" text="cardene" type="Biomedical_Entity"><Normalization><mmtx cui="C0591232" phraseText="on CARDENE" preferredWord="Cardene" semType="phsu, orch"/><RxNorm RxCui="151490"/></Normalization></entity><entity charOffset="53:60" id="Dailymed.ce141ca0-d734-11df-8537-0002a5d5c51b.s.10.e.1" text="cardene" type="Biomedical_Entity"><Normalization><mmtx cui="C0591232" phraseText="with CARDENE" preferredWord="Cardene" semType="phsu, orch"/><RxNorm RxCui="151490"/></Normalization></entity><entity charOffset="83:114" id="Dailymed.ce141ca0-d734-11df-8537-0002a5d5c51b.s.10.e.2" text="oral form nicardipine" type="Biomedical_Entity"><Normalization><mmtx cui="C1270914" phraseText="an immediate release oral dosage form of nicardipine" preferredWord="Nicardipine Oral Product" semType="clnd"/><RxNorm RxCui="NA"/></Normalization></entity><pair ddi="false" e1="Dailymed.ce141ca0-d734-11df-8537-0002a5d5c51b.s.10.e.2" e2="Dailymed.ce141ca0-d734-11df-8537-0002a5d5c51b.s.10.e.0"/><pair ddi="false" e1="Dailymed.ce141ca0-d734-11df-8537-0002a5d5c51b.s.10.e.1" e2="Dailymed.ce141ca0-d734-11df-8537-0002a5d5c51b.s.10.e.2"/></sentence><sentence id="Dailymed.ce141ca0-d734-11df-8537-0002a5d5c51b.s.17" text="CARDENE is not a beta-blocker and therefore gives no protection against the dangers of abrupt beta-blocker withdrawal; " type="negative"><entity charOffset="0:7" id="Dailymed.ce141ca0-d734-11df-8537-0002a5d5c51b.s.17.e.0" text="cardene" type="Biomedical_Entity"><Normalization><mmtx cui="C0591232" phraseText="CARDENE" preferredWord="Cardene" semType="phsu, orch"/><RxNorm RxCui="151490"/></Normalization></entity><entity charOffset="17:29" id="Dailymed.ce141ca0-d734-11df-8537-0002a5d5c51b.s.17.e.1" text="beta-blocker" type="Biomedical_Entity"><Normalization><mmtx cui="C0001645" phraseText="not a beta-blocker" preferredWord="Adrenergic beta-Antagonists" semType="phsu"/><RxNorm RxCui="371"/></Normalization></entity><entity charOffset="94:106" id="Dailymed.ce141ca0-d734-11df-8537-0002a5d5c51b.s.17.e.2" text="beta-blocker" type="Biomedical_Entity"><Normalization><mmtx cui="C0001645" phraseText="no protection against the dangers of abrupt beta-blocker withdrawal" preferredWord="Adrenergic beta-Antagonists" semType="phsu"/><RxNorm RxCui="371"/></Normalization></entity><pair ddi="false" e1="Dailymed.ce141ca0-d734-11df-8537-0002a5d5c51b.s.17.e.0" e2="Dailymed.ce141ca0-d734-11df-8537-0002a5d5c51b.s.17.e.1"/><pair ddi="false" e1="Dailymed.ce141ca0-d734-11df-8537-0002a5d5c51b.s.17.e.0" e2="Dailymed.ce141ca0-d734-11df-8537-0002a5d5c51b.s.17.e.2"/></sentence><sentence id="Dailymed.ce141ca0-d734-11df-8537-0002a5d5c51b.s.22" text="CARDENE, like other calcium channel blockers, may occasionally produce symptomatic hypotension. " type="negative"><entity charOffset="20:44" id="Dailymed.ce141ca0-d734-11df-8537-0002a5d5c51b.s.22.e.0" text="calcium channel blockers" type="Biomedical_Entity"><Normalization><mmtx cui="C0006684" phraseText="like other calcium channel blockers," preferredWord="Calcium Channel Blockers" semType="phsu"/><RxNorm RxCui="1895"/></Normalization></entity><entity charOffset="0:7" id="Dailymed.ce141ca0-d734-11df-8537-0002a5d5c51b.s.22.e.1" text="cardene" type="Biomedical_Entity"><Normalization><mmtx cui="C0591232" phraseText="CARDENE," preferredWord="Cardene" semType="phsu, orch"/><RxNorm RxCui="151490"/></Normalization></entity><pair ddi="false" e1="Dailymed.ce141ca0-d734-11df-8537-0002a5d5c51b.s.22.e.1" e2="Dailymed.ce141ca0-d734-11df-8537-0002a5d5c51b.s.22.e.0"/></sentence><sentence id="Dailymed.ce141ca0-d734-11df-8537-0002a5d5c51b.s.24" text="Use in Patients With Impaired Hepatic Function: Since the liver is the major site of biotransformation and since CARDENE is subject to first-pass metabolism, CARDENE should be used with caution in patients having impaired liver function or reduced hepatic blood flow. " type="negative"><entity charOffset="158:165" id="Dailymed.ce141ca0-d734-11df-8537-0002a5d5c51b.s.24.e.0" text="cardene" type="Biomedical_Entity"><Normalization><mmtx cui="C0591232" phraseText="CARDENE" preferredWord="Cardene" semType="phsu, orch"/><RxNorm RxCui="151490"/></Normalization></entity><entity charOffset="113:120" id="Dailymed.ce141ca0-d734-11df-8537-0002a5d5c51b.s.24.e.1" text="cardene" type="Biomedical_Entity"><Normalization><mmtx cui="C0591232" phraseText="since CARDENE" preferredWord="Cardene" semType="phsu, orch"/><RxNorm RxCui="151490"/></Normalization></entity><entity charOffset="141:145" id="Dailymed.ce141ca0-d734-11df-8537-0002a5d5c51b.s.24.e.2" text="pass" type="Biomedical_Entity"><Normalization><mmtx cui="C0030125" phraseText="is subject to first-pass metabolism," preferredWord="aminosalicylic acid" semType="phsu, orch"/><RxNorm RxCui="7833"/></Normalization></entity><pair ddi="false" e1="Dailymed.ce141ca0-d734-11df-8537-0002a5d5c51b.s.24.e.2" e2="Dailymed.ce141ca0-d734-11df-8537-0002a5d5c51b.s.24.e.0"/><pair ddi="false" e1="Dailymed.ce141ca0-d734-11df-8537-0002a5d5c51b.s.24.e.1" e2="Dailymed.ce141ca0-d734-11df-8537-0002a5d5c51b.s.24.e.2"/></sentence><sentence id="Dailymed.ce141ca0-d734-11df-8537-0002a5d5c51b.s.30" text="Beta-Blockers: In controlled clinical studies, adrenergic beta-receptor blockers have been frequently administered concomitantly with CARDENE. " type="negative"><entity charOffset="0:13" id="Dailymed.ce141ca0-d734-11df-8537-0002a5d5c51b.s.30.e.0" text="beta-blockers" type="Biomedical_Entity"><Normalization><mmtx cui="C0001645" phraseText="Beta-Blockers" preferredWord="Adrenergic beta-Antagonists" semType="phsu"/><RxNorm RxCui="371"/></Normalization></entity><entity charOffset="47:80" id="Dailymed.ce141ca0-d734-11df-8537-0002a5d5c51b.s.30.e.1" text="adrenergic beta blockers" type="Biomedical_Entity"><Normalization><mmtx cui="C0001645" phraseText="adrenergic beta-receptor blockers" preferredWord="Adrenergic beta-Antagonists" semType="phsu"/><RxNorm RxCui="1430615"/></Normalization></entity><entity charOffset="134:141" id="Dailymed.ce141ca0-d734-11df-8537-0002a5d5c51b.s.30.e.2" text="cardene" type="Biomedical_Entity"><Normalization><mmtx cui="C0591232" phraseText="concomitantly with CARDENE." preferredWord="Cardene" semType="phsu, orch"/><RxNorm RxCui="151490"/></Normalization></entity><pair ddi="false" e1="Dailymed.ce141ca0-d734-11df-8537-0002a5d5c51b.s.30.e.0" e2="Dailymed.ce141ca0-d734-11df-8537-0002a5d5c51b.s.30.e.2"/><pair ddi="false" e1="Dailymed.ce141ca0-d734-11df-8537-0002a5d5c51b.s.30.e.1" e2="Dailymed.ce141ca0-d734-11df-8537-0002a5d5c51b.s.30.e.2"/></sentence><sentence biomedicalEntities="2" id="Dailymed.ce141ca0-d734-11df-8537-0002a5d5c51b.s.32" lineNumber="39" text="Cimetidine: Cimetidine increases CARDENE plasma levels. " type="regular"><entity charOffset="12:22" id="Dailymed.ce141ca0-d734-11df-8537-0002a5d5c51b.s.32.e.0" text="Cimetidine" type="Drug"><Normalization><mmtx cui="C0008783" phraseText="Cimetidine" preferredWord="Cimetidine" semType="phsu, orch"/><RxNorm RxCui="2541"/></Normalization></entity><entity charOffset="33:40" id="Dailymed.ce141ca0-d734-11df-8537-0002a5d5c51b.s.32.e.1" text="CARDENE" type="Drug"><Normalization><mmtx cui="C0591232" phraseText="CARDENE plasma levels." preferredWord="Cardene" semType="phsu, orch"/><mmtx cui="C0591232" phraseText="CARDENE plasma levels." preferredWord="Cardene" semType="phsu, orch"/><RxNorm RxCui="151490"/></Normalization></entity><entity charOffset="23:32|41:54" id="Dailymed.ce141ca0-d734-11df-8537-0002a5d5c51b.s.32.e.2" text="increases plasma levels" type="Increase_Interaction"/><drugInteraction id="Dailymed.ce141ca0-d734-11df-8537-0002a5d5c51b.s.32.ddi.1"><interaction trigger="Dailymed.ce141ca0-d734-11df-8537-0002a5d5c51b.s.32.e.2"><relations><relation type="hasPrecipitant"><entity id="Dailymed.ce141ca0-d734-11df-8537-0002a5d5c51b.s.32.e.0"/></relation><relation type="hasObject"><entity id="Dailymed.ce141ca0-d734-11df-8537-0002a5d5c51b.s.32.e.1"/></relation></relations></interaction></drugInteraction><pair ddi="true" e1="Dailymed.ce141ca0-d734-11df-8537-0002a5d5c51b.s.32.e.0" e2="Dailymed.ce141ca0-d734-11df-8537-0002a5d5c51b.s.32.e.1" trigger="Dailymed.ce141ca0-d734-11df-8537-0002a5d5c51b.s.32.e.2" type="Increase_Interaction"/></sentence><sentence biomedicalEntities="0" id="Dailymed.ce141ca0-d734-11df-8537-0002a5d5c51b.s.33" lineNumber="39" text="Patients receiving the two drugs concomitantly should be carefully monitored." type="irregular"><entity charOffset="67:76" id="Dailymed.ce141ca0-d734-11df-8537-0002a5d5c51b.s.33.e.0" text="monitored" type="Caution_Interaction"/><drugInteraction id="Dailymed.ce141ca0-d734-11df-8537-0002a5d5c51b.s.33.ddi.1"><interaction trigger="Dailymed.ce141ca0-d734-11df-8537-0002a5d5c51b.s.33.e.0"><relations><relation type="hasObject"><ellipsisSentence id="Dailymed.ce141ca0-d734-11df-8537-0002a5d5c51b.s.32" text="Cimetidine: Cimetidine increases CARDENE plasma levels. "><entity id="Dailymed.ce141ca0-d734-11df-8537-0002a5d5c51b.s.32.e.1"/></ellipsisSentence></relation><relation type="hasPrecipitant"><ellipsisSentence id="Dailymed.ce141ca0-d734-11df-8537-0002a5d5c51b.s.32" text="Cimetidine: Cimetidine increases CARDENE plasma levels. "><entity id="Dailymed.ce141ca0-d734-11df-8537-0002a5d5c51b.s.32.e.0"/></ellipsisSentence></relation></relations></interaction></drugInteraction></sentence><sentence biomedicalEntities="2" id="Dailymed.ce141ca0-d734-11df-8537-0002a5d5c51b.s.34" lineNumber="41" text="Digoxin: Some calcium blockers may increase the concentration of digitalis preparations in the blood. " type="regular"><entity charOffset="14:30" id="Dailymed.ce141ca0-d734-11df-8537-0002a5d5c51b.s.34.e.0" text="calcium blockers" type="Drug_Class"><Normalization><mmtx cui="C0006675" phraseText="Some calcium blockers" preferredWord="Calcium" semType="bacs, phsu, elii"/><mmtx cui="C2936886" phraseText="Some calcium blockers" preferredWord="Calcium [EPC]" semType="phsu"/><RxNorm RxCui="1895"/></Normalization></entity><entity charOffset="35:61|88:100" id="Dailymed.ce141ca0-d734-11df-8537-0002a5d5c51b.s.34.e.1" text="increase the concentration in the blood" type="Increase_Interaction"/><entity charOffset="65:87" id="Dailymed.ce141ca0-d734-11df-8537-0002a5d5c51b.s.34.e.3" text="digitalis preparations" type="Drug_Class"><Normalization><mmtx cui="C0304520" phraseText="the concentration of digitalis preparations" preferredWord="Digitalis preparation" semType="phsu, carb"/><RxNorm RxCui="91235"/></Normalization></entity><drugInteraction id="Dailymed.ce141ca0-d734-11df-8537-0002a5d5c51b.s.34.ddi.1"><interaction trigger="Dailymed.ce141ca0-d734-11df-8537-0002a5d5c51b.s.34.e.1"><relations><relation type="hasPrecipitant"><entity id="Dailymed.ce141ca0-d734-11df-8537-0002a5d5c51b.s.34.e.0"/></relation><relation type="hasObject"><entity id="Dailymed.ce141ca0-d734-11df-8537-0002a5d5c51b.s.34.e.3"/></relation></relations></interaction></drugInteraction><pair ddi="true" e1="Dailymed.ce141ca0-d734-11df-8537-0002a5d5c51b.s.34.e.0" e2="Dailymed.ce141ca0-d734-11df-8537-0002a5d5c51b.s.34.e.3" trigger="Dailymed.ce141ca0-d734-11df-8537-0002a5d5c51b.s.34.e.1" type="Increase_Interaction"/></sentence><sentence id="Dailymed.ce141ca0-d734-11df-8537-0002a5d5c51b.s.35" text="CARDENE usually does not alter the plasma levels of digoxin; " type="negative"><entity charOffset="52:59" id="Dailymed.ce141ca0-d734-11df-8537-0002a5d5c51b.s.35.e.0" text="digoxin" type="Biomedical_Entity"><Normalization><mmtx cui="C0012265" phraseText="the plasma levels of digoxin" preferredWord="Digoxin" semType="strd, phsu, carb"/><RxNorm RxCui="3407"/></Normalization></entity><entity charOffset="0:7" id="Dailymed.ce141ca0-d734-11df-8537-0002a5d5c51b.s.35.e.1" text="cardene" type="Biomedical_Entity"><Normalization><mmtx cui="C0591232" phraseText="CARDENE usually" preferredWord="Cardene" semType="phsu, orch"/><RxNorm RxCui="151490"/></Normalization></entity><pair ddi="false" e1="Dailymed.ce141ca0-d734-11df-8537-0002a5d5c51b.s.35.e.1" e2="Dailymed.ce141ca0-d734-11df-8537-0002a5d5c51b.s.35.e.0"/></sentence><sentence biomedicalEntities="2" id="Dailymed.ce141ca0-d734-11df-8537-0002a5d5c51b.s.36" lineNumber="41" text="however, serum digoxin levels should be evaluated after concomitant therapy with CARDENE is initiated." type="regular"><entity charOffset="40:49" id="Dailymed.ce141ca0-d734-11df-8537-0002a5d5c51b.s.36.e.0" text="evaluated" type="Caution_Interaction"/><entity charOffset="81:88" id="Dailymed.ce141ca0-d734-11df-8537-0002a5d5c51b.s.36.e.2" text="CARDENE" type="Drug"><Normalization><mmtx cui="C0591232" phraseText="with CARDENE" preferredWord="Cardene" semType="phsu, orch"/><RxNorm RxCui="151490"/></Normalization></entity><entity charOffset="15:22" id="Dailymed.ce141ca0-d734-11df-8537-0002a5d5c51b.s.36.e.3" text="digoxin" type="Drug"><Normalization><mmtx cui="C0012265" phraseText="serum digoxin levels" preferredWord="Digoxin" semType="strd, phsu, carb"/><mmtx cui="C0012265" phraseText="serum digoxin levels" preferredWord="Digoxin" semType="strd, phsu, carb"/><RxNorm RxCui="3407"/></Normalization></entity><drugInteraction id="Dailymed.ce141ca0-d734-11df-8537-0002a5d5c51b.s.36.ddi.1"><interaction trigger="Dailymed.ce141ca0-d734-11df-8537-0002a5d5c51b.s.36.e.0"><relations><relation type="hasPrecipitant"><entity id="Dailymed.ce141ca0-d734-11df-8537-0002a5d5c51b.s.36.e.3"/></relation><relation type="hasObject"><entity id="Dailymed.ce141ca0-d734-11df-8537-0002a5d5c51b.s.36.e.2"/></relation></relations></interaction></drugInteraction><pair ddi="true" e1="Dailymed.ce141ca0-d734-11df-8537-0002a5d5c51b.s.36.e.3" e2="Dailymed.ce141ca0-d734-11df-8537-0002a5d5c51b.s.36.e.2" trigger="Dailymed.ce141ca0-d734-11df-8537-0002a5d5c51b.s.36.e.0" type="Caution_Interaction"/></sentence><sentence biomedicalEntities="2" id="Dailymed.ce141ca0-d734-11df-8537-0002a5d5c51b.s.37" lineNumber="43" text="Fentanyl Anesthesia: Severe hypotension has been reported during fentanyl anesthesia with concomitant use of a beta-blocker and a calcium channel blocker. " type="regular"><entity charOffset="65:73" id="Dailymed.ce141ca0-d734-11df-8537-0002a5d5c51b.s.37.e.0" text="fentanyl" type="Drug"><Normalization><mmtx cui="C0015846" phraseText="reported during fentanyl anesthesia" preferredWord="Fentanyl" semType="phsu, orch"/><RxNorm RxCui="142436"/></Normalization></entity><entity charOffset="111:153" id="Dailymed.ce141ca0-d734-11df-8537-0002a5d5c51b.s.37.e.1" text="beta-blocker and a calcium channel blocker" type="Drug_Class"><Normalization><mmtx cui="C0001645" phraseText="of a beta-blocker" preferredWord="Adrenergic beta-Antagonists" semType="phsu"/><mmtx cui="C0006684" phraseText="a calcium channel blocker." preferredWord="Calcium Channel Blockers" semType="phsu"/><mmtx cui="C3536851" phraseText="a calcium channel blocker." preferredWord="Calcium Channel Blocker [EPC]" semType="phsu"/><RxNorm RxCui="371"/></Normalization></entity><entity charOffset="21:39" id="Dailymed.ce141ca0-d734-11df-8537-0002a5d5c51b.s.37.e.2" text="Severe hypotension" type="Specific_Interaction"/><drugInteraction id="Dailymed.ce141ca0-d734-11df-8537-0002a5d5c51b.s.37.ddi.1"><interaction trigger="Dailymed.ce141ca0-d734-11df-8537-0002a5d5c51b.s.37.e.2"><relations><relation type="hasObject"><entity id="Dailymed.ce141ca0-d734-11df-8537-0002a5d5c51b.s.37.e.1"/></relation><relation type="hasPrecipitant"><entity id="Dailymed.ce141ca0-d734-11df-8537-0002a5d5c51b.s.37.e.0"/></relation></relations></interaction></drugInteraction><pair ddi="true" e1="Dailymed.ce141ca0-d734-11df-8537-0002a5d5c51b.s.37.e.0" e2="Dailymed.ce141ca0-d734-11df-8537-0002a5d5c51b.s.37.e.1" trigger="Dailymed.ce141ca0-d734-11df-8537-0002a5d5c51b.s.37.e.2" type="Specific_Interaction"/></sentence><sentence biomedicalEntities="2" id="Dailymed.ce141ca0-d734-11df-8537-0002a5d5c51b.s.39" lineNumber="45" text="Cyclosporine: Concomitant administration of nicardipine and cyclosporine results in elevated plasma cyclosporine levels. " type="regular"><entity charOffset="84:99|113:119" id="Dailymed.ce141ca0-d734-11df-8537-0002a5d5c51b.s.39.e.0" text="elevated plasma levels" type="Increase_Interaction"/><entity charOffset="44:55" id="Dailymed.ce141ca0-d734-11df-8537-0002a5d5c51b.s.39.e.2" text="nicardipine" type="Drug"><Normalization><mmtx cui="C0028005" phraseText="Concomitant administration of nicardipine" preferredWord="Nicardipine" semType="phsu, orch"/><RxNorm RxCui="235230"/></Normalization></entity><entity charOffset="100:112" id="Dailymed.ce141ca0-d734-11df-8537-0002a5d5c51b.s.39.e.3" text="cyclosporine" type="Drug"><Normalization><mmtx cui="C0010592" phraseText="results in elevated plasma cyclosporine levels." preferredWord="Cyclosporine" semType="phsu, aapp"/><mmtx cui="C0010592" phraseText="results in elevated plasma cyclosporine levels." preferredWord="Cyclosporine" semType="phsu, aapp"/><RxNorm RxCui="3008"/></Normalization></entity><drugInteraction id="Dailymed.ce141ca0-d734-11df-8537-0002a5d5c51b.s.39.ddi.1"><interaction trigger="Dailymed.ce141ca0-d734-11df-8537-0002a5d5c51b.s.39.e.0"><relations><relation type="hasPrecipitant"><entity id="Dailymed.ce141ca0-d734-11df-8537-0002a5d5c51b.s.39.e.2"/></relation><relation type="hasObject"><entity id="Dailymed.ce141ca0-d734-11df-8537-0002a5d5c51b.s.39.e.3"/></relation></relations></interaction></drugInteraction><pair ddi="true" e1="Dailymed.ce141ca0-d734-11df-8537-0002a5d5c51b.s.39.e.2" e2="Dailymed.ce141ca0-d734-11df-8537-0002a5d5c51b.s.39.e.3" trigger="Dailymed.ce141ca0-d734-11df-8537-0002a5d5c51b.s.39.e.0" type="Increase_Interaction"/></sentence><sentence biomedicalEntities="2" id="Dailymed.ce141ca0-d734-11df-8537-0002a5d5c51b.s.40" lineNumber="45" text="Plasma concentrations of cyclosporine should therefore be closely monitored, and its dosage reduced accordingly, in patients treated with nicardipine." type="regular"><entity charOffset="85:99" id="Dailymed.ce141ca0-d734-11df-8537-0002a5d5c51b.s.40.e.0" text="dosage reduced" type="Caution_Interaction"/><entity charOffset="25:37" id="Dailymed.ce141ca0-d734-11df-8537-0002a5d5c51b.s.40.e.2" text="cyclosporine" type="Drug"><Normalization><mmtx cui="C0010592" phraseText="Plasma concentrations of cyclosporine" preferredWord="Cyclosporine" semType="phsu, aapp"/><mmtx cui="C0010592" phraseText="Plasma concentrations of cyclosporine" preferredWord="Cyclosporine" semType="phsu, aapp"/><RxNorm RxCui="3008"/></Normalization></entity><entity charOffset="138:149" id="Dailymed.ce141ca0-d734-11df-8537-0002a5d5c51b.s.40.e.3" text="nicardipine" type="Drug"><Normalization><mmtx cui="C0028005" phraseText="treated with nicardipine." preferredWord="Nicardipine" semType="phsu, orch"/><RxNorm RxCui="235230"/></Normalization></entity><entity charOffset="66:75" id="Dailymed.ce141ca0-d734-11df-8537-0002a5d5c51b.s.40.e.4" text="monitored" type="Caution_Interaction"/><drugInteraction id="Dailymed.ce141ca0-d734-11df-8537-0002a5d5c51b.s.40.ddi.1"><interaction trigger="Dailymed.ce141ca0-d734-11df-8537-0002a5d5c51b.s.40.e.0"><relations><relation type="hasPrecipitant"><entity id="Dailymed.ce141ca0-d734-11df-8537-0002a5d5c51b.s.40.e.2"/></relation><relation type="hasObject"><entity id="Dailymed.ce141ca0-d734-11df-8537-0002a5d5c51b.s.40.e.3"/></relation></relations></interaction></drugInteraction><drugInteraction id="Dailymed.ce141ca0-d734-11df-8537-0002a5d5c51b.s.40.ddi.2"><interaction trigger="Dailymed.ce141ca0-d734-11df-8537-0002a5d5c51b.s.40.e.4"><relations><relation type="hasPrecipitant"><entity id="Dailymed.ce141ca0-d734-11df-8537-0002a5d5c51b.s.40.e.2"/></relation><relation type="hasObject"><entity id="Dailymed.ce141ca0-d734-11df-8537-0002a5d5c51b.s.40.e.3"/></relation></relations></interaction></drugInteraction><pair ddi="true" e1="Dailymed.ce141ca0-d734-11df-8537-0002a5d5c51b.s.40.e.2" e2="Dailymed.ce141ca0-d734-11df-8537-0002a5d5c51b.s.40.e.3" trigger="Dailymed.ce141ca0-d734-11df-8537-0002a5d5c51b.s.40.e.0" type="Caution_Interaction"/></sentence><sentence id="Dailymed.ce141ca0-d734-11df-8537-0002a5d5c51b.s.41" text="When therapeutic concentrations of furosemide, propranolol, dipyridamole, warfarin, quinidine or naproxen were added to human plasma (in vitro), the plasma protein binding of CARDENE was not altered." type="negative"><entity charOffset="47:58" id="Dailymed.ce141ca0-d734-11df-8537-0002a5d5c51b.s.41.e.0" text="propranolol" type="Biomedical_Entity"><Normalization><mmtx cui="C0033497" phraseText="propranolol," preferredWord="Propranolol" semType="phsu, orch"/><RxNorm RxCui="82084"/></Normalization></entity><entity charOffset="84:93" id="Dailymed.ce141ca0-d734-11df-8537-0002a5d5c51b.s.41.e.1" text="quinidine" type="Biomedical_Entity"><Normalization><mmtx cui="C0034414" phraseText="quinidine" preferredWord="Quinidine" semType="phsu, orch"/><RxNorm RxCui="9068"/></Normalization></entity><entity charOffset="60:72" id="Dailymed.ce141ca0-d734-11df-8537-0002a5d5c51b.s.41.e.2" text="dipyridamole" type="Biomedical_Entity"><Normalization><mmtx cui="C0012582" phraseText="dipyridamole," preferredWord="Dipyridamole" semType="phsu, orch"/><RxNorm RxCui="3521"/></Normalization></entity><entity charOffset="175:182" id="Dailymed.ce141ca0-d734-11df-8537-0002a5d5c51b.s.41.e.3" text="cardene" type="Biomedical_Entity"><Normalization><mmtx cui="C0591232" phraseText="the plasma protein binding of CARDENE" preferredWord="Cardene" semType="phsu, orch"/><RxNorm RxCui="151490"/></Normalization></entity><entity charOffset="120:132" id="Dailymed.ce141ca0-d734-11df-8537-0002a5d5c51b.s.41.e.4" text="human plasma" type="Biomedical_Entity"><Normalization><mmtx cui="C0544357" phraseText="added to human plasma" preferredWord="Human plasma" semType="phsu"/><RxNorm RxCui="831503"/></Normalization></entity><entity charOffset="97:105" id="Dailymed.ce141ca0-d734-11df-8537-0002a5d5c51b.s.41.e.5" text="naproxen" type="Biomedical_Entity"><Normalization><mmtx cui="C0027396" phraseText="naproxen" preferredWord="Naproxen" semType="phsu, orch"/><RxNorm RxCui="7258"/></Normalization></entity><entity charOffset="74:82" id="Dailymed.ce141ca0-d734-11df-8537-0002a5d5c51b.s.41.e.6" text="warfarin" type="Biomedical_Entity"><Normalization><mmtx cui="C0043031" phraseText="warfarin," preferredWord="Warfarin" semType="phsu, orch, hops"/><RxNorm RxCui="11289"/></Normalization></entity><entity charOffset="35:45" id="Dailymed.ce141ca0-d734-11df-8537-0002a5d5c51b.s.41.e.7" text="furosemide" type="Biomedical_Entity"><Normalization><mmtx cui="C0016860" phraseText="therapeutic concentrations of furosemide," preferredWord="Furosemide" semType="phsu, orch"/><RxNorm RxCui="4603"/></Normalization></entity><pair ddi="false" e1="Dailymed.ce141ca0-d734-11df-8537-0002a5d5c51b.s.41.e.0" e2="Dailymed.ce141ca0-d734-11df-8537-0002a5d5c51b.s.41.e.1"/><pair ddi="false" e1="Dailymed.ce141ca0-d734-11df-8537-0002a5d5c51b.s.41.e.0" e2="Dailymed.ce141ca0-d734-11df-8537-0002a5d5c51b.s.41.e.2"/><pair ddi="false" e1="Dailymed.ce141ca0-d734-11df-8537-0002a5d5c51b.s.41.e.0" e2="Dailymed.ce141ca0-d734-11df-8537-0002a5d5c51b.s.41.e.3"/><pair ddi="false" e1="Dailymed.ce141ca0-d734-11df-8537-0002a5d5c51b.s.41.e.0" e2="Dailymed.ce141ca0-d734-11df-8537-0002a5d5c51b.s.41.e.4"/><pair ddi="false" e1="Dailymed.ce141ca0-d734-11df-8537-0002a5d5c51b.s.41.e.0" e2="Dailymed.ce141ca0-d734-11df-8537-0002a5d5c51b.s.41.e.5"/><pair ddi="false" e1="Dailymed.ce141ca0-d734-11df-8537-0002a5d5c51b.s.41.e.0" e2="Dailymed.ce141ca0-d734-11df-8537-0002a5d5c51b.s.41.e.6"/><pair ddi="false" e1="Dailymed.ce141ca0-d734-11df-8537-0002a5d5c51b.s.41.e.7" e2="Dailymed.ce141ca0-d734-11df-8537-0002a5d5c51b.s.41.e.0"/><pair ddi="false" e1="Dailymed.ce141ca0-d734-11df-8537-0002a5d5c51b.s.41.e.2" e2="Dailymed.ce141ca0-d734-11df-8537-0002a5d5c51b.s.41.e.1"/><pair ddi="false" e1="Dailymed.ce141ca0-d734-11df-8537-0002a5d5c51b.s.41.e.1" e2="Dailymed.ce141ca0-d734-11df-8537-0002a5d5c51b.s.41.e.3"/><pair ddi="false" e1="Dailymed.ce141ca0-d734-11df-8537-0002a5d5c51b.s.41.e.1" e2="Dailymed.ce141ca0-d734-11df-8537-0002a5d5c51b.s.41.e.4"/><pair ddi="false" e1="Dailymed.ce141ca0-d734-11df-8537-0002a5d5c51b.s.41.e.1" e2="Dailymed.ce141ca0-d734-11df-8537-0002a5d5c51b.s.41.e.5"/><pair ddi="false" e1="Dailymed.ce141ca0-d734-11df-8537-0002a5d5c51b.s.41.e.6" e2="Dailymed.ce141ca0-d734-11df-8537-0002a5d5c51b.s.41.e.1"/><pair ddi="false" e1="Dailymed.ce141ca0-d734-11df-8537-0002a5d5c51b.s.41.e.7" e2="Dailymed.ce141ca0-d734-11df-8537-0002a5d5c51b.s.41.e.1"/><pair ddi="false" e1="Dailymed.ce141ca0-d734-11df-8537-0002a5d5c51b.s.41.e.2" e2="Dailymed.ce141ca0-d734-11df-8537-0002a5d5c51b.s.41.e.3"/><pair ddi="false" e1="Dailymed.ce141ca0-d734-11df-8537-0002a5d5c51b.s.41.e.2" e2="Dailymed.ce141ca0-d734-11df-8537-0002a5d5c51b.s.41.e.4"/><pair ddi="false" e1="Dailymed.ce141ca0-d734-11df-8537-0002a5d5c51b.s.41.e.2" e2="Dailymed.ce141ca0-d734-11df-8537-0002a5d5c51b.s.41.e.5"/><pair ddi="false" e1="Dailymed.ce141ca0-d734-11df-8537-0002a5d5c51b.s.41.e.2" e2="Dailymed.ce141ca0-d734-11df-8537-0002a5d5c51b.s.41.e.6"/><pair ddi="false" e1="Dailymed.ce141ca0-d734-11df-8537-0002a5d5c51b.s.41.e.7" e2="Dailymed.ce141ca0-d734-11df-8537-0002a5d5c51b.s.41.e.2"/><pair ddi="false" e1="Dailymed.ce141ca0-d734-11df-8537-0002a5d5c51b.s.41.e.4" e2="Dailymed.ce141ca0-d734-11df-8537-0002a5d5c51b.s.41.e.3"/><pair ddi="false" e1="Dailymed.ce141ca0-d734-11df-8537-0002a5d5c51b.s.41.e.5" e2="Dailymed.ce141ca0-d734-11df-8537-0002a5d5c51b.s.41.e.3"/><pair ddi="false" e1="Dailymed.ce141ca0-d734-11df-8537-0002a5d5c51b.s.41.e.6" e2="Dailymed.ce141ca0-d734-11df-8537-0002a5d5c51b.s.41.e.3"/><pair ddi="false" e1="Dailymed.ce141ca0-d734-11df-8537-0002a5d5c51b.s.41.e.7" e2="Dailymed.ce141ca0-d734-11df-8537-0002a5d5c51b.s.41.e.3"/><pair ddi="false" e1="Dailymed.ce141ca0-d734-11df-8537-0002a5d5c51b.s.41.e.5" e2="Dailymed.ce141ca0-d734-11df-8537-0002a5d5c51b.s.41.e.4"/><pair ddi="false" e1="Dailymed.ce141ca0-d734-11df-8537-0002a5d5c51b.s.41.e.6" e2="Dailymed.ce141ca0-d734-11df-8537-0002a5d5c51b.s.41.e.4"/><pair ddi="false" e1="Dailymed.ce141ca0-d734-11df-8537-0002a5d5c51b.s.41.e.7" e2="Dailymed.ce141ca0-d734-11df-8537-0002a5d5c51b.s.41.e.4"/><pair ddi="false" e1="Dailymed.ce141ca0-d734-11df-8537-0002a5d5c51b.s.41.e.6" e2="Dailymed.ce141ca0-d734-11df-8537-0002a5d5c51b.s.41.e.5"/><pair ddi="false" e1="Dailymed.ce141ca0-d734-11df-8537-0002a5d5c51b.s.41.e.7" e2="Dailymed.ce141ca0-d734-11df-8537-0002a5d5c51b.s.41.e.5"/><pair ddi="false" e1="Dailymed.ce141ca0-d734-11df-8537-0002a5d5c51b.s.41.e.7" e2="Dailymed.ce141ca0-d734-11df-8537-0002a5d5c51b.s.41.e.6"/></sentence><sentence id="Dailymed.ce141ca0-d734-11df-8537-0002a5d5c51b.s.47" text="The total daily dose of immediate release nicardipine (CARDENE) may not be a useful guide to judging the effective dose of CARDENE SR. " type="negative"><entity charOffset="123:133" id="Dailymed.ce141ca0-d734-11df-8537-0002a5d5c51b.s.47.e.0" text="cardene sr" type="Biomedical_Entity"><Normalization><mmtx cui="C0591233" phraseText="the effective dose of CARDENE SR." preferredWord="Cardene SR" semType="phsu, orch"/><RxNorm RxCui="151490"/></Normalization></entity><entity charOffset="42:53" id="Dailymed.ce141ca0-d734-11df-8537-0002a5d5c51b.s.47.e.1" text="nicardipine" type="Biomedical_Entity"><Normalization><mmtx cui="C0028005" phraseText="The total daily dose of immediate release nicardipine" preferredWord="Nicardipine" semType="phsu, orch"/><RxNorm RxCui="235230"/></Normalization></entity><entity charOffset="55:62" id="Dailymed.ce141ca0-d734-11df-8537-0002a5d5c51b.s.47.e.2" text="cardene" type="Biomedical_Entity"><Normalization><mmtx cui="C0591232" phraseText="(CARDENE" preferredWord="Cardene" semType="phsu, orch"/><RxNorm RxCui="151490"/></Normalization></entity><pair ddi="false" e1="Dailymed.ce141ca0-d734-11df-8537-0002a5d5c51b.s.47.e.1" e2="Dailymed.ce141ca0-d734-11df-8537-0002a5d5c51b.s.47.e.0"/><pair ddi="false" e1="Dailymed.ce141ca0-d734-11df-8537-0002a5d5c51b.s.47.e.2" e2="Dailymed.ce141ca0-d734-11df-8537-0002a5d5c51b.s.47.e.0"/><pair ddi="false" e1="Dailymed.ce141ca0-d734-11df-8537-0002a5d5c51b.s.47.e.1" e2="Dailymed.ce141ca0-d734-11df-8537-0002a5d5c51b.s.47.e.2"/></sentence><sentence id="Dailymed.ce141ca0-d734-11df-8537-0002a5d5c51b.s.48" text="Patients currently receiving immediate release nicardipine may be titrated with CARDENE SR starting at their current total daily dose of immediate release nicardipine and then reexamined to assess the adequacy of blood pressure control." type="negative"><entity charOffset="80:90" id="Dailymed.ce141ca0-d734-11df-8537-0002a5d5c51b.s.48.e.0" text="cardene sr" type="Biomedical_Entity"><Normalization><mmtx cui="C0591233" phraseText="titrated with CARDENE SR starting" preferredWord="Cardene SR" semType="phsu, orch"/><RxNorm RxCui="151490"/></Normalization></entity><entity charOffset="47:58" id="Dailymed.ce141ca0-d734-11df-8537-0002a5d5c51b.s.48.e.1" text="nicardipine" type="Biomedical_Entity"><Normalization><mmtx cui="C0028005" phraseText="immediate release nicardipine" preferredWord="Nicardipine" semType="phsu, orch"/><RxNorm RxCui="235230"/></Normalization></entity><entity charOffset="155:166" id="Dailymed.ce141ca0-d734-11df-8537-0002a5d5c51b.s.48.e.2" text="nicardipine" type="Biomedical_Entity"><Normalization><mmtx cui="C0028005" phraseText="of immediate release nicardipine" preferredWord="Nicardipine" semType="phsu, orch"/><RxNorm RxCui="235230"/></Normalization></entity><pair ddi="false" e1="Dailymed.ce141ca0-d734-11df-8537-0002a5d5c51b.s.48.e.1" e2="Dailymed.ce141ca0-d734-11df-8537-0002a5d5c51b.s.48.e.0"/><pair ddi="false" e1="Dailymed.ce141ca0-d734-11df-8537-0002a5d5c51b.s.48.e.0" e2="Dailymed.ce141ca0-d734-11df-8537-0002a5d5c51b.s.48.e.2"/></sentence><sentence id="Dailymed.ce141ca0-d734-11df-8537-0002a5d5c51b.s.50" text="Diuretics: CARDENE may be safely coadministered with thiazide diuretics." type="negative"><entity charOffset="0:9" id="Dailymed.ce141ca0-d734-11df-8537-0002a5d5c51b.s.50.e.0" text="diuretics" type="Biomedical_Entity"><Normalization><mmtx cui="C0012798" phraseText="Diuretics" preferredWord="Diuretics" semType="phsu"/><RxNorm RxCui="3567"/></Normalization></entity><entity charOffset="11:18" id="Dailymed.ce141ca0-d734-11df-8537-0002a5d5c51b.s.50.e.1" text="cardene" type="Biomedical_Entity"><Normalization><mmtx cui="C0591232" phraseText="CARDENE" preferredWord="Cardene" semType="phsu, orch"/><RxNorm RxCui="151490"/></Normalization></entity><entity charOffset="53:71" id="Dailymed.ce141ca0-d734-11df-8537-0002a5d5c51b.s.50.e.2" text="thiazide diuretics" type="Biomedical_Entity"><Normalization><mmtx cui="C0012802" phraseText="coadministered with thiazide diuretics." preferredWord="Thiazide Diuretics" semType="phsu, orch"/><RxNorm RxCui="141801"/></Normalization></entity><pair ddi="false" e1="Dailymed.ce141ca0-d734-11df-8537-0002a5d5c51b.s.50.e.0" e2="Dailymed.ce141ca0-d734-11df-8537-0002a5d5c51b.s.50.e.1"/><pair ddi="false" e1="Dailymed.ce141ca0-d734-11df-8537-0002a5d5c51b.s.50.e.0" e2="Dailymed.ce141ca0-d734-11df-8537-0002a5d5c51b.s.50.e.2"/><pair ddi="false" e1="Dailymed.ce141ca0-d734-11df-8537-0002a5d5c51b.s.50.e.1" e2="Dailymed.ce141ca0-d734-11df-8537-0002a5d5c51b.s.50.e.2"/></sentence><sentence id="Dailymed.ce141ca0-d734-11df-8537-0002a5d5c51b.s.51" text="Beta-Blockers: CARDENE may be safely coadministered with beta-blockers (see Drug Interactions)." type="negative"><entity charOffset="0:13" id="Dailymed.ce141ca0-d734-11df-8537-0002a5d5c51b.s.51.e.0" text="beta-blockers" type="Biomedical_Entity"><Normalization><mmtx cui="C0001645" phraseText="Beta-Blockers" preferredWord="Adrenergic beta-Antagonists" semType="phsu"/><RxNorm RxCui="371"/></Normalization></entity><entity charOffset="15:22" id="Dailymed.ce141ca0-d734-11df-8537-0002a5d5c51b.s.51.e.1" text="cardene" type="Biomedical_Entity"><Normalization><mmtx cui="C0591232" phraseText="CARDENE" preferredWord="Cardene" semType="phsu, orch"/><RxNorm RxCui="151490"/></Normalization></entity><entity charOffset="57:70" id="Dailymed.ce141ca0-d734-11df-8537-0002a5d5c51b.s.51.e.2" text="beta-blockers" type="Biomedical_Entity"><Normalization><mmtx cui="C0001645" phraseText="coadministered with beta-blockers" preferredWord="Adrenergic beta-Antagonists" semType="phsu"/><RxNorm RxCui="371"/></Normalization></entity><pair ddi="false" e1="Dailymed.ce141ca0-d734-11df-8537-0002a5d5c51b.s.51.e.0" e2="Dailymed.ce141ca0-d734-11df-8537-0002a5d5c51b.s.51.e.1"/><pair ddi="false" e1="Dailymed.ce141ca0-d734-11df-8537-0002a5d5c51b.s.51.e.1" e2="Dailymed.ce141ca0-d734-11df-8537-0002a5d5c51b.s.51.e.2"/></sentence><positiveExamples number="6"/><negativeExamples number="51"/></document>