<?xml version="1.0" encoding="UTF-8" standalone="no"?><document setID="d0caec89-96ec-411d-a933-63eda74a6da7"><labelDrug name="Exforge"><Normalization><mmtx cui="C1949333" preferredWord="Exforge" semType="phsu"/></Normalization></labelDrug><generic name="amlodipine besylate and valsartan"/><sentence id="Dailymed.d0caec89-96ec-411d-a933-63eda74a6da7.s.1" text="EXFORGE (amlodipine besylate and valsartan) tablet, film coated" type="negative"><entity charOffset="33:42" id="Dailymed.d0caec89-96ec-411d-a933-63eda74a6da7.s.1.e.0" text="valsartan" type="Biomedical_Entity"><Normalization><mmtx cui="C0216784" phraseText="valsartan" preferredWord="valsartan" semType="phsu, orch"/><RxNorm RxCui="69749"/></Normalization></entity><entity charOffset="9:28" id="Dailymed.d0caec89-96ec-411d-a933-63eda74a6da7.s.1.e.1" text="amlodipine besylate" type="Biomedical_Entity"><Normalization><mmtx cui="C0354468" phraseText="(amlodipine besylate" preferredWord="Amlodipine Besylate" semType="phsu, orch"/><RxNorm RxCui="104416"/></Normalization></entity><entity charOffset="0:7" id="Dailymed.d0caec89-96ec-411d-a933-63eda74a6da7.s.1.e.2" text="exforge" type="Biomedical_Entity"><Normalization><mmtx cui="C1949333" phraseText="EXFORGE" preferredWord="Exforge" semType="phsu"/><RxNorm RxCui="722127"/></Normalization></entity><pair ddi="false" e1="Dailymed.d0caec89-96ec-411d-a933-63eda74a6da7.s.1.e.1" e2="Dailymed.d0caec89-96ec-411d-a933-63eda74a6da7.s.1.e.0"/><pair ddi="false" e1="Dailymed.d0caec89-96ec-411d-a933-63eda74a6da7.s.1.e.2" e2="Dailymed.d0caec89-96ec-411d-a933-63eda74a6da7.s.1.e.0"/><pair ddi="false" e1="Dailymed.d0caec89-96ec-411d-a933-63eda74a6da7.s.1.e.2" e2="Dailymed.d0caec89-96ec-411d-a933-63eda74a6da7.s.1.e.1"/></sentence><sentence biomedicalEntities="2" id="Dailymed.d0caec89-96ec-411d-a933-63eda74a6da7.s.4" lineNumber="7" text="Do not coadminister aliskiren with Exforge in patients with diabetes [see Drug Interactions (7)]." type="regular"><entity charOffset="20:29" id="Dailymed.d0caec89-96ec-411d-a933-63eda74a6da7.s.4.e.0" text="aliskiren" type="Drug"><Normalization><mmtx cui="C1120110" phraseText="aliskiren with Exforge" preferredWord="aliskiren" semType="phsu, orch"/><RxNorm RxCui="325646"/></Normalization></entity><entity charOffset="35:42" id="Dailymed.d0caec89-96ec-411d-a933-63eda74a6da7.s.4.e.1" text="Exforge" type="Drug"><Normalization><mmtx cui="C1949333" phraseText="aliskiren with Exforge" preferredWord="Exforge" semType="phsu"/><RxNorm RxCui="722127"/></Normalization></entity><entity charOffset="60:68" id="Dailymed.d0caec89-96ec-411d-a933-63eda74a6da7.s.4.e.2" text="diabetes" type="SPAN"><Normalization><mmtx cui="C0011847" phraseText="with diabetes" preferredWord="Diabetes" semType="dsyn"/><mmtx cui="C0011849" phraseText="with diabetes" preferredWord="Diabetes Mellitus" semType="dsyn"/></Normalization></entity><entity charOffset="0:19" id="Dailymed.d0caec89-96ec-411d-a933-63eda74a6da7.s.4.e.3" text="Do not coadminister" type="Caution_Interaction"/><drugInteraction id="Dailymed.d0caec89-96ec-411d-a933-63eda74a6da7.s.4.ddi.1"><interaction trigger="Dailymed.d0caec89-96ec-411d-a933-63eda74a6da7.s.4.e.3"><relations><relation type="hasContext"><entity id="Dailymed.d0caec89-96ec-411d-a933-63eda74a6da7.s.4.e.2"/></relation><relation type="hasObject"><entity id="Dailymed.d0caec89-96ec-411d-a933-63eda74a6da7.s.4.e.1"/></relation><relation type="hasPrecipitant"><entity id="Dailymed.d0caec89-96ec-411d-a933-63eda74a6da7.s.4.e.0"/></relation></relations></interaction></drugInteraction><pair context="Dailymed.d0caec89-96ec-411d-a933-63eda74a6da7.s.4.e.2" ddi="true" e1="Dailymed.d0caec89-96ec-411d-a933-63eda74a6da7.s.4.e.0" e2="Dailymed.d0caec89-96ec-411d-a933-63eda74a6da7.s.4.e.1" trigger="Dailymed.d0caec89-96ec-411d-a933-63eda74a6da7.s.4.e.3" type="Caution_Interaction"/></sentence><sentence biomedicalEntities="2" id="Dailymed.d0caec89-96ec-411d-a933-63eda74a6da7.s.14" lineNumber="19" text="In patients with an activated renin-angiotensin system, such as volume-and/or salt-depleted patients receiving high doses of diuretics, symptomatic hypotension may occur in patients receiving angiotensin receptor blockers. " type="regular"><entity charOffset="125:134" id="Dailymed.d0caec89-96ec-411d-a933-63eda74a6da7.s.14.e.0" text="diuretics" type="Drug_Class"><Normalization><mmtx cui="C0012798" phraseText="high doses of diuretics," preferredWord="Diuretics" semType="phsu"/><RxNorm RxCui="3567"/></Normalization></entity><entity charOffset="192:221" id="Dailymed.d0caec89-96ec-411d-a933-63eda74a6da7.s.14.e.1" text="angiotensin receptor blockers" type="Drug_Class"><Normalization><mmtx cui="C0521942" phraseText="angiotensin receptor blockers." preferredWord="Angiotensin II receptor antagonist" semType="phsu"/><mmtx cui="C0815017" phraseText="angiotensin receptor blockers." preferredWord="Angiotensin Receptor Antagonists" semType="phsu"/><RxNorm RxCui="839"/></Normalization></entity><entity charOffset="136:159" id="Dailymed.d0caec89-96ec-411d-a933-63eda74a6da7.s.14.e.2" text="symptomatic hypotension" type="Specific_Interaction"/><entity charOffset="3:54" id="Dailymed.d0caec89-96ec-411d-a933-63eda74a6da7.s.14.e.4" text="patients with an activated renin-angiotensin system" type="SPAN"/><entity charOffset="64:100" id="Dailymed.d0caec89-96ec-411d-a933-63eda74a6da7.s.14.e.5" text="volume-and/or salt-depleted patients" type="SPAN"/><drugInteraction id="Dailymed.d0caec89-96ec-411d-a933-63eda74a6da7.s.14.ddi.1"><interaction trigger="Dailymed.d0caec89-96ec-411d-a933-63eda74a6da7.s.14.e.2"><relations><relation type="hasContext"><entity id="Dailymed.d0caec89-96ec-411d-a933-63eda74a6da7.s.14.e.5"/></relation><relation type="hasPrecipitant"><entity id="Dailymed.d0caec89-96ec-411d-a933-63eda74a6da7.s.14.e.0"/></relation><relation type="hasObject"><entity id="Dailymed.d0caec89-96ec-411d-a933-63eda74a6da7.s.14.e.1"/></relation><relation type="hasContext"><entity id="Dailymed.d0caec89-96ec-411d-a933-63eda74a6da7.s.14.e.4"/></relation></relations></interaction></drugInteraction><pair context="Dailymed.d0caec89-96ec-411d-a933-63eda74a6da7.s.14.e.5, Dailymed.d0caec89-96ec-411d-a933-63eda74a6da7.s.14.e.4" ddi="true" e1="Dailymed.d0caec89-96ec-411d-a933-63eda74a6da7.s.14.e.0" e2="Dailymed.d0caec89-96ec-411d-a933-63eda74a6da7.s.14.e.1" trigger="Dailymed.d0caec89-96ec-411d-a933-63eda74a6da7.s.14.e.2" type="Specific_Interaction"/></sentence><sentence id="Dailymed.d0caec89-96ec-411d-a933-63eda74a6da7.s.20" text="In the Valsartan in Acute Myocardial Infarction Trial (VALIANT), hypotension in post-myocardial infarction patients led to permanent discontinuation of therapy in 1.4% of valsartan-treated patients and 0.8% of captopril-treated patients." type="negative"><entity charOffset="171:180" id="Dailymed.d0caec89-96ec-411d-a933-63eda74a6da7.s.20.e.0" text="valsartan" type="Biomedical_Entity"><Normalization><mmtx cui="C0216784" phraseText="of valsartan-treated patients" preferredWord="valsartan" semType="phsu, orch"/><RxNorm RxCui="69749"/></Normalization></entity><entity charOffset="210:219" id="Dailymed.d0caec89-96ec-411d-a933-63eda74a6da7.s.20.e.1" text="captopril" type="Biomedical_Entity"><Normalization><mmtx cui="C0006938" phraseText="0.8% of captopril-treated patients." preferredWord="Captopril" semType="phsu, aapp"/><RxNorm RxCui="1998"/></Normalization></entity><entity charOffset="7:16" id="Dailymed.d0caec89-96ec-411d-a933-63eda74a6da7.s.20.e.2" text="valsartan" type="Biomedical_Entity"><Normalization><mmtx cui="C0216784" phraseText="In the Valsartan in Acute Myocardial Infarction Trial (VALIANT)," preferredWord="valsartan" semType="phsu, orch"/><RxNorm RxCui="69749"/></Normalization></entity><pair ddi="false" e1="Dailymed.d0caec89-96ec-411d-a933-63eda74a6da7.s.20.e.0" e2="Dailymed.d0caec89-96ec-411d-a933-63eda74a6da7.s.20.e.1"/><pair ddi="false" e1="Dailymed.d0caec89-96ec-411d-a933-63eda74a6da7.s.20.e.2" e2="Dailymed.d0caec89-96ec-411d-a933-63eda74a6da7.s.20.e.1"/></sentence><sentence id="Dailymed.d0caec89-96ec-411d-a933-63eda74a6da7.s.22" text="Nonetheless, caution, as with any other peripheral vasodilator, should be exercised when administering amlodipine, particularly in patients with severe aortic stenosis." type="negative"><entity charOffset="103:113" id="Dailymed.d0caec89-96ec-411d-a933-63eda74a6da7.s.22.e.0" text="amlodipine" type="Biomedical_Entity"><Normalization><mmtx cui="C0051696" phraseText="administering amlodipine," preferredWord="Amlodipine" semType="phsu, orch"/><RxNorm RxCui="104416"/></Normalization></entity><entity charOffset="40:62" id="Dailymed.d0caec89-96ec-411d-a933-63eda74a6da7.s.22.e.1" text="peripheral vasodilator" type="Biomedical_Entity"><Normalization><mmtx cui="C0724804" phraseText="other peripheral vasodilator," preferredWord="Peripheral vasodilators" semType="phsu"/><RxNorm RxCui="221187"/></Normalization></entity><pair ddi="false" e1="Dailymed.d0caec89-96ec-411d-a933-63eda74a6da7.s.22.e.1" e2="Dailymed.d0caec89-96ec-411d-a933-63eda74a6da7.s.22.e.0"/></sentence><sentence id="Dailymed.d0caec89-96ec-411d-a933-63eda74a6da7.s.23" text="If excessive hypotension occurs with Exforge, the patient should be placed in a supine position and, if necessary, given an intravenous infusion of normal saline. " type="negative"><entity charOffset="37:44" id="Dailymed.d0caec89-96ec-411d-a933-63eda74a6da7.s.23.e.0" text="exforge" type="Biomedical_Entity"><Normalization><mmtx cui="C1949333" phraseText="occurs with Exforge," preferredWord="Exforge" semType="phsu"/><RxNorm RxCui="722127"/></Normalization></entity><entity charOffset="148:161" id="Dailymed.d0caec89-96ec-411d-a933-63eda74a6da7.s.23.e.1" text="normal saline" type="Biomedical_Entity"><Normalization><mmtx cui="C0445115" phraseText="an intravenous infusion of normal saline." preferredWord="Normal saline" semType="inch, phsu"/><RxNorm RxCui="125464"/></Normalization></entity><pair ddi="false" e1="Dailymed.d0caec89-96ec-411d-a933-63eda74a6da7.s.23.e.0" e2="Dailymed.d0caec89-96ec-411d-a933-63eda74a6da7.s.23.e.1"/></sentence><sentence id="Dailymed.d0caec89-96ec-411d-a933-63eda74a6da7.s.28" text="Changes in renal function including acute renal failure can be caused by drugs that inhibit the renin-angiotensin system and by diuretics. " type="negative"><entity charOffset="128:137" id="Dailymed.d0caec89-96ec-411d-a933-63eda74a6da7.s.28.e.0" text="diuretics" type="Biomedical_Entity"><Normalization><mmtx cui="C0012798" phraseText="and by diuretics." preferredWord="Diuretics" semType="phsu"/><RxNorm RxCui="3567"/></Normalization></entity><entity charOffset="102:113" id="Dailymed.d0caec89-96ec-411d-a933-63eda74a6da7.s.28.e.1" text="angiotensin" type="Biomedical_Entity"><Normalization><mmtx cui="C0003018" phraseText="the renin-angiotensin system" preferredWord="Angiotensins" semType="bacs, phsu, aapp"/><RxNorm RxCui="839"/></Normalization></entity><pair ddi="false" e1="Dailymed.d0caec89-96ec-411d-a933-63eda74a6da7.s.28.e.1" e2="Dailymed.d0caec89-96ec-411d-a933-63eda74a6da7.s.28.e.0"/></sentence><sentence id="Dailymed.d0caec89-96ec-411d-a933-63eda74a6da7.s.29" text="Patients whose renal function may depend in part on the activity of the renin-angiotensin system (e.g. patients with renal artery stenosis, chronic kidney disease, severe congestive heart failure, or volume depletion) may be at particular risk of developing acute renal failure on Exforge. " type="negative"><entity charOffset="281:288" id="Dailymed.d0caec89-96ec-411d-a933-63eda74a6da7.s.29.e.0" text="exforge" type="Biomedical_Entity"><Normalization><mmtx cui="C1949333" phraseText="on Exforge." preferredWord="Exforge" semType="phsu"/><RxNorm RxCui="722127"/></Normalization></entity><entity charOffset="78:89" id="Dailymed.d0caec89-96ec-411d-a933-63eda74a6da7.s.29.e.1" text="angiotensin" type="Biomedical_Entity"><Normalization><mmtx cui="C0003018" phraseText="of the renin-angiotensin system" preferredWord="Angiotensins" semType="bacs, phsu, aapp"/><RxNorm RxCui="839"/></Normalization></entity><pair ddi="false" e1="Dailymed.d0caec89-96ec-411d-a933-63eda74a6da7.s.29.e.1" e2="Dailymed.d0caec89-96ec-411d-a933-63eda74a6da7.s.29.e.0"/></sentence><sentence id="Dailymed.d0caec89-96ec-411d-a933-63eda74a6da7.s.35" text="Some patients with heart failure have developed increases in potassium with valsartan therapy. " type="negative"><entity charOffset="61:70" id="Dailymed.d0caec89-96ec-411d-a933-63eda74a6da7.s.35.e.0" text="potassium" type="Biomedical_Entity"><Normalization><mmtx cui="C0597277" phraseText="developed increases in potassium" preferredWord="Potassium Ion" semType="phsu, elii"/><RxNorm RxCui="8588"/></Normalization></entity><entity charOffset="76:85" id="Dailymed.d0caec89-96ec-411d-a933-63eda74a6da7.s.35.e.1" text="valsartan" type="Biomedical_Entity"><Normalization><mmtx cui="C0216784" phraseText="with valsartan therapy." preferredWord="valsartan" semType="phsu, orch"/><RxNorm RxCui="69749"/></Normalization></entity><pair ddi="false" e1="Dailymed.d0caec89-96ec-411d-a933-63eda74a6da7.s.35.e.0" e2="Dailymed.d0caec89-96ec-411d-a933-63eda74a6da7.s.35.e.1"/></sentence><sentence id="Dailymed.d0caec89-96ec-411d-a933-63eda74a6da7.s.39" text="No drug interaction studies have been conducted with Exforge and other drugs, although studies have been conducted with the individual amlodipine and valsartan components." type="negative"><entity charOffset="53:60" id="Dailymed.d0caec89-96ec-411d-a933-63eda74a6da7.s.39.e.0" text="exforge" type="Biomedical_Entity"><Normalization><mmtx cui="C1949333" phraseText="conducted with Exforge" preferredWord="Exforge" semType="phsu"/><RxNorm RxCui="722127"/></Normalization></entity><entity charOffset="135:145" id="Dailymed.d0caec89-96ec-411d-a933-63eda74a6da7.s.39.e.1" text="amlodipine" type="Biomedical_Entity"><Normalization><mmtx cui="C0051696" phraseText="conducted with the individual amlodipine" preferredWord="Amlodipine" semType="phsu, orch"/><RxNorm RxCui="104416"/></Normalization></entity><entity charOffset="150:159" id="Dailymed.d0caec89-96ec-411d-a933-63eda74a6da7.s.39.e.2" text="valsartan" type="Biomedical_Entity"><Normalization><mmtx cui="C0216784" phraseText="valsartan components." preferredWord="valsartan" semType="phsu, orch"/><RxNorm RxCui="69749"/></Normalization></entity><pair ddi="false" e1="Dailymed.d0caec89-96ec-411d-a933-63eda74a6da7.s.39.e.0" e2="Dailymed.d0caec89-96ec-411d-a933-63eda74a6da7.s.39.e.1"/><pair ddi="false" e1="Dailymed.d0caec89-96ec-411d-a933-63eda74a6da7.s.39.e.0" e2="Dailymed.d0caec89-96ec-411d-a933-63eda74a6da7.s.39.e.2"/><pair ddi="false" e1="Dailymed.d0caec89-96ec-411d-a933-63eda74a6da7.s.39.e.1" e2="Dailymed.d0caec89-96ec-411d-a933-63eda74a6da7.s.39.e.2"/></sentence><sentence biomedicalEntities="2" id="Dailymed.d0caec89-96ec-411d-a933-63eda74a6da7.s.41" lineNumber="47" text="Simvastatin: Coadministration of simvastatin with amlodipine increases the systemic exposure of simvastatin. " type="regular"><entity charOffset="50:60" id="Dailymed.d0caec89-96ec-411d-a933-63eda74a6da7.s.41.e.0" text="amlodipine" type="Drug"><Normalization><mmtx cui="C0051696" phraseText="with amlodipine" preferredWord="Amlodipine" semType="phsu, orch"/><RxNorm RxCui="104416"/></Normalization></entity><entity charOffset="61:92" id="Dailymed.d0caec89-96ec-411d-a933-63eda74a6da7.s.41.e.1" text="increases the systemic exposure" type="Increase_Interaction"/><entity charOffset="96:107" id="Dailymed.d0caec89-96ec-411d-a933-63eda74a6da7.s.41.e.3" text="simvastatin" type="Drug"><Normalization><mmtx cui="C0074554" phraseText="the systemic exposure of simvastatin." preferredWord="Simvastatin" semType="phsu, orch"/><RxNorm RxCui="36567"/></Normalization></entity><drugInteraction id="Dailymed.d0caec89-96ec-411d-a933-63eda74a6da7.s.41.ddi.1"><interaction trigger="Dailymed.d0caec89-96ec-411d-a933-63eda74a6da7.s.41.e.1"><relations><relation type="hasObject"><entity id="Dailymed.d0caec89-96ec-411d-a933-63eda74a6da7.s.41.e.3"/></relation><relation type="hasObject"><entity id="Dailymed.d0caec89-96ec-411d-a933-63eda74a6da7.s.41.e.0"/></relation></relations></interaction></drugInteraction></sentence><sentence biomedicalEntities="2" id="Dailymed.d0caec89-96ec-411d-a933-63eda74a6da7.s.42" lineNumber="47" text="Limit the dose of simvastatin in patients on amlodipine to 20 mg daily." type="regular"><entity charOffset="0:14" id="Dailymed.d0caec89-96ec-411d-a933-63eda74a6da7.s.42.e.0" text="Limit the dose" type="Caution_Interaction"/><entity charOffset="18:29" id="Dailymed.d0caec89-96ec-411d-a933-63eda74a6da7.s.42.e.2" text="simvastatin" type="Drug"><Normalization><mmtx cui="C0074554" phraseText="the dose of simvastatin" preferredWord="Simvastatin" semType="phsu, orch"/><RxNorm RxCui="36567"/></Normalization></entity><entity charOffset="45:55" id="Dailymed.d0caec89-96ec-411d-a933-63eda74a6da7.s.42.e.3" text="amlodipine" type="Drug"><Normalization><mmtx cui="C0051696" phraseText="on amlodipine" preferredWord="Amlodipine" semType="phsu, orch"/><RxNorm RxCui="104416"/></Normalization></entity><drugInteraction id="Dailymed.d0caec89-96ec-411d-a933-63eda74a6da7.s.42.ddi.1"><interaction trigger="Dailymed.d0caec89-96ec-411d-a933-63eda74a6da7.s.42.e.0"><relations><relation type="hasObject"><entity id="Dailymed.d0caec89-96ec-411d-a933-63eda74a6da7.s.42.e.2"/></relation><relation type="hasPrecipitant"><entity id="Dailymed.d0caec89-96ec-411d-a933-63eda74a6da7.s.42.e.3"/></relation></relations></interaction></drugInteraction><pair ddi="true" e1="Dailymed.d0caec89-96ec-411d-a933-63eda74a6da7.s.42.e.2" e2="Dailymed.d0caec89-96ec-411d-a933-63eda74a6da7.s.42.e.3" trigger="Dailymed.d0caec89-96ec-411d-a933-63eda74a6da7.s.42.e.0" type="Caution_Interaction"/></sentence><sentence biomedicalEntities="2" id="Dailymed.d0caec89-96ec-411d-a933-63eda74a6da7.s.43" lineNumber="49" text="CYP3A4 Inhibitors: Coadministration with CYP3A4 inhibitors (moderate and strong) result in increased systemic exposure to amlodipine warranting dose reduction. " type="regular"><entity charOffset="41:80" id="Dailymed.d0caec89-96ec-411d-a933-63eda74a6da7.s.43.e.0" text="CYP3A4 inhibitors (moderate and strong)" type="Drug_Class"><Normalization><RxNorm RxCui="340933"/></Normalization></entity><entity charOffset="91:118" id="Dailymed.d0caec89-96ec-411d-a933-63eda74a6da7.s.43.e.1" text="increased systemic exposure" type="Increase_Interaction"/><entity charOffset="122:132" id="Dailymed.d0caec89-96ec-411d-a933-63eda74a6da7.s.43.e.3" text="amlodipine" type="Drug"><Normalization><mmtx cui="C0051696" phraseText="result in increased systemic exposure to amlodipine warranting dose reduction." preferredWord="Amlodipine" semType="phsu, orch"/><RxNorm RxCui="104416"/></Normalization></entity><entity charOffset="144:158" id="Dailymed.d0caec89-96ec-411d-a933-63eda74a6da7.s.43.e.4" text="dose reduction" type="Increase_Interaction"/><drugInteraction id="Dailymed.d0caec89-96ec-411d-a933-63eda74a6da7.s.43.ddi.1"><interaction trigger="Dailymed.d0caec89-96ec-411d-a933-63eda74a6da7.s.43.e.1"><relations><relation type="hasObject"><entity id="Dailymed.d0caec89-96ec-411d-a933-63eda74a6da7.s.43.e.3"/></relation><relation type="hasPrecipitant"><entity id="Dailymed.d0caec89-96ec-411d-a933-63eda74a6da7.s.43.e.0"/></relation></relations></interaction></drugInteraction><drugInteraction id="Dailymed.d0caec89-96ec-411d-a933-63eda74a6da7.s.43.ddi.2"><interaction trigger="Dailymed.d0caec89-96ec-411d-a933-63eda74a6da7.s.43.e.4"><relations><relation type="hasObject"><entity id="Dailymed.d0caec89-96ec-411d-a933-63eda74a6da7.s.43.e.3"/></relation><relation type="hasPrecipitant"><entity id="Dailymed.d0caec89-96ec-411d-a933-63eda74a6da7.s.43.e.0"/></relation></relations></interaction></drugInteraction><pair ddi="true" e1="Dailymed.d0caec89-96ec-411d-a933-63eda74a6da7.s.43.e.0" e2="Dailymed.d0caec89-96ec-411d-a933-63eda74a6da7.s.43.e.3" trigger="Dailymed.d0caec89-96ec-411d-a933-63eda74a6da7.s.43.e.1" type="Increase_Interaction"/></sentence><sentence biomedicalEntities="2" id="Dailymed.d0caec89-96ec-411d-a933-63eda74a6da7.s.44" lineNumber="49" text="Monitor for symptoms of hypotension and edema when amlodipine is coadministered with CYP3A4 inhibitors to determine the need for dose adjustment." type="regular"><entity charOffset="24:35" id="Dailymed.d0caec89-96ec-411d-a933-63eda74a6da7.s.44.e.0" text="hypotension" type="Specific_Interaction"/><entity charOffset="40:45" id="Dailymed.d0caec89-96ec-411d-a933-63eda74a6da7.s.44.e.2" text="edema" type="Specific_Interaction"/><entity charOffset="51:61" id="Dailymed.d0caec89-96ec-411d-a933-63eda74a6da7.s.44.e.4" text="amlodipine" type="Drug"><Normalization><mmtx cui="C0051696" phraseText="amlodipine" preferredWord="Amlodipine" semType="phsu, orch"/><RxNorm RxCui="104416"/></Normalization></entity><entity charOffset="85:102" id="Dailymed.d0caec89-96ec-411d-a933-63eda74a6da7.s.44.e.5" text="CYP3A4 inhibitors" type="Drug_Class"><Normalization><RxNorm RxCui="340933"/></Normalization></entity><entity charOffset="129:144" id="Dailymed.d0caec89-96ec-411d-a933-63eda74a6da7.s.44.e.6" text="dose adjustment" type="Caution_Interaction"/><drugInteraction id="Dailymed.d0caec89-96ec-411d-a933-63eda74a6da7.s.44.ddi.1"><interaction trigger="Dailymed.d0caec89-96ec-411d-a933-63eda74a6da7.s.44.e.0"><relations><relation type="hasObject"><entity id="Dailymed.d0caec89-96ec-411d-a933-63eda74a6da7.s.44.e.4"/></relation><relation type="hasPrecipitant"><entity id="Dailymed.d0caec89-96ec-411d-a933-63eda74a6da7.s.44.e.5"/></relation></relations></interaction></drugInteraction><drugInteraction id="Dailymed.d0caec89-96ec-411d-a933-63eda74a6da7.s.44.ddi.2"><interaction trigger="Dailymed.d0caec89-96ec-411d-a933-63eda74a6da7.s.44.e.2"><relations><relation type="hasObject"><entity id="Dailymed.d0caec89-96ec-411d-a933-63eda74a6da7.s.44.e.4"/></relation></relations></interaction></drugInteraction><drugInteraction id="Dailymed.d0caec89-96ec-411d-a933-63eda74a6da7.s.44.ddi.3"><interaction trigger="Dailymed.d0caec89-96ec-411d-a933-63eda74a6da7.s.44.e.6"><relations><relation type="hasObject"><entity id="Dailymed.d0caec89-96ec-411d-a933-63eda74a6da7.s.44.e.4"/></relation><relation type="hasPrecipitant"><entity id="Dailymed.d0caec89-96ec-411d-a933-63eda74a6da7.s.44.e.5"/></relation></relations></interaction></drugInteraction><pair ddi="true" e1="Dailymed.d0caec89-96ec-411d-a933-63eda74a6da7.s.44.e.4" e2="Dailymed.d0caec89-96ec-411d-a933-63eda74a6da7.s.44.e.5" trigger="Dailymed.d0caec89-96ec-411d-a933-63eda74a6da7.s.44.e.0" type="Specific_Interaction"/></sentence><sentence biomedicalEntities="2" id="Dailymed.d0caec89-96ec-411d-a933-63eda74a6da7.s.46" lineNumber="51" text="Blood pressure should be monitored when amlodipine is coadministered with CYP3A4 inducers." type="regular"><entity charOffset="25:34" id="Dailymed.d0caec89-96ec-411d-a933-63eda74a6da7.s.46.e.0" text="monitored" type="Caution_Interaction"/><entity charOffset="40:50" id="Dailymed.d0caec89-96ec-411d-a933-63eda74a6da7.s.46.e.2" text="amlodipine" type="Drug"><Normalization><mmtx cui="C0051696" phraseText="amlodipine" preferredWord="Amlodipine" semType="phsu, orch"/><RxNorm RxCui="104416"/></Normalization></entity><entity charOffset="74:89" id="Dailymed.d0caec89-96ec-411d-a933-63eda74a6da7.s.46.e.3" text="CYP3A4 inducers" type="Drug_Class"><Normalization><RxNorm RxCui="340933"/></Normalization></entity><drugInteraction id="Dailymed.d0caec89-96ec-411d-a933-63eda74a6da7.s.46.ddi.1"><interaction trigger="Dailymed.d0caec89-96ec-411d-a933-63eda74a6da7.s.46.e.0"><relations><relation type="hasPrecipitant"><entity id="Dailymed.d0caec89-96ec-411d-a933-63eda74a6da7.s.46.e.3"/></relation><relation type="hasObject"><entity id="Dailymed.d0caec89-96ec-411d-a933-63eda74a6da7.s.46.e.2"/></relation></relations></interaction></drugInteraction><pair ddi="true" e1="Dailymed.d0caec89-96ec-411d-a933-63eda74a6da7.s.46.e.2" e2="Dailymed.d0caec89-96ec-411d-a933-63eda74a6da7.s.46.e.3" trigger="Dailymed.d0caec89-96ec-411d-a933-63eda74a6da7.s.46.e.0" type="Caution_Interaction"/></sentence><sentence id="Dailymed.d0caec89-96ec-411d-a933-63eda74a6da7.s.48" text="No clinically significant pharmacokinetic interactions were observed when valsartan was coadministered with amlodipine, atenolol, cimetidine, digoxin, furosemide, glyburide, hydrochlorothiazide, or indomethacin. " type="negative"><entity charOffset="130:140" id="Dailymed.d0caec89-96ec-411d-a933-63eda74a6da7.s.48.e.0" text="cimetidine" type="Biomedical_Entity"><Normalization><mmtx cui="C0008783" phraseText="cimetidine," preferredWord="Cimetidine" semType="phsu, orch"/><RxNorm RxCui="2541"/></Normalization></entity><entity charOffset="74:83" id="Dailymed.d0caec89-96ec-411d-a933-63eda74a6da7.s.48.e.1" text="valsartan" type="Biomedical_Entity"><Normalization><mmtx cui="C0216784" phraseText="valsartan" preferredWord="valsartan" semType="phsu, orch"/><RxNorm RxCui="69749"/></Normalization></entity><entity charOffset="174:193" id="Dailymed.d0caec89-96ec-411d-a933-63eda74a6da7.s.48.e.2" text="hydrochlorothiazide" type="Biomedical_Entity"><Normalization><mmtx cui="C0020261" phraseText="hydrochlorothiazide," preferredWord="Hydrochlorothiazide" semType="phsu, orch"/><RxNorm RxCui="5487"/></Normalization></entity><entity charOffset="142:149" id="Dailymed.d0caec89-96ec-411d-a933-63eda74a6da7.s.48.e.3" text="digoxin" type="Biomedical_Entity"><Normalization><mmtx cui="C0012265" phraseText="digoxin," preferredWord="Digoxin" semType="strd, phsu, carb"/><RxNorm RxCui="3407"/></Normalization></entity><entity charOffset="198:210" id="Dailymed.d0caec89-96ec-411d-a933-63eda74a6da7.s.48.e.4" text="indomethacin" type="Biomedical_Entity"><Normalization><mmtx cui="C0021246" phraseText="indomethacin." preferredWord="Indomethacin" semType="phsu, orch"/><RxNorm RxCui="5781"/></Normalization></entity><entity charOffset="163:172" id="Dailymed.d0caec89-96ec-411d-a933-63eda74a6da7.s.48.e.5" text="glyburide" type="Biomedical_Entity"><Normalization><mmtx cui="C0017628" phraseText="glyburide," preferredWord="Glyburide" semType="phsu, orch"/><RxNorm RxCui="4815"/></Normalization></entity><entity charOffset="108:118" id="Dailymed.d0caec89-96ec-411d-a933-63eda74a6da7.s.48.e.6" text="amlodipine" type="Biomedical_Entity"><Normalization><mmtx cui="C0051696" phraseText="coadministered with amlodipine," preferredWord="Amlodipine" semType="phsu, orch"/><RxNorm RxCui="104416"/></Normalization></entity><entity charOffset="120:128" id="Dailymed.d0caec89-96ec-411d-a933-63eda74a6da7.s.48.e.7" text="atenolol" type="Biomedical_Entity"><Normalization><mmtx cui="C0004147" phraseText="atenolol," preferredWord="Atenolol" semType="phsu, orch"/><RxNorm RxCui="1202"/></Normalization></entity><entity charOffset="151:161" id="Dailymed.d0caec89-96ec-411d-a933-63eda74a6da7.s.48.e.8" text="furosemide" type="Biomedical_Entity"><Normalization><mmtx cui="C0016860" phraseText="furosemide," preferredWord="Furosemide" semType="phsu, orch"/><RxNorm RxCui="4603"/></Normalization></entity><pair ddi="false" e1="Dailymed.d0caec89-96ec-411d-a933-63eda74a6da7.s.48.e.1" e2="Dailymed.d0caec89-96ec-411d-a933-63eda74a6da7.s.48.e.0"/><pair ddi="false" e1="Dailymed.d0caec89-96ec-411d-a933-63eda74a6da7.s.48.e.0" e2="Dailymed.d0caec89-96ec-411d-a933-63eda74a6da7.s.48.e.2"/><pair ddi="false" e1="Dailymed.d0caec89-96ec-411d-a933-63eda74a6da7.s.48.e.0" e2="Dailymed.d0caec89-96ec-411d-a933-63eda74a6da7.s.48.e.3"/><pair ddi="false" e1="Dailymed.d0caec89-96ec-411d-a933-63eda74a6da7.s.48.e.0" e2="Dailymed.d0caec89-96ec-411d-a933-63eda74a6da7.s.48.e.4"/><pair ddi="false" e1="Dailymed.d0caec89-96ec-411d-a933-63eda74a6da7.s.48.e.0" e2="Dailymed.d0caec89-96ec-411d-a933-63eda74a6da7.s.48.e.5"/><pair ddi="false" e1="Dailymed.d0caec89-96ec-411d-a933-63eda74a6da7.s.48.e.6" e2="Dailymed.d0caec89-96ec-411d-a933-63eda74a6da7.s.48.e.0"/><pair ddi="false" e1="Dailymed.d0caec89-96ec-411d-a933-63eda74a6da7.s.48.e.7" e2="Dailymed.d0caec89-96ec-411d-a933-63eda74a6da7.s.48.e.0"/><pair ddi="false" e1="Dailymed.d0caec89-96ec-411d-a933-63eda74a6da7.s.48.e.0" e2="Dailymed.d0caec89-96ec-411d-a933-63eda74a6da7.s.48.e.8"/><pair ddi="false" e1="Dailymed.d0caec89-96ec-411d-a933-63eda74a6da7.s.48.e.1" e2="Dailymed.d0caec89-96ec-411d-a933-63eda74a6da7.s.48.e.2"/><pair ddi="false" e1="Dailymed.d0caec89-96ec-411d-a933-63eda74a6da7.s.48.e.1" e2="Dailymed.d0caec89-96ec-411d-a933-63eda74a6da7.s.48.e.3"/><pair ddi="false" e1="Dailymed.d0caec89-96ec-411d-a933-63eda74a6da7.s.48.e.1" e2="Dailymed.d0caec89-96ec-411d-a933-63eda74a6da7.s.48.e.4"/><pair ddi="false" e1="Dailymed.d0caec89-96ec-411d-a933-63eda74a6da7.s.48.e.1" e2="Dailymed.d0caec89-96ec-411d-a933-63eda74a6da7.s.48.e.5"/><pair ddi="false" e1="Dailymed.d0caec89-96ec-411d-a933-63eda74a6da7.s.48.e.1" e2="Dailymed.d0caec89-96ec-411d-a933-63eda74a6da7.s.48.e.6"/><pair ddi="false" e1="Dailymed.d0caec89-96ec-411d-a933-63eda74a6da7.s.48.e.1" e2="Dailymed.d0caec89-96ec-411d-a933-63eda74a6da7.s.48.e.7"/><pair ddi="false" e1="Dailymed.d0caec89-96ec-411d-a933-63eda74a6da7.s.48.e.1" e2="Dailymed.d0caec89-96ec-411d-a933-63eda74a6da7.s.48.e.8"/><pair ddi="false" e1="Dailymed.d0caec89-96ec-411d-a933-63eda74a6da7.s.48.e.3" e2="Dailymed.d0caec89-96ec-411d-a933-63eda74a6da7.s.48.e.2"/><pair ddi="false" e1="Dailymed.d0caec89-96ec-411d-a933-63eda74a6da7.s.48.e.2" e2="Dailymed.d0caec89-96ec-411d-a933-63eda74a6da7.s.48.e.4"/><pair ddi="false" e1="Dailymed.d0caec89-96ec-411d-a933-63eda74a6da7.s.48.e.5" e2="Dailymed.d0caec89-96ec-411d-a933-63eda74a6da7.s.48.e.2"/><pair ddi="false" e1="Dailymed.d0caec89-96ec-411d-a933-63eda74a6da7.s.48.e.6" e2="Dailymed.d0caec89-96ec-411d-a933-63eda74a6da7.s.48.e.2"/><pair ddi="false" e1="Dailymed.d0caec89-96ec-411d-a933-63eda74a6da7.s.48.e.7" e2="Dailymed.d0caec89-96ec-411d-a933-63eda74a6da7.s.48.e.2"/><pair ddi="false" e1="Dailymed.d0caec89-96ec-411d-a933-63eda74a6da7.s.48.e.8" e2="Dailymed.d0caec89-96ec-411d-a933-63eda74a6da7.s.48.e.2"/><pair ddi="false" e1="Dailymed.d0caec89-96ec-411d-a933-63eda74a6da7.s.48.e.3" e2="Dailymed.d0caec89-96ec-411d-a933-63eda74a6da7.s.48.e.4"/><pair ddi="false" e1="Dailymed.d0caec89-96ec-411d-a933-63eda74a6da7.s.48.e.3" e2="Dailymed.d0caec89-96ec-411d-a933-63eda74a6da7.s.48.e.5"/><pair ddi="false" e1="Dailymed.d0caec89-96ec-411d-a933-63eda74a6da7.s.48.e.6" e2="Dailymed.d0caec89-96ec-411d-a933-63eda74a6da7.s.48.e.3"/><pair ddi="false" e1="Dailymed.d0caec89-96ec-411d-a933-63eda74a6da7.s.48.e.7" e2="Dailymed.d0caec89-96ec-411d-a933-63eda74a6da7.s.48.e.3"/><pair ddi="false" e1="Dailymed.d0caec89-96ec-411d-a933-63eda74a6da7.s.48.e.3" e2="Dailymed.d0caec89-96ec-411d-a933-63eda74a6da7.s.48.e.8"/><pair ddi="false" e1="Dailymed.d0caec89-96ec-411d-a933-63eda74a6da7.s.48.e.5" e2="Dailymed.d0caec89-96ec-411d-a933-63eda74a6da7.s.48.e.4"/><pair ddi="false" e1="Dailymed.d0caec89-96ec-411d-a933-63eda74a6da7.s.48.e.6" e2="Dailymed.d0caec89-96ec-411d-a933-63eda74a6da7.s.48.e.4"/><pair ddi="false" e1="Dailymed.d0caec89-96ec-411d-a933-63eda74a6da7.s.48.e.7" e2="Dailymed.d0caec89-96ec-411d-a933-63eda74a6da7.s.48.e.4"/><pair ddi="false" e1="Dailymed.d0caec89-96ec-411d-a933-63eda74a6da7.s.48.e.8" e2="Dailymed.d0caec89-96ec-411d-a933-63eda74a6da7.s.48.e.4"/><pair ddi="false" e1="Dailymed.d0caec89-96ec-411d-a933-63eda74a6da7.s.48.e.6" e2="Dailymed.d0caec89-96ec-411d-a933-63eda74a6da7.s.48.e.5"/><pair ddi="false" e1="Dailymed.d0caec89-96ec-411d-a933-63eda74a6da7.s.48.e.7" e2="Dailymed.d0caec89-96ec-411d-a933-63eda74a6da7.s.48.e.5"/><pair ddi="false" e1="Dailymed.d0caec89-96ec-411d-a933-63eda74a6da7.s.48.e.8" e2="Dailymed.d0caec89-96ec-411d-a933-63eda74a6da7.s.48.e.5"/><pair ddi="false" e1="Dailymed.d0caec89-96ec-411d-a933-63eda74a6da7.s.48.e.6" e2="Dailymed.d0caec89-96ec-411d-a933-63eda74a6da7.s.48.e.7"/><pair ddi="false" e1="Dailymed.d0caec89-96ec-411d-a933-63eda74a6da7.s.48.e.6" e2="Dailymed.d0caec89-96ec-411d-a933-63eda74a6da7.s.48.e.8"/><pair ddi="false" e1="Dailymed.d0caec89-96ec-411d-a933-63eda74a6da7.s.48.e.7" e2="Dailymed.d0caec89-96ec-411d-a933-63eda74a6da7.s.48.e.8"/></sentence><sentence biomedicalEntities="2" id="Dailymed.d0caec89-96ec-411d-a933-63eda74a6da7.s.49" lineNumber="55" text="The valsartan-atenolol combination was more antihypertensive than either component, but it did not lower the heart rate more than atenolol alone." type="regular"><entity charOffset="4:13" id="Dailymed.d0caec89-96ec-411d-a933-63eda74a6da7.s.49.e.0" text="valsartan" type="Drug"><Normalization><mmtx cui="C0216784" phraseText="The valsartan-atenolol combination" preferredWord="valsartan" semType="phsu, orch"/><RxNorm RxCui="69749"/></Normalization></entity><entity charOffset="14:22" id="Dailymed.d0caec89-96ec-411d-a933-63eda74a6da7.s.49.e.1" text="atenolol" type="Drug"><Normalization><mmtx cui="C0004147" phraseText="The valsartan-atenolol combination" preferredWord="Atenolol" semType="phsu, orch"/><RxNorm RxCui="1202"/></Normalization></entity><entity charOffset="44:60" id="Dailymed.d0caec89-96ec-411d-a933-63eda74a6da7.s.49.e.2" text="antihypertensive" type="Specific_Interaction"/><drugInteraction id="Dailymed.d0caec89-96ec-411d-a933-63eda74a6da7.s.49.ddi.1"><interaction trigger="Dailymed.d0caec89-96ec-411d-a933-63eda74a6da7.s.49.e.2"><relations><relation type="hasObject"><entity id="Dailymed.d0caec89-96ec-411d-a933-63eda74a6da7.s.49.e.0"/></relation><relation type="hasPrecipitant"><entity id="Dailymed.d0caec89-96ec-411d-a933-63eda74a6da7.s.49.e.1"/></relation></relations></interaction></drugInteraction><pair ddi="true" e1="Dailymed.d0caec89-96ec-411d-a933-63eda74a6da7.s.49.e.0" e2="Dailymed.d0caec89-96ec-411d-a933-63eda74a6da7.s.49.e.1" trigger="Dailymed.d0caec89-96ec-411d-a933-63eda74a6da7.s.49.e.2" type="Specific_Interaction"/></sentence><sentence id="Dailymed.d0caec89-96ec-411d-a933-63eda74a6da7.s.50" text="Warfarin: Coadministration of valsartan and warfarin did not change the pharmacokinetics of valsartan or the time-course of the anticoagulant properties of warfarin." type="negative"><entity charOffset="156:164" id="Dailymed.d0caec89-96ec-411d-a933-63eda74a6da7.s.50.e.0" text="warfarin" type="Biomedical_Entity"><Normalization><mmtx cui="C0043031" phraseText="the time-course of the anticoagulant properties of warfarin." preferredWord="Warfarin" semType="phsu, orch, hops"/><RxNorm RxCui="11289"/></Normalization></entity><entity charOffset="128:141" id="Dailymed.d0caec89-96ec-411d-a933-63eda74a6da7.s.50.e.1" text="anticoagulant" type="Biomedical_Entity"><Normalization><mmtx cui="C0003280" phraseText="the time-course of the anticoagulant properties of warfarin." preferredWord="Anticoagulants" semType="phsu"/><RxNorm RxCui="923"/></Normalization></entity><entity charOffset="30:39" id="Dailymed.d0caec89-96ec-411d-a933-63eda74a6da7.s.50.e.2" text="valsartan" type="Biomedical_Entity"><Normalization><mmtx cui="C0216784" phraseText="Coadministration of valsartan" preferredWord="valsartan" semType="phsu, orch"/><RxNorm RxCui="69749"/></Normalization></entity><entity charOffset="0:8" id="Dailymed.d0caec89-96ec-411d-a933-63eda74a6da7.s.50.e.3" text="warfarin" type="Biomedical_Entity"><Normalization><mmtx cui="C0043031" phraseText="Warfarin" preferredWord="Warfarin" semType="phsu, orch, hops"/><RxNorm RxCui="11289"/></Normalization></entity><entity charOffset="44:52" id="Dailymed.d0caec89-96ec-411d-a933-63eda74a6da7.s.50.e.4" text="warfarin" type="Biomedical_Entity"><Normalization><mmtx cui="C0043031" phraseText="warfarin" preferredWord="Warfarin" semType="phsu, orch, hops"/><RxNorm RxCui="11289"/></Normalization></entity><entity charOffset="92:101" id="Dailymed.d0caec89-96ec-411d-a933-63eda74a6da7.s.50.e.5" text="valsartan" type="Biomedical_Entity"><Normalization><mmtx cui="C0216784" phraseText="the pharmacokinetics of valsartan" preferredWord="valsartan" semType="phsu, orch"/><RxNorm RxCui="69749"/></Normalization></entity><pair ddi="false" e1="Dailymed.d0caec89-96ec-411d-a933-63eda74a6da7.s.50.e.1" e2="Dailymed.d0caec89-96ec-411d-a933-63eda74a6da7.s.50.e.0"/><pair ddi="false" e1="Dailymed.d0caec89-96ec-411d-a933-63eda74a6da7.s.50.e.2" e2="Dailymed.d0caec89-96ec-411d-a933-63eda74a6da7.s.50.e.0"/><pair ddi="false" e1="Dailymed.d0caec89-96ec-411d-a933-63eda74a6da7.s.50.e.5" e2="Dailymed.d0caec89-96ec-411d-a933-63eda74a6da7.s.50.e.0"/><pair ddi="false" e1="Dailymed.d0caec89-96ec-411d-a933-63eda74a6da7.s.50.e.2" e2="Dailymed.d0caec89-96ec-411d-a933-63eda74a6da7.s.50.e.1"/><pair ddi="false" e1="Dailymed.d0caec89-96ec-411d-a933-63eda74a6da7.s.50.e.3" e2="Dailymed.d0caec89-96ec-411d-a933-63eda74a6da7.s.50.e.1"/><pair ddi="false" e1="Dailymed.d0caec89-96ec-411d-a933-63eda74a6da7.s.50.e.4" e2="Dailymed.d0caec89-96ec-411d-a933-63eda74a6da7.s.50.e.1"/><pair ddi="false" e1="Dailymed.d0caec89-96ec-411d-a933-63eda74a6da7.s.50.e.5" e2="Dailymed.d0caec89-96ec-411d-a933-63eda74a6da7.s.50.e.1"/><pair ddi="false" e1="Dailymed.d0caec89-96ec-411d-a933-63eda74a6da7.s.50.e.3" e2="Dailymed.d0caec89-96ec-411d-a933-63eda74a6da7.s.50.e.2"/><pair ddi="false" e1="Dailymed.d0caec89-96ec-411d-a933-63eda74a6da7.s.50.e.2" e2="Dailymed.d0caec89-96ec-411d-a933-63eda74a6da7.s.50.e.4"/><pair ddi="false" e1="Dailymed.d0caec89-96ec-411d-a933-63eda74a6da7.s.50.e.3" e2="Dailymed.d0caec89-96ec-411d-a933-63eda74a6da7.s.50.e.5"/><pair ddi="false" e1="Dailymed.d0caec89-96ec-411d-a933-63eda74a6da7.s.50.e.4" e2="Dailymed.d0caec89-96ec-411d-a933-63eda74a6da7.s.50.e.5"/></sentence><sentence biomedicalEntities="4" id="Dailymed.d0caec89-96ec-411d-a933-63eda74a6da7.s.51" lineNumber="59" text="Non-Steroidal Anti-Inflammatory Agents including Selective Cyclooxygenase-2 Inhibitors (COX-2 Inhibitors): In patients who are elderly, volume-depleted (including those on diuretic therapy), or with compromised renal function, coadministration of NSAIDs, including selective COX-2 inhibitors, with angiotensin II receptor antagonists, including valsartan, may result in deterioration of renal function, including possible acute renal failure. " type="regular"><entity charOffset="127:134" id="Dailymed.d0caec89-96ec-411d-a933-63eda74a6da7.s.51.e.0" text="elderly" type="SPAN"/><entity charOffset="136:151" id="Dailymed.d0caec89-96ec-411d-a933-63eda74a6da7.s.51.e.1" text="volume-depleted" type="SPAN"/><entity charOffset="199:225" id="Dailymed.d0caec89-96ec-411d-a933-63eda74a6da7.s.51.e.2" text="compromised renal function" type="SPAN"/><entity charOffset="247:253" id="Dailymed.d0caec89-96ec-411d-a933-63eda74a6da7.s.51.e.3" text="NSAIDs" type="Drug_Class"><Normalization><mmtx cui="C0003211" phraseText="coadministration of NSAIDs," preferredWord="Anti-Inflammatory Agents, Non-Steroidal" semType="phsu"/><RxNorm RxCui="889"/></Normalization></entity><entity charOffset="265:291" id="Dailymed.d0caec89-96ec-411d-a933-63eda74a6da7.s.51.e.4" text="selective COX-2 inhibitors" type="Drug_Class"><Normalization><mmtx cui="C1257954" phraseText="selective COX-2 inhibitors," preferredWord="Cyclooxygenase 2 Inhibitors" semType="phsu, orch"/><RxNorm RxCui="1431714"/></Normalization></entity><entity charOffset="298:333" id="Dailymed.d0caec89-96ec-411d-a933-63eda74a6da7.s.51.e.6" text="angiotensin II receptor antagonists" type="Drug_Class"><Normalization><mmtx cui="C0521942" phraseText="with angiotensin II receptor antagonists," preferredWord="Angiotensin II receptor antagonist" semType="phsu"/><RxNorm RxCui="839"/></Normalization></entity><entity charOffset="345:354" id="Dailymed.d0caec89-96ec-411d-a933-63eda74a6da7.s.51.e.7" text="valsartan" type="Drug"><Normalization><mmtx cui="C0216784" phraseText="valsartan," preferredWord="valsartan" semType="phsu, orch"/><RxNorm RxCui="69749"/></Normalization></entity><entity charOffset="370:401" id="Dailymed.d0caec89-96ec-411d-a933-63eda74a6da7.s.51.e.9" text="deterioration of renal function" type="Specific_Interaction"/><entity charOffset="422:441" id="Dailymed.d0caec89-96ec-411d-a933-63eda74a6da7.s.51.e.11" text="acute renal failure" type="Specific_Interaction"><Normalization><mmtx cui="C0022660" phraseText="possible acute renal failure." preferredWord="Kidney Failure, Acute" semType="dsyn"/></Normalization></entity><classClassMembership drugClass="Dailymed.d0caec89-96ec-411d-a933-63eda74a6da7.s.51.e.4"/><drugClassMembership drug="Dailymed.d0caec89-96ec-411d-a933-63eda74a6da7.s.51.e.7" drugClass="Dailymed.d0caec89-96ec-411d-a933-63eda74a6da7.s.51.e.6"/><drugInteraction id="Dailymed.d0caec89-96ec-411d-a933-63eda74a6da7.s.51.ddi.1"><interaction trigger="Dailymed.d0caec89-96ec-411d-a933-63eda74a6da7.s.51.e.9"><relations><relation type="hasContext"><entity id="Dailymed.d0caec89-96ec-411d-a933-63eda74a6da7.s.51.e.2"/></relation><relation type="hasContext"><entity id="Dailymed.d0caec89-96ec-411d-a933-63eda74a6da7.s.51.e.1"/></relation><relation type="hasPrecipitant"><entity id="Dailymed.d0caec89-96ec-411d-a933-63eda74a6da7.s.51.e.3"/></relation><relation type="hasContext"><entity id="Dailymed.d0caec89-96ec-411d-a933-63eda74a6da7.s.51.e.0"/></relation><relation type="hasObject"><entity id="Dailymed.d0caec89-96ec-411d-a933-63eda74a6da7.s.51.e.6"/></relation></relations></interaction></drugInteraction><drugInteraction id="Dailymed.d0caec89-96ec-411d-a933-63eda74a6da7.s.51.ddi.2"><interaction trigger="Dailymed.d0caec89-96ec-411d-a933-63eda74a6da7.s.51.e.11"><relations><relation type="hasContext"><entity id="Dailymed.d0caec89-96ec-411d-a933-63eda74a6da7.s.51.e.2"/></relation><relation type="hasContext"><entity id="Dailymed.d0caec89-96ec-411d-a933-63eda74a6da7.s.51.e.1"/></relation><relation type="hasPrecipitant"><entity id="Dailymed.d0caec89-96ec-411d-a933-63eda74a6da7.s.51.e.3"/></relation><relation type="hasContext"><entity id="Dailymed.d0caec89-96ec-411d-a933-63eda74a6da7.s.51.e.0"/></relation><relation type="hasObject"><entity id="Dailymed.d0caec89-96ec-411d-a933-63eda74a6da7.s.51.e.6"/></relation></relations></interaction></drugInteraction><pair context="Dailymed.d0caec89-96ec-411d-a933-63eda74a6da7.s.51.e.2, Dailymed.d0caec89-96ec-411d-a933-63eda74a6da7.s.51.e.1, Dailymed.d0caec89-96ec-411d-a933-63eda74a6da7.s.51.e.0" ddi="true" e1="Dailymed.d0caec89-96ec-411d-a933-63eda74a6da7.s.51.e.3" e2="Dailymed.d0caec89-96ec-411d-a933-63eda74a6da7.s.51.e.6" trigger="Dailymed.d0caec89-96ec-411d-a933-63eda74a6da7.s.51.e.9" type="Specific_Interaction"/></sentence><sentence biomedicalEntities="2" id="Dailymed.d0caec89-96ec-411d-a933-63eda74a6da7.s.53" lineNumber="59" text="Monitor renal function periodically in patients receiving valsartan and NSAID therapy." type="regular"><entity charOffset="0:7" id="Dailymed.d0caec89-96ec-411d-a933-63eda74a6da7.s.53.e.0" text="Monitor" type="Caution_Interaction"/><entity charOffset="58:67" id="Dailymed.d0caec89-96ec-411d-a933-63eda74a6da7.s.53.e.2" text="valsartan" type="Drug"><Normalization><mmtx cui="C0216784" phraseText="valsartan" preferredWord="valsartan" semType="phsu, orch"/><RxNorm RxCui="69749"/></Normalization></entity><entity charOffset="72:77" id="Dailymed.d0caec89-96ec-411d-a933-63eda74a6da7.s.53.e.3" text="NSAID" type="Drug_Class"><Normalization><mmtx cui="C0003211" phraseText="NSAID therapy." preferredWord="Anti-Inflammatory Agents, Non-Steroidal" semType="phsu"/><RxNorm RxCui="889"/></Normalization></entity><drugInteraction id="Dailymed.d0caec89-96ec-411d-a933-63eda74a6da7.s.53.ddi.1"><interaction trigger="Dailymed.d0caec89-96ec-411d-a933-63eda74a6da7.s.53.e.0"><relations><relation type="hasPrecipitant"><entity id="Dailymed.d0caec89-96ec-411d-a933-63eda74a6da7.s.53.e.3"/></relation><relation type="hasObject"><entity id="Dailymed.d0caec89-96ec-411d-a933-63eda74a6da7.s.53.e.2"/></relation></relations></interaction></drugInteraction><pair ddi="true" e1="Dailymed.d0caec89-96ec-411d-a933-63eda74a6da7.s.53.e.2" e2="Dailymed.d0caec89-96ec-411d-a933-63eda74a6da7.s.53.e.3" trigger="Dailymed.d0caec89-96ec-411d-a933-63eda74a6da7.s.53.e.0" type="Caution_Interaction"/></sentence><sentence biomedicalEntities="4" id="Dailymed.d0caec89-96ec-411d-a933-63eda74a6da7.s.54" lineNumber="61" text="The antihypertensive effect of angiotensin II receptor antagonists, including valsartan may be attenuated by NSAIDs including selective COX-2 inhibitors." type="regular"><entity charOffset="31:66" id="Dailymed.d0caec89-96ec-411d-a933-63eda74a6da7.s.54.e.0" text="angiotensin II receptor antagonists" type="Drug_Class"><Normalization><mmtx cui="C0521942" phraseText="The antihypertensive effect of angiotensin II receptor antagonists," preferredWord="Angiotensin II receptor antagonist" semType="phsu"/><RxNorm RxCui="839"/></Normalization></entity><entity charOffset="78:87" id="Dailymed.d0caec89-96ec-411d-a933-63eda74a6da7.s.54.e.1" text="valsartan" type="Drug"><Normalization><mmtx cui="C0216784" phraseText="valsartan" preferredWord="valsartan" semType="phsu, orch"/><RxNorm RxCui="69749"/></Normalization></entity><entity charOffset="109:115" id="Dailymed.d0caec89-96ec-411d-a933-63eda74a6da7.s.54.e.3" text="NSAIDs" type="Drug_Class"><Normalization><mmtx cui="C0003211" phraseText="attenuated by NSAIDs" preferredWord="Anti-Inflammatory Agents, Non-Steroidal" semType="phsu"/><RxNorm RxCui="889"/></Normalization></entity><entity charOffset="126:152" id="Dailymed.d0caec89-96ec-411d-a933-63eda74a6da7.s.54.e.4" text="selective COX-2 inhibitors" type="Drug_Class"><Normalization><mmtx cui="C1257954" phraseText="selective COX-2 inhibitors." preferredWord="Cyclooxygenase 2 Inhibitors" semType="phsu, orch"/><RxNorm RxCui="1431714"/></Normalization></entity><entity charOffset="4:27|95:105" id="Dailymed.d0caec89-96ec-411d-a933-63eda74a6da7.s.54.e.6" text="antihypertensive effect attenuated" type="Specific_Interaction"/><drugClassMembership drug="Dailymed.d0caec89-96ec-411d-a933-63eda74a6da7.s.54.e.1" drugClass="Dailymed.d0caec89-96ec-411d-a933-63eda74a6da7.s.54.e.0"/><classClassMembership drugClass="Dailymed.d0caec89-96ec-411d-a933-63eda74a6da7.s.54.e.4"/><drugInteraction id="Dailymed.d0caec89-96ec-411d-a933-63eda74a6da7.s.54.ddi.1"><interaction trigger="Dailymed.d0caec89-96ec-411d-a933-63eda74a6da7.s.54.e.6"><relations><relation type="hasPrecipitant"><entity id="Dailymed.d0caec89-96ec-411d-a933-63eda74a6da7.s.54.e.3"/></relation><relation type="hasObject"><entity id="Dailymed.d0caec89-96ec-411d-a933-63eda74a6da7.s.54.e.0"/></relation></relations></interaction></drugInteraction><pair ddi="true" e1="Dailymed.d0caec89-96ec-411d-a933-63eda74a6da7.s.54.e.0" e2="Dailymed.d0caec89-96ec-411d-a933-63eda74a6da7.s.54.e.3" trigger="Dailymed.d0caec89-96ec-411d-a933-63eda74a6da7.s.54.e.6" type="Specific_Interaction"/></sentence><sentence biomedicalEntities="8" id="Dailymed.d0caec89-96ec-411d-a933-63eda74a6da7.s.55" lineNumber="63" text="Potassium: Concomitant use of valsartan with other agents that block the renin-angiotensin system, potassium sparing diuretics (e.g., spironolactone, triamterene, amiloride), potassium supplements, or salt substitutes containing potassium may lead to increases in serum potassium and in heart failure patients to increases in serum creatinine. " type="regular"><entity charOffset="30:39" id="Dailymed.d0caec89-96ec-411d-a933-63eda74a6da7.s.55.e.0" text="valsartan" type="Drug"><Normalization><mmtx cui="C0216784" phraseText="Concomitant use of valsartan" preferredWord="valsartan" semType="phsu, orch"/><RxNorm RxCui="69749"/></Normalization></entity><entity charOffset="51:97" id="Dailymed.d0caec89-96ec-411d-a933-63eda74a6da7.s.55.e.1" text="agents that block the renin-angiotensin system" type="Drug_Class"><Normalization><mmtx cui="C1254351" phraseText="with other agents" preferredWord="Pharmacologic Substance" semType="phsu"/><mmtx cui="C0035100" phraseText="the renin-angiotensin system," preferredWord="Chymosin" semType="phsu, aapp, enzy"/><mmtx cui="C0003018" phraseText="the renin-angiotensin system," preferredWord="Angiotensins" semType="bacs, phsu, aapp"/><RxNorm RxCui="126263"/></Normalization></entity><entity charOffset="99:126" id="Dailymed.d0caec89-96ec-411d-a933-63eda74a6da7.s.55.e.2" text="potassium sparing diuretics" type="Drug_Class"><Normalization><mmtx cui="C0304490" phraseText="potassium sparing diuretics" preferredWord="Potassium Sparing Diuretics" semType="phsu"/><RxNorm RxCui="8588"/></Normalization></entity><entity charOffset="134:148" id="Dailymed.d0caec89-96ec-411d-a933-63eda74a6da7.s.55.e.3" text="spironolactone" type="Drug"><Normalization><mmtx cui="C0037982" phraseText="spironolactone," preferredWord="Spironolactone" semType="strd, phsu"/><RxNorm RxCui="9997"/></Normalization></entity><entity charOffset="150:161" id="Dailymed.d0caec89-96ec-411d-a933-63eda74a6da7.s.55.e.4" text="triamterene" type="Drug"><Normalization><mmtx cui="C0040869" phraseText="triamterene," preferredWord="Triamterene" semType="phsu, orch"/><RxNorm RxCui="10763"/></Normalization></entity><entity charOffset="163:172" id="Dailymed.d0caec89-96ec-411d-a933-63eda74a6da7.s.55.e.5" text="amiloride" type="Drug"><Normalization><mmtx cui="C0002502" phraseText="amiloride" preferredWord="Amiloride" semType="phsu, orch"/><RxNorm RxCui="142424"/></Normalization></entity><entity charOffset="175:196" id="Dailymed.d0caec89-96ec-411d-a933-63eda74a6da7.s.55.e.9" text="potassium supplements" type="Drug_Class"><Normalization><mmtx cui="C0304475" phraseText="potassium supplements," preferredWord="Potassium supplement" semType="inch, phsu"/><RxNorm RxCui="8588"/></Normalization></entity><entity charOffset="201:238" id="Dailymed.d0caec89-96ec-411d-a933-63eda74a6da7.s.55.e.10" text="salt substitutes containing potassium" type="Substance"><Normalization><mmtx cui="C0784217" phraseText="salt substitutes" preferredWord="Salt Substitute" semType="inch, phsu"/><mmtx cui="C0597277" phraseText="potassium" preferredWord="Potassium Ion" semType="phsu, elii"/><RxNorm RxCui="9547"/></Normalization></entity><entity charOffset="251:279" id="Dailymed.d0caec89-96ec-411d-a933-63eda74a6da7.s.55.e.11" text="increases in serum potassium" type="Specific_Interaction"/><entity charOffset="313:342" id="Dailymed.d0caec89-96ec-411d-a933-63eda74a6da7.s.55.e.13" text="increases in serum creatinine" type="Specific_Interaction"/><entity charOffset="287:300" id="Dailymed.d0caec89-96ec-411d-a933-63eda74a6da7.s.55.e.15" text="heart failure" type="SPAN"><Normalization><mmtx cui="C0018801" phraseText="and in heart failure patients" preferredWord="Heart failure" semType="dsyn"/><mmtx cui="C0018802" phraseText="and in heart failure patients" preferredWord="Congestive heart failure" semType="dsyn"/></Normalization></entity><drugClassMembership drug="Dailymed.d0caec89-96ec-411d-a933-63eda74a6da7.s.55.e.3" drugClass="Dailymed.d0caec89-96ec-411d-a933-63eda74a6da7.s.55.e.2"/><drugClassMembership drug="Dailymed.d0caec89-96ec-411d-a933-63eda74a6da7.s.55.e.4" drugClass="Dailymed.d0caec89-96ec-411d-a933-63eda74a6da7.s.55.e.2"/><drugClassMembership drug="Dailymed.d0caec89-96ec-411d-a933-63eda74a6da7.s.55.e.5" drugClass="Dailymed.d0caec89-96ec-411d-a933-63eda74a6da7.s.55.e.2"/><drugInteraction id="Dailymed.d0caec89-96ec-411d-a933-63eda74a6da7.s.55.ddi.1"><interaction trigger="Dailymed.d0caec89-96ec-411d-a933-63eda74a6da7.s.55.e.11"><relations><relation type="hasPrecipitant"><entity id="Dailymed.d0caec89-96ec-411d-a933-63eda74a6da7.s.55.e.9"/></relation><relation type="hasPrecipitant"><entity id="Dailymed.d0caec89-96ec-411d-a933-63eda74a6da7.s.55.e.2"/></relation><relation type="hasPrecipitant"><entity id="Dailymed.d0caec89-96ec-411d-a933-63eda74a6da7.s.55.e.1"/></relation><relation type="hasObject"><entity id="Dailymed.d0caec89-96ec-411d-a933-63eda74a6da7.s.55.e.0"/></relation><relation type="hasPrecipitant"><entity id="Dailymed.d0caec89-96ec-411d-a933-63eda74a6da7.s.55.e.10"/></relation></relations></interaction></drugInteraction><drugInteraction id="Dailymed.d0caec89-96ec-411d-a933-63eda74a6da7.s.55.ddi.2"><interaction trigger="Dailymed.d0caec89-96ec-411d-a933-63eda74a6da7.s.55.e.13"><relations><relation type="hasPrecipitant"><entity id="Dailymed.d0caec89-96ec-411d-a933-63eda74a6da7.s.55.e.9"/></relation><relation type="hasPrecipitant"><entity id="Dailymed.d0caec89-96ec-411d-a933-63eda74a6da7.s.55.e.2"/></relation><relation type="hasPrecipitant"><entity id="Dailymed.d0caec89-96ec-411d-a933-63eda74a6da7.s.55.e.1"/></relation><relation type="hasObject"><entity id="Dailymed.d0caec89-96ec-411d-a933-63eda74a6da7.s.55.e.0"/></relation><relation type="hasPrecipitant"><entity id="Dailymed.d0caec89-96ec-411d-a933-63eda74a6da7.s.55.e.10"/></relation><relation type="hasContext"><entity id="Dailymed.d0caec89-96ec-411d-a933-63eda74a6da7.s.55.e.15"/></relation></relations></interaction></drugInteraction><pair ddi="true" e1="Dailymed.d0caec89-96ec-411d-a933-63eda74a6da7.s.55.e.0" e2="Dailymed.d0caec89-96ec-411d-a933-63eda74a6da7.s.55.e.9" trigger="Dailymed.d0caec89-96ec-411d-a933-63eda74a6da7.s.55.e.11" type="Specific_Interaction"/><pair ddi="true" e1="Dailymed.d0caec89-96ec-411d-a933-63eda74a6da7.s.55.e.0" e2="Dailymed.d0caec89-96ec-411d-a933-63eda74a6da7.s.55.e.2" trigger="Dailymed.d0caec89-96ec-411d-a933-63eda74a6da7.s.55.e.11" type="Specific_Interaction"/><pair ddi="true" e1="Dailymed.d0caec89-96ec-411d-a933-63eda74a6da7.s.55.e.0" e2="Dailymed.d0caec89-96ec-411d-a933-63eda74a6da7.s.55.e.1" trigger="Dailymed.d0caec89-96ec-411d-a933-63eda74a6da7.s.55.e.11" type="Specific_Interaction"/><pair ddi="true" e1="Dailymed.d0caec89-96ec-411d-a933-63eda74a6da7.s.55.e.0" e2="Dailymed.d0caec89-96ec-411d-a933-63eda74a6da7.s.55.e.10" trigger="Dailymed.d0caec89-96ec-411d-a933-63eda74a6da7.s.55.e.11" type="Specific_Interaction"/><pair ddi="false" e1="Dailymed.d0caec89-96ec-411d-a933-63eda74a6da7.s.55.e.2" e2="Dailymed.d0caec89-96ec-411d-a933-63eda74a6da7.s.55.e.9"/><pair ddi="false" e1="Dailymed.d0caec89-96ec-411d-a933-63eda74a6da7.s.55.e.1" e2="Dailymed.d0caec89-96ec-411d-a933-63eda74a6da7.s.55.e.9"/><pair ddi="false" e1="Dailymed.d0caec89-96ec-411d-a933-63eda74a6da7.s.55.e.9" e2="Dailymed.d0caec89-96ec-411d-a933-63eda74a6da7.s.55.e.10"/><pair ddi="false" e1="Dailymed.d0caec89-96ec-411d-a933-63eda74a6da7.s.55.e.1" e2="Dailymed.d0caec89-96ec-411d-a933-63eda74a6da7.s.55.e.2"/><pair ddi="false" e1="Dailymed.d0caec89-96ec-411d-a933-63eda74a6da7.s.55.e.2" e2="Dailymed.d0caec89-96ec-411d-a933-63eda74a6da7.s.55.e.10"/><pair ddi="false" e1="Dailymed.d0caec89-96ec-411d-a933-63eda74a6da7.s.55.e.1" e2="Dailymed.d0caec89-96ec-411d-a933-63eda74a6da7.s.55.e.10"/></sentence><sentence biomedicalEntities="0" id="Dailymed.d0caec89-96ec-411d-a933-63eda74a6da7.s.56" lineNumber="63" text="If co-medication is considered necessary, monitoring of serum potassium is advisable." type="irregular"><entity charOffset="42:52" id="Dailymed.d0caec89-96ec-411d-a933-63eda74a6da7.s.56.e.0" text="monitoring" type="Caution_Interaction"/><drugInteraction id="Dailymed.d0caec89-96ec-411d-a933-63eda74a6da7.s.56.ddi.1"><interaction trigger="Dailymed.d0caec89-96ec-411d-a933-63eda74a6da7.s.56.e.0"><relations><relation type="hasPrecipitant"><ellipsisSentence id="Dailymed.d0caec89-96ec-411d-a933-63eda74a6da7.s.55" text="Potassium: Concomitant use of valsartan with other agents that block the renin-angiotensin system, potassium sparing diuretics (e.g., spironolactone, triamterene, amiloride), potassium supplements, or salt substitutes containing potassium may lead to increases in serum potassium and in heart failure patients to increases in serum creatinine. "><entity id="Dailymed.d0caec89-96ec-411d-a933-63eda74a6da7.s.55.e.9"/></ellipsisSentence></relation><relation type="hasPrecipitant"><ellipsisSentence id="Dailymed.d0caec89-96ec-411d-a933-63eda74a6da7.s.55" text="Potassium: Concomitant use of valsartan with other agents that block the renin-angiotensin system, potassium sparing diuretics (e.g., spironolactone, triamterene, amiloride), potassium supplements, or salt substitutes containing potassium may lead to increases in serum potassium and in heart failure patients to increases in serum creatinine. "><entity id="Dailymed.d0caec89-96ec-411d-a933-63eda74a6da7.s.55.e.2"/></ellipsisSentence></relation><relation type="hasPrecipitant"><ellipsisSentence id="Dailymed.d0caec89-96ec-411d-a933-63eda74a6da7.s.55" text="Potassium: Concomitant use of valsartan with other agents that block the renin-angiotensin system, potassium sparing diuretics (e.g., spironolactone, triamterene, amiloride), potassium supplements, or salt substitutes containing potassium may lead to increases in serum potassium and in heart failure patients to increases in serum creatinine. "><entity id="Dailymed.d0caec89-96ec-411d-a933-63eda74a6da7.s.55.e.1"/></ellipsisSentence></relation><relation type="hasObject"><ellipsisSentence id="Dailymed.d0caec89-96ec-411d-a933-63eda74a6da7.s.55" text="Potassium: Concomitant use of valsartan with other agents that block the renin-angiotensin system, potassium sparing diuretics (e.g., spironolactone, triamterene, amiloride), potassium supplements, or salt substitutes containing potassium may lead to increases in serum potassium and in heart failure patients to increases in serum creatinine. "><entity id="Dailymed.d0caec89-96ec-411d-a933-63eda74a6da7.s.55.e.0"/></ellipsisSentence></relation><relation type="hasPrecipitant"><ellipsisSentence id="Dailymed.d0caec89-96ec-411d-a933-63eda74a6da7.s.55" text="Potassium: Concomitant use of valsartan with other agents that block the renin-angiotensin system, potassium sparing diuretics (e.g., spironolactone, triamterene, amiloride), potassium supplements, or salt substitutes containing potassium may lead to increases in serum potassium and in heart failure patients to increases in serum creatinine. "><entity id="Dailymed.d0caec89-96ec-411d-a933-63eda74a6da7.s.55.e.10"/></ellipsisSentence></relation></relations></interaction></drugInteraction></sentence><sentence id="Dailymed.d0caec89-96ec-411d-a933-63eda74a6da7.s.57" text="CYP 450 Interactions: In vitro metabolism studies indicate that CYP 450 mediated drug interactions between valsartan and coadministered drugs are unlikely because of low extent of metabolism [see Pharmacokinetics, Valsartan (12.3)]." type="negative"><entity charOffset="107:116" id="Dailymed.d0caec89-96ec-411d-a933-63eda74a6da7.s.57.e.0" text="valsartan" type="Biomedical_Entity"><Normalization><mmtx cui="C0216784" phraseText="that CYP 450 mediated drug interactions between valsartan" preferredWord="valsartan" semType="phsu, orch"/><RxNorm RxCui="69749"/></Normalization></entity><entity charOffset="72:80" id="Dailymed.d0caec89-96ec-411d-a933-63eda74a6da7.s.57.e.1" text="mediated" type="Biomedical_Entity"><Normalization><mmtx cui="C0127400" phraseText="that CYP 450 mediated drug interactions between valsartan" preferredWord="Mediator brand of benfluorex hydrochloride" semType="phsu, orch"/><RxNorm RxCui="985488"/></Normalization></entity><entity charOffset="214:223" id="Dailymed.d0caec89-96ec-411d-a933-63eda74a6da7.s.57.e.2" text="valsartan" type="Biomedical_Entity"><Normalization><mmtx cui="C0216784" phraseText="Valsartan" preferredWord="valsartan" semType="phsu, orch"/><RxNorm RxCui="69749"/></Normalization></entity><pair ddi="false" e1="Dailymed.d0caec89-96ec-411d-a933-63eda74a6da7.s.57.e.1" e2="Dailymed.d0caec89-96ec-411d-a933-63eda74a6da7.s.57.e.0"/><pair ddi="false" e1="Dailymed.d0caec89-96ec-411d-a933-63eda74a6da7.s.57.e.1" e2="Dailymed.d0caec89-96ec-411d-a933-63eda74a6da7.s.57.e.2"/></sentence><sentence biomedicalEntities="6" id="Dailymed.d0caec89-96ec-411d-a933-63eda74a6da7.s.59" lineNumber="67" text="Coadministration of inhibitors of the uptake transporter (rifampin, cyclosporine) or efflux transporter (ritonavir) may increase the systemic exposure to valsartan." type="regular"><entity charOffset="20:56" id="Dailymed.d0caec89-96ec-411d-a933-63eda74a6da7.s.59.e.0" text="inhibitors of the uptake transporter" type="Drug_Class"><Normalization><RxNorm RxCui="NA"/></Normalization></entity><entity charOffset="20:37|85:103" id="Dailymed.d0caec89-96ec-411d-a933-63eda74a6da7.s.59.e.1" text="inhibitors of the efflux transporter" type="Drug_Class"><Normalization><mmtx cui="C0035608" phraseText="(rifampin," preferredWord="Rifampin" semType="orch, antb"/><mmtx cui="C0010592" phraseText="cyclosporine" preferredWord="Cyclosporine" semType="phsu, aapp"/><RxNorm RxCui="NA"/></Normalization></entity><entity charOffset="105:114" id="Dailymed.d0caec89-96ec-411d-a933-63eda74a6da7.s.59.e.2" text="ritonavir" type="Drug"><Normalization><mmtx cui="C0292818" phraseText="(ritonavir" preferredWord="Ritonavir" semType="phsu, orch"/><RxNorm RxCui="85762"/></Normalization></entity><entity charOffset="58:66" id="Dailymed.d0caec89-96ec-411d-a933-63eda74a6da7.s.59.e.4" text="rifampin" type="Drug"><Normalization><mmtx cui="C0035608" phraseText="(rifampin," preferredWord="Rifampin" semType="orch, antb"/><RxNorm RxCui="9384"/></Normalization></entity><entity charOffset="68:80" id="Dailymed.d0caec89-96ec-411d-a933-63eda74a6da7.s.59.e.5" text="cyclosporine" type="Drug"><Normalization><mmtx cui="C0010592" phraseText="cyclosporine" preferredWord="Cyclosporine" semType="phsu, aapp"/><RxNorm RxCui="3008"/></Normalization></entity><entity charOffset="120:150" id="Dailymed.d0caec89-96ec-411d-a933-63eda74a6da7.s.59.e.8" text="increase the systemic exposure" type="Increase_Interaction"/><entity charOffset="154:163" id="Dailymed.d0caec89-96ec-411d-a933-63eda74a6da7.s.59.e.10" text="valsartan" type="Drug"><Normalization><mmtx cui="C0216784" phraseText="the systemic exposure to valsartan." preferredWord="valsartan" semType="phsu, orch"/><RxNorm RxCui="69749"/></Normalization></entity><drugClassMembership drug="Dailymed.d0caec89-96ec-411d-a933-63eda74a6da7.s.59.e.2" drugClass="Dailymed.d0caec89-96ec-411d-a933-63eda74a6da7.s.59.e.1"/><drugClassMembership drug="Dailymed.d0caec89-96ec-411d-a933-63eda74a6da7.s.59.e.4" drugClass="Dailymed.d0caec89-96ec-411d-a933-63eda74a6da7.s.59.e.0"/><drugClassMembership drug="Dailymed.d0caec89-96ec-411d-a933-63eda74a6da7.s.59.e.5" drugClass="Dailymed.d0caec89-96ec-411d-a933-63eda74a6da7.s.59.e.0"/><drugInteraction id="Dailymed.d0caec89-96ec-411d-a933-63eda74a6da7.s.59.ddi.1"><interaction trigger="Dailymed.d0caec89-96ec-411d-a933-63eda74a6da7.s.59.e.8"><relations><relation type="hasObject"><entity id="Dailymed.d0caec89-96ec-411d-a933-63eda74a6da7.s.59.e.10"/></relation><relation type="hasPrecipitant"><entity id="Dailymed.d0caec89-96ec-411d-a933-63eda74a6da7.s.59.e.1"/></relation><relation type="hasPrecipitant"><entity id="Dailymed.d0caec89-96ec-411d-a933-63eda74a6da7.s.59.e.0"/></relation></relations></interaction></drugInteraction><pair ddi="true" e1="Dailymed.d0caec89-96ec-411d-a933-63eda74a6da7.s.59.e.1" e2="Dailymed.d0caec89-96ec-411d-a933-63eda74a6da7.s.59.e.10" trigger="Dailymed.d0caec89-96ec-411d-a933-63eda74a6da7.s.59.e.8" type="Increase_Interaction"/><pair ddi="true" e1="Dailymed.d0caec89-96ec-411d-a933-63eda74a6da7.s.59.e.0" e2="Dailymed.d0caec89-96ec-411d-a933-63eda74a6da7.s.59.e.10" trigger="Dailymed.d0caec89-96ec-411d-a933-63eda74a6da7.s.59.e.8" type="Increase_Interaction"/><pair ddi="false" e1="Dailymed.d0caec89-96ec-411d-a933-63eda74a6da7.s.59.e.0" e2="Dailymed.d0caec89-96ec-411d-a933-63eda74a6da7.s.59.e.1"/></sentence><sentence biomedicalEntities="3" id="Dailymed.d0caec89-96ec-411d-a933-63eda74a6da7.s.60" lineNumber="69" text="Dual Blockade of the Renin-Angiotensin System (RAS): Dual blockade of the RAS with angiotensin receptor blockers, ACE inhibitors, or aliskiren is associated with increased risks of hypotension, hyperkalemia, and changes in renal function (including acute renal failure) compared to monotherapy. " type="irregular"><entity charOffset="83:112" id="Dailymed.d0caec89-96ec-411d-a933-63eda74a6da7.s.60.e.0" text="angiotensin receptor blockers" type="Drug_Class"><Normalization><mmtx cui="C0521942" phraseText="with angiotensin receptor blockers," preferredWord="Angiotensin II receptor antagonist" semType="phsu"/><mmtx cui="C0815017" phraseText="with angiotensin receptor blockers," preferredWord="Angiotensin Receptor Antagonists" semType="phsu"/><RxNorm RxCui="839"/></Normalization></entity><entity charOffset="114:128" id="Dailymed.d0caec89-96ec-411d-a933-63eda74a6da7.s.60.e.1" text="ACE inhibitors" type="Drug_Class"><Normalization><mmtx cui="C0003015" phraseText="ACE inhibitors," preferredWord="Angiotensin-Converting Enzyme Inhibitors" semType="phsu"/><RxNorm RxCui="221294"/></Normalization></entity><entity charOffset="133:142" id="Dailymed.d0caec89-96ec-411d-a933-63eda74a6da7.s.60.e.2" text="aliskiren" type="Drug"><Normalization><mmtx cui="C1120110" phraseText="aliskiren" preferredWord="aliskiren" semType="phsu, orch"/><RxNorm RxCui="325646"/></Normalization></entity><entity charOffset="181:192" id="Dailymed.d0caec89-96ec-411d-a933-63eda74a6da7.s.60.e.3" text="hypotension" type="Specific_Interaction"/><entity charOffset="194:206" id="Dailymed.d0caec89-96ec-411d-a933-63eda74a6da7.s.60.e.5" text="hyperkalemia" type="Specific_Interaction"/><entity charOffset="212:237" id="Dailymed.d0caec89-96ec-411d-a933-63eda74a6da7.s.60.e.7" text="changes in renal function" type="Specific_Interaction"/><entity charOffset="249:268" id="Dailymed.d0caec89-96ec-411d-a933-63eda74a6da7.s.60.e.9" text="acute renal failure" type="Specific_Interaction"><Normalization><mmtx cui="C0022660" phraseText="acute renal failure" preferredWord="Kidney Failure, Acute" semType="dsyn"/></Normalization></entity><drugInteraction id="Dailymed.d0caec89-96ec-411d-a933-63eda74a6da7.s.60.ddi.1"><interaction trigger="Dailymed.d0caec89-96ec-411d-a933-63eda74a6da7.s.60.e.3"><relations><relation type="hasPrecipitant"><entity id="Dailymed.d0caec89-96ec-411d-a933-63eda74a6da7.s.60.e.0"/></relation><relation type="hasPrecipitant"><entity id="Dailymed.d0caec89-96ec-411d-a933-63eda74a6da7.s.60.e.2"/></relation><relation type="hasPrecipitant"><entity id="Dailymed.d0caec89-96ec-411d-a933-63eda74a6da7.s.60.e.1"/></relation><relation type="hasObject"><labelDrug text="Exforge"/><normalization><mmtx><preferredWord>Exforge</preferredWord><phraseText>aliskiren with Exforge</phraseText><cuiCode>C1949333</cuiCode><semType>phsu</semType></mmtx></normalization></relation></relations></interaction></drugInteraction><drugInteraction id="Dailymed.d0caec89-96ec-411d-a933-63eda74a6da7.s.60.ddi.2"><interaction trigger="Dailymed.d0caec89-96ec-411d-a933-63eda74a6da7.s.60.e.5"><relations><relation type="hasPrecipitant"><entity id="Dailymed.d0caec89-96ec-411d-a933-63eda74a6da7.s.60.e.0"/></relation><relation type="hasPrecipitant"><entity id="Dailymed.d0caec89-96ec-411d-a933-63eda74a6da7.s.60.e.2"/></relation><relation type="hasPrecipitant"><entity id="Dailymed.d0caec89-96ec-411d-a933-63eda74a6da7.s.60.e.1"/></relation><relation type="hasObject"><labelDrug text="Exforge"/><normalization><mmtx><preferredWord>Exforge</preferredWord><phraseText>aliskiren with Exforge</phraseText><cuiCode>C1949333</cuiCode><semType>phsu</semType></mmtx></normalization></relation></relations></interaction></drugInteraction><drugInteraction id="Dailymed.d0caec89-96ec-411d-a933-63eda74a6da7.s.60.ddi.3"><interaction trigger="Dailymed.d0caec89-96ec-411d-a933-63eda74a6da7.s.60.e.7"><relations><relation type="hasPrecipitant"><entity id="Dailymed.d0caec89-96ec-411d-a933-63eda74a6da7.s.60.e.0"/></relation><relation type="hasPrecipitant"><entity id="Dailymed.d0caec89-96ec-411d-a933-63eda74a6da7.s.60.e.2"/></relation><relation type="hasPrecipitant"><entity id="Dailymed.d0caec89-96ec-411d-a933-63eda74a6da7.s.60.e.1"/></relation><relation type="hasObject"><labelDrug text="Exforge"/><normalization><mmtx><preferredWord>Exforge</preferredWord><phraseText>aliskiren with Exforge</phraseText><cuiCode>C1949333</cuiCode><semType>phsu</semType></mmtx></normalization></relation></relations></interaction></drugInteraction><drugInteraction id="Dailymed.d0caec89-96ec-411d-a933-63eda74a6da7.s.60.ddi.4"><interaction trigger="Dailymed.d0caec89-96ec-411d-a933-63eda74a6da7.s.60.e.9"><relations><relation type="hasPrecipitant"><entity id="Dailymed.d0caec89-96ec-411d-a933-63eda74a6da7.s.60.e.0"/></relation><relation type="hasPrecipitant"><entity id="Dailymed.d0caec89-96ec-411d-a933-63eda74a6da7.s.60.e.2"/></relation><relation type="hasPrecipitant"><entity id="Dailymed.d0caec89-96ec-411d-a933-63eda74a6da7.s.60.e.1"/></relation><relation type="hasObject"><labelDrug text="Exforge"/><normalization><mmtx><preferredWord>Exforge</preferredWord><phraseText>aliskiren with Exforge</phraseText><cuiCode>C1949333</cuiCode><semType>phsu</semType></mmtx></normalization></relation></relations></interaction></drugInteraction><pair ddi="false" e1="Dailymed.d0caec89-96ec-411d-a933-63eda74a6da7.s.60.e.0" e2="Dailymed.d0caec89-96ec-411d-a933-63eda74a6da7.s.60.e.2"/><pair ddi="false" e1="Dailymed.d0caec89-96ec-411d-a933-63eda74a6da7.s.60.e.0" e2="Dailymed.d0caec89-96ec-411d-a933-63eda74a6da7.s.60.e.1"/><pair ddi="false" e1="Dailymed.d0caec89-96ec-411d-a933-63eda74a6da7.s.60.e.1" e2="Dailymed.d0caec89-96ec-411d-a933-63eda74a6da7.s.60.e.2"/><pair ddi="true" e1="labelDrug" e2="Dailymed.d0caec89-96ec-411d-a933-63eda74a6da7.s.60.e.0"/><pair ddi="true" e1="labelDrug" e2="Dailymed.d0caec89-96ec-411d-a933-63eda74a6da7.s.60.e.2"/><pair ddi="true" e1="labelDrug" e2="Dailymed.d0caec89-96ec-411d-a933-63eda74a6da7.s.60.e.1"/></sentence><sentence biomedicalEntities="2" id="Dailymed.d0caec89-96ec-411d-a933-63eda74a6da7.s.61" lineNumber="69" text="Closely monitor blood pressure, renal function, and electrolytes in patients on Exforge and other agents that affect the RAS." type="regular"><entity charOffset="8:15" id="Dailymed.d0caec89-96ec-411d-a933-63eda74a6da7.s.61.e.0" text="monitor" type="Caution_Interaction"/><entity charOffset="80:87" id="Dailymed.d0caec89-96ec-411d-a933-63eda74a6da7.s.61.e.2" text="Exforge" type="Drug"><Normalization><mmtx cui="C1949333" phraseText="on Exforge" preferredWord="Exforge" semType="phsu"/><RxNorm RxCui="722127"/></Normalization></entity><entity charOffset="98:124" id="Dailymed.d0caec89-96ec-411d-a933-63eda74a6da7.s.61.e.3" text="agents that affect the RAS" type="Drug_Class"><Normalization><mmtx cui="C1254351" phraseText="other agents" preferredWord="Pharmacologic Substance" semType="phsu"/><mmtx cui="C0035100" phraseText="the RAS." preferredWord="Chymosin" semType="phsu, aapp, enzy"/><mmtx cui="C0003018" phraseText="the RAS." preferredWord="Angiotensins" semType="bacs, phsu, aapp"/><RxNorm RxCui="126263"/></Normalization></entity><drugInteraction id="Dailymed.d0caec89-96ec-411d-a933-63eda74a6da7.s.61.ddi.1"><interaction trigger="Dailymed.d0caec89-96ec-411d-a933-63eda74a6da7.s.61.e.0"><relations><relation type="hasObject"><entity id="Dailymed.d0caec89-96ec-411d-a933-63eda74a6da7.s.61.e.2"/></relation><relation type="hasPrecipitant"><entity id="Dailymed.d0caec89-96ec-411d-a933-63eda74a6da7.s.61.e.3"/></relation></relations></interaction></drugInteraction><pair ddi="true" e1="Dailymed.d0caec89-96ec-411d-a933-63eda74a6da7.s.61.e.2" e2="Dailymed.d0caec89-96ec-411d-a933-63eda74a6da7.s.61.e.3" trigger="Dailymed.d0caec89-96ec-411d-a933-63eda74a6da7.s.61.e.0" type="Caution_Interaction"/></sentence><sentence biomedicalEntities="2" id="Dailymed.d0caec89-96ec-411d-a933-63eda74a6da7.s.62" lineNumber="71" text="Do not coadminister aliskiren with Exforge in patients with diabetes. " type="regular"><entity charOffset="0:19" id="Dailymed.d0caec89-96ec-411d-a933-63eda74a6da7.s.62.e.0" text="Do not coadminister" type="Caution_Interaction"/><entity charOffset="20:29" id="Dailymed.d0caec89-96ec-411d-a933-63eda74a6da7.s.62.e.2" text="aliskiren" type="Drug"><Normalization><mmtx cui="C1120110" phraseText="aliskiren with Exforge" preferredWord="aliskiren" semType="phsu, orch"/><RxNorm RxCui="325646"/></Normalization></entity><entity charOffset="35:42" id="Dailymed.d0caec89-96ec-411d-a933-63eda74a6da7.s.62.e.3" text="Exforge" type="Drug"><Normalization><mmtx cui="C1949333" phraseText="aliskiren with Exforge" preferredWord="Exforge" semType="phsu"/><RxNorm RxCui="722127"/></Normalization></entity><entity charOffset="60:68" id="Dailymed.d0caec89-96ec-411d-a933-63eda74a6da7.s.62.e.4" text="diabetes" type="SPAN"><Normalization><mmtx cui="C0011847" phraseText="with diabetes." preferredWord="Diabetes" semType="dsyn"/><mmtx cui="C0011849" phraseText="with diabetes." preferredWord="Diabetes Mellitus" semType="dsyn"/></Normalization></entity><drugInteraction id="Dailymed.d0caec89-96ec-411d-a933-63eda74a6da7.s.62.ddi.1"><interaction trigger="Dailymed.d0caec89-96ec-411d-a933-63eda74a6da7.s.62.e.0"><relations><relation type="hasPrecipitant"><entity id="Dailymed.d0caec89-96ec-411d-a933-63eda74a6da7.s.62.e.2"/></relation><relation type="hasObject"><entity id="Dailymed.d0caec89-96ec-411d-a933-63eda74a6da7.s.62.e.3"/></relation><relation type="hasContext"><entity id="Dailymed.d0caec89-96ec-411d-a933-63eda74a6da7.s.62.e.4"/></relation></relations></interaction></drugInteraction><pair context="Dailymed.d0caec89-96ec-411d-a933-63eda74a6da7.s.62.e.4" ddi="true" e1="Dailymed.d0caec89-96ec-411d-a933-63eda74a6da7.s.62.e.2" e2="Dailymed.d0caec89-96ec-411d-a933-63eda74a6da7.s.62.e.3" trigger="Dailymed.d0caec89-96ec-411d-a933-63eda74a6da7.s.62.e.0" type="Caution_Interaction"/></sentence><sentence biomedicalEntities="2" id="Dailymed.d0caec89-96ec-411d-a933-63eda74a6da7.s.63" lineNumber="71" text="Avoid use of aliskiren with Exforge in patients with renal impairment (GFR &lt;60 mL/min)." type="regular"><entity charOffset="0:9" id="Dailymed.d0caec89-96ec-411d-a933-63eda74a6da7.s.63.e.0" text="Avoid use" type="Caution_Interaction"/><entity charOffset="13:22" id="Dailymed.d0caec89-96ec-411d-a933-63eda74a6da7.s.63.e.2" text="aliskiren" type="Drug"><Normalization><mmtx cui="C1120110" phraseText="use of aliskiren" preferredWord="aliskiren" semType="phsu, orch"/><RxNorm RxCui="325646"/></Normalization></entity><entity charOffset="28:35" id="Dailymed.d0caec89-96ec-411d-a933-63eda74a6da7.s.63.e.3" text="Exforge" type="Drug"><Normalization><mmtx cui="C1949333" phraseText="with Exforge" preferredWord="Exforge" semType="phsu"/><RxNorm RxCui="722127"/></Normalization></entity><entity charOffset="53:69" id="Dailymed.d0caec89-96ec-411d-a933-63eda74a6da7.s.63.e.4" text="renal impairment" type="SPAN"><Normalization><mmtx cui="C0035078" phraseText="with renal impairment" preferredWord="Kidney Failure" semType="dsyn"/><mmtx cui="C0341697" phraseText="with renal impairment" preferredWord="Renal impairment" semType="dsyn"/></Normalization></entity><drugInteraction id="Dailymed.d0caec89-96ec-411d-a933-63eda74a6da7.s.63.ddi.1"><interaction trigger="Dailymed.d0caec89-96ec-411d-a933-63eda74a6da7.s.63.e.0"><relations><relation type="hasPrecipitant"><entity id="Dailymed.d0caec89-96ec-411d-a933-63eda74a6da7.s.63.e.2"/></relation><relation type="hasObject"><entity id="Dailymed.d0caec89-96ec-411d-a933-63eda74a6da7.s.63.e.3"/></relation><relation type="hasContext"><entity id="Dailymed.d0caec89-96ec-411d-a933-63eda74a6da7.s.63.e.4"/></relation></relations></interaction></drugInteraction><pair context="Dailymed.d0caec89-96ec-411d-a933-63eda74a6da7.s.63.e.4" ddi="true" e1="Dailymed.d0caec89-96ec-411d-a933-63eda74a6da7.s.63.e.2" e2="Dailymed.d0caec89-96ec-411d-a933-63eda74a6da7.s.63.e.3" trigger="Dailymed.d0caec89-96ec-411d-a933-63eda74a6da7.s.63.e.0" type="Caution_Interaction"/></sentence><positiveExamples number="22"/><negativeExamples number="72"/></document>