<?xml version="1.0" encoding="UTF-8" standalone="no"?><document setID="d7f569dc-6bed-42dc-9bec-940a9e6b090d"><labelDrug name="Catapres"><Normalization/></labelDrug><generic name="clonidine hydrochloride"/><sentence id="Dailymed.d7f569dc-6bed-42dc-9bec-940a9e6b090d.s.1" text="Drug Label for drug brand Catapres, containing clonidine hydrochloride." type="negative"><entity charOffset="0:19" id="Dailymed.d7f569dc-6bed-42dc-9bec-940a9e6b090d.s.1.e.0" text="drug drug" type="Biomedical_Entity"><Normalization><mmtx cui="C0013231" phraseText="Drug Label for drug brand Catapres," preferredWord="Drugs, Non-Prescription" semType="phsu"/><RxNorm RxCui="NA"/></Normalization></entity><entity charOffset="47:70" id="Dailymed.d7f569dc-6bed-42dc-9bec-940a9e6b090d.s.1.e.1" text="clonidine hydrochloride" type="Biomedical_Entity"><Normalization><mmtx cui="C0546860" phraseText="clonidine hydrochloride." preferredWord="Clonidine Hydrochloride" semType="phsu, orch"/><RxNorm RxCui="2599"/></Normalization></entity><entity charOffset="26:34" id="Dailymed.d7f569dc-6bed-42dc-9bec-940a9e6b090d.s.1.e.2" text="catapres" type="Biomedical_Entity"><Normalization><mmtx cui="C0699881" phraseText="Drug Label for drug brand Catapres," preferredWord="Catapres" semType="phsu, orch"/><RxNorm RxCui="202941"/></Normalization></entity><pair ddi="false" e1="Dailymed.d7f569dc-6bed-42dc-9bec-940a9e6b090d.s.1.e.0" e2="Dailymed.d7f569dc-6bed-42dc-9bec-940a9e6b090d.s.1.e.1"/><pair ddi="false" e1="Dailymed.d7f569dc-6bed-42dc-9bec-940a9e6b090d.s.1.e.0" e2="Dailymed.d7f569dc-6bed-42dc-9bec-940a9e6b090d.s.1.e.2"/><pair ddi="false" e1="Dailymed.d7f569dc-6bed-42dc-9bec-940a9e6b090d.s.1.e.2" e2="Dailymed.d7f569dc-6bed-42dc-9bec-940a9e6b090d.s.1.e.1"/></sentence><sentence id="Dailymed.d7f569dc-6bed-42dc-9bec-940a9e6b090d.s.3" text="Catapres (clonidine hydrochloride, USP) tablets should not be used in patients with known hypersensitivity to clonidine (see PRECAUTIONS )." type="negative"><entity charOffset="110:119" id="Dailymed.d7f569dc-6bed-42dc-9bec-940a9e6b090d.s.3.e.0" text="clonidine" type="Biomedical_Entity"><Normalization><mmtx cui="C0009014" phraseText="to clonidine" preferredWord="Clonidine" semType="phsu, orch"/><RxNorm RxCui="2599"/></Normalization></entity><entity charOffset="0:8" id="Dailymed.d7f569dc-6bed-42dc-9bec-940a9e6b090d.s.3.e.1" text="catapres" type="Biomedical_Entity"><Normalization><mmtx cui="C0699881" phraseText="Catapres" preferredWord="Catapres" semType="phsu, orch"/><RxNorm RxCui="202941"/></Normalization></entity><entity charOffset="10:33" id="Dailymed.d7f569dc-6bed-42dc-9bec-940a9e6b090d.s.3.e.2" text="clonidine hydrochloride" type="Biomedical_Entity"><Normalization><mmtx cui="C0546860" phraseText="(clonidine hydrochloride," preferredWord="Clonidine Hydrochloride" semType="phsu, orch"/><RxNorm RxCui="2599"/></Normalization></entity><pair ddi="false" e1="Dailymed.d7f569dc-6bed-42dc-9bec-940a9e6b090d.s.3.e.1" e2="Dailymed.d7f569dc-6bed-42dc-9bec-940a9e6b090d.s.3.e.0"/><pair ddi="false" e1="Dailymed.d7f569dc-6bed-42dc-9bec-940a9e6b090d.s.3.e.2" e2="Dailymed.d7f569dc-6bed-42dc-9bec-940a9e6b090d.s.3.e.0"/><pair ddi="false" e1="Dailymed.d7f569dc-6bed-42dc-9bec-940a9e6b090d.s.3.e.1" e2="Dailymed.d7f569dc-6bed-42dc-9bec-940a9e6b090d.s.3.e.2"/></sentence><sentence id="Dailymed.d7f569dc-6bed-42dc-9bec-940a9e6b090d.s.7" text="Sudden cessation of clonidine treatment has, in some cases, resulted in symptoms such as nervousness, agitation, headache, and tremor accompanied or followed by a rapid rise in blood pressure and elevated catecholamine concentrations in the plasma. " type="negative"><entity charOffset="205:218" id="Dailymed.d7f569dc-6bed-42dc-9bec-940a9e6b090d.s.7.e.0" text="catecholamine" type="Biomedical_Entity"><Normalization><mmtx cui="C3536742" phraseText="elevated catecholamine concentrations in the plasma." preferredWord="Catecholamine [EPC]" semType="phsu"/><RxNorm RxCui="2146"/></Normalization></entity><entity charOffset="20:29" id="Dailymed.d7f569dc-6bed-42dc-9bec-940a9e6b090d.s.7.e.1" text="clonidine" type="Biomedical_Entity"><Normalization><mmtx cui="C0009014" phraseText="Sudden cessation of clonidine treatment" preferredWord="Clonidine" semType="phsu, orch"/><RxNorm RxCui="2599"/></Normalization></entity><pair ddi="false" e1="Dailymed.d7f569dc-6bed-42dc-9bec-940a9e6b090d.s.7.e.1" e2="Dailymed.d7f569dc-6bed-42dc-9bec-940a9e6b090d.s.7.e.0"/></sentence><sentence id="Dailymed.d7f569dc-6bed-42dc-9bec-940a9e6b090d.s.8" text="The likelihood of such reactions to discontinuation of clonidine therapy appears to be greater after administration of higher doses or continuation of concomitant beta-blocker treatment and special caution is therefore advised in these situations. " type="negative"><entity charOffset="55:64" id="Dailymed.d7f569dc-6bed-42dc-9bec-940a9e6b090d.s.8.e.0" text="clonidine" type="Biomedical_Entity"><Normalization><mmtx cui="C0009014" phraseText="of clonidine therapy" preferredWord="Clonidine" semType="phsu, orch"/><RxNorm RxCui="2599"/></Normalization></entity><entity charOffset="163:175" id="Dailymed.d7f569dc-6bed-42dc-9bec-940a9e6b090d.s.8.e.1" text="beta-blocker" type="Biomedical_Entity"><Normalization><mmtx cui="C0001645" phraseText="continuation of concomitant beta-blocker treatment" preferredWord="Adrenergic beta-Antagonists" semType="phsu"/><RxNorm RxCui="371"/></Normalization></entity><pair ddi="false" e1="Dailymed.d7f569dc-6bed-42dc-9bec-940a9e6b090d.s.8.e.0" e2="Dailymed.d7f569dc-6bed-42dc-9bec-940a9e6b090d.s.8.e.1"/></sentence><sentence id="Dailymed.d7f569dc-6bed-42dc-9bec-940a9e6b090d.s.11" text="An excessive rise in blood pressure following discontinuation of CATAPRES tablets therapy can be reversed by administration of oral clonidine hydrochloride or by intravenous phentolamine. " type="negative"><entity charOffset="65:81" id="Dailymed.d7f569dc-6bed-42dc-9bec-940a9e6b090d.s.11.e.0" text="catapres tablets" type="Biomedical_Entity"><Normalization><mmtx cui="C0305564" phraseText="discontinuation of CATAPRES tablets therapy" preferredWord="Clonidine Oral Tablet [Catapres]" semType="clnd"/><RxNorm RxCui="202941"/></Normalization></entity><entity charOffset="174:186" id="Dailymed.d7f569dc-6bed-42dc-9bec-940a9e6b090d.s.11.e.1" text="phentolamine" type="Biomedical_Entity"><Normalization><mmtx cui="C0031448" phraseText="or by intravenous phentolamine." preferredWord="Phentolamine" semType="phsu, orch"/><RxNorm RxCui="8153"/></Normalization></entity><entity charOffset="132:155" id="Dailymed.d7f569dc-6bed-42dc-9bec-940a9e6b090d.s.11.e.2" text="clonidine hydrochloride" type="Biomedical_Entity"><Normalization><mmtx cui="C0546860" phraseText="reversed by administration of oral clonidine hydrochloride" preferredWord="Clonidine Hydrochloride" semType="phsu, orch"/><RxNorm RxCui="2599"/></Normalization></entity><pair ddi="false" e1="Dailymed.d7f569dc-6bed-42dc-9bec-940a9e6b090d.s.11.e.0" e2="Dailymed.d7f569dc-6bed-42dc-9bec-940a9e6b090d.s.11.e.1"/><pair ddi="false" e1="Dailymed.d7f569dc-6bed-42dc-9bec-940a9e6b090d.s.11.e.0" e2="Dailymed.d7f569dc-6bed-42dc-9bec-940a9e6b090d.s.11.e.2"/><pair ddi="false" e1="Dailymed.d7f569dc-6bed-42dc-9bec-940a9e6b090d.s.11.e.2" e2="Dailymed.d7f569dc-6bed-42dc-9bec-940a9e6b090d.s.11.e.1"/></sentence><sentence id="Dailymed.d7f569dc-6bed-42dc-9bec-940a9e6b090d.s.12" text="If therapy is to be discontinued in patients receiving a beta-blocker and clonidine concurrently, the beta-blocker should be withdrawn several days before the gradual discontinuation of CATAPRES tablets." type="negative"><entity charOffset="74:83" id="Dailymed.d7f569dc-6bed-42dc-9bec-940a9e6b090d.s.12.e.0" text="clonidine" type="Biomedical_Entity"><Normalization><mmtx cui="C0009014" phraseText="clonidine concurrently," preferredWord="Clonidine" semType="phsu, orch"/><RxNorm RxCui="2599"/></Normalization></entity><entity charOffset="186:202" id="Dailymed.d7f569dc-6bed-42dc-9bec-940a9e6b090d.s.12.e.1" text="catapres tablets" type="Biomedical_Entity"><Normalization><mmtx cui="C0305564" phraseText="several days before the gradual discontinuation of CATAPRES tablets." preferredWord="Clonidine Oral Tablet [Catapres]" semType="clnd"/><RxNorm RxCui="202941"/></Normalization></entity><entity charOffset="57:69" id="Dailymed.d7f569dc-6bed-42dc-9bec-940a9e6b090d.s.12.e.2" text="beta-blocker" type="Biomedical_Entity"><Normalization><mmtx cui="C0001645" phraseText="a beta-blocker" preferredWord="Adrenergic beta-Antagonists" semType="phsu"/><RxNorm RxCui="371"/></Normalization></entity><entity charOffset="102:114" id="Dailymed.d7f569dc-6bed-42dc-9bec-940a9e6b090d.s.12.e.3" text="beta-blocker" type="Biomedical_Entity"><Normalization><mmtx cui="C0001645" phraseText="the beta-blocker" preferredWord="Adrenergic beta-Antagonists" semType="phsu"/><RxNorm RxCui="371"/></Normalization></entity><pair ddi="false" e1="Dailymed.d7f569dc-6bed-42dc-9bec-940a9e6b090d.s.12.e.0" e2="Dailymed.d7f569dc-6bed-42dc-9bec-940a9e6b090d.s.12.e.1"/><pair ddi="false" e1="Dailymed.d7f569dc-6bed-42dc-9bec-940a9e6b090d.s.12.e.2" e2="Dailymed.d7f569dc-6bed-42dc-9bec-940a9e6b090d.s.12.e.0"/><pair ddi="false" e1="Dailymed.d7f569dc-6bed-42dc-9bec-940a9e6b090d.s.12.e.0" e2="Dailymed.d7f569dc-6bed-42dc-9bec-940a9e6b090d.s.12.e.3"/><pair ddi="false" e1="Dailymed.d7f569dc-6bed-42dc-9bec-940a9e6b090d.s.12.e.2" e2="Dailymed.d7f569dc-6bed-42dc-9bec-940a9e6b090d.s.12.e.1"/><pair ddi="false" e1="Dailymed.d7f569dc-6bed-42dc-9bec-940a9e6b090d.s.12.e.3" e2="Dailymed.d7f569dc-6bed-42dc-9bec-940a9e6b090d.s.12.e.1"/></sentence><sentence id="Dailymed.d7f569dc-6bed-42dc-9bec-940a9e6b090d.s.16" text="In patients who have developed localized contact sensitization to Catapres-TTS (clonidine), continuation of Catapres-TTS or substitution of oral clonidine hydrochloride therapy may be associated with the development of a generalized skin rash." type="negative"><entity charOffset="66:78" id="Dailymed.d7f569dc-6bed-42dc-9bec-940a9e6b090d.s.16.e.0" text="catapres-tts" type="Biomedical_Entity"><Normalization><mmtx cui="C0917969" phraseText="contact sensitization to Catapres-TTS (clonidine" preferredWord="Catapres-TTS" semType="phsu, orch"/><RxNorm RxCui="215919"/></Normalization></entity><entity charOffset="145:168" id="Dailymed.d7f569dc-6bed-42dc-9bec-940a9e6b090d.s.16.e.1" text="clonidine hydrochloride" type="Biomedical_Entity"><Normalization><mmtx cui="C0546860" phraseText="substitution of oral clonidine hydrochloride therapy" preferredWord="Clonidine Hydrochloride" semType="phsu, orch"/><RxNorm RxCui="2599"/></Normalization></entity><entity charOffset="108:120" id="Dailymed.d7f569dc-6bed-42dc-9bec-940a9e6b090d.s.16.e.2" text="catapres-tts" type="Biomedical_Entity"><Normalization><mmtx cui="C0917969" phraseText="continuation of Catapres-TTS" preferredWord="Catapres-TTS" semType="phsu, orch"/><RxNorm RxCui="215919"/></Normalization></entity><entity charOffset="80:89" id="Dailymed.d7f569dc-6bed-42dc-9bec-940a9e6b090d.s.16.e.3" text="clonidine" type="Biomedical_Entity"><Normalization><mmtx cui="C0009014" phraseText="contact sensitization to Catapres-TTS (clonidine" preferredWord="Clonidine" semType="phsu, orch"/><RxNorm RxCui="2599"/></Normalization></entity><pair ddi="false" e1="Dailymed.d7f569dc-6bed-42dc-9bec-940a9e6b090d.s.16.e.0" e2="Dailymed.d7f569dc-6bed-42dc-9bec-940a9e6b090d.s.16.e.1"/><pair ddi="false" e1="Dailymed.d7f569dc-6bed-42dc-9bec-940a9e6b090d.s.16.e.0" e2="Dailymed.d7f569dc-6bed-42dc-9bec-940a9e6b090d.s.16.e.3"/><pair ddi="false" e1="Dailymed.d7f569dc-6bed-42dc-9bec-940a9e6b090d.s.16.e.2" e2="Dailymed.d7f569dc-6bed-42dc-9bec-940a9e6b090d.s.16.e.1"/><pair ddi="false" e1="Dailymed.d7f569dc-6bed-42dc-9bec-940a9e6b090d.s.16.e.3" e2="Dailymed.d7f569dc-6bed-42dc-9bec-940a9e6b090d.s.16.e.1"/><pair ddi="false" e1="Dailymed.d7f569dc-6bed-42dc-9bec-940a9e6b090d.s.16.e.3" e2="Dailymed.d7f569dc-6bed-42dc-9bec-940a9e6b090d.s.16.e.2"/></sentence><sentence id="Dailymed.d7f569dc-6bed-42dc-9bec-940a9e6b090d.s.17" text="In patients who develop an allergic reaction to Catapres-TTS, substitution of oral clonidine hydrochloride may also elicit an allergic reaction (including generalized rash, urticaria, or angioedema)." type="negative"><entity charOffset="83:106" id="Dailymed.d7f569dc-6bed-42dc-9bec-940a9e6b090d.s.17.e.0" text="clonidine hydrochloride" type="Biomedical_Entity"><Normalization><mmtx cui="C0546860" phraseText="substitution of oral clonidine hydrochloride" preferredWord="Clonidine Hydrochloride" semType="phsu, orch"/><RxNorm RxCui="2599"/></Normalization></entity><entity charOffset="48:60" id="Dailymed.d7f569dc-6bed-42dc-9bec-940a9e6b090d.s.17.e.1" text="catapres-tts" type="Biomedical_Entity"><Normalization><mmtx cui="C0917969" phraseText="an allergic reaction to Catapres-TTS," preferredWord="Catapres-TTS" semType="phsu, orch"/><RxNorm RxCui="215919"/></Normalization></entity><pair ddi="false" e1="Dailymed.d7f569dc-6bed-42dc-9bec-940a9e6b090d.s.17.e.1" e2="Dailymed.d7f569dc-6bed-42dc-9bec-940a9e6b090d.s.17.e.0"/></sentence><sentence biomedicalEntities="2" id="Dailymed.d7f569dc-6bed-42dc-9bec-940a9e6b090d.s.18" lineNumber="27" text="The sympatholytic action of clonidine may worsen sinus node dysfunction and atrioventricular (AV) block, especially in patients taking other sympatholytic drugs. " type="regular"><entity charOffset="49:71" id="Dailymed.d7f569dc-6bed-42dc-9bec-940a9e6b090d.s.18.e.0" text="sinus node dysfunction" type="Specific_Interaction"><Normalization><mmtx cui="C0428908" phraseText="sinus node dysfunction" preferredWord="Sinus Node Dysfunction (disorder)" semType="dsyn"/></Normalization></entity><entity charOffset="76:103" id="Dailymed.d7f569dc-6bed-42dc-9bec-940a9e6b090d.s.18.e.2" text="atrioventricular (AV) block" type="Specific_Interaction"><Normalization><mmtx cui="C0004245" phraseText="atrioventricular (AV) block," preferredWord="Atrioventricular Block" semType="dsyn"/></Normalization></entity><entity charOffset="141:160" id="Dailymed.d7f569dc-6bed-42dc-9bec-940a9e6b090d.s.18.e.4" text="sympatholytic drugs" type="Drug_Class"><Normalization><mmtx cui="C0039051" phraseText="other sympatholytic drugs." preferredWord="Sympatholytics" semType="phsu"/><RxNorm RxCui="10281"/></Normalization></entity><entity charOffset="28:37" id="Dailymed.d7f569dc-6bed-42dc-9bec-940a9e6b090d.s.18.e.5" text="clonidine" type="Drug"><Normalization><mmtx cui="C0009014" phraseText="The sympatholytic action of clonidine" preferredWord="Clonidine" semType="phsu, orch"/><RxNorm RxCui="2599"/></Normalization></entity><drugInteraction id="Dailymed.d7f569dc-6bed-42dc-9bec-940a9e6b090d.s.18.ddi.1"><interaction trigger="Dailymed.d7f569dc-6bed-42dc-9bec-940a9e6b090d.s.18.e.0"><relations><relation type="hasPrecipitant"><entity id="Dailymed.d7f569dc-6bed-42dc-9bec-940a9e6b090d.s.18.e.4"/></relation><relation type="hasObject"><entity id="Dailymed.d7f569dc-6bed-42dc-9bec-940a9e6b090d.s.18.e.5"/></relation></relations></interaction></drugInteraction><drugInteraction id="Dailymed.d7f569dc-6bed-42dc-9bec-940a9e6b090d.s.18.ddi.2"><interaction trigger="Dailymed.d7f569dc-6bed-42dc-9bec-940a9e6b090d.s.18.e.2"><relations><relation type="hasPrecipitant"><entity id="Dailymed.d7f569dc-6bed-42dc-9bec-940a9e6b090d.s.18.e.4"/></relation><relation type="hasObject"><entity id="Dailymed.d7f569dc-6bed-42dc-9bec-940a9e6b090d.s.18.e.5"/></relation></relations></interaction></drugInteraction><pair ddi="true" e1="Dailymed.d7f569dc-6bed-42dc-9bec-940a9e6b090d.s.18.e.5" e2="Dailymed.d7f569dc-6bed-42dc-9bec-940a9e6b090d.s.18.e.4" trigger="Dailymed.d7f569dc-6bed-42dc-9bec-940a9e6b090d.s.18.e.0" type="Specific_Interaction"/></sentence><sentence biomedicalEntities="2" id="Dailymed.d7f569dc-6bed-42dc-9bec-940a9e6b090d.s.19" lineNumber="27" text="There are post-marketing reports of patients with conduction abnormalities and/or taking other sympatholytic drugs who developed severe bradycardia requiring IV atropine, IV isoproterenol and temporary cardiac pacing while taking clonidine." type="regular"><entity charOffset="129:147" id="Dailymed.d7f569dc-6bed-42dc-9bec-940a9e6b090d.s.19.e.0" text="severe bradycardia" type="Specific_Interaction"/><entity charOffset="95:114" id="Dailymed.d7f569dc-6bed-42dc-9bec-940a9e6b090d.s.19.e.2" text="sympatholytic drugs" type="Drug_Class"><Normalization><mmtx cui="C0039051" phraseText="other sympatholytic drugs" preferredWord="Sympatholytics" semType="phsu"/><RxNorm RxCui="10281"/></Normalization></entity><entity charOffset="230:239" id="Dailymed.d7f569dc-6bed-42dc-9bec-940a9e6b090d.s.19.e.3" text="clonidine" type="Drug"><Normalization><mmtx cui="C0009014" phraseText="taking clonidine." preferredWord="Clonidine" semType="phsu, orch"/><RxNorm RxCui="2599"/></Normalization></entity><drugInteraction id="Dailymed.d7f569dc-6bed-42dc-9bec-940a9e6b090d.s.19.ddi.1"><interaction trigger="Dailymed.d7f569dc-6bed-42dc-9bec-940a9e6b090d.s.19.e.0"><relations><relation type="hasPrecipitant"><entity id="Dailymed.d7f569dc-6bed-42dc-9bec-940a9e6b090d.s.19.e.2"/></relation><relation type="hasObject"><entity id="Dailymed.d7f569dc-6bed-42dc-9bec-940a9e6b090d.s.19.e.3"/></relation></relations></interaction></drugInteraction><pair ddi="true" e1="Dailymed.d7f569dc-6bed-42dc-9bec-940a9e6b090d.s.19.e.2" e2="Dailymed.d7f569dc-6bed-42dc-9bec-940a9e6b090d.s.19.e.3" trigger="Dailymed.d7f569dc-6bed-42dc-9bec-940a9e6b090d.s.19.e.0" type="Specific_Interaction"/></sentence><sentence id="Dailymed.d7f569dc-6bed-42dc-9bec-940a9e6b090d.s.22" text="Administration of Catapres (clonidine hydrochloride, USP) tablets should be continued to within 4 hours of surgery and resumed as soon as possible thereafter. " type="negative"><entity charOffset="28:51" id="Dailymed.d7f569dc-6bed-42dc-9bec-940a9e6b090d.s.22.e.0" text="clonidine hydrochloride" type="Biomedical_Entity"><Normalization><mmtx cui="C0546860" phraseText="(clonidine hydrochloride," preferredWord="Clonidine Hydrochloride" semType="phsu, orch"/><RxNorm RxCui="2599"/></Normalization></entity><entity charOffset="18:26" id="Dailymed.d7f569dc-6bed-42dc-9bec-940a9e6b090d.s.22.e.1" text="catapres" type="Biomedical_Entity"><Normalization><mmtx cui="C0699881" phraseText="Administration of Catapres" preferredWord="Catapres" semType="phsu, orch"/><RxNorm RxCui="202941"/></Normalization></entity><pair ddi="false" e1="Dailymed.d7f569dc-6bed-42dc-9bec-940a9e6b090d.s.22.e.1" e2="Dailymed.d7f569dc-6bed-42dc-9bec-940a9e6b090d.s.22.e.0"/></sentence><sentence id="Dailymed.d7f569dc-6bed-42dc-9bec-940a9e6b090d.s.26" text="Since patients may experience a possible sedative effect, dizziness, or accommodation disorder with use of clonidine, caution patients about engaging in activities such as driving a vehicle or operating appliances or machinery. " type="negative"><entity charOffset="107:116" id="Dailymed.d7f569dc-6bed-42dc-9bec-940a9e6b090d.s.26.e.0" text="clonidine" type="Biomedical_Entity"><Normalization><mmtx cui="C0009014" phraseText="accommodation disorder with use of clonidine," preferredWord="Clonidine" semType="phsu, orch"/><RxNorm RxCui="2599"/></Normalization></entity><entity charOffset="41:49" id="Dailymed.d7f569dc-6bed-42dc-9bec-940a9e6b090d.s.26.e.1" text="sedative" type="Biomedical_Entity"><Normalization><mmtx cui="C0020592" phraseText="a possible sedative effect," preferredWord="Hypnotics and Sedatives" semType="phsu"/><RxNorm RxCui="9634"/></Normalization></entity><pair ddi="false" e1="Dailymed.d7f569dc-6bed-42dc-9bec-940a9e6b090d.s.26.e.1" e2="Dailymed.d7f569dc-6bed-42dc-9bec-940a9e6b090d.s.26.e.0"/></sentence><sentence biomedicalEntities="3" id="Dailymed.d7f569dc-6bed-42dc-9bec-940a9e6b090d.s.27" lineNumber="37" text="Also, inform patients that this sedative effect may be increased by concomitant use of alcohol, barbiturates, or other sedating drugs." type="irregular"><entity charOffset="32:47" id="Dailymed.d7f569dc-6bed-42dc-9bec-940a9e6b090d.s.27.e.0" text="sedative effect" type="Specific_Interaction"/><entity charOffset="87:94" id="Dailymed.d7f569dc-6bed-42dc-9bec-940a9e6b090d.s.27.e.2" text="alcohol" type="Substance"><Normalization><mmtx cui="C0001975" phraseText="increased by concomitant use of alcohol," preferredWord="Alcohols" semType="phsu, orch"/><RxNorm RxCui="448"/></Normalization></entity><entity charOffset="96:108" id="Dailymed.d7f569dc-6bed-42dc-9bec-940a9e6b090d.s.27.e.3" text="barbiturates" type="Drug_Class"><Normalization><mmtx cui="C0004745" phraseText="barbiturates," preferredWord="Barbiturates" semType="phsu, orch"/><RxNorm RxCui="1437144"/></Normalization></entity><entity charOffset="119:133" id="Dailymed.d7f569dc-6bed-42dc-9bec-940a9e6b090d.s.27.e.4" text="sedating drugs" type="Drug_Class"><Normalization><mmtx cui="C0013227" phraseText="other sedating drugs." preferredWord="Pharmaceutical Preparations" semType="phsu"/><RxNorm RxCui="107777"/></Normalization></entity><drugInteraction id="Dailymed.d7f569dc-6bed-42dc-9bec-940a9e6b090d.s.27.ddi.1"><interaction trigger="Dailymed.d7f569dc-6bed-42dc-9bec-940a9e6b090d.s.27.e.0"><relations><relation type="hasObject"><ellipsisSentence id="Dailymed.d7f569dc-6bed-42dc-9bec-940a9e6b090d.s.26" text="Since patients may experience a possible sedative effect, dizziness, or accommodation disorder with use of clonidine, caution patients about engaging in activities such as driving a vehicle or operating appliances or machinery. "><entity charOffset="107:116" id="Dailymed.d7f569dc-6bed-42dc-9bec-940a9e6b090d.s.26.e.0" text="clonidine" type="Drug"><Normalization><mmtx cui="C0009014" phraseText="accommodation disorder with use of clonidine," preferredWord="Clonidine" semType="phsu, orch"/></Normalization></entity></ellipsisSentence></relation><relation type="hasPrecipitant"><entity id="Dailymed.d7f569dc-6bed-42dc-9bec-940a9e6b090d.s.27.e.4"/></relation><relation type="hasPrecipitant"><entity id="Dailymed.d7f569dc-6bed-42dc-9bec-940a9e6b090d.s.27.e.2"/></relation><relation type="hasPrecipitant"><entity id="Dailymed.d7f569dc-6bed-42dc-9bec-940a9e6b090d.s.27.e.3"/></relation></relations></interaction></drugInteraction><pair ddi="false" e1="Dailymed.d7f569dc-6bed-42dc-9bec-940a9e6b090d.s.27.e.2" e2="Dailymed.d7f569dc-6bed-42dc-9bec-940a9e6b090d.s.27.e.4"/><pair ddi="false" e1="Dailymed.d7f569dc-6bed-42dc-9bec-940a9e6b090d.s.27.e.3" e2="Dailymed.d7f569dc-6bed-42dc-9bec-940a9e6b090d.s.27.e.4"/><pair ddi="false" e1="Dailymed.d7f569dc-6bed-42dc-9bec-940a9e6b090d.s.27.e.2" e2="Dailymed.d7f569dc-6bed-42dc-9bec-940a9e6b090d.s.27.e.3"/><pair ddi="true" e1="labelDrug" e2="Dailymed.d7f569dc-6bed-42dc-9bec-940a9e6b090d.s.27.e.4"/><pair ddi="true" e1="labelDrug" e2="Dailymed.d7f569dc-6bed-42dc-9bec-940a9e6b090d.s.27.e.2"/><pair ddi="true" e1="labelDrug" e2="Dailymed.d7f569dc-6bed-42dc-9bec-940a9e6b090d.s.27.e.3"/></sentence><sentence biomedicalEntities="4" id="Dailymed.d7f569dc-6bed-42dc-9bec-940a9e6b090d.s.30" lineNumber="42" text="Clonidine may potentiate the CNS-depressive effects of alcohol, barbiturates or other sedating drugs. " type="regular"><entity charOffset="14:51" id="Dailymed.d7f569dc-6bed-42dc-9bec-940a9e6b090d.s.30.e.0" text="potentiate the CNS-depressive effects" type="Specific_Interaction"/><entity charOffset="55:62" id="Dailymed.d7f569dc-6bed-42dc-9bec-940a9e6b090d.s.30.e.2" text="alcohol" type="Substance"><Normalization><RxNorm RxCui="448"/></Normalization></entity><entity charOffset="64:76" id="Dailymed.d7f569dc-6bed-42dc-9bec-940a9e6b090d.s.30.e.3" text="barbiturates" type="Drug_Class"><Normalization><mmtx cui="C0004745" phraseText="barbiturates" preferredWord="Barbiturates" semType="phsu, orch"/><RxNorm RxCui="1437144"/></Normalization></entity><entity charOffset="86:100" id="Dailymed.d7f569dc-6bed-42dc-9bec-940a9e6b090d.s.30.e.4" text="sedating drugs" type="Drug_Class"><Normalization><mmtx cui="C0013227" phraseText="other sedating drugs." preferredWord="Pharmaceutical Preparations" semType="phsu"/><RxNorm RxCui="107777"/></Normalization></entity><entity charOffset="0:9" id="Dailymed.d7f569dc-6bed-42dc-9bec-940a9e6b090d.s.30.e.5" text="Clonidine" type="Drug"><Normalization><mmtx cui="C0009014" phraseText="Clonidine" preferredWord="Clonidine" semType="phsu, orch"/><RxNorm RxCui="2599"/></Normalization></entity><drugInteraction id="Dailymed.d7f569dc-6bed-42dc-9bec-940a9e6b090d.s.30.ddi.1"><interaction trigger="Dailymed.d7f569dc-6bed-42dc-9bec-940a9e6b090d.s.30.e.0"><relations><relation type="hasObject"><entity id="Dailymed.d7f569dc-6bed-42dc-9bec-940a9e6b090d.s.30.e.2"/></relation><relation type="hasObject"><entity id="Dailymed.d7f569dc-6bed-42dc-9bec-940a9e6b090d.s.30.e.3"/></relation><relation type="hasPrecipitant"><entity id="Dailymed.d7f569dc-6bed-42dc-9bec-940a9e6b090d.s.30.e.5"/></relation><relation type="hasObject"><entity id="Dailymed.d7f569dc-6bed-42dc-9bec-940a9e6b090d.s.30.e.4"/></relation></relations></interaction></drugInteraction><pair ddi="true" e1="Dailymed.d7f569dc-6bed-42dc-9bec-940a9e6b090d.s.30.e.5" e2="Dailymed.d7f569dc-6bed-42dc-9bec-940a9e6b090d.s.30.e.2" trigger="Dailymed.d7f569dc-6bed-42dc-9bec-940a9e6b090d.s.30.e.0" type="Specific_Interaction"/><pair ddi="true" e1="Dailymed.d7f569dc-6bed-42dc-9bec-940a9e6b090d.s.30.e.5" e2="Dailymed.d7f569dc-6bed-42dc-9bec-940a9e6b090d.s.30.e.3" trigger="Dailymed.d7f569dc-6bed-42dc-9bec-940a9e6b090d.s.30.e.0" type="Specific_Interaction"/><pair ddi="true" e1="Dailymed.d7f569dc-6bed-42dc-9bec-940a9e6b090d.s.30.e.5" e2="Dailymed.d7f569dc-6bed-42dc-9bec-940a9e6b090d.s.30.e.4" trigger="Dailymed.d7f569dc-6bed-42dc-9bec-940a9e6b090d.s.30.e.0" type="Specific_Interaction"/></sentence><sentence biomedicalEntities="2" id="Dailymed.d7f569dc-6bed-42dc-9bec-940a9e6b090d.s.31" lineNumber="42" text="If a patient receiving clonidine hydrochloride is also taking tricyclic antidepressants, the hypotensive effect of clonidine may be reduced, necessitating an increase in the clonidine dose. " type="regular"><anaphoraRelation><anaphoraEntity charOffset="115:124" id="Dailymed.d7f569dc-6bed-42dc-9bec-940a9e6b090d.s.31.e.5" text="clonidine" type="Expression"/><antecedentEntity charOffset="23-46" id="Dailymed.d7f569dc-6bed-42dc-9bec-940a9e6b090d.s.31.e.7" text="clonidine hydrochloride" type="Drug"/></anaphoraRelation><anaphoraRelation><anaphoraEntity charOffset="174:183" id="Dailymed.d7f569dc-6bed-42dc-9bec-940a9e6b090d.s.31.e.4" text="clonidine" type="Expression"/><antecedentEntity charOffset="23-46" id="Dailymed.d7f569dc-6bed-42dc-9bec-940a9e6b090d.s.31.e.7" text="clonidine hydrochloride" type="Drug"/></anaphoraRelation><entity charOffset="93:111|132:139" id="Dailymed.d7f569dc-6bed-42dc-9bec-940a9e6b090d.s.31.e.0" text="hypotensive effect reduced" type="Specific_Interaction"/><entity charOffset="158:173|184:188" id="Dailymed.d7f569dc-6bed-42dc-9bec-940a9e6b090d.s.31.e.2" text="increase in the dose" type="Decrease_Interaction"/><entity charOffset="62:87" id="Dailymed.d7f569dc-6bed-42dc-9bec-940a9e6b090d.s.31.e.6" text="tricyclic antidepressants" type="Drug_Class"><Normalization><mmtx cui="C0003290" phraseText="tricyclic antidepressants," preferredWord="Tricyclic Antidepressive Agents" semType="phsu"/><RxNorm RxCui="928"/></Normalization></entity><entity charOffset="23:46" id="Dailymed.d7f569dc-6bed-42dc-9bec-940a9e6b090d.s.31.e.7" text="clonidine hydrochloride" type="Drug"><Normalization><mmtx cui="C0546860" phraseText="a patient receiving clonidine hydrochloride" preferredWord="Clonidine Hydrochloride" semType="phsu, orch"/><RxNorm RxCui="2599"/></Normalization></entity><drugInteraction id="Dailymed.d7f569dc-6bed-42dc-9bec-940a9e6b090d.s.31.ddi.1"><interaction trigger="Dailymed.d7f569dc-6bed-42dc-9bec-940a9e6b090d.s.31.e.0"><relations><relation type="hasObject"><entity id="Dailymed.d7f569dc-6bed-42dc-9bec-940a9e6b090d.s.31.e.5"/></relation><relation type="hasPrecipitant"><entity id="Dailymed.d7f569dc-6bed-42dc-9bec-940a9e6b090d.s.31.e.6"/></relation></relations></interaction></drugInteraction><drugInteraction id="Dailymed.d7f569dc-6bed-42dc-9bec-940a9e6b090d.s.31.ddi.2"><interaction trigger="Dailymed.d7f569dc-6bed-42dc-9bec-940a9e6b090d.s.31.e.2"><relations><relation type="hasObject"><entity id="Dailymed.d7f569dc-6bed-42dc-9bec-940a9e6b090d.s.31.e.4"/></relation><relation type="hasPrecipitant"><entity id="Dailymed.d7f569dc-6bed-42dc-9bec-940a9e6b090d.s.31.e.6"/></relation></relations></interaction></drugInteraction><pair ddi="true" e1="Dailymed.d7f569dc-6bed-42dc-9bec-940a9e6b090d.s.31.e.6" e2="Dailymed.d7f569dc-6bed-42dc-9bec-940a9e6b090d.s.31.e.5" trigger="Dailymed.d7f569dc-6bed-42dc-9bec-940a9e6b090d.s.31.e.0" type="Specific_Interaction"/><pair ddi="true" e1="Dailymed.d7f569dc-6bed-42dc-9bec-940a9e6b090d.s.31.e.6" e2="Dailymed.d7f569dc-6bed-42dc-9bec-940a9e6b090d.s.31.e.4" trigger="Dailymed.d7f569dc-6bed-42dc-9bec-940a9e6b090d.s.31.e.2" type="Decrease_Interaction"/></sentence><sentence biomedicalEntities="2" id="Dailymed.d7f569dc-6bed-42dc-9bec-940a9e6b090d.s.32" lineNumber="42" text="If a patient receiving clonidine is also taking neuroleptics, orthostatic regulation disturbances (e.g., orthostatic hypotension, dizziness, fatigue) may be induced or exacerbated." type="regular"><entity charOffset="62:97|157:179" id="Dailymed.d7f569dc-6bed-42dc-9bec-940a9e6b090d.s.32.e.0" text="orthostatic regulation disturbances induced or exacerbated" type="Specific_Interaction"><Normalization><mmtx cui="C0149746" phraseText="orthostatic regulation disturbances" preferredWord="Orthostasis" semType="sosy"/><mmtx cui="C0149746" phraseText="orthostatic hypotension," preferredWord="Orthostasis" semType="sosy"/><mmtx cui="C0012833" phraseText="dizziness," preferredWord="Dizziness" semType="sosy"/><mmtx cui="C0042571" phraseText="dizziness," preferredWord="Vertigo" semType="sosy"/><mmtx cui="C0015672" phraseText="fatigue" preferredWord="Fatigue" semType="sosy"/></Normalization></entity><entity charOffset="105:128" id="Dailymed.d7f569dc-6bed-42dc-9bec-940a9e6b090d.s.32.e.2" text="orthostatic hypotension" type="Specific_Interaction"><Normalization><mmtx cui="C0149746" phraseText="orthostatic hypotension," preferredWord="Orthostasis" semType="sosy"/></Normalization></entity><entity charOffset="130:139" id="Dailymed.d7f569dc-6bed-42dc-9bec-940a9e6b090d.s.32.e.4" text="dizziness" type="Specific_Interaction"><Normalization><mmtx cui="C0012833" phraseText="dizziness," preferredWord="Dizziness" semType="sosy"/><mmtx cui="C0042571" phraseText="dizziness," preferredWord="Vertigo" semType="sosy"/></Normalization></entity><entity charOffset="141:148" id="Dailymed.d7f569dc-6bed-42dc-9bec-940a9e6b090d.s.32.e.6" text="fatigue" type="Specific_Interaction"><Normalization><mmtx cui="C0015672" phraseText="fatigue" preferredWord="Fatigue" semType="sosy"/></Normalization></entity><entity charOffset="23:32" id="Dailymed.d7f569dc-6bed-42dc-9bec-940a9e6b090d.s.32.e.8" text="clonidine" type="Drug"><Normalization><mmtx cui="C0009014" phraseText="a patient receiving clonidine" preferredWord="Clonidine" semType="phsu, orch"/><RxNorm RxCui="2599"/></Normalization></entity><entity charOffset="48:60" id="Dailymed.d7f569dc-6bed-42dc-9bec-940a9e6b090d.s.32.e.9" text="neuroleptics" type="Drug_Class"><Normalization><mmtx cui="C0040615" phraseText="also taking neuroleptics," preferredWord="Antipsychotic Agents" semType="phsu"/><RxNorm RxCui="10693"/></Normalization></entity><drugInteraction id="Dailymed.d7f569dc-6bed-42dc-9bec-940a9e6b090d.s.32.ddi.1"><interaction trigger="Dailymed.d7f569dc-6bed-42dc-9bec-940a9e6b090d.s.32.e.0"><relations><relation type="hasObject"><entity id="Dailymed.d7f569dc-6bed-42dc-9bec-940a9e6b090d.s.32.e.8"/></relation><relation type="hasPrecipitant"><entity id="Dailymed.d7f569dc-6bed-42dc-9bec-940a9e6b090d.s.32.e.9"/></relation></relations></interaction></drugInteraction><drugInteraction id="Dailymed.d7f569dc-6bed-42dc-9bec-940a9e6b090d.s.32.ddi.2"><interaction trigger="Dailymed.d7f569dc-6bed-42dc-9bec-940a9e6b090d.s.32.e.2"><relations><relation type="hasObject"><entity id="Dailymed.d7f569dc-6bed-42dc-9bec-940a9e6b090d.s.32.e.8"/></relation><relation type="hasPrecipitant"><entity id="Dailymed.d7f569dc-6bed-42dc-9bec-940a9e6b090d.s.32.e.9"/></relation></relations></interaction></drugInteraction><drugInteraction id="Dailymed.d7f569dc-6bed-42dc-9bec-940a9e6b090d.s.32.ddi.3"><interaction trigger="Dailymed.d7f569dc-6bed-42dc-9bec-940a9e6b090d.s.32.e.4"><relations><relation type="hasObject"><entity id="Dailymed.d7f569dc-6bed-42dc-9bec-940a9e6b090d.s.32.e.8"/></relation><relation type="hasPrecipitant"><entity id="Dailymed.d7f569dc-6bed-42dc-9bec-940a9e6b090d.s.32.e.9"/></relation></relations></interaction></drugInteraction><drugInteraction id="Dailymed.d7f569dc-6bed-42dc-9bec-940a9e6b090d.s.32.ddi.4"><interaction trigger="Dailymed.d7f569dc-6bed-42dc-9bec-940a9e6b090d.s.32.e.6"><relations><relation type="hasObject"><entity id="Dailymed.d7f569dc-6bed-42dc-9bec-940a9e6b090d.s.32.e.8"/></relation><relation type="hasPrecipitant"><entity id="Dailymed.d7f569dc-6bed-42dc-9bec-940a9e6b090d.s.32.e.9"/></relation></relations></interaction></drugInteraction><pair ddi="true" e1="Dailymed.d7f569dc-6bed-42dc-9bec-940a9e6b090d.s.32.e.8" e2="Dailymed.d7f569dc-6bed-42dc-9bec-940a9e6b090d.s.32.e.9" trigger="Dailymed.d7f569dc-6bed-42dc-9bec-940a9e6b090d.s.32.e.0" type="Specific_Interaction"/></sentence><sentence biomedicalEntities="5" id="Dailymed.d7f569dc-6bed-42dc-9bec-940a9e6b090d.s.33" lineNumber="43" text="Monitor heart rate in patients receiving clonidine concomitantly with agents known to affect sinus node function or AV nodal conduction, e.g., digitalis, calcium channel blockers and beta-blockers. " type="regular"><entity charOffset="0:7" id="Dailymed.d7f569dc-6bed-42dc-9bec-940a9e6b090d.s.33.e.0" text="Monitor" type="Caution_Interaction"/><entity charOffset="70:135" id="Dailymed.d7f569dc-6bed-42dc-9bec-940a9e6b090d.s.33.e.2" text="agents known to affect sinus node function or AV nodal conduction" type="Drug_Class"><Normalization><mmtx cui="C1254351" phraseText="clonidine concomitantly with agents" preferredWord="Pharmacologic Substance" semType="phsu"/><RxNorm RxCui="126263"/></Normalization></entity><entity charOffset="143:152" id="Dailymed.d7f569dc-6bed-42dc-9bec-940a9e6b090d.s.33.e.3" text="digitalis" type="Drug"><Normalization><mmtx cui="C0304520" phraseText="digitalis," preferredWord="Digitalis preparation" semType="phsu, carb"/><RxNorm RxCui="91235"/></Normalization></entity><entity charOffset="154:178" id="Dailymed.d7f569dc-6bed-42dc-9bec-940a9e6b090d.s.33.e.4" text="calcium channel blockers" type="Drug_Class"><Normalization><mmtx cui="C0006684" phraseText="calcium channel blockers" preferredWord="Calcium Channel Blockers" semType="phsu"/><RxNorm RxCui="1895"/></Normalization></entity><entity charOffset="183:196" id="Dailymed.d7f569dc-6bed-42dc-9bec-940a9e6b090d.s.33.e.5" text="beta-blockers" type="Drug_Class"><Normalization><mmtx cui="C0001645" phraseText="beta-blockers." preferredWord="Adrenergic beta-Antagonists" semType="phsu"/><RxNorm RxCui="371"/></Normalization></entity><entity charOffset="41:50" id="Dailymed.d7f569dc-6bed-42dc-9bec-940a9e6b090d.s.33.e.9" text="clonidine" type="Drug"><Normalization><mmtx cui="C0009014" phraseText="clonidine concomitantly with agents" preferredWord="Clonidine" semType="phsu, orch"/><RxNorm RxCui="2599"/></Normalization></entity><drugClassMembership drug="Dailymed.d7f569dc-6bed-42dc-9bec-940a9e6b090d.s.33.e.3" drugClass="Dailymed.d7f569dc-6bed-42dc-9bec-940a9e6b090d.s.33.e.2"/><classClassMembership drugClass="Dailymed.d7f569dc-6bed-42dc-9bec-940a9e6b090d.s.33.e.4"/><classClassMembership drugClass="Dailymed.d7f569dc-6bed-42dc-9bec-940a9e6b090d.s.33.e.5"/><drugInteraction id="Dailymed.d7f569dc-6bed-42dc-9bec-940a9e6b090d.s.33.ddi.1"><interaction trigger="Dailymed.d7f569dc-6bed-42dc-9bec-940a9e6b090d.s.33.e.0"><relations><relation type="hasPrecipitant"><entity id="Dailymed.d7f569dc-6bed-42dc-9bec-940a9e6b090d.s.33.e.2"/></relation><relation type="hasObject"><entity id="Dailymed.d7f569dc-6bed-42dc-9bec-940a9e6b090d.s.33.e.9"/></relation></relations></interaction></drugInteraction><pair ddi="true" e1="Dailymed.d7f569dc-6bed-42dc-9bec-940a9e6b090d.s.33.e.9" e2="Dailymed.d7f569dc-6bed-42dc-9bec-940a9e6b090d.s.33.e.2" trigger="Dailymed.d7f569dc-6bed-42dc-9bec-940a9e6b090d.s.33.e.0" type="Caution_Interaction"/></sentence><sentence biomedicalEntities="3" id="Dailymed.d7f569dc-6bed-42dc-9bec-940a9e6b090d.s.34" lineNumber="43" text="Sinus bradycardia resulting in hospitalization and pacemaker insertion has been reported in association with the use of clonidine concomitantly with diltiazem or verapamil." type="regular"><entity charOffset="120:129" id="Dailymed.d7f569dc-6bed-42dc-9bec-940a9e6b090d.s.34.e.0" text="clonidine" type="Drug"><Normalization><mmtx cui="C0009014" phraseText="of clonidine concomitantly" preferredWord="Clonidine" semType="phsu, orch"/><RxNorm RxCui="2599"/></Normalization></entity><entity charOffset="149:158" id="Dailymed.d7f569dc-6bed-42dc-9bec-940a9e6b090d.s.34.e.1" text="diltiazem" type="Drug"><Normalization><mmtx cui="C0012373" phraseText="with diltiazem" preferredWord="Diltiazem" semType="phsu, orch"/><RxNorm RxCui="203211"/></Normalization></entity><entity charOffset="162:171" id="Dailymed.d7f569dc-6bed-42dc-9bec-940a9e6b090d.s.34.e.2" text="verapamil" type="Drug"><Normalization><mmtx cui="C0042523" phraseText="verapamil." preferredWord="Verapamil" semType="phsu, orch"/><RxNorm RxCui="11170"/></Normalization></entity><entity charOffset="0:70" id="Dailymed.d7f569dc-6bed-42dc-9bec-940a9e6b090d.s.34.e.3" text="Sinus bradycardia resulting in hospitalization and pacemaker insertion" type="Specific_Interaction"/><drugInteraction id="Dailymed.d7f569dc-6bed-42dc-9bec-940a9e6b090d.s.34.ddi.1"><interaction trigger="Dailymed.d7f569dc-6bed-42dc-9bec-940a9e6b090d.s.34.e.3"><relations><relation type="hasPrecipitant"><entity id="Dailymed.d7f569dc-6bed-42dc-9bec-940a9e6b090d.s.34.e.1"/></relation><relation type="hasPrecipitant"><entity id="Dailymed.d7f569dc-6bed-42dc-9bec-940a9e6b090d.s.34.e.2"/></relation><relation type="hasObject"><entity id="Dailymed.d7f569dc-6bed-42dc-9bec-940a9e6b090d.s.34.e.0"/></relation></relations></interaction></drugInteraction><pair ddi="true" e1="Dailymed.d7f569dc-6bed-42dc-9bec-940a9e6b090d.s.34.e.0" e2="Dailymed.d7f569dc-6bed-42dc-9bec-940a9e6b090d.s.34.e.1" trigger="Dailymed.d7f569dc-6bed-42dc-9bec-940a9e6b090d.s.34.e.3" type="Specific_Interaction"/><pair ddi="true" e1="Dailymed.d7f569dc-6bed-42dc-9bec-940a9e6b090d.s.34.e.0" e2="Dailymed.d7f569dc-6bed-42dc-9bec-940a9e6b090d.s.34.e.2" trigger="Dailymed.d7f569dc-6bed-42dc-9bec-940a9e6b090d.s.34.e.3" type="Specific_Interaction"/><pair ddi="false" e1="Dailymed.d7f569dc-6bed-42dc-9bec-940a9e6b090d.s.34.e.1" e2="Dailymed.d7f569dc-6bed-42dc-9bec-940a9e6b090d.s.34.e.2"/></sentence><sentence biomedicalEntities="2" id="Dailymed.d7f569dc-6bed-42dc-9bec-940a9e6b090d.s.35" lineNumber="44" text="Amitriptyline in combination with clonidine enhances the manifestation of corneal lesions in rats (see Toxicology )." type="regular"><entity charOffset="74:89" id="Dailymed.d7f569dc-6bed-42dc-9bec-940a9e6b090d.s.35.e.0" text="corneal lesions" type="Specific_Interaction"/><entity charOffset="0:13" id="Dailymed.d7f569dc-6bed-42dc-9bec-940a9e6b090d.s.35.e.2" text="Amitriptyline" type="Drug"><Normalization><mmtx cui="C0002600" phraseText="Amitriptyline in combination" preferredWord="Amitriptyline" semType="phsu, orch"/><RxNorm RxCui="704"/></Normalization></entity><entity charOffset="34:43" id="Dailymed.d7f569dc-6bed-42dc-9bec-940a9e6b090d.s.35.e.3" text="clonidine" type="Drug"><Normalization><mmtx cui="C0009014" phraseText="with clonidine" preferredWord="Clonidine" semType="phsu, orch"/><RxNorm RxCui="2599"/></Normalization></entity><entity charOffset="93:97" id="Dailymed.d7f569dc-6bed-42dc-9bec-940a9e6b090d.s.35.e.4" text="rats" type="SPAN"/><drugInteraction id="Dailymed.d7f569dc-6bed-42dc-9bec-940a9e6b090d.s.35.ddi.1"><interaction trigger="Dailymed.d7f569dc-6bed-42dc-9bec-940a9e6b090d.s.35.e.0"><relations><relation type="hasPrecipitant"><entity id="Dailymed.d7f569dc-6bed-42dc-9bec-940a9e6b090d.s.35.e.2"/></relation><relation type="hasObject"><entity id="Dailymed.d7f569dc-6bed-42dc-9bec-940a9e6b090d.s.35.e.3"/></relation><relation type="hasEvidence"><entity id="Dailymed.d7f569dc-6bed-42dc-9bec-940a9e6b090d.s.35.e.4"/></relation></relations></interaction></drugInteraction><pair ddi="true" e1="Dailymed.d7f569dc-6bed-42dc-9bec-940a9e6b090d.s.35.e.2" e2="Dailymed.d7f569dc-6bed-42dc-9bec-940a9e6b090d.s.35.e.3" evidence="Dailymed.d7f569dc-6bed-42dc-9bec-940a9e6b090d.s.35.e.4" trigger="Dailymed.d7f569dc-6bed-42dc-9bec-940a9e6b090d.s.35.e.0" type="Specific_Interaction"/></sentence><sentence biomedicalEntities="2" id="Dailymed.d7f569dc-6bed-42dc-9bec-940a9e6b090d.s.36" lineNumber="45" text="Based on observations in patients in a state of alcoholic delirium it has been suggested that high intravenous doses of clonidine may increase the arrhythmogenic potential (QT-prolongation, ventricular fibrillation) of high intravenous doses of haloperidol. " type="regular"><entity charOffset="99:129" id="Dailymed.d7f569dc-6bed-42dc-9bec-940a9e6b090d.s.36.e.0" text="intravenous doses of clonidine" type="Drug"><Normalization><mmtx cui="C0009014" phraseText="that high intravenous doses of clonidine" preferredWord="Clonidine" semType="phsu, orch"/><RxNorm RxCui="NA"/></Normalization></entity><entity charOffset="134:171" id="Dailymed.d7f569dc-6bed-42dc-9bec-940a9e6b090d.s.36.e.1" text="increase the arrhythmogenic potential" type="Specific_Interaction"/><entity charOffset="224:256" id="Dailymed.d7f569dc-6bed-42dc-9bec-940a9e6b090d.s.36.e.3" text="intravenous doses of haloperidol" type="Drug"><Normalization><mmtx cui="C0018546" phraseText="of haloperidol." preferredWord="Haloperidol" semType="phsu, orch"/><RxNorm RxCui="NA"/></Normalization></entity><entity charOffset="173:188" id="Dailymed.d7f569dc-6bed-42dc-9bec-940a9e6b090d.s.36.e.4" text="QT-prolongation" type="Specific_Interaction"/><entity charOffset="190:214" id="Dailymed.d7f569dc-6bed-42dc-9bec-940a9e6b090d.s.36.e.6" text="ventricular fibrillation" type="Specific_Interaction"><Normalization><mmtx cui="C0042510" phraseText="ventricular fibrillation" preferredWord="Ventricular Fibrillation" semType="dsyn"/></Normalization></entity><drugInteraction id="Dailymed.d7f569dc-6bed-42dc-9bec-940a9e6b090d.s.36.ddi.1"><interaction trigger="Dailymed.d7f569dc-6bed-42dc-9bec-940a9e6b090d.s.36.e.1"><relations><relation type="hasPrecipitant"><entity id="Dailymed.d7f569dc-6bed-42dc-9bec-940a9e6b090d.s.36.e.3"/></relation><relation type="hasObject"><entity id="Dailymed.d7f569dc-6bed-42dc-9bec-940a9e6b090d.s.36.e.0"/></relation></relations></interaction></drugInteraction><drugInteraction id="Dailymed.d7f569dc-6bed-42dc-9bec-940a9e6b090d.s.36.ddi.2"><interaction trigger="Dailymed.d7f569dc-6bed-42dc-9bec-940a9e6b090d.s.36.e.4"><relations><relation type="hasPrecipitant"><entity id="Dailymed.d7f569dc-6bed-42dc-9bec-940a9e6b090d.s.36.e.3"/></relation><relation type="hasObject"><entity id="Dailymed.d7f569dc-6bed-42dc-9bec-940a9e6b090d.s.36.e.0"/></relation></relations></interaction></drugInteraction><drugInteraction id="Dailymed.d7f569dc-6bed-42dc-9bec-940a9e6b090d.s.36.ddi.3"><interaction trigger="Dailymed.d7f569dc-6bed-42dc-9bec-940a9e6b090d.s.36.e.6"><relations><relation type="hasPrecipitant"><entity id="Dailymed.d7f569dc-6bed-42dc-9bec-940a9e6b090d.s.36.e.3"/></relation><relation type="hasObject"><entity id="Dailymed.d7f569dc-6bed-42dc-9bec-940a9e6b090d.s.36.e.0"/></relation></relations></interaction></drugInteraction><pair ddi="true" e1="Dailymed.d7f569dc-6bed-42dc-9bec-940a9e6b090d.s.36.e.0" e2="Dailymed.d7f569dc-6bed-42dc-9bec-940a9e6b090d.s.36.e.3" trigger="Dailymed.d7f569dc-6bed-42dc-9bec-940a9e6b090d.s.36.e.1" type="Specific_Interaction"/></sentence><sentence biomedicalEntities="2" id="Dailymed.d7f569dc-6bed-42dc-9bec-940a9e6b090d.s.44" lineNumber="51" text="In combination with amitriptyline, clonidine hydrochloride administration led to the development of corneal lesions in rats within 5 days." type="regular"><entity charOffset="20:33" id="Dailymed.d7f569dc-6bed-42dc-9bec-940a9e6b090d.s.44.e.0" text="amitriptyline" type="Drug"><Normalization><mmtx cui="C0002600" phraseText="with amitriptyline," preferredWord="Amitriptyline" semType="phsu, orch"/><RxNorm RxCui="704"/></Normalization></entity><entity charOffset="35:58" id="Dailymed.d7f569dc-6bed-42dc-9bec-940a9e6b090d.s.44.e.1" text="clonidine hydrochloride" type="Drug"><Normalization><mmtx cui="C0546860" phraseText="clonidine hydrochloride administration" preferredWord="Clonidine Hydrochloride" semType="phsu, orch"/><RxNorm RxCui="2599"/></Normalization></entity><entity charOffset="100:115" id="Dailymed.d7f569dc-6bed-42dc-9bec-940a9e6b090d.s.44.e.2" text="corneal lesions" type="Specific_Interaction"/><entity charOffset="119:123" id="Dailymed.d7f569dc-6bed-42dc-9bec-940a9e6b090d.s.44.e.4" text="rats" type="SPAN"/><drugInteraction id="Dailymed.d7f569dc-6bed-42dc-9bec-940a9e6b090d.s.44.ddi.1"><interaction trigger="Dailymed.d7f569dc-6bed-42dc-9bec-940a9e6b090d.s.44.e.2"><relations><relation type="hasObject"><entity id="Dailymed.d7f569dc-6bed-42dc-9bec-940a9e6b090d.s.44.e.1"/></relation><relation type="hasEvidence"><entity id="Dailymed.d7f569dc-6bed-42dc-9bec-940a9e6b090d.s.44.e.4"/></relation><relation type="hasPrecipitant"><entity id="Dailymed.d7f569dc-6bed-42dc-9bec-940a9e6b090d.s.44.e.0"/></relation></relations></interaction></drugInteraction><pair ddi="true" e1="Dailymed.d7f569dc-6bed-42dc-9bec-940a9e6b090d.s.44.e.0" e2="Dailymed.d7f569dc-6bed-42dc-9bec-940a9e6b090d.s.44.e.1" evidence="Dailymed.d7f569dc-6bed-42dc-9bec-940a9e6b090d.s.44.e.4" trigger="Dailymed.d7f569dc-6bed-42dc-9bec-940a9e6b090d.s.44.e.2" type="Specific_Interaction"/></sentence><sentence id="Dailymed.d7f569dc-6bed-42dc-9bec-940a9e6b090d.s.46" text="Chronic dietary administration of clonidine was not carcinogenic to rats (132 weeks) or mice (78 weeks) dosed, respectively, at up to 46 or 70 times the maximum recommended daily human dose as mg/kg (9 or 6 times the MRDHD on a mg/m2 basis). " type="negative"><entity charOffset="234:239" id="Dailymed.d7f569dc-6bed-42dc-9bec-940a9e6b090d.s.46.e.0" text="basis" type="Biomedical_Entity"><Normalization><mmtx cui="C1874451" phraseText="the MRDHD on a mg/m2 basis" preferredWord="Basis" semType="phsu"/><RxNorm RxCui="1046801"/></Normalization></entity><entity charOffset="34:43" id="Dailymed.d7f569dc-6bed-42dc-9bec-940a9e6b090d.s.46.e.1" text="clonidine" type="Biomedical_Entity"><Normalization><mmtx cui="C0009014" phraseText="Chronic dietary administration of clonidine" preferredWord="Clonidine" semType="phsu, orch"/><RxNorm RxCui="2599"/></Normalization></entity><pair ddi="false" e1="Dailymed.d7f569dc-6bed-42dc-9bec-940a9e6b090d.s.46.e.1" e2="Dailymed.d7f569dc-6bed-42dc-9bec-940a9e6b090d.s.46.e.0"/></sentence><sentence id="Dailymed.d7f569dc-6bed-42dc-9bec-940a9e6b090d.s.52" text="Reproduction studies performed in rabbits at doses up to approximately 3 times the oral maximum recommended daily human dose (MRDHD) of Catapres (clonidine hydrochloride, USP) tablets produced no evidence of a teratogenic or embryotoxic potential in rabbits. " type="negative"><entity charOffset="136:144" id="Dailymed.d7f569dc-6bed-42dc-9bec-940a9e6b090d.s.52.e.0" text="catapres" type="Biomedical_Entity"><Normalization><mmtx cui="C0699881" phraseText="of Catapres" preferredWord="Catapres" semType="phsu, orch"/><RxNorm RxCui="202941"/></Normalization></entity><entity charOffset="146:169" id="Dailymed.d7f569dc-6bed-42dc-9bec-940a9e6b090d.s.52.e.1" text="clonidine hydrochloride" type="Biomedical_Entity"><Normalization><mmtx cui="C0546860" phraseText="(clonidine hydrochloride," preferredWord="Clonidine Hydrochloride" semType="phsu, orch"/><RxNorm RxCui="2599"/></Normalization></entity><pair ddi="false" e1="Dailymed.d7f569dc-6bed-42dc-9bec-940a9e6b090d.s.52.e.0" e2="Dailymed.d7f569dc-6bed-42dc-9bec-940a9e6b090d.s.52.e.1"/></sentence><sentence id="Dailymed.d7f569dc-6bed-42dc-9bec-940a9e6b090d.s.53" text="In rats, however, doses as low as 1/3 the oral MRDHD (1/15 the MRDHD on a mg/m2 basis) of clonidine were associated with increased resorptions in a study in which dams were treated continuously from 2 months prior to mating. " type="negative"><entity charOffset="80:85" id="Dailymed.d7f569dc-6bed-42dc-9bec-940a9e6b090d.s.53.e.0" text="basis" type="Biomedical_Entity"><Normalization><mmtx cui="C1874451" phraseText="on a mg/m2 basis" preferredWord="Basis" semType="phsu"/><RxNorm RxCui="1046801"/></Normalization></entity><entity charOffset="90:99" id="Dailymed.d7f569dc-6bed-42dc-9bec-940a9e6b090d.s.53.e.1" text="clonidine" type="Biomedical_Entity"><Normalization><mmtx cui="C0009014" phraseText="of clonidine" preferredWord="Clonidine" semType="phsu, orch"/><RxNorm RxCui="2599"/></Normalization></entity><pair ddi="false" e1="Dailymed.d7f569dc-6bed-42dc-9bec-940a9e6b090d.s.53.e.0" e2="Dailymed.d7f569dc-6bed-42dc-9bec-940a9e6b090d.s.53.e.1"/></sentence><sentence id="Dailymed.d7f569dc-6bed-42dc-9bec-940a9e6b090d.s.60" text="As clonidine hydrochloride is excreted in human milk, caution should be exercised when CATAPRES tablets are administered to a nursing woman." type="negative"><entity charOffset="87:103" id="Dailymed.d7f569dc-6bed-42dc-9bec-940a9e6b090d.s.60.e.0" text="catapres tablets" type="Biomedical_Entity"><Normalization><mmtx cui="C0305564" phraseText="CATAPRES tablets" preferredWord="Clonidine Oral Tablet [Catapres]" semType="clnd"/><RxNorm RxCui="202941"/></Normalization></entity><entity charOffset="3:26" id="Dailymed.d7f569dc-6bed-42dc-9bec-940a9e6b090d.s.60.e.1" text="clonidine hydrochloride" type="Biomedical_Entity"><Normalization><mmtx cui="C0546860" phraseText="As clonidine hydrochloride" preferredWord="Clonidine Hydrochloride" semType="phsu, orch"/><RxNorm RxCui="2599"/></Normalization></entity><pair ddi="false" e1="Dailymed.d7f569dc-6bed-42dc-9bec-940a9e6b090d.s.60.e.1" e2="Dailymed.d7f569dc-6bed-42dc-9bec-940a9e6b090d.s.60.e.0"/></sentence><positiveExamples number="17"/><negativeExamples number="32"/></document>