<?xml version="1.0" encoding="UTF-8" standalone="no"?><document setID="dea460fa-d05e-4191-8461-f185a711ad89"><labelDrug name="PROSTIN VR PEDIATRIC"><Normalization/></labelDrug><generic name="alprostadil"/><sentence id="Dailymed.dea460fa-d05e-4191-8461-f185a711ad89.s.1" text="PROSTIN VR PEDIATRIC (alprostadil) injection, solution" type="negative"><entity charOffset="22:33" id="Dailymed.dea460fa-d05e-4191-8461-f185a711ad89.s.1.e.0" text="alprostadil" type="Biomedical_Entity"><Normalization><mmtx cui="C0002335" phraseText="(alprostadil" preferredWord="Alprostadil" semType="eico, phsu"/><RxNorm RxCui="598"/></Normalization></entity><entity charOffset="0:10" id="Dailymed.dea460fa-d05e-4191-8461-f185a711ad89.s.1.e.1" text="prostin vr" type="Biomedical_Entity"><Normalization><mmtx cui="C0592016" phraseText="PROSTIN VR" preferredWord="Prostin VR" semType="eico, phsu"/><RxNorm RxCui="152263"/></Normalization></entity><pair ddi="false" e1="Dailymed.dea460fa-d05e-4191-8461-f185a711ad89.s.1.e.1" e2="Dailymed.dea460fa-d05e-4191-8461-f185a711ad89.s.1.e.0"/></sentence><sentence id="Dailymed.dea460fa-d05e-4191-8461-f185a711ad89.s.2" text="PROSTIN VR PEDIATRIC Sterile Solution for intravascular infusion contains 500 micrograms alprostadil, more commonly known as prostaglandin E1, in 1.0 mL dehydrated alcohol." type="negative"><entity charOffset="125:141" id="Dailymed.dea460fa-d05e-4191-8461-f185a711ad89.s.2.e.0" text="prostaglandin e1" type="Biomedical_Entity"><Normalization><mmtx cui="C0002335" phraseText="known as prostaglandin E1," preferredWord="Alprostadil" semType="eico, phsu"/><RxNorm RxCui="8803"/></Normalization></entity><entity charOffset="153:171" id="Dailymed.dea460fa-d05e-4191-8461-f185a711ad89.s.2.e.1" text="dehydrated alcohol" type="Biomedical_Entity"><Normalization><mmtx cui="C2825044" phraseText="in 1.0 mL dehydrated alcohol." preferredWord="Dehydrated Alcohol" semType="phsu, orch"/><RxNorm RxCui="486749"/></Normalization></entity><entity charOffset="89:100" id="Dailymed.dea460fa-d05e-4191-8461-f185a711ad89.s.2.e.2" text="alprostadil" type="Biomedical_Entity"><Normalization><mmtx cui="C0002335" phraseText="500 micrograms alprostadil," preferredWord="Alprostadil" semType="eico, phsu"/><RxNorm RxCui="598"/></Normalization></entity><entity charOffset="0:37" id="Dailymed.dea460fa-d05e-4191-8461-f185a711ad89.s.2.e.3" text="prostin vr pediatric sterile solution" type="Biomedical_Entity"><Normalization><mmtx cui="C0307414" phraseText="PROSTIN VR PEDIATRIC Sterile Solution for intravascular infusion" preferredWord="Prostin VR Pediatric Sterile Solution" semType="clnd"/><RxNorm RxCui="152263"/></Normalization></entity><pair ddi="false" e1="Dailymed.dea460fa-d05e-4191-8461-f185a711ad89.s.2.e.0" e2="Dailymed.dea460fa-d05e-4191-8461-f185a711ad89.s.2.e.1"/><pair ddi="false" e1="Dailymed.dea460fa-d05e-4191-8461-f185a711ad89.s.2.e.3" e2="Dailymed.dea460fa-d05e-4191-8461-f185a711ad89.s.2.e.0"/><pair ddi="false" e1="Dailymed.dea460fa-d05e-4191-8461-f185a711ad89.s.2.e.2" e2="Dailymed.dea460fa-d05e-4191-8461-f185a711ad89.s.2.e.1"/><pair ddi="false" e1="Dailymed.dea460fa-d05e-4191-8461-f185a711ad89.s.2.e.3" e2="Dailymed.dea460fa-d05e-4191-8461-f185a711ad89.s.2.e.1"/><pair ddi="false" e1="Dailymed.dea460fa-d05e-4191-8461-f185a711ad89.s.2.e.3" e2="Dailymed.dea460fa-d05e-4191-8461-f185a711ad89.s.2.e.2"/></sentence><sentence id="Dailymed.dea460fa-d05e-4191-8461-f185a711ad89.s.13" text="The administration of PROSTIN VR PEDIATRIC to neonates may result in gastric outlet obstruction secondary to antral hyperplasia. " type="negative"><entity charOffset="109:115" id="Dailymed.dea460fa-d05e-4191-8461-f185a711ad89.s.13.e.0" text="antral" type="Biomedical_Entity"><Normalization><mmtx cui="C0293352" phraseText="secondary to antral hyperplasia." preferredWord="Antral" semType="phsu, orch"/><RxNorm RxCui="1022749"/></Normalization></entity><entity charOffset="22:32" id="Dailymed.dea460fa-d05e-4191-8461-f185a711ad89.s.13.e.1" text="prostin vr" type="Biomedical_Entity"><Normalization><mmtx cui="C0592016" phraseText="The administration of PROSTIN VR" preferredWord="Prostin VR" semType="eico, phsu"/><RxNorm RxCui="152263"/></Normalization></entity><pair ddi="false" e1="Dailymed.dea460fa-d05e-4191-8461-f185a711ad89.s.13.e.1" e2="Dailymed.dea460fa-d05e-4191-8461-f185a711ad89.s.13.e.0"/></sentence><sentence id="Dailymed.dea460fa-d05e-4191-8461-f185a711ad89.s.15" text="Neonates receiving PROSTIN VR PEDIATRIC at recommended doses for more than 120 hours should be closely monitored for evidence of antral hyperplasia and gastric outlet obstruction." type="negative"><entity charOffset="129:135" id="Dailymed.dea460fa-d05e-4191-8461-f185a711ad89.s.15.e.0" text="antral" type="Biomedical_Entity"><Normalization><mmtx cui="C0293352" phraseText="monitored for evidence of antral hyperplasia" preferredWord="Antral" semType="phsu, orch"/><RxNorm RxCui="1022749"/></Normalization></entity><entity charOffset="19:29" id="Dailymed.dea460fa-d05e-4191-8461-f185a711ad89.s.15.e.1" text="prostin vr" type="Biomedical_Entity"><Normalization><mmtx cui="C0592016" phraseText="PROSTIN VR" preferredWord="Prostin VR" semType="eico, phsu"/><RxNorm RxCui="152263"/></Normalization></entity><pair ddi="false" e1="Dailymed.dea460fa-d05e-4191-8461-f185a711ad89.s.15.e.1" e2="Dailymed.dea460fa-d05e-4191-8461-f185a711ad89.s.15.e.0"/></sentence><sentence id="Dailymed.dea460fa-d05e-4191-8461-f185a711ad89.s.20" text="Cortical proliferation of the long bones, first observed in dogs, has also been observed in infants during long-term infusions of alprostadil. " type="negative"><entity charOffset="0:8" id="Dailymed.dea460fa-d05e-4191-8461-f185a711ad89.s.20.e.0" text="cortical" type="Biomedical_Entity"><Normalization><mmtx cui="C0205704" phraseText="Cortical proliferation of the long bones," preferredWord="Cascara sagrada" semType="phsu, orch"/><RxNorm RxCui="1029075"/></Normalization></entity><entity charOffset="130:141" id="Dailymed.dea460fa-d05e-4191-8461-f185a711ad89.s.20.e.1" text="alprostadil" type="Biomedical_Entity"><Normalization><mmtx cui="C0002335" phraseText="of alprostadil." preferredWord="Alprostadil" semType="eico, phsu"/><RxNorm RxCui="598"/></Normalization></entity><pair ddi="false" e1="Dailymed.dea460fa-d05e-4191-8461-f185a711ad89.s.20.e.0" e2="Dailymed.dea460fa-d05e-4191-8461-f185a711ad89.s.20.e.1"/></sentence><sentence id="Dailymed.dea460fa-d05e-4191-8461-f185a711ad89.s.23" text="Localized and aneurysmal dilatations and vessel wall edema also were seen compared to a series of pathological specimens from infants not treated with PROSTIN VR PEDIATRIC. " type="negative"><entity charOffset="41:47" id="Dailymed.dea460fa-d05e-4191-8461-f185a711ad89.s.23.e.0" text="vessel" type="Biomedical_Entity"><Normalization><mmtx cui="C0702235" phraseText="vessel wall edema also" preferredWord="Vasal" semType="phsu, orch"/><RxNorm RxCui="1022516"/></Normalization></entity><entity charOffset="151:161" id="Dailymed.dea460fa-d05e-4191-8461-f185a711ad89.s.23.e.1" text="prostin vr" type="Biomedical_Entity"><Normalization><mmtx cui="C0592016" phraseText="treated with PROSTIN VR" preferredWord="Prostin VR" semType="eico, phsu"/><RxNorm RxCui="152263"/></Normalization></entity><pair ddi="false" e1="Dailymed.dea460fa-d05e-4191-8461-f185a711ad89.s.23.e.0" e2="Dailymed.dea460fa-d05e-4191-8461-f185a711ad89.s.23.e.1"/></sentence><sentence id="Dailymed.dea460fa-d05e-4191-8461-f185a711ad89.s.25" text="Because alprostadil inhibits platelet aggregation, use PROSTIN VR PEDIATRIC cautiously in neonates with bleeding tendencies." type="negative"><entity charOffset="8:19" id="Dailymed.dea460fa-d05e-4191-8461-f185a711ad89.s.25.e.0" text="alprostadil" type="Biomedical_Entity"><Normalization><mmtx cui="C0002335" phraseText="alprostadil" preferredWord="Alprostadil" semType="eico, phsu"/><RxNorm RxCui="598"/></Normalization></entity><entity charOffset="55:65" id="Dailymed.dea460fa-d05e-4191-8461-f185a711ad89.s.25.e.1" text="prostin vr" type="Biomedical_Entity"><Normalization><mmtx cui="C0592016" phraseText="use PROSTIN VR PEDIATRIC cautiously in neonates" preferredWord="Prostin VR" semType="eico, phsu"/><RxNorm RxCui="152263"/></Normalization></entity><pair ddi="false" e1="Dailymed.dea460fa-d05e-4191-8461-f185a711ad89.s.25.e.0" e2="Dailymed.dea460fa-d05e-4191-8461-f185a711ad89.s.25.e.1"/></sentence><sentence id="Dailymed.dea460fa-d05e-4191-8461-f185a711ad89.s.36" text="Standard therapy includes antibiotics, such as penicillin and gentamicin; " type="negative"><entity charOffset="62:72" id="Dailymed.dea460fa-d05e-4191-8461-f185a711ad89.s.36.e.0" text="gentamicin" type="Biomedical_Entity"><Normalization><mmtx cui="C0017436" phraseText="gentamicin" preferredWord="Gentamicins" semType="carb, antb"/><RxNorm RxCui="142438"/></Normalization></entity><entity charOffset="47:57" id="Dailymed.dea460fa-d05e-4191-8461-f185a711ad89.s.36.e.1" text="penicillin" type="Biomedical_Entity"><Normalization><mmtx cui="C0220892" phraseText="such as penicillin" preferredWord="Penicillin" semType="orch, antb"/><RxNorm RxCui="7986"/></Normalization></entity><entity charOffset="26:37" id="Dailymed.dea460fa-d05e-4191-8461-f185a711ad89.s.36.e.2" text="antibiotics" type="Biomedical_Entity"><Normalization><mmtx cui="C0003232" phraseText="antibiotics," preferredWord="Antibiotics" semType="antb"/><RxNorm RxCui="901"/></Normalization></entity><pair ddi="false" e1="Dailymed.dea460fa-d05e-4191-8461-f185a711ad89.s.36.e.1" e2="Dailymed.dea460fa-d05e-4191-8461-f185a711ad89.s.36.e.0"/><pair ddi="false" e1="Dailymed.dea460fa-d05e-4191-8461-f185a711ad89.s.36.e.2" e2="Dailymed.dea460fa-d05e-4191-8461-f185a711ad89.s.36.e.0"/><pair ddi="false" e1="Dailymed.dea460fa-d05e-4191-8461-f185a711ad89.s.36.e.2" e2="Dailymed.dea460fa-d05e-4191-8461-f185a711ad89.s.36.e.1"/></sentence><sentence id="Dailymed.dea460fa-d05e-4191-8461-f185a711ad89.s.37" text="vasopressors, such as dopamine and isoproterenol; " type="negative"><entity charOffset="35:48" id="Dailymed.dea460fa-d05e-4191-8461-f185a711ad89.s.37.e.0" text="isoproterenol" type="Biomedical_Entity"><Normalization><mmtx cui="C0022245" phraseText="isoproterenol" preferredWord="Isoproterenol" semType="phsu, orch"/><RxNorm RxCui="82030"/></Normalization></entity><entity charOffset="0:12" id="Dailymed.dea460fa-d05e-4191-8461-f185a711ad89.s.37.e.1" text="vasopressors" type="Biomedical_Entity"><Normalization><mmtx cui="C0042397" phraseText="vasopressors," preferredWord="Vasoconstrictor Agents" semType="phsu"/><RxNorm RxCui="1098"/></Normalization></entity><entity charOffset="22:30" id="Dailymed.dea460fa-d05e-4191-8461-f185a711ad89.s.37.e.2" text="dopamine" type="Biomedical_Entity"><Normalization><mmtx cui="C0013030" phraseText="such as dopamine" preferredWord="Dopamine" semType="phsu, orch, nsba"/><RxNorm RxCui="82010"/></Normalization></entity><pair ddi="false" e1="Dailymed.dea460fa-d05e-4191-8461-f185a711ad89.s.37.e.1" e2="Dailymed.dea460fa-d05e-4191-8461-f185a711ad89.s.37.e.0"/><pair ddi="false" e1="Dailymed.dea460fa-d05e-4191-8461-f185a711ad89.s.37.e.2" e2="Dailymed.dea460fa-d05e-4191-8461-f185a711ad89.s.37.e.0"/><pair ddi="false" e1="Dailymed.dea460fa-d05e-4191-8461-f185a711ad89.s.37.e.1" e2="Dailymed.dea460fa-d05e-4191-8461-f185a711ad89.s.37.e.2"/></sentence><sentence id="Dailymed.dea460fa-d05e-4191-8461-f185a711ad89.s.39" text="and diuretics, such as furosemide." type="negative"><entity charOffset="23:33" id="Dailymed.dea460fa-d05e-4191-8461-f185a711ad89.s.39.e.0" text="furosemide" type="Biomedical_Entity"><Normalization><mmtx cui="C0016860" phraseText="such as furosemide." preferredWord="Furosemide" semType="phsu, orch"/><RxNorm RxCui="4603"/></Normalization></entity><entity charOffset="4:13" id="Dailymed.dea460fa-d05e-4191-8461-f185a711ad89.s.39.e.1" text="diuretics" type="Biomedical_Entity"><Normalization><mmtx cui="C0012798" phraseText="diuretics," preferredWord="Diuretics" semType="phsu"/><RxNorm RxCui="3567"/></Normalization></entity><pair ddi="false" e1="Dailymed.dea460fa-d05e-4191-8461-f185a711ad89.s.39.e.1" e2="Dailymed.dea460fa-d05e-4191-8461-f185a711ad89.s.39.e.0"/></sentence><positiveExamples number="0"/><negativeExamples number="18"/></document>