<?xml version="1.0" encoding="UTF-8" standalone="no"?><document setID="e04aa152-b08d-47f7-b976-f8bee4c386db"><labelDrug name="Procardia"><Normalization><mmtx cui="C0700861" preferredWord="Procardia" semType="phsu, orch"/></Normalization></labelDrug><generic name="NIFEDIPINE"/><sentence id="Dailymed.e04aa152-b08d-47f7-b976-f8bee4c386db.s.1" text="Drug Label for drug brand Procardia, containing NIFEDIPINE." type="negative"><entity charOffset="26:35" id="Dailymed.e04aa152-b08d-47f7-b976-f8bee4c386db.s.1.e.0" text="procardia" type="Biomedical_Entity"><Normalization><mmtx cui="C0700861" phraseText="Drug Label for drug brand Procardia," preferredWord="Procardia" semType="phsu, orch"/><RxNorm RxCui="203423"/></Normalization></entity><entity charOffset="0:19" id="Dailymed.e04aa152-b08d-47f7-b976-f8bee4c386db.s.1.e.1" text="drug drug" type="Biomedical_Entity"><Normalization><mmtx cui="C0013231" phraseText="Drug Label for drug brand Procardia," preferredWord="Drugs, Non-Prescription" semType="phsu"/><RxNorm RxCui="NA"/></Normalization></entity><entity charOffset="48:58" id="Dailymed.e04aa152-b08d-47f7-b976-f8bee4c386db.s.1.e.2" text="nifedipine" type="Biomedical_Entity"><Normalization><mmtx cui="C0028066" phraseText="NIFEDIPINE." preferredWord="Nifedipine" semType="phsu, orch"/><RxNorm RxCui="7417"/></Normalization></entity><pair ddi="false" e1="Dailymed.e04aa152-b08d-47f7-b976-f8bee4c386db.s.1.e.1" e2="Dailymed.e04aa152-b08d-47f7-b976-f8bee4c386db.s.1.e.0"/><pair ddi="false" e1="Dailymed.e04aa152-b08d-47f7-b976-f8bee4c386db.s.1.e.0" e2="Dailymed.e04aa152-b08d-47f7-b976-f8bee4c386db.s.1.e.2"/><pair ddi="false" e1="Dailymed.e04aa152-b08d-47f7-b976-f8bee4c386db.s.1.e.1" e2="Dailymed.e04aa152-b08d-47f7-b976-f8bee4c386db.s.1.e.2"/></sentence><sentence biomedicalEntities="2" id="Dailymed.e04aa152-b08d-47f7-b976-f8bee4c386db.s.8" lineNumber="15" text="Although patients have rarely experienced excessive hypotension on PROCARDIA alone, this may be more common in patients on concomitant beta blocker therapy. " type="regular"><entity charOffset="42:63" id="Dailymed.e04aa152-b08d-47f7-b976-f8bee4c386db.s.8.e.0" text="excessive hypotension" type="Specific_Interaction"/><entity charOffset="67:76" id="Dailymed.e04aa152-b08d-47f7-b976-f8bee4c386db.s.8.e.2" text="PROCARDIA" type="Drug"><Normalization><mmtx cui="C0700861" phraseText="excessive hypotension on PROCARDIA" preferredWord="Procardia" semType="phsu, orch"/><RxNorm RxCui="203423"/></Normalization></entity><entity charOffset="135:155" id="Dailymed.e04aa152-b08d-47f7-b976-f8bee4c386db.s.8.e.3" text="beta blocker therapy" type="Drug_Class"><Normalization><mmtx cui="C0001645" phraseText="on concomitant beta blocker therapy." preferredWord="Adrenergic beta-Antagonists" semType="phsu"/><RxNorm RxCui="NA"/></Normalization></entity><drugInteraction id="Dailymed.e04aa152-b08d-47f7-b976-f8bee4c386db.s.8.ddi.1"><interaction trigger="Dailymed.e04aa152-b08d-47f7-b976-f8bee4c386db.s.8.e.0"><relations><relation type="hasPrecipitant"><entity id="Dailymed.e04aa152-b08d-47f7-b976-f8bee4c386db.s.8.e.3"/></relation><relation type="hasObject"><entity id="Dailymed.e04aa152-b08d-47f7-b976-f8bee4c386db.s.8.e.2"/></relation></relations></interaction></drugInteraction><pair ddi="true" e1="Dailymed.e04aa152-b08d-47f7-b976-f8bee4c386db.s.8.e.2" e2="Dailymed.e04aa152-b08d-47f7-b976-f8bee4c386db.s.8.e.3" trigger="Dailymed.e04aa152-b08d-47f7-b976-f8bee4c386db.s.8.e.0" type="Specific_Interaction"/></sentence><sentence id="Dailymed.e04aa152-b08d-47f7-b976-f8bee4c386db.s.9" text="Although not approved for this purpose, PROCARDIA and other immediate-release nifedipine capsules have been used (orally and sublingually) for acute reduction of blood pressure. " type="negative"><entity charOffset="78:88" id="Dailymed.e04aa152-b08d-47f7-b976-f8bee4c386db.s.9.e.0" text="nifedipine" type="Biomedical_Entity"><Normalization><mmtx cui="C0028066" phraseText="other immediate-release nifedipine capsules" preferredWord="Nifedipine" semType="phsu, orch"/><RxNorm RxCui="7417"/></Normalization></entity><entity charOffset="40:49" id="Dailymed.e04aa152-b08d-47f7-b976-f8bee4c386db.s.9.e.1" text="procardia" type="Biomedical_Entity"><Normalization><mmtx cui="C0700861" phraseText="PROCARDIA" preferredWord="Procardia" semType="phsu, orch"/><RxNorm RxCui="203423"/></Normalization></entity><pair ddi="false" e1="Dailymed.e04aa152-b08d-47f7-b976-f8bee4c386db.s.9.e.1" e2="Dailymed.e04aa152-b08d-47f7-b976-f8bee4c386db.s.9.e.0"/></sentence><sentence biomedicalEntities="2" id="Dailymed.e04aa152-b08d-47f7-b976-f8bee4c386db.s.12" lineNumber="16" text="Severe hypotension and/or increased fluid volume requirements have been reported in patients receiving PROCARDIA together with a beta-blocking agent who underwent coronary artery bypass surgery using high dose fentanyl anesthesia. " type="regular"><entity charOffset="0:18" id="Dailymed.e04aa152-b08d-47f7-b976-f8bee4c386db.s.12.e.0" text="Severe hypotension" type="Specific_Interaction"/><entity charOffset="26:61" id="Dailymed.e04aa152-b08d-47f7-b976-f8bee4c386db.s.12.e.2" text="increased fluid volume requirements" type="Specific_Interaction"/><entity charOffset="103:112" id="Dailymed.e04aa152-b08d-47f7-b976-f8bee4c386db.s.12.e.4" text="PROCARDIA" type="Drug"><Normalization><mmtx cui="C0700861" phraseText="PROCARDIA together with a beta-blocking agent" preferredWord="Procardia" semType="phsu, orch"/><RxNorm RxCui="203423"/></Normalization></entity><entity charOffset="129:148" id="Dailymed.e04aa152-b08d-47f7-b976-f8bee4c386db.s.12.e.5" text="beta-blocking agent" type="Drug_Class"><Normalization><mmtx cui="C0001645" phraseText="PROCARDIA together with a beta-blocking agent" preferredWord="Adrenergic beta-Antagonists" semType="phsu"/><RxNorm RxCui="371"/></Normalization></entity><entity charOffset="163:229" id="Dailymed.e04aa152-b08d-47f7-b976-f8bee4c386db.s.12.e.6" text="coronary artery bypass surgery using high dose fentanyl anesthesia" type="SPAN"/><drugInteraction id="Dailymed.e04aa152-b08d-47f7-b976-f8bee4c386db.s.12.ddi.1"><interaction trigger="Dailymed.e04aa152-b08d-47f7-b976-f8bee4c386db.s.12.e.0"><relations><relation type="hasPrecipitant"><entity id="Dailymed.e04aa152-b08d-47f7-b976-f8bee4c386db.s.12.e.5"/></relation><relation type="hasObject"><entity id="Dailymed.e04aa152-b08d-47f7-b976-f8bee4c386db.s.12.e.4"/></relation><relation type="hasContext"><entity id="Dailymed.e04aa152-b08d-47f7-b976-f8bee4c386db.s.12.e.6"/></relation></relations></interaction></drugInteraction><drugInteraction id="Dailymed.e04aa152-b08d-47f7-b976-f8bee4c386db.s.12.ddi.2"><interaction trigger="Dailymed.e04aa152-b08d-47f7-b976-f8bee4c386db.s.12.e.2"><relations><relation type="hasPrecipitant"><entity id="Dailymed.e04aa152-b08d-47f7-b976-f8bee4c386db.s.12.e.5"/></relation><relation type="hasObject"><entity id="Dailymed.e04aa152-b08d-47f7-b976-f8bee4c386db.s.12.e.4"/></relation><relation type="hasContext"><entity id="Dailymed.e04aa152-b08d-47f7-b976-f8bee4c386db.s.12.e.6"/></relation></relations></interaction></drugInteraction><pair context="Dailymed.e04aa152-b08d-47f7-b976-f8bee4c386db.s.12.e.6" ddi="true" e1="Dailymed.e04aa152-b08d-47f7-b976-f8bee4c386db.s.12.e.4" e2="Dailymed.e04aa152-b08d-47f7-b976-f8bee4c386db.s.12.e.5" trigger="Dailymed.e04aa152-b08d-47f7-b976-f8bee4c386db.s.12.e.0" type="Specific_Interaction"/></sentence><sentence id="Dailymed.e04aa152-b08d-47f7-b976-f8bee4c386db.s.13" text="The interaction with high dose fentanyl appears to be due to the combination of PROCARDIA and a beta blocker, but the possibility that it may occur with PROCARDIA alone, with low doses of fentanyl, in other surgical procedures, or with other narcotic analgesics cannot be ruled out. " type="negative"><entity charOffset="188:196" id="Dailymed.e04aa152-b08d-47f7-b976-f8bee4c386db.s.13.e.0" text="fentanyl" type="Biomedical_Entity"><Normalization><mmtx cui="C0015846" phraseText="of fentanyl," preferredWord="Fentanyl" semType="phsu, orch"/><RxNorm RxCui="142436"/></Normalization></entity><entity charOffset="96:108" id="Dailymed.e04aa152-b08d-47f7-b976-f8bee4c386db.s.13.e.1" text="beta blocker" type="Biomedical_Entity"><Normalization><mmtx cui="C0001645" phraseText="a beta blocker," preferredWord="Adrenergic beta-Antagonists" semType="phsu"/><RxNorm RxCui="NA"/></Normalization></entity><entity charOffset="31:39" id="Dailymed.e04aa152-b08d-47f7-b976-f8bee4c386db.s.13.e.2" text="fentanyl" type="Biomedical_Entity"><Normalization><mmtx cui="C0015846" phraseText="The interaction with high dose fentanyl" preferredWord="Fentanyl" semType="phsu, orch"/><RxNorm RxCui="142436"/></Normalization></entity><entity charOffset="153:162" id="Dailymed.e04aa152-b08d-47f7-b976-f8bee4c386db.s.13.e.3" text="procardia" type="Biomedical_Entity"><Normalization><mmtx cui="C0700861" phraseText="occur with PROCARDIA" preferredWord="Procardia" semType="phsu, orch"/><RxNorm RxCui="203423"/></Normalization></entity><entity charOffset="242:261" id="Dailymed.e04aa152-b08d-47f7-b976-f8bee4c386db.s.13.e.4" text="narcotic analgesics" type="Biomedical_Entity"><Normalization><mmtx cui="C0027409" phraseText="or with other narcotic analgesics" preferredWord="Narcotic Analgesics" semType="phsu"/><RxNorm RxCui="992359"/></Normalization></entity><entity charOffset="80:89" id="Dailymed.e04aa152-b08d-47f7-b976-f8bee4c386db.s.13.e.5" text="procardia" type="Biomedical_Entity"><Normalization><mmtx cui="C0700861" phraseText="be due to the combination of PROCARDIA" preferredWord="Procardia" semType="phsu, orch"/><RxNorm RxCui="203423"/></Normalization></entity><pair ddi="false" e1="Dailymed.e04aa152-b08d-47f7-b976-f8bee4c386db.s.13.e.1" e2="Dailymed.e04aa152-b08d-47f7-b976-f8bee4c386db.s.13.e.0"/><pair ddi="false" e1="Dailymed.e04aa152-b08d-47f7-b976-f8bee4c386db.s.13.e.3" e2="Dailymed.e04aa152-b08d-47f7-b976-f8bee4c386db.s.13.e.0"/><pair ddi="false" e1="Dailymed.e04aa152-b08d-47f7-b976-f8bee4c386db.s.13.e.0" e2="Dailymed.e04aa152-b08d-47f7-b976-f8bee4c386db.s.13.e.4"/><pair ddi="false" e1="Dailymed.e04aa152-b08d-47f7-b976-f8bee4c386db.s.13.e.5" e2="Dailymed.e04aa152-b08d-47f7-b976-f8bee4c386db.s.13.e.0"/><pair ddi="false" e1="Dailymed.e04aa152-b08d-47f7-b976-f8bee4c386db.s.13.e.2" e2="Dailymed.e04aa152-b08d-47f7-b976-f8bee4c386db.s.13.e.1"/><pair ddi="false" e1="Dailymed.e04aa152-b08d-47f7-b976-f8bee4c386db.s.13.e.1" e2="Dailymed.e04aa152-b08d-47f7-b976-f8bee4c386db.s.13.e.3"/><pair ddi="false" e1="Dailymed.e04aa152-b08d-47f7-b976-f8bee4c386db.s.13.e.1" e2="Dailymed.e04aa152-b08d-47f7-b976-f8bee4c386db.s.13.e.4"/><pair ddi="false" e1="Dailymed.e04aa152-b08d-47f7-b976-f8bee4c386db.s.13.e.5" e2="Dailymed.e04aa152-b08d-47f7-b976-f8bee4c386db.s.13.e.1"/><pair ddi="false" e1="Dailymed.e04aa152-b08d-47f7-b976-f8bee4c386db.s.13.e.2" e2="Dailymed.e04aa152-b08d-47f7-b976-f8bee4c386db.s.13.e.3"/><pair ddi="false" e1="Dailymed.e04aa152-b08d-47f7-b976-f8bee4c386db.s.13.e.2" e2="Dailymed.e04aa152-b08d-47f7-b976-f8bee4c386db.s.13.e.4"/><pair ddi="false" e1="Dailymed.e04aa152-b08d-47f7-b976-f8bee4c386db.s.13.e.2" e2="Dailymed.e04aa152-b08d-47f7-b976-f8bee4c386db.s.13.e.5"/><pair ddi="false" e1="Dailymed.e04aa152-b08d-47f7-b976-f8bee4c386db.s.13.e.3" e2="Dailymed.e04aa152-b08d-47f7-b976-f8bee4c386db.s.13.e.4"/><pair ddi="false" e1="Dailymed.e04aa152-b08d-47f7-b976-f8bee4c386db.s.13.e.5" e2="Dailymed.e04aa152-b08d-47f7-b976-f8bee4c386db.s.13.e.4"/></sentence><sentence id="Dailymed.e04aa152-b08d-47f7-b976-f8bee4c386db.s.14" text="In PROCARDIA treated patients where surgery using high dose fentanyl anesthesia is contemplated, the physician should be aware of these potential problems and, if the patient's condition permits, sufficient time (at least 36 hours) should be allowed for PROCARDIA to be washed out of the body prior to surgery." type="negative"><entity charOffset="3:12" id="Dailymed.e04aa152-b08d-47f7-b976-f8bee4c386db.s.14.e.0" text="procardia" type="Biomedical_Entity"><Normalization><mmtx cui="C0700861" phraseText="In PROCARDIA treated patients where surgery" preferredWord="Procardia" semType="phsu, orch"/><RxNorm RxCui="203423"/></Normalization></entity><entity charOffset="69:79" id="Dailymed.e04aa152-b08d-47f7-b976-f8bee4c386db.s.14.e.1" text="anesthesia" type="Biomedical_Entity"><Normalization><mmtx cui="C0002932" phraseText="high dose fentanyl anesthesia" preferredWord="Anesthetics" semType="phsu"/><RxNorm RxCui="239756"/></Normalization></entity><entity charOffset="254:263" id="Dailymed.e04aa152-b08d-47f7-b976-f8bee4c386db.s.14.e.2" text="procardia" type="Biomedical_Entity"><Normalization><mmtx cui="C0700861" phraseText="allowed for PROCARDIA to" preferredWord="Procardia" semType="phsu, orch"/><RxNorm RxCui="203423"/></Normalization></entity><entity charOffset="60:68" id="Dailymed.e04aa152-b08d-47f7-b976-f8bee4c386db.s.14.e.3" text="fentanyl" type="Biomedical_Entity"><Normalization><mmtx cui="C0015846" phraseText="high dose fentanyl anesthesia" preferredWord="Fentanyl" semType="phsu, orch"/><RxNorm RxCui="142436"/></Normalization></entity><pair ddi="false" e1="Dailymed.e04aa152-b08d-47f7-b976-f8bee4c386db.s.14.e.0" e2="Dailymed.e04aa152-b08d-47f7-b976-f8bee4c386db.s.14.e.1"/><pair ddi="false" e1="Dailymed.e04aa152-b08d-47f7-b976-f8bee4c386db.s.14.e.0" e2="Dailymed.e04aa152-b08d-47f7-b976-f8bee4c386db.s.14.e.3"/><pair ddi="false" e1="Dailymed.e04aa152-b08d-47f7-b976-f8bee4c386db.s.14.e.1" e2="Dailymed.e04aa152-b08d-47f7-b976-f8bee4c386db.s.14.e.2"/><pair ddi="false" e1="Dailymed.e04aa152-b08d-47f7-b976-f8bee4c386db.s.14.e.3" e2="Dailymed.e04aa152-b08d-47f7-b976-f8bee4c386db.s.14.e.1"/><pair ddi="false" e1="Dailymed.e04aa152-b08d-47f7-b976-f8bee4c386db.s.14.e.3" e2="Dailymed.e04aa152-b08d-47f7-b976-f8bee4c386db.s.14.e.2"/></sentence><sentence id="Dailymed.e04aa152-b08d-47f7-b976-f8bee4c386db.s.23" text="PROCARDIA and other immediate-release nifedipine capsules have also been used for the long-term control of essential hypertension, although PROCARDIA capsules have not been approved for this purpose and no properly controlled studies have been conducted to define an appropriate dose or dose interval for such treatment. " type="negative"><entity charOffset="0:9" id="Dailymed.e04aa152-b08d-47f7-b976-f8bee4c386db.s.23.e.0" text="procardia" type="Biomedical_Entity"><Normalization><mmtx cui="C0700861" phraseText="PROCARDIA" preferredWord="Procardia" semType="phsu, orch"/><RxNorm RxCui="203423"/></Normalization></entity><entity charOffset="38:48" id="Dailymed.e04aa152-b08d-47f7-b976-f8bee4c386db.s.23.e.1" text="nifedipine" type="Biomedical_Entity"><Normalization><mmtx cui="C0028066" phraseText="other immediate-release nifedipine capsules" preferredWord="Nifedipine" semType="phsu, orch"/><RxNorm RxCui="7417"/></Normalization></entity><entity charOffset="140:158" id="Dailymed.e04aa152-b08d-47f7-b976-f8bee4c386db.s.23.e.2" text="procardia capsules" type="Biomedical_Entity"><Normalization><mmtx cui="C0307388" phraseText="PROCARDIA capsules" preferredWord="Nifedipine Oral Capsule [Procardia]" semType="clnd"/><RxNorm RxCui="203423"/></Normalization></entity><pair ddi="false" e1="Dailymed.e04aa152-b08d-47f7-b976-f8bee4c386db.s.23.e.0" e2="Dailymed.e04aa152-b08d-47f7-b976-f8bee4c386db.s.23.e.1"/><pair ddi="false" e1="Dailymed.e04aa152-b08d-47f7-b976-f8bee4c386db.s.23.e.0" e2="Dailymed.e04aa152-b08d-47f7-b976-f8bee4c386db.s.23.e.2"/><pair ddi="false" e1="Dailymed.e04aa152-b08d-47f7-b976-f8bee4c386db.s.23.e.1" e2="Dailymed.e04aa152-b08d-47f7-b976-f8bee4c386db.s.23.e.2"/></sentence><sentence id="Dailymed.e04aa152-b08d-47f7-b976-f8bee4c386db.s.26" text="Patients recently withdrawn from beta blockers may develop a withdrawal syndrome with increased angina, probably related to increased sensitivity to catecholamines. " type="negative"><entity charOffset="149:163" id="Dailymed.e04aa152-b08d-47f7-b976-f8bee4c386db.s.26.e.0" text="catecholamines" type="Biomedical_Entity"><Normalization><mmtx cui="C0007412" phraseText="to catecholamines." preferredWord="Catecholamines" semType="phsu, nsba"/><RxNorm RxCui="2146"/></Normalization></entity><entity charOffset="33:46" id="Dailymed.e04aa152-b08d-47f7-b976-f8bee4c386db.s.26.e.1" text="beta blockers" type="Biomedical_Entity"><Normalization><mmtx cui="C0001645" phraseText="withdrawn from beta blockers" preferredWord="Adrenergic beta-Antagonists" semType="phsu"/><RxNorm RxCui="NA"/></Normalization></entity><pair ddi="false" e1="Dailymed.e04aa152-b08d-47f7-b976-f8bee4c386db.s.26.e.1" e2="Dailymed.e04aa152-b08d-47f7-b976-f8bee4c386db.s.26.e.0"/></sentence><sentence id="Dailymed.e04aa152-b08d-47f7-b976-f8bee4c386db.s.27" text="Initiation of PROCARDIA treatment will not prevent this occurrence and might be expected to exacerbate it by provoking reflex catecholamine release. " type="negative"><entity charOffset="126:139" id="Dailymed.e04aa152-b08d-47f7-b976-f8bee4c386db.s.27.e.0" text="catecholamine" type="Biomedical_Entity"><Normalization><mmtx cui="C3536742" phraseText="it by provoking reflex catecholamine release." preferredWord="Catecholamine [EPC]" semType="phsu"/><RxNorm RxCui="2146"/></Normalization></entity><entity charOffset="14:23" id="Dailymed.e04aa152-b08d-47f7-b976-f8bee4c386db.s.27.e.1" text="procardia" type="Biomedical_Entity"><Normalization><mmtx cui="C0700861" phraseText="Initiation of PROCARDIA treatment" preferredWord="Procardia" semType="phsu, orch"/><RxNorm RxCui="203423"/></Normalization></entity><pair ddi="false" e1="Dailymed.e04aa152-b08d-47f7-b976-f8bee4c386db.s.27.e.1" e2="Dailymed.e04aa152-b08d-47f7-b976-f8bee4c386db.s.27.e.0"/></sentence><sentence id="Dailymed.e04aa152-b08d-47f7-b976-f8bee4c386db.s.28" text="There have been occasional reports of increased angina in a setting of beta blocker withdrawal and PROCARDIA initiation. " type="negative"><entity charOffset="71:83" id="Dailymed.e04aa152-b08d-47f7-b976-f8bee4c386db.s.28.e.0" text="beta blocker" type="Biomedical_Entity"><Normalization><mmtx cui="C0001645" phraseText="of beta blocker withdrawal" preferredWord="Adrenergic beta-Antagonists" semType="phsu"/><RxNorm RxCui="NA"/></Normalization></entity><entity charOffset="99:108" id="Dailymed.e04aa152-b08d-47f7-b976-f8bee4c386db.s.28.e.1" text="procardia" type="Biomedical_Entity"><Normalization><mmtx cui="C0700861" phraseText="PROCARDIA initiation." preferredWord="Procardia" semType="phsu, orch"/><RxNorm RxCui="203423"/></Normalization></entity><pair ddi="false" e1="Dailymed.e04aa152-b08d-47f7-b976-f8bee4c386db.s.28.e.0" e2="Dailymed.e04aa152-b08d-47f7-b976-f8bee4c386db.s.28.e.1"/></sentence><sentence id="Dailymed.e04aa152-b08d-47f7-b976-f8bee4c386db.s.29" text="It is important to taper beta blockers if possible, rather than stopping them abruptly before beginning PROCARDIA." type="negative"><entity charOffset="25:38" id="Dailymed.e04aa152-b08d-47f7-b976-f8bee4c386db.s.29.e.0" text="beta blockers" type="Biomedical_Entity"><Normalization><mmtx cui="C0001645" phraseText="important to taper beta blockers" preferredWord="Adrenergic beta-Antagonists" semType="phsu"/><RxNorm RxCui="NA"/></Normalization></entity><entity charOffset="104:113" id="Dailymed.e04aa152-b08d-47f7-b976-f8bee4c386db.s.29.e.1" text="procardia" type="Biomedical_Entity"><Normalization><mmtx cui="C0700861" phraseText="them abruptly before beginning PROCARDIA." preferredWord="Procardia" semType="phsu, orch"/><RxNorm RxCui="203423"/></Normalization></entity><entity charOffset="64:72" id="Dailymed.e04aa152-b08d-47f7-b976-f8bee4c386db.s.29.e.2" text="stopping" type="Biomedical_Entity"><Normalization><mmtx cui="C0723457" phraseText="stopping" preferredWord="Stop brand of fluoride" semType="inch, phsu"/><RxNorm RxCui="220037"/></Normalization></entity><pair ddi="false" e1="Dailymed.e04aa152-b08d-47f7-b976-f8bee4c386db.s.29.e.0" e2="Dailymed.e04aa152-b08d-47f7-b976-f8bee4c386db.s.29.e.1"/><pair ddi="false" e1="Dailymed.e04aa152-b08d-47f7-b976-f8bee4c386db.s.29.e.0" e2="Dailymed.e04aa152-b08d-47f7-b976-f8bee4c386db.s.29.e.2"/><pair ddi="false" e1="Dailymed.e04aa152-b08d-47f7-b976-f8bee4c386db.s.29.e.2" e2="Dailymed.e04aa152-b08d-47f7-b976-f8bee4c386db.s.29.e.1"/></sentence><sentence biomedicalEntities="2" id="Dailymed.e04aa152-b08d-47f7-b976-f8bee4c386db.s.31" lineNumber="33" text="Rarely, patients, usually those receiving a beta blocker, have developed heart failure after beginning PROCARDIA. " type="regular"><entity charOffset="73:86" id="Dailymed.e04aa152-b08d-47f7-b976-f8bee4c386db.s.31.e.0" text="heart failure" type="Specific_Interaction"><Normalization><mmtx cui="C0018801" phraseText="developed heart failure after beginning PROCARDIA." preferredWord="Heart failure" semType="dsyn"/><mmtx cui="C0018802" phraseText="developed heart failure after beginning PROCARDIA." preferredWord="Congestive heart failure" semType="dsyn"/></Normalization></entity><entity charOffset="44:56" id="Dailymed.e04aa152-b08d-47f7-b976-f8bee4c386db.s.31.e.2" text="beta blocker" type="Drug_Class"><Normalization><mmtx cui="C0001645" phraseText="those receiving a beta blocker," preferredWord="Adrenergic beta-Antagonists" semType="phsu"/><RxNorm RxCui="NA"/></Normalization></entity><entity charOffset="0:6" id="Dailymed.e04aa152-b08d-47f7-b976-f8bee4c386db.s.31.e.3" text="Rarely" type="SPAN"/><entity charOffset="103:112" id="Dailymed.e04aa152-b08d-47f7-b976-f8bee4c386db.s.31.e.4" text="PROCARDIA" type="Drug"><Normalization><mmtx cui="C0700861" phraseText="developed heart failure after beginning PROCARDIA." preferredWord="Procardia" semType="phsu, orch"/><mmtx cui="C0700861" phraseText="developed heart failure after beginning PROCARDIA." preferredWord="Procardia" semType="phsu, orch"/><RxNorm RxCui="203423"/></Normalization></entity><drugInteraction id="Dailymed.e04aa152-b08d-47f7-b976-f8bee4c386db.s.31.ddi.1"><interaction trigger="Dailymed.e04aa152-b08d-47f7-b976-f8bee4c386db.s.31.e.0"><relations><relation type="hasObject"><entity id="Dailymed.e04aa152-b08d-47f7-b976-f8bee4c386db.s.31.e.4"/></relation><relation type="hasPrecipitant"><entity id="Dailymed.e04aa152-b08d-47f7-b976-f8bee4c386db.s.31.e.2"/></relation><relation type="hasEvidence"><entity id="Dailymed.e04aa152-b08d-47f7-b976-f8bee4c386db.s.31.e.3"/></relation></relations></interaction></drugInteraction><pair ddi="true" e1="Dailymed.e04aa152-b08d-47f7-b976-f8bee4c386db.s.31.e.2" e2="Dailymed.e04aa152-b08d-47f7-b976-f8bee4c386db.s.31.e.4" evidence="Dailymed.e04aa152-b08d-47f7-b976-f8bee4c386db.s.31.e.3" trigger="Dailymed.e04aa152-b08d-47f7-b976-f8bee4c386db.s.31.e.0" type="Specific_Interaction"/></sentence><sentence biomedicalEntities="1" id="Dailymed.e04aa152-b08d-47f7-b976-f8bee4c386db.s.37" lineNumber="44" text="Close observation is especially recommended for patients already taking medications that are known to lower blood pressure. " type="irregular"><entity charOffset="72:122" id="Dailymed.e04aa152-b08d-47f7-b976-f8bee4c386db.s.37.e.0" text="medications that are known to lower blood pressure" type="Drug_Class"><Normalization><mmtx cui="C0013227" phraseText="recommended for patients already taking medications" preferredWord="Pharmaceutical Preparations" semType="phsu"/><RxNorm RxCui="691673"/></Normalization></entity><entity charOffset="6:17" id="Dailymed.e04aa152-b08d-47f7-b976-f8bee4c386db.s.37.e.1" text="observation" type="Caution_Interaction"/><drugInteraction id="Dailymed.e04aa152-b08d-47f7-b976-f8bee4c386db.s.37.ddi.1"><interaction trigger="Dailymed.e04aa152-b08d-47f7-b976-f8bee4c386db.s.37.e.1"><relations><relation type="hasPrecipitant"><entity id="Dailymed.e04aa152-b08d-47f7-b976-f8bee4c386db.s.37.e.0"/></relation><relation type="hasObject"><ellipsisSentence id="Dailymed.e04aa152-b08d-47f7-b976-f8bee4c386db.s.36" text="Because PROCARDIA decreases peripheral vascular resistance, careful monitoring of blood pressure during the initial administration and titration of PROCARDIA is suggested. "><entity charOffset="148:157" id="Dailymed.e04aa152-b08d-47f7-b976-f8bee4c386db.s.36.e.0" text="PROCARDIA" type="Drug"><Normalization><mmtx cui="C0700861" phraseText="titration of PROCARDIA" preferredWord="Procardia" semType="phsu, orch"/></Normalization></entity></ellipsisSentence></relation></relations></interaction></drugInteraction><pair ddi="true" e1="labelDrug" e2="Dailymed.e04aa152-b08d-47f7-b976-f8bee4c386db.s.37.e.0"/></sentence><sentence id="Dailymed.e04aa152-b08d-47f7-b976-f8bee4c386db.s.40" text="Mild to moderate peripheral edema, typically associated with arterial vasodilation and not due to left ventricular dysfunction, occurs in about one in ten patients treated with PROCARDIA (nifedipine). " type="negative"><entity charOffset="177:186" id="Dailymed.e04aa152-b08d-47f7-b976-f8bee4c386db.s.40.e.0" text="procardia" type="Biomedical_Entity"><Normalization><mmtx cui="C0700861" phraseText="treated with PROCARDIA" preferredWord="Procardia" semType="phsu, orch"/><RxNorm RxCui="203423"/></Normalization></entity><entity charOffset="188:198" id="Dailymed.e04aa152-b08d-47f7-b976-f8bee4c386db.s.40.e.1" text="nifedipine" type="Biomedical_Entity"><Normalization><mmtx cui="C0028066" phraseText="(nifedipine" preferredWord="Nifedipine" semType="phsu, orch"/><RxNorm RxCui="7417"/></Normalization></entity><pair ddi="false" e1="Dailymed.e04aa152-b08d-47f7-b976-f8bee4c386db.s.40.e.0" e2="Dailymed.e04aa152-b08d-47f7-b976-f8bee4c386db.s.40.e.1"/></sentence><sentence id="Dailymed.e04aa152-b08d-47f7-b976-f8bee4c386db.s.48" text="PROCARDIA, like other calcium channel blockers, decreases platelet aggregation in vitro. " type="negative"><entity charOffset="0:9" id="Dailymed.e04aa152-b08d-47f7-b976-f8bee4c386db.s.48.e.0" text="procardia" type="Biomedical_Entity"><Normalization><mmtx cui="C0700861" phraseText="PROCARDIA," preferredWord="Procardia" semType="phsu, orch"/><RxNorm RxCui="203423"/></Normalization></entity><entity charOffset="22:46" id="Dailymed.e04aa152-b08d-47f7-b976-f8bee4c386db.s.48.e.1" text="calcium channel blockers" type="Biomedical_Entity"><Normalization><mmtx cui="C0006684" phraseText="like other calcium channel blockers," preferredWord="Calcium Channel Blockers" semType="phsu"/><RxNorm RxCui="1895"/></Normalization></entity><pair ddi="false" e1="Dailymed.e04aa152-b08d-47f7-b976-f8bee4c386db.s.48.e.0" e2="Dailymed.e04aa152-b08d-47f7-b976-f8bee4c386db.s.48.e.1"/></sentence><sentence biomedicalEntities="2" id="Dailymed.e04aa152-b08d-47f7-b976-f8bee4c386db.s.58" lineNumber="62" text="Experience in over 1400 patients in a non-comparative clinical trial has shown that concomitant administration of PROCARDIA and beta-blocking agents is usually well tolerated, but there have been occasional literature reports suggesting that the combination may increase the likelihood of congestive heart failure, severe hypotension, or exacerbation of angina." type="regular"><entity charOffset="289:313" id="Dailymed.e04aa152-b08d-47f7-b976-f8bee4c386db.s.58.e.0" text="congestive heart failure" type="Specific_Interaction"><Normalization><mmtx cui="C0018802" phraseText="the likelihood of congestive heart failure," preferredWord="Congestive heart failure" semType="dsyn"/></Normalization></entity><entity charOffset="315:333" id="Dailymed.e04aa152-b08d-47f7-b976-f8bee4c386db.s.58.e.2" text="severe hypotension" type="Specific_Interaction"/><entity charOffset="338:360" id="Dailymed.e04aa152-b08d-47f7-b976-f8bee4c386db.s.58.e.4" text="exacerbation of angina" type="Specific_Interaction"><Normalization><mmtx cui="C0002962" phraseText="exacerbation of angina." preferredWord="Angina Pectoris" semType="sosy"/></Normalization></entity><entity charOffset="114:123" id="Dailymed.e04aa152-b08d-47f7-b976-f8bee4c386db.s.58.e.6" text="PROCARDIA" type="Drug"><Normalization><mmtx cui="C0700861" phraseText="that concomitant administration of PROCARDIA" preferredWord="Procardia" semType="phsu, orch"/><RxNorm RxCui="203423"/></Normalization></entity><entity charOffset="128:148" id="Dailymed.e04aa152-b08d-47f7-b976-f8bee4c386db.s.58.e.7" text="beta-blocking agents" type="Drug_Class"><Normalization><mmtx cui="C0001645" phraseText="beta-blocking agents" preferredWord="Adrenergic beta-Antagonists" semType="phsu"/><RxNorm RxCui="371"/></Normalization></entity><drugInteraction id="Dailymed.e04aa152-b08d-47f7-b976-f8bee4c386db.s.58.ddi.1"><interaction trigger="Dailymed.e04aa152-b08d-47f7-b976-f8bee4c386db.s.58.e.0"><relations><relation type="hasPrecipitant"><entity id="Dailymed.e04aa152-b08d-47f7-b976-f8bee4c386db.s.58.e.7"/></relation><relation type="hasObject"><entity id="Dailymed.e04aa152-b08d-47f7-b976-f8bee4c386db.s.58.e.6"/></relation></relations></interaction></drugInteraction><drugInteraction id="Dailymed.e04aa152-b08d-47f7-b976-f8bee4c386db.s.58.ddi.2"><interaction trigger="Dailymed.e04aa152-b08d-47f7-b976-f8bee4c386db.s.58.e.2"><relations><relation type="hasPrecipitant"><entity id="Dailymed.e04aa152-b08d-47f7-b976-f8bee4c386db.s.58.e.7"/></relation><relation type="hasObject"><entity id="Dailymed.e04aa152-b08d-47f7-b976-f8bee4c386db.s.58.e.6"/></relation></relations></interaction></drugInteraction><drugInteraction id="Dailymed.e04aa152-b08d-47f7-b976-f8bee4c386db.s.58.ddi.3"><interaction trigger="Dailymed.e04aa152-b08d-47f7-b976-f8bee4c386db.s.58.e.4"><relations><relation type="hasPrecipitant"><entity id="Dailymed.e04aa152-b08d-47f7-b976-f8bee4c386db.s.58.e.7"/></relation><relation type="hasObject"><entity id="Dailymed.e04aa152-b08d-47f7-b976-f8bee4c386db.s.58.e.6"/></relation></relations></interaction></drugInteraction><pair ddi="true" e1="Dailymed.e04aa152-b08d-47f7-b976-f8bee4c386db.s.58.e.6" e2="Dailymed.e04aa152-b08d-47f7-b976-f8bee4c386db.s.58.e.7" trigger="Dailymed.e04aa152-b08d-47f7-b976-f8bee4c386db.s.58.e.0" type="Specific_Interaction"/></sentence><sentence id="Dailymed.e04aa152-b08d-47f7-b976-f8bee4c386db.s.60" text="PROCARDIA may be safely co-administered with nitrates, but there have been no controlled studies to evaluate the antianginal effectiveness of this combination." type="negative"><entity charOffset="113:124" id="Dailymed.e04aa152-b08d-47f7-b976-f8bee4c386db.s.60.e.0" text="antianginal" type="Biomedical_Entity"><Normalization><mmtx cui="C3537168" phraseText="the antianginal effectiveness of this combination." preferredWord="ANTIANGINALS" semType="phsu"/><RxNorm RxCui="1447082"/></Normalization></entity><entity charOffset="0:9" id="Dailymed.e04aa152-b08d-47f7-b976-f8bee4c386db.s.60.e.1" text="procardia" type="Biomedical_Entity"><Normalization><mmtx cui="C0700861" phraseText="PROCARDIA" preferredWord="Procardia" semType="phsu, orch"/><RxNorm RxCui="203423"/></Normalization></entity><pair ddi="false" e1="Dailymed.e04aa152-b08d-47f7-b976-f8bee4c386db.s.60.e.1" e2="Dailymed.e04aa152-b08d-47f7-b976-f8bee4c386db.s.60.e.0"/></sentence><sentence biomedicalEntities="2" id="Dailymed.e04aa152-b08d-47f7-b976-f8bee4c386db.s.62" lineNumber="70" text="Since there have been isolated reports of patients with elevated digoxin levels, and since there is a possible interaction between digoxin and nifedipine, it is recommended that digoxin levels be monitored when initiating, adjusting, and discontinuing nifedipine to avoid possible over- or under-digitalization." type="regular"><entity charOffset="196:205" id="Dailymed.e04aa152-b08d-47f7-b976-f8bee4c386db.s.62.e.0" text="monitored" type="Caution_Interaction"/><entity charOffset="178:185" id="Dailymed.e04aa152-b08d-47f7-b976-f8bee4c386db.s.62.e.2" text="digoxin" type="Drug"><Normalization><mmtx cui="C0012265" phraseText="that digoxin levels" preferredWord="Digoxin" semType="strd, phsu, carb"/><RxNorm RxCui="3407"/></Normalization></entity><entity charOffset="252:262" id="Dailymed.e04aa152-b08d-47f7-b976-f8bee4c386db.s.62.e.3" text="nifedipine" type="Drug"><Normalization><mmtx cui="C0028066" phraseText="discontinuing nifedipine to" preferredWord="Nifedipine" semType="phsu, orch"/><RxNorm RxCui="7417"/></Normalization></entity><drugInteraction id="Dailymed.e04aa152-b08d-47f7-b976-f8bee4c386db.s.62.ddi.1"><interaction trigger="Dailymed.e04aa152-b08d-47f7-b976-f8bee4c386db.s.62.e.0"><relations><relation type="hasObject"><entity id="Dailymed.e04aa152-b08d-47f7-b976-f8bee4c386db.s.62.e.2"/></relation><relation type="hasPrecipitant"><entity id="Dailymed.e04aa152-b08d-47f7-b976-f8bee4c386db.s.62.e.3"/></relation></relations></interaction></drugInteraction><pair ddi="true" e1="Dailymed.e04aa152-b08d-47f7-b976-f8bee4c386db.s.62.e.2" e2="Dailymed.e04aa152-b08d-47f7-b976-f8bee4c386db.s.62.e.3" trigger="Dailymed.e04aa152-b08d-47f7-b976-f8bee4c386db.s.62.e.0" type="Caution_Interaction"/></sentence><sentence biomedicalEntities="2" id="Dailymed.e04aa152-b08d-47f7-b976-f8bee4c386db.s.64" lineNumber="74" text="There have been rare reports of an interaction between quinidine and nifedipine (with a decreased plasma level of quinidine)." type="regular"><entity charOffset="88:110" id="Dailymed.e04aa152-b08d-47f7-b976-f8bee4c386db.s.64.e.0" text="decreased plasma level" type="Decrease_Interaction"/><entity charOffset="114:123" id="Dailymed.e04aa152-b08d-47f7-b976-f8bee4c386db.s.64.e.2" text="quinidine" type="Drug"><Normalization><mmtx cui="C0034414" phraseText="of quinidine" preferredWord="Quinidine" semType="phsu, orch"/><RxNorm RxCui="9068"/></Normalization></entity><entity charOffset="69:79" id="Dailymed.e04aa152-b08d-47f7-b976-f8bee4c386db.s.64.e.3" text="nifedipine" type="Drug"><Normalization><mmtx cui="C0028066" phraseText="nifedipine" preferredWord="Nifedipine" semType="phsu, orch"/><RxNorm RxCui="7417"/></Normalization></entity><drugInteraction id="Dailymed.e04aa152-b08d-47f7-b976-f8bee4c386db.s.64.ddi.1"><interaction trigger="Dailymed.e04aa152-b08d-47f7-b976-f8bee4c386db.s.64.e.0"><relations><relation type="hasPrecipitant"><entity id="Dailymed.e04aa152-b08d-47f7-b976-f8bee4c386db.s.64.e.3"/></relation><relation type="hasObject"><entity id="Dailymed.e04aa152-b08d-47f7-b976-f8bee4c386db.s.64.e.2"/></relation></relations></interaction></drugInteraction><pair ddi="true" e1="Dailymed.e04aa152-b08d-47f7-b976-f8bee4c386db.s.64.e.3" e2="Dailymed.e04aa152-b08d-47f7-b976-f8bee4c386db.s.64.e.2" trigger="Dailymed.e04aa152-b08d-47f7-b976-f8bee4c386db.s.64.e.0" type="Decrease_Interaction"/></sentence><sentence biomedicalEntities="2" id="Dailymed.e04aa152-b08d-47f7-b976-f8bee4c386db.s.66" lineNumber="78" text="There have been rare reports of increased prothrombin time in patients taking coumarin anticoagulants to whom PROCARDIA was administered. " type="regular"><entity charOffset="32:58" id="Dailymed.e04aa152-b08d-47f7-b976-f8bee4c386db.s.66.e.0" text="increased prothrombin time" type="Specific_Interaction"/><entity charOffset="16:28" id="Dailymed.e04aa152-b08d-47f7-b976-f8bee4c386db.s.66.e.2" text="rare reports" type="SPAN"/><entity charOffset="78:101" id="Dailymed.e04aa152-b08d-47f7-b976-f8bee4c386db.s.66.e.3" text="coumarin anticoagulants" type="Drug_Class"><Normalization><mmtx cui="C0010206" phraseText="coumarin anticoagulants to whom PROCARDIA" preferredWord="coumarin" semType="phsu, orch"/><RxNorm RxCui="2898"/></Normalization></entity><entity charOffset="110:119" id="Dailymed.e04aa152-b08d-47f7-b976-f8bee4c386db.s.66.e.4" text="PROCARDIA" type="Drug"><Normalization><mmtx cui="C0700861" phraseText="coumarin anticoagulants to whom PROCARDIA" preferredWord="Procardia" semType="phsu, orch"/><RxNorm RxCui="203423"/></Normalization></entity><drugInteraction id="Dailymed.e04aa152-b08d-47f7-b976-f8bee4c386db.s.66.ddi.1"><interaction trigger="Dailymed.e04aa152-b08d-47f7-b976-f8bee4c386db.s.66.e.0"><relations><relation type="hasEvidence"><entity id="Dailymed.e04aa152-b08d-47f7-b976-f8bee4c386db.s.66.e.2"/></relation><relation type="hasPrecipitant"><entity id="Dailymed.e04aa152-b08d-47f7-b976-f8bee4c386db.s.66.e.3"/></relation><relation type="hasObject"><entity id="Dailymed.e04aa152-b08d-47f7-b976-f8bee4c386db.s.66.e.4"/></relation></relations></interaction></drugInteraction><pair ddi="true" e1="Dailymed.e04aa152-b08d-47f7-b976-f8bee4c386db.s.66.e.3" e2="Dailymed.e04aa152-b08d-47f7-b976-f8bee4c386db.s.66.e.4" evidence="Dailymed.e04aa152-b08d-47f7-b976-f8bee4c386db.s.66.e.2" trigger="Dailymed.e04aa152-b08d-47f7-b976-f8bee4c386db.s.66.e.0" type="Specific_Interaction"/></sentence><sentence biomedicalEntities="3" id="Dailymed.e04aa152-b08d-47f7-b976-f8bee4c386db.s.69" lineNumber="82" text="A study in six healthy volunteers has shown a significant increase in peak nifedipine plasma levels (80%) and area-under-the-curve (74%) after a one week course of cimetidine at 1000 mg per day and nifedipine at 40 mg per day. " type="regular"><entity charOffset="58:74|86:99" id="Dailymed.e04aa152-b08d-47f7-b976-f8bee4c386db.s.69.e.0" text="increase in peak plasma levels" type="Increase_Interaction"/><entity charOffset="58:74|110:130" id="Dailymed.e04aa152-b08d-47f7-b976-f8bee4c386db.s.69.e.2" text="increase in peak area-under-the-curve" type="Increase_Interaction"/><entity charOffset="75:85" id="Dailymed.e04aa152-b08d-47f7-b976-f8bee4c386db.s.69.e.4" text="nifedipine" type="Drug"><Normalization><mmtx cui="C0028066" phraseText="a significant increase in peak nifedipine plasma levels" preferredWord="Nifedipine" semType="phsu, orch"/><mmtx cui="C0028066" phraseText="a significant increase in peak nifedipine plasma levels" preferredWord="Nifedipine" semType="phsu, orch"/><RxNorm RxCui="7417"/></Normalization></entity><entity charOffset="11:33" id="Dailymed.e04aa152-b08d-47f7-b976-f8bee4c386db.s.69.e.5" text="six healthy volunteers" type="SPAN"/><entity charOffset="164:174" id="Dailymed.e04aa152-b08d-47f7-b976-f8bee4c386db.s.69.e.6" text="cimetidine" type="Drug"><Normalization><mmtx cui="C0008783" phraseText="of cimetidine" preferredWord="Cimetidine" semType="phsu, orch"/><RxNorm RxCui="2541"/></Normalization></entity><entity charOffset="58:74|86:99" id="Dailymed.e04aa152-b08d-47f7-b976-f8bee4c386db.s.69.e.7" text="increase in peak plasma levels" type="SPAN"/><entity charOffset="58:74|110:130" id="Dailymed.e04aa152-b08d-47f7-b976-f8bee4c386db.s.69.e.8" text="increase in peak area-under-the-curve" type="SPAN"/><entity charOffset="198:208" id="Dailymed.e04aa152-b08d-47f7-b976-f8bee4c386db.s.69.e.9" text="nifedipine" type="Drug"><Normalization><mmtx cui="C1134813" phraseText="nifedipine at 40 mg" preferredWord="Nifedipine 40 MG" semType="clnd"/><RxNorm RxCui="7417"/></Normalization></entity><drugInteraction id="Dailymed.e04aa152-b08d-47f7-b976-f8bee4c386db.s.69.ddi.1"><interaction trigger="Dailymed.e04aa152-b08d-47f7-b976-f8bee4c386db.s.69.e.0"><relations><relation type="hasObject"><entity id="Dailymed.e04aa152-b08d-47f7-b976-f8bee4c386db.s.69.e.4"/></relation><relation type="hasEvidence"><entity id="Dailymed.e04aa152-b08d-47f7-b976-f8bee4c386db.s.69.e.5"/></relation></relations></interaction></drugInteraction><drugInteraction id="Dailymed.e04aa152-b08d-47f7-b976-f8bee4c386db.s.69.ddi.2"><interaction trigger="Dailymed.e04aa152-b08d-47f7-b976-f8bee4c386db.s.69.e.2"><relations><relation type="hasObject"><entity id="Dailymed.e04aa152-b08d-47f7-b976-f8bee4c386db.s.69.e.4"/></relation><relation type="hasEvidence"><entity id="Dailymed.e04aa152-b08d-47f7-b976-f8bee4c386db.s.69.e.5"/></relation><relation type="hasPrecipitant"><entity id="Dailymed.e04aa152-b08d-47f7-b976-f8bee4c386db.s.69.e.6"/></relation></relations></interaction></drugInteraction><pair ddi="true" e1="Dailymed.e04aa152-b08d-47f7-b976-f8bee4c386db.s.69.e.4" e2="Dailymed.e04aa152-b08d-47f7-b976-f8bee4c386db.s.69.e.6" evidence="Dailymed.e04aa152-b08d-47f7-b976-f8bee4c386db.s.69.e.5" trigger="Dailymed.e04aa152-b08d-47f7-b976-f8bee4c386db.s.69.e.2" type="Increase_Interaction"/></sentence><sentence biomedicalEntities="1" id="Dailymed.e04aa152-b08d-47f7-b976-f8bee4c386db.s.70" lineNumber="82" text="Ranitidine produced smaller, non-significant increases. " type="irregular"><anaphoraRelation><antecedentSentence ID="Dailymed.e04aa152-b08d-47f7-b976-f8bee4c386db.s.69" Text="A study in six healthy volunteers has shown a significant increase in peak nifedipine plasma levels (80%) and area-under-the-curve (74%) after a one week course of cimetidine at 1000 mg per day and nifedipine at 40 mg per day. "/><anaphoraEntity charOffset="45:54" id="Dailymed.e04aa152-b08d-47f7-b976-f8bee4c386db.s.70.e.0" text="increases" type="Expression"/><antecedentEntity charOffset="58:99" id="Dailymed.e04aa152-b08d-47f7-b976-f8bee4c386db.s.69.e.0" text="increase in peak plasma levels" type="Increase_Interaction"/></anaphoraRelation><anaphoraRelation><antecedentSentence ID="Dailymed.e04aa152-b08d-47f7-b976-f8bee4c386db.s.69" Text="A study in six healthy volunteers has shown a significant increase in peak nifedipine plasma levels (80%) and area-under-the-curve (74%) after a one week course of cimetidine at 1000 mg per day and nifedipine at 40 mg per day. "/><anaphoraEntity charOffset="45:54" id="Dailymed.e04aa152-b08d-47f7-b976-f8bee4c386db.s.70.e.0" text="increases" type="Expression"/><antecedentEntity charOffset="58:99" id="Dailymed.e04aa152-b08d-47f7-b976-f8bee4c386db.s.69.e.7" text="increase in peak plasma levels" type="SPAN"/></anaphoraRelation><anaphoraRelation><antecedentSentence ID="Dailymed.e04aa152-b08d-47f7-b976-f8bee4c386db.s.69" Text="A study in six healthy volunteers has shown a significant increase in peak nifedipine plasma levels (80%) and area-under-the-curve (74%) after a one week course of cimetidine at 1000 mg per day and nifedipine at 40 mg per day. "/><anaphoraEntity charOffset="45:54" id="Dailymed.e04aa152-b08d-47f7-b976-f8bee4c386db.s.70.e.0" text="increases" type="Expression"/><antecedentEntity charOffset="58:99" id="Dailymed.e04aa152-b08d-47f7-b976-f8bee4c386db.s.69.e.0" text="increase in peak plasma levels" type="Increase_Interaction"/></anaphoraRelation><anaphoraRelation><antecedentSentence ID="Dailymed.e04aa152-b08d-47f7-b976-f8bee4c386db.s.69" Text="A study in six healthy volunteers has shown a significant increase in peak nifedipine plasma levels (80%) and area-under-the-curve (74%) after a one week course of cimetidine at 1000 mg per day and nifedipine at 40 mg per day. "/><anaphoraEntity charOffset="45:54" id="Dailymed.e04aa152-b08d-47f7-b976-f8bee4c386db.s.70.e.0" text="increases" type="Expression"/><antecedentEntity charOffset="58:99" id="Dailymed.e04aa152-b08d-47f7-b976-f8bee4c386db.s.69.e.7" text="increase in peak plasma levels" type="SPAN"/></anaphoraRelation><entity charOffset="0:10" id="Dailymed.e04aa152-b08d-47f7-b976-f8bee4c386db.s.70.e.1" text="Ranitidine" type="Drug"><Normalization><mmtx cui="C0034665" phraseText="Ranitidine" preferredWord="Ranitidine" semType="phsu, orch"/><RxNorm RxCui="203136"/></Normalization></entity><entity charOffset="45:54" id="Dailymed.e04aa152-b08d-47f7-b976-f8bee4c386db.s.70.e.4" text="increases" type="Increase_Interaction"/><drugInteraction id="Dailymed.e04aa152-b08d-47f7-b976-f8bee4c386db.s.70.ddi.1"><interaction trigger="Dailymed.e04aa152-b08d-47f7-b976-f8bee4c386db.s.70.e.4"><relations><relation type="hasObject"><ellipsisSentence id="Dailymed.e04aa152-b08d-47f7-b976-f8bee4c386db.s.69" text="A study in six healthy volunteers has shown a significant increase in peak nifedipine plasma levels (80%) and area-under-the-curve (74%) after a one week course of cimetidine at 1000 mg per day and nifedipine at 40 mg per day. "><entity id="Dailymed.e04aa152-b08d-47f7-b976-f8bee4c386db.s.69.e.9"/></ellipsisSentence></relation><relation type="hasPrecipitant"><entity id="Dailymed.e04aa152-b08d-47f7-b976-f8bee4c386db.s.70.e.1"/></relation></relations></interaction></drugInteraction><pair ddi="true" e1="labelDrug" e2="Dailymed.e04aa152-b08d-47f7-b976-f8bee4c386db.s.70.e.1"/></sentence><sentence id="Dailymed.e04aa152-b08d-47f7-b976-f8bee4c386db.s.71" text="The effect may be mediated by the known inhibition of cimetidine on hepatic cytochrome P-450, the enzyme system probably responsible for the first-pass metabolism of nifedipine. " type="negative"><entity charOffset="166:176" id="Dailymed.e04aa152-b08d-47f7-b976-f8bee4c386db.s.71.e.0" text="nifedipine" type="Biomedical_Entity"><Normalization><mmtx cui="C0028066" phraseText="probably responsible for the first-pass metabolism of nifedipine." preferredWord="Nifedipine" semType="phsu, orch"/><RxNorm RxCui="7417"/></Normalization></entity><entity charOffset="54:64" id="Dailymed.e04aa152-b08d-47f7-b976-f8bee4c386db.s.71.e.1" text="cimetidine" type="Biomedical_Entity"><Normalization><mmtx cui="C0008783" phraseText="mediated by the known inhibition of cimetidine" preferredWord="Cimetidine" semType="phsu, orch"/><RxNorm RxCui="2541"/></Normalization></entity><entity charOffset="147:151" id="Dailymed.e04aa152-b08d-47f7-b976-f8bee4c386db.s.71.e.2" text="pass" type="Biomedical_Entity"><Normalization><mmtx cui="C0030125" phraseText="probably responsible for the first-pass metabolism of nifedipine." preferredWord="aminosalicylic acid" semType="phsu, orch"/><RxNorm RxCui="7833"/></Normalization></entity><entity charOffset="18:26" id="Dailymed.e04aa152-b08d-47f7-b976-f8bee4c386db.s.71.e.3" text="mediated" type="Biomedical_Entity"><Normalization><mmtx cui="C0127400" phraseText="mediated by the known inhibition of cimetidine" preferredWord="Mediator brand of benfluorex hydrochloride" semType="phsu, orch"/><RxNorm RxCui="985488"/></Normalization></entity><pair ddi="false" e1="Dailymed.e04aa152-b08d-47f7-b976-f8bee4c386db.s.71.e.1" e2="Dailymed.e04aa152-b08d-47f7-b976-f8bee4c386db.s.71.e.0"/><pair ddi="false" e1="Dailymed.e04aa152-b08d-47f7-b976-f8bee4c386db.s.71.e.2" e2="Dailymed.e04aa152-b08d-47f7-b976-f8bee4c386db.s.71.e.0"/><pair ddi="false" e1="Dailymed.e04aa152-b08d-47f7-b976-f8bee4c386db.s.71.e.3" e2="Dailymed.e04aa152-b08d-47f7-b976-f8bee4c386db.s.71.e.0"/><pair ddi="false" e1="Dailymed.e04aa152-b08d-47f7-b976-f8bee4c386db.s.71.e.1" e2="Dailymed.e04aa152-b08d-47f7-b976-f8bee4c386db.s.71.e.2"/><pair ddi="false" e1="Dailymed.e04aa152-b08d-47f7-b976-f8bee4c386db.s.71.e.3" e2="Dailymed.e04aa152-b08d-47f7-b976-f8bee4c386db.s.71.e.1"/><pair ddi="false" e1="Dailymed.e04aa152-b08d-47f7-b976-f8bee4c386db.s.71.e.3" e2="Dailymed.e04aa152-b08d-47f7-b976-f8bee4c386db.s.71.e.2"/></sentence><sentence biomedicalEntities="2" id="Dailymed.e04aa152-b08d-47f7-b976-f8bee4c386db.s.72" lineNumber="82" text="If nifedipine therapy is initiated in a patient currently receiving cimetidine, cautious titration is advised." type="regular"><entity charOffset="80:98" id="Dailymed.e04aa152-b08d-47f7-b976-f8bee4c386db.s.72.e.0" text="cautious titration" type="Caution_Interaction"/><entity charOffset="3:13" id="Dailymed.e04aa152-b08d-47f7-b976-f8bee4c386db.s.72.e.2" text="nifedipine" type="Drug"><Normalization><mmtx cui="C0028066" phraseText="nifedipine therapy" preferredWord="Nifedipine" semType="phsu, orch"/><RxNorm RxCui="7417"/></Normalization></entity><entity charOffset="68:78" id="Dailymed.e04aa152-b08d-47f7-b976-f8bee4c386db.s.72.e.3" text="cimetidine" type="Drug"><Normalization><mmtx cui="C0008783" phraseText="cimetidine," preferredWord="Cimetidine" semType="phsu, orch"/><RxNorm RxCui="2541"/></Normalization></entity><drugInteraction id="Dailymed.e04aa152-b08d-47f7-b976-f8bee4c386db.s.72.ddi.1"><interaction trigger="Dailymed.e04aa152-b08d-47f7-b976-f8bee4c386db.s.72.e.0"><relations><relation type="hasPrecipitant"><entity id="Dailymed.e04aa152-b08d-47f7-b976-f8bee4c386db.s.72.e.3"/></relation><relation type="hasObject"><entity id="Dailymed.e04aa152-b08d-47f7-b976-f8bee4c386db.s.72.e.2"/></relation></relations></interaction></drugInteraction><pair ddi="true" e1="Dailymed.e04aa152-b08d-47f7-b976-f8bee4c386db.s.72.e.2" e2="Dailymed.e04aa152-b08d-47f7-b976-f8bee4c386db.s.72.e.3" trigger="Dailymed.e04aa152-b08d-47f7-b976-f8bee4c386db.s.72.e.0" type="Caution_Interaction"/></sentence><sentence biomedicalEntities="2" id="Dailymed.e04aa152-b08d-47f7-b976-f8bee4c386db.s.75" lineNumber="89" text="Co-administration of nifedipine with grapefruit juice resulted in approximately a 2-fold increase in nifedipine AUC and Cmax with no change in half-life. " type="regular"><entity charOffset="89:100|112:115" id="Dailymed.e04aa152-b08d-47f7-b976-f8bee4c386db.s.75.e.0" text="increase in AUC" type="Increase_Interaction"/><entity charOffset="89:100|120:124" id="Dailymed.e04aa152-b08d-47f7-b976-f8bee4c386db.s.75.e.2" text="increase in Cmax" type="Increase_Interaction"/><entity charOffset="101:111" id="Dailymed.e04aa152-b08d-47f7-b976-f8bee4c386db.s.75.e.4" text="nifedipine" type="Drug"><Normalization><mmtx cui="C0028066" phraseText="a 2-fold increase in nifedipine AUC" preferredWord="Nifedipine" semType="phsu, orch"/><RxNorm RxCui="7417"/></Normalization></entity><entity charOffset="37:53" id="Dailymed.e04aa152-b08d-47f7-b976-f8bee4c386db.s.75.e.5" text="grapefruit juice" type="Substance"><Normalization><mmtx cui="C0440280" phraseText="with grapefruit juice" preferredWord="GRAPEFRUIT EXTRACT" semType="phsu, orch"/><RxNorm RxCui="124323"/></Normalization></entity><drugInteraction id="Dailymed.e04aa152-b08d-47f7-b976-f8bee4c386db.s.75.ddi.1"><interaction trigger="Dailymed.e04aa152-b08d-47f7-b976-f8bee4c386db.s.75.e.0"><relations><relation type="hasPrecipitant"><entity id="Dailymed.e04aa152-b08d-47f7-b976-f8bee4c386db.s.75.e.5"/></relation><relation type="hasObject"><entity id="Dailymed.e04aa152-b08d-47f7-b976-f8bee4c386db.s.75.e.4"/></relation></relations></interaction></drugInteraction><drugInteraction id="Dailymed.e04aa152-b08d-47f7-b976-f8bee4c386db.s.75.ddi.2"><interaction trigger="Dailymed.e04aa152-b08d-47f7-b976-f8bee4c386db.s.75.e.2"><relations><relation type="hasPrecipitant"><entity id="Dailymed.e04aa152-b08d-47f7-b976-f8bee4c386db.s.75.e.5"/></relation><relation type="hasObject"><entity id="Dailymed.e04aa152-b08d-47f7-b976-f8bee4c386db.s.75.e.4"/></relation></relations></interaction></drugInteraction><pair ddi="true" e1="Dailymed.e04aa152-b08d-47f7-b976-f8bee4c386db.s.75.e.5" e2="Dailymed.e04aa152-b08d-47f7-b976-f8bee4c386db.s.75.e.4" trigger="Dailymed.e04aa152-b08d-47f7-b976-f8bee4c386db.s.75.e.0" type="Increase_Interaction"/></sentence><sentence biomedicalEntities="2" id="Dailymed.e04aa152-b08d-47f7-b976-f8bee4c386db.s.77" lineNumber="89" text="Co-administration of nifedipine with grapefruit juice is to be avoided." type="regular"><entity charOffset="21:31" id="Dailymed.e04aa152-b08d-47f7-b976-f8bee4c386db.s.77.e.0" text="nifedipine" type="Drug"><Normalization><mmtx cui="C0028066" phraseText="Co-administration of nifedipine" preferredWord="Nifedipine" semType="phsu, orch"/><RxNorm RxCui="7417"/></Normalization></entity><entity charOffset="37:53" id="Dailymed.e04aa152-b08d-47f7-b976-f8bee4c386db.s.77.e.1" text="grapefruit juice" type="Substance"><Normalization><mmtx cui="C0440280" phraseText="with grapefruit juice" preferredWord="GRAPEFRUIT EXTRACT" semType="phsu, orch"/><RxNorm RxCui="124323"/></Normalization></entity><entity charOffset="63:70" id="Dailymed.e04aa152-b08d-47f7-b976-f8bee4c386db.s.77.e.2" text="avoided" type="Caution_Interaction"/><drugInteraction id="Dailymed.e04aa152-b08d-47f7-b976-f8bee4c386db.s.77.ddi.1"><interaction trigger="Dailymed.e04aa152-b08d-47f7-b976-f8bee4c386db.s.77.e.2"><relations><relation type="hasObject"><entity id="Dailymed.e04aa152-b08d-47f7-b976-f8bee4c386db.s.77.e.0"/></relation><relation type="hasPrecipitant"><entity id="Dailymed.e04aa152-b08d-47f7-b976-f8bee4c386db.s.77.e.1"/></relation></relations></interaction></drugInteraction><pair ddi="true" e1="Dailymed.e04aa152-b08d-47f7-b976-f8bee4c386db.s.77.e.0" e2="Dailymed.e04aa152-b08d-47f7-b976-f8bee4c386db.s.77.e.1" trigger="Dailymed.e04aa152-b08d-47f7-b976-f8bee4c386db.s.77.e.2" type="Caution_Interaction"/></sentence><sentence id="Dailymed.e04aa152-b08d-47f7-b976-f8bee4c386db.s.85" text="Nifedipine has been shown to produce teratogenic findings in rats and rabbits, including digital anomalies similar to those reported for phenytoin. " type="negative"><entity charOffset="0:10" id="Dailymed.e04aa152-b08d-47f7-b976-f8bee4c386db.s.85.e.0" text="nifedipine" type="Biomedical_Entity"><Normalization><mmtx cui="C0028066" phraseText="Nifedipine" preferredWord="Nifedipine" semType="phsu, orch"/><RxNorm RxCui="7417"/></Normalization></entity><entity charOffset="137:146" id="Dailymed.e04aa152-b08d-47f7-b976-f8bee4c386db.s.85.e.1" text="phenytoin" type="Biomedical_Entity"><Normalization><mmtx cui="C0031507" phraseText="reported for phenytoin." preferredWord="Phenytoin" semType="phsu, orch"/><RxNorm RxCui="8183"/></Normalization></entity><pair ddi="false" e1="Dailymed.e04aa152-b08d-47f7-b976-f8bee4c386db.s.85.e.0" e2="Dailymed.e04aa152-b08d-47f7-b976-f8bee4c386db.s.85.e.1"/></sentence><positiveExamples number="13"/><negativeExamples number="41"/></document>