<?xml version="1.0" encoding="UTF-8" standalone="no"?><document setID="e2eb7dad-3ea3-439c-dcbb-d1d61aa49dfc"><labelDrug name="THALITONE"><Normalization/></labelDrug><generic name="chlorthalidone"/><sentence id="Dailymed.e2eb7dad-3ea3-439c-dcbb-d1d61aa49dfc.s.1" text="Drug Label for drug brand THALITONE, containing chlorthalidone." type="negative"><entity charOffset="48:62" id="Dailymed.e2eb7dad-3ea3-439c-dcbb-d1d61aa49dfc.s.1.e.0" text="chlorthalidone" type="Biomedical_Entity"><Normalization><mmtx cui="C0008294" phraseText="chlorthalidone." preferredWord="Chlorthalidone" semType="phsu, orch"/><RxNorm RxCui="2409"/></Normalization></entity><entity charOffset="26:35" id="Dailymed.e2eb7dad-3ea3-439c-dcbb-d1d61aa49dfc.s.1.e.1" text="thalitone" type="Biomedical_Entity"><Normalization><mmtx cui="C0700920" phraseText="Drug Label for drug brand THALITONE," preferredWord="Thalitone" semType="phsu, orch"/><RxNorm RxCui="203477"/></Normalization></entity><entity charOffset="0:19" id="Dailymed.e2eb7dad-3ea3-439c-dcbb-d1d61aa49dfc.s.1.e.2" text="drug drug" type="Biomedical_Entity"><Normalization><mmtx cui="C0013231" phraseText="Drug Label for drug brand THALITONE," preferredWord="Drugs, Non-Prescription" semType="phsu"/><RxNorm RxCui="NA"/></Normalization></entity><pair ddi="false" e1="Dailymed.e2eb7dad-3ea3-439c-dcbb-d1d61aa49dfc.s.1.e.1" e2="Dailymed.e2eb7dad-3ea3-439c-dcbb-d1d61aa49dfc.s.1.e.0"/><pair ddi="false" e1="Dailymed.e2eb7dad-3ea3-439c-dcbb-d1d61aa49dfc.s.1.e.2" e2="Dailymed.e2eb7dad-3ea3-439c-dcbb-d1d61aa49dfc.s.1.e.0"/><pair ddi="false" e1="Dailymed.e2eb7dad-3ea3-439c-dcbb-d1d61aa49dfc.s.1.e.2" e2="Dailymed.e2eb7dad-3ea3-439c-dcbb-d1d61aa49dfc.s.1.e.1"/></sentence><sentence id="Dailymed.e2eb7dad-3ea3-439c-dcbb-d1d61aa49dfc.s.4" text="Known hypersensitivity to chlorthalidone or other sulfonamide-derived drugs." type="negative"><entity charOffset="50:61" id="Dailymed.e2eb7dad-3ea3-439c-dcbb-d1d61aa49dfc.s.4.e.0" text="sulfonamide" type="Biomedical_Entity"><Normalization><mmtx cui="C3536763" phraseText="other sulfonamide-derived drugs." preferredWord="Sulfonamide [EPC]" semType="phsu"/><RxNorm RxCui="1427600"/></Normalization></entity><entity charOffset="26:40" id="Dailymed.e2eb7dad-3ea3-439c-dcbb-d1d61aa49dfc.s.4.e.1" text="chlorthalidone" type="Biomedical_Entity"><Normalization><mmtx cui="C0008294" phraseText="Known hypersensitivity to chlorthalidone" preferredWord="Chlorthalidone" semType="phsu, orch"/><RxNorm RxCui="2409"/></Normalization></entity><pair ddi="false" e1="Dailymed.e2eb7dad-3ea3-439c-dcbb-d1d61aa49dfc.s.4.e.1" e2="Dailymed.e2eb7dad-3ea3-439c-dcbb-d1d61aa49dfc.s.4.e.0"/></sentence><sentence id="Dailymed.e2eb7dad-3ea3-439c-dcbb-d1d61aa49dfc.s.6" text="Thalitone (chlorthalidone USP) should be used with caution in severe renal disease. " type="negative"><entity charOffset="11:25" id="Dailymed.e2eb7dad-3ea3-439c-dcbb-d1d61aa49dfc.s.6.e.0" text="chlorthalidone" type="Biomedical_Entity"><Normalization><mmtx cui="C0008294" phraseText="(chlorthalidone USP)" preferredWord="Chlorthalidone" semType="phsu, orch"/><RxNorm RxCui="2409"/></Normalization></entity><entity charOffset="0:9" id="Dailymed.e2eb7dad-3ea3-439c-dcbb-d1d61aa49dfc.s.6.e.1" text="thalitone" type="Biomedical_Entity"><Normalization><mmtx cui="C0700920" phraseText="Thalitone" preferredWord="Thalitone" semType="phsu, orch"/><RxNorm RxCui="203477"/></Normalization></entity><pair ddi="false" e1="Dailymed.e2eb7dad-3ea3-439c-dcbb-d1d61aa49dfc.s.6.e.1" e2="Dailymed.e2eb7dad-3ea3-439c-dcbb-d1d61aa49dfc.s.6.e.0"/></sentence><sentence id="Dailymed.e2eb7dad-3ea3-439c-dcbb-d1d61aa49dfc.s.11" text="The possibility of exacerbation or activation of systemic lupus erythematosus has been reported with thiazide diuretics which are structurally related to chlorthalidone. " type="negative"><entity charOffset="154:168" id="Dailymed.e2eb7dad-3ea3-439c-dcbb-d1d61aa49dfc.s.11.e.0" text="chlorthalidone" type="Biomedical_Entity"><Normalization><mmtx cui="C0008294" phraseText="related to chlorthalidone." preferredWord="Chlorthalidone" semType="phsu, orch"/><RxNorm RxCui="2409"/></Normalization></entity><entity charOffset="101:119" id="Dailymed.e2eb7dad-3ea3-439c-dcbb-d1d61aa49dfc.s.11.e.1" text="thiazide diuretics" type="Biomedical_Entity"><Normalization><mmtx cui="C0012802" phraseText="reported with thiazide diuretics" preferredWord="Thiazide Diuretics" semType="phsu, orch"/><RxNorm RxCui="141801"/></Normalization></entity><pair ddi="false" e1="Dailymed.e2eb7dad-3ea3-439c-dcbb-d1d61aa49dfc.s.11.e.1" e2="Dailymed.e2eb7dad-3ea3-439c-dcbb-d1d61aa49dfc.s.11.e.0"/></sentence><sentence id="Dailymed.e2eb7dad-3ea3-439c-dcbb-d1d61aa49dfc.s.14" text="General Hypokalemia and other electrolyte abnormalities, including hyponatremia and hypochloremic alkalosis, are common in patients receiving chlorthalidone. " type="negative"><entity charOffset="30:41" id="Dailymed.e2eb7dad-3ea3-439c-dcbb-d1d61aa49dfc.s.14.e.0" text="electrolyte" type="Biomedical_Entity"><Normalization><mmtx cui="C0013832" phraseText="other electrolyte abnormalities," preferredWord="Electrolytes" semType="inch, phsu"/><RxNorm RxCui="3793"/></Normalization></entity><entity charOffset="142:156" id="Dailymed.e2eb7dad-3ea3-439c-dcbb-d1d61aa49dfc.s.14.e.1" text="chlorthalidone" type="Biomedical_Entity"><Normalization><mmtx cui="C0008294" phraseText="chlorthalidone." preferredWord="Chlorthalidone" semType="phsu, orch"/><RxNorm RxCui="2409"/></Normalization></entity><pair ddi="false" e1="Dailymed.e2eb7dad-3ea3-439c-dcbb-d1d61aa49dfc.s.14.e.0" e2="Dailymed.e2eb7dad-3ea3-439c-dcbb-d1d61aa49dfc.s.14.e.1"/></sentence><sentence id="Dailymed.e2eb7dad-3ea3-439c-dcbb-d1d61aa49dfc.s.18" text="All patients taking chlorthalidone should be observed for clinical signs of electrolyte imbalance, including dryness of mouth, thirst, weakness, lethargy, drowsiness, restlessness, muscle pains or cramps, muscular fatigue, hypotension, oliguria, tachycardia, palpitations and gastrointestinal disturbances, such as nausea and vomiting. " type="negative"><entity charOffset="76:87" id="Dailymed.e2eb7dad-3ea3-439c-dcbb-d1d61aa49dfc.s.18.e.0" text="electrolyte" type="Biomedical_Entity"><Normalization><mmtx cui="C0013832" phraseText="observed for clinical signs of electrolyte imbalance," preferredWord="Electrolytes" semType="inch, phsu"/><RxNorm RxCui="3793"/></Normalization></entity><entity charOffset="20:34" id="Dailymed.e2eb7dad-3ea3-439c-dcbb-d1d61aa49dfc.s.18.e.1" text="chlorthalidone" type="Biomedical_Entity"><Normalization><mmtx cui="C0008294" phraseText="chlorthalidone" preferredWord="Chlorthalidone" semType="phsu, orch"/><RxNorm RxCui="2409"/></Normalization></entity><pair ddi="false" e1="Dailymed.e2eb7dad-3ea3-439c-dcbb-d1d61aa49dfc.s.18.e.1" e2="Dailymed.e2eb7dad-3ea3-439c-dcbb-d1d61aa49dfc.s.18.e.0"/></sentence><sentence id="Dailymed.e2eb7dad-3ea3-439c-dcbb-d1d61aa49dfc.s.23" text="Thiazide-like diuretics have been shown to increase the urinary excretion of magnesium, this may result in hypomagnesemia." type="negative"><entity charOffset="14:23" id="Dailymed.e2eb7dad-3ea3-439c-dcbb-d1d61aa49dfc.s.23.e.0" text="diuretics" type="Biomedical_Entity"><Normalization><mmtx cui="C0012798" phraseText="like diuretics" preferredWord="Diuretics" semType="phsu"/><RxNorm RxCui="3567"/></Normalization></entity><entity charOffset="0:8" id="Dailymed.e2eb7dad-3ea3-439c-dcbb-d1d61aa49dfc.s.23.e.1" text="thiazide" type="Biomedical_Entity"><Normalization><mmtx cui="C0541746" phraseText="Thiazide-" preferredWord="Thiazides" semType="phsu, orch"/><RxNorm RxCui="141801"/></Normalization></entity><pair ddi="false" e1="Dailymed.e2eb7dad-3ea3-439c-dcbb-d1d61aa49dfc.s.23.e.1" e2="Dailymed.e2eb7dad-3ea3-439c-dcbb-d1d61aa49dfc.s.23.e.0"/></sentence><sentence id="Dailymed.e2eb7dad-3ea3-439c-dcbb-d1d61aa49dfc.s.24" text="Calcium excretion is decreased by thiazide-like drugs. " type="negative"><entity charOffset="0:7" id="Dailymed.e2eb7dad-3ea3-439c-dcbb-d1d61aa49dfc.s.24.e.0" text="calcium" type="Biomedical_Entity"><Normalization><mmtx cui="C2936886" phraseText="Calcium excretion" preferredWord="Calcium [EPC]" semType="phsu"/><RxNorm RxCui="1895"/></Normalization></entity><entity charOffset="34:42" id="Dailymed.e2eb7dad-3ea3-439c-dcbb-d1d61aa49dfc.s.24.e.1" text="thiazide" type="Biomedical_Entity"><Normalization><mmtx cui="C0541746" phraseText="decreased by thiazide-" preferredWord="Thiazides" semType="phsu, orch"/><RxNorm RxCui="141801"/></Normalization></entity><pair ddi="false" e1="Dailymed.e2eb7dad-3ea3-439c-dcbb-d1d61aa49dfc.s.24.e.0" e2="Dailymed.e2eb7dad-3ea3-439c-dcbb-d1d61aa49dfc.s.24.e.1"/></sentence><sentence id="Dailymed.e2eb7dad-3ea3-439c-dcbb-d1d61aa49dfc.s.28" text="Other Increases in serum glucose may occur and latent diabetes mellitus may become manifest during chlorthalidone therapy (see PRECAUTIONS Drug Interactions ). " type="negative"><entity charOffset="99:113" id="Dailymed.e2eb7dad-3ea3-439c-dcbb-d1d61aa49dfc.s.28.e.0" text="chlorthalidone" type="Biomedical_Entity"><Normalization><mmtx cui="C0008294" phraseText="manifest during chlorthalidone therapy" preferredWord="Chlorthalidone" semType="phsu, orch"/><RxNorm RxCui="2409"/></Normalization></entity><entity charOffset="25:32" id="Dailymed.e2eb7dad-3ea3-439c-dcbb-d1d61aa49dfc.s.28.e.1" text="glucose" type="Biomedical_Entity"><Normalization><mmtx cui="C0017725" phraseText="Other Increases in serum glucose" preferredWord="Glucose" semType="bacs, phsu, carb"/><RxNorm RxCui="4850"/></Normalization></entity><pair ddi="false" e1="Dailymed.e2eb7dad-3ea3-439c-dcbb-d1d61aa49dfc.s.28.e.1" e2="Dailymed.e2eb7dad-3ea3-439c-dcbb-d1d61aa49dfc.s.28.e.0"/></sentence><sentence id="Dailymed.e2eb7dad-3ea3-439c-dcbb-d1d61aa49dfc.s.30" text="Information For Patients Patients should inform their doctor if they have: 1) had an allergic reaction to chlorthalidone or other diuretics or have asthma 2) kidney disease 3) liver disease 4) gout 5) systemic lupus erythematosus, or 6) been taking other drugs such as cortisone, digitalis, lithium carbonate, or drugs for diabetes." type="negative"><entity charOffset="280:289" id="Dailymed.e2eb7dad-3ea3-439c-dcbb-d1d61aa49dfc.s.30.e.0" text="digitalis" type="Biomedical_Entity"><Normalization><mmtx cui="C0304520" phraseText="digitalis," preferredWord="Digitalis preparation" semType="phsu, carb"/><RxNorm RxCui="91235"/></Normalization></entity><entity charOffset="269:278" id="Dailymed.e2eb7dad-3ea3-439c-dcbb-d1d61aa49dfc.s.30.e.1" text="cortisone" type="Biomedical_Entity"><Normalization><mmtx cui="C0010137" phraseText="other drugs such as cortisone," preferredWord="Cortisone" semType="strd, phsu, horm"/><RxNorm RxCui="2878"/></Normalization></entity><entity charOffset="249:260" id="Dailymed.e2eb7dad-3ea3-439c-dcbb-d1d61aa49dfc.s.30.e.2" text="other drugs" type="Biomedical_Entity"><Normalization><mmtx cui="C2729346" phraseText="other drugs such as cortisone," preferredWord="Other Drugs" semType="phsu"/><RxNorm RxCui="1429329"/></Normalization></entity><entity charOffset="106:120" id="Dailymed.e2eb7dad-3ea3-439c-dcbb-d1d61aa49dfc.s.30.e.3" text="chlorthalidone" type="Biomedical_Entity"><Normalization><mmtx cui="C0008294" phraseText="an allergic reaction to chlorthalidone" preferredWord="Chlorthalidone" semType="phsu, orch"/><RxNorm RxCui="2409"/></Normalization></entity><entity charOffset="291:308" id="Dailymed.e2eb7dad-3ea3-439c-dcbb-d1d61aa49dfc.s.30.e.4" text="lithium carbonate" type="Biomedical_Entity"><Normalization><mmtx cui="C0085217" phraseText="lithium carbonate," preferredWord="Lithium Carbonate" semType="inch, phsu"/><RxNorm RxCui="1428998"/></Normalization></entity><entity charOffset="130:139" id="Dailymed.e2eb7dad-3ea3-439c-dcbb-d1d61aa49dfc.s.30.e.5" text="diuretics" type="Biomedical_Entity"><Normalization><mmtx cui="C0012798" phraseText="other diuretics" preferredWord="Diuretics" semType="phsu"/><RxNorm RxCui="3567"/></Normalization></entity><pair ddi="false" e1="Dailymed.e2eb7dad-3ea3-439c-dcbb-d1d61aa49dfc.s.30.e.1" e2="Dailymed.e2eb7dad-3ea3-439c-dcbb-d1d61aa49dfc.s.30.e.0"/><pair ddi="false" e1="Dailymed.e2eb7dad-3ea3-439c-dcbb-d1d61aa49dfc.s.30.e.2" e2="Dailymed.e2eb7dad-3ea3-439c-dcbb-d1d61aa49dfc.s.30.e.0"/><pair ddi="false" e1="Dailymed.e2eb7dad-3ea3-439c-dcbb-d1d61aa49dfc.s.30.e.3" e2="Dailymed.e2eb7dad-3ea3-439c-dcbb-d1d61aa49dfc.s.30.e.0"/><pair ddi="false" e1="Dailymed.e2eb7dad-3ea3-439c-dcbb-d1d61aa49dfc.s.30.e.0" e2="Dailymed.e2eb7dad-3ea3-439c-dcbb-d1d61aa49dfc.s.30.e.4"/><pair ddi="false" e1="Dailymed.e2eb7dad-3ea3-439c-dcbb-d1d61aa49dfc.s.30.e.5" e2="Dailymed.e2eb7dad-3ea3-439c-dcbb-d1d61aa49dfc.s.30.e.0"/><pair ddi="false" e1="Dailymed.e2eb7dad-3ea3-439c-dcbb-d1d61aa49dfc.s.30.e.2" e2="Dailymed.e2eb7dad-3ea3-439c-dcbb-d1d61aa49dfc.s.30.e.1"/><pair ddi="false" e1="Dailymed.e2eb7dad-3ea3-439c-dcbb-d1d61aa49dfc.s.30.e.3" e2="Dailymed.e2eb7dad-3ea3-439c-dcbb-d1d61aa49dfc.s.30.e.1"/><pair ddi="false" e1="Dailymed.e2eb7dad-3ea3-439c-dcbb-d1d61aa49dfc.s.30.e.1" e2="Dailymed.e2eb7dad-3ea3-439c-dcbb-d1d61aa49dfc.s.30.e.4"/><pair ddi="false" e1="Dailymed.e2eb7dad-3ea3-439c-dcbb-d1d61aa49dfc.s.30.e.5" e2="Dailymed.e2eb7dad-3ea3-439c-dcbb-d1d61aa49dfc.s.30.e.1"/><pair ddi="false" e1="Dailymed.e2eb7dad-3ea3-439c-dcbb-d1d61aa49dfc.s.30.e.3" e2="Dailymed.e2eb7dad-3ea3-439c-dcbb-d1d61aa49dfc.s.30.e.2"/><pair ddi="false" e1="Dailymed.e2eb7dad-3ea3-439c-dcbb-d1d61aa49dfc.s.30.e.2" e2="Dailymed.e2eb7dad-3ea3-439c-dcbb-d1d61aa49dfc.s.30.e.4"/><pair ddi="false" e1="Dailymed.e2eb7dad-3ea3-439c-dcbb-d1d61aa49dfc.s.30.e.5" e2="Dailymed.e2eb7dad-3ea3-439c-dcbb-d1d61aa49dfc.s.30.e.2"/><pair ddi="false" e1="Dailymed.e2eb7dad-3ea3-439c-dcbb-d1d61aa49dfc.s.30.e.3" e2="Dailymed.e2eb7dad-3ea3-439c-dcbb-d1d61aa49dfc.s.30.e.4"/><pair ddi="false" e1="Dailymed.e2eb7dad-3ea3-439c-dcbb-d1d61aa49dfc.s.30.e.3" e2="Dailymed.e2eb7dad-3ea3-439c-dcbb-d1d61aa49dfc.s.30.e.5"/><pair ddi="false" e1="Dailymed.e2eb7dad-3ea3-439c-dcbb-d1d61aa49dfc.s.30.e.5" e2="Dailymed.e2eb7dad-3ea3-439c-dcbb-d1d61aa49dfc.s.30.e.4"/></sentence><sentence biomedicalEntities="1" id="Dailymed.e2eb7dad-3ea3-439c-dcbb-d1d61aa49dfc.s.32" lineNumber="28" text="Patients should also be cautioned that taking alcohol can increase the chance of dizziness occurring." type="irregular"><entity charOffset="46:53" id="Dailymed.e2eb7dad-3ea3-439c-dcbb-d1d61aa49dfc.s.32.e.0" text="alcohol" type="Substance"><Normalization><mmtx cui="C0001975" phraseText="that taking alcohol" preferredWord="Alcohols" semType="phsu, orch"/><RxNorm RxCui="448"/></Normalization></entity><entity charOffset="81:90" id="Dailymed.e2eb7dad-3ea3-439c-dcbb-d1d61aa49dfc.s.32.e.1" text="dizziness" type="Specific_Interaction"><Normalization><mmtx cui="C0012833" phraseText="the chance of dizziness" preferredWord="Dizziness" semType="sosy"/><mmtx cui="C0042571" phraseText="the chance of dizziness" preferredWord="Vertigo" semType="sosy"/></Normalization></entity><drugInteraction id="Dailymed.e2eb7dad-3ea3-439c-dcbb-d1d61aa49dfc.s.32.ddi.1"><interaction trigger="Dailymed.e2eb7dad-3ea3-439c-dcbb-d1d61aa49dfc.s.32.e.1"><relations><relation type="hasPrecipitant"><entity id="Dailymed.e2eb7dad-3ea3-439c-dcbb-d1d61aa49dfc.s.32.e.0"/></relation><relation type="hasObject"><labelDrug text="THALITONE"/><normalization/></relation></relations></interaction></drugInteraction><pair ddi="true" e1="labelDrug" e2="Dailymed.e2eb7dad-3ea3-439c-dcbb-d1d61aa49dfc.s.32.e.0"/></sentence><sentence id="Dailymed.e2eb7dad-3ea3-439c-dcbb-d1d61aa49dfc.s.33" text="Laboratory Tests Periodic determination of serum electrolytes to detect possible electrolyte imbalance should be performed at appropriate intervals." type="negative"><entity charOffset="49:61" id="Dailymed.e2eb7dad-3ea3-439c-dcbb-d1d61aa49dfc.s.33.e.0" text="electrolytes" type="Biomedical_Entity"><Normalization><mmtx cui="C0013832" phraseText="Laboratory Tests Periodic determination of serum electrolytes to" preferredWord="Electrolytes" semType="inch, phsu"/><RxNorm RxCui="3793"/></Normalization></entity><entity charOffset="81:92" id="Dailymed.e2eb7dad-3ea3-439c-dcbb-d1d61aa49dfc.s.33.e.1" text="electrolyte" type="Biomedical_Entity"><Normalization><mmtx cui="C3536863" phraseText="possible electrolyte imbalance" preferredWord="Electrolyte [EPC]" semType="phsu"/><RxNorm RxCui="3793"/></Normalization></entity><pair ddi="false" e1="Dailymed.e2eb7dad-3ea3-439c-dcbb-d1d61aa49dfc.s.33.e.0" e2="Dailymed.e2eb7dad-3ea3-439c-dcbb-d1d61aa49dfc.s.33.e.1"/></sentence><sentence id="Dailymed.e2eb7dad-3ea3-439c-dcbb-d1d61aa49dfc.s.34" text="All patients receiving chlorthalidone should be observed for clinical signs of fluid or electrolyte imbalance: namely, hyponatremia, hypochloremic alkalosis and hypokalemia. " type="negative"><entity charOffset="88:99" id="Dailymed.e2eb7dad-3ea3-439c-dcbb-d1d61aa49dfc.s.34.e.0" text="electrolyte" type="Biomedical_Entity"><Normalization><mmtx cui="C0013832" phraseText="electrolyte imbalance" preferredWord="Electrolytes" semType="inch, phsu"/><RxNorm RxCui="3793"/></Normalization></entity><entity charOffset="23:37" id="Dailymed.e2eb7dad-3ea3-439c-dcbb-d1d61aa49dfc.s.34.e.1" text="chlorthalidone" type="Biomedical_Entity"><Normalization><mmtx cui="C0008294" phraseText="chlorthalidone" preferredWord="Chlorthalidone" semType="phsu, orch"/><RxNorm RxCui="2409"/></Normalization></entity><pair ddi="false" e1="Dailymed.e2eb7dad-3ea3-439c-dcbb-d1d61aa49dfc.s.34.e.1" e2="Dailymed.e2eb7dad-3ea3-439c-dcbb-d1d61aa49dfc.s.34.e.0"/></sentence><sentence biomedicalEntities="2" id="Dailymed.e2eb7dad-3ea3-439c-dcbb-d1d61aa49dfc.s.36" lineNumber="31" text="Drug Interactions Chlorthalidone may add to or potentiate the action of other antihypertensive drugs." type="regular"><entity charOffset="18:32" id="Dailymed.e2eb7dad-3ea3-439c-dcbb-d1d61aa49dfc.s.36.e.0" text="Chlorthalidone" type="Drug"><Normalization><mmtx cui="C0008294" phraseText="Drug Interactions Chlorthalidone" preferredWord="Chlorthalidone" semType="phsu, orch"/><mmtx cui="C0008294" phraseText="Drug Interactions Chlorthalidone" preferredWord="Chlorthalidone" semType="phsu, orch"/><RxNorm RxCui="2409"/></Normalization></entity><entity charOffset="78:100" id="Dailymed.e2eb7dad-3ea3-439c-dcbb-d1d61aa49dfc.s.36.e.1" text="antihypertensive drugs" type="Drug_Class"><Normalization><mmtx cui="C0003364" phraseText="the action of other antihypertensive drugs." preferredWord="Antihypertensive Agents" semType="phsu"/><RxNorm RxCui="968"/></Normalization></entity><entity charOffset="37:68" id="Dailymed.e2eb7dad-3ea3-439c-dcbb-d1d61aa49dfc.s.36.e.2" text="add to or potentiate the action" type="Increase_Interaction"/><drugInteraction id="Dailymed.e2eb7dad-3ea3-439c-dcbb-d1d61aa49dfc.s.36.ddi.1"><interaction trigger="Dailymed.e2eb7dad-3ea3-439c-dcbb-d1d61aa49dfc.s.36.e.2"><relations><relation type="hasPrecipitant"><entity id="Dailymed.e2eb7dad-3ea3-439c-dcbb-d1d61aa49dfc.s.36.e.0"/></relation><relation type="hasObject"><entity id="Dailymed.e2eb7dad-3ea3-439c-dcbb-d1d61aa49dfc.s.36.e.1"/></relation></relations></interaction></drugInteraction><pair ddi="true" e1="Dailymed.e2eb7dad-3ea3-439c-dcbb-d1d61aa49dfc.s.36.e.0" e2="Dailymed.e2eb7dad-3ea3-439c-dcbb-d1d61aa49dfc.s.36.e.1" trigger="Dailymed.e2eb7dad-3ea3-439c-dcbb-d1d61aa49dfc.s.36.e.2" type="Increase_Interaction"/></sentence><sentence biomedicalEntities="1" id="Dailymed.e2eb7dad-3ea3-439c-dcbb-d1d61aa49dfc.s.38" lineNumber="32" text="Higher dosage of oral hypoglycemic agents may be required." type="irregular"><entity charOffset="0:13" id="Dailymed.e2eb7dad-3ea3-439c-dcbb-d1d61aa49dfc.s.38.e.0" text="Higher dosage" type="Caution_Interaction"/><entity charOffset="17:41" id="Dailymed.e2eb7dad-3ea3-439c-dcbb-d1d61aa49dfc.s.38.e.2" text="oral hypoglycemic agents" type="Drug_Class"><Normalization><mmtx cui="C0359086" phraseText="Higher dosage of oral hypoglycemic agents" preferredWord="Oral hypoglycemic" semType="phsu"/><RxNorm RxCui="NA"/></Normalization></entity><drugInteraction id="Dailymed.e2eb7dad-3ea3-439c-dcbb-d1d61aa49dfc.s.38.ddi.1"><interaction trigger="Dailymed.e2eb7dad-3ea3-439c-dcbb-d1d61aa49dfc.s.38.e.0"><relations><relation type="hasPrecipitant"><ellipsisSentence id="Dailymed.e2eb7dad-3ea3-439c-dcbb-d1d61aa49dfc.s.36" text="Drug Interactions Chlorthalidone may add to or potentiate the action of other antihypertensive drugs."><entity id="Dailymed.e2eb7dad-3ea3-439c-dcbb-d1d61aa49dfc.s.36.e.0"/></ellipsisSentence><middleSentence id="Dailymed.e2eb7dad-3ea3-439c-dcbb-d1d61aa49dfc.s.37" text="Insulin requirements in diabetic patients may be increased, decreased or unchanged. "/></relation><relation type="hasObject"><entity id="Dailymed.e2eb7dad-3ea3-439c-dcbb-d1d61aa49dfc.s.38.e.2"/></relation></relations></interaction></drugInteraction></sentence><sentence biomedicalEntities="2" id="Dailymed.e2eb7dad-3ea3-439c-dcbb-d1d61aa49dfc.s.39" lineNumber="33" text="Chlorthalidone and related drugs may increase the responsiveness to tubocurarine." type="regular"><entity charOffset="37:64" id="Dailymed.e2eb7dad-3ea3-439c-dcbb-d1d61aa49dfc.s.39.e.0" text="increase the responsiveness" type="Increase_Interaction"/><entity charOffset="68:80" id="Dailymed.e2eb7dad-3ea3-439c-dcbb-d1d61aa49dfc.s.39.e.2" text="tubocurarine" type="Drug"><Normalization><mmtx cui="C0041345" phraseText="the responsiveness to tubocurarine." preferredWord="Tubocurarine" semType="phsu, orch"/><RxNorm RxCui="82115"/></Normalization></entity><entity charOffset="0:14" id="Dailymed.e2eb7dad-3ea3-439c-dcbb-d1d61aa49dfc.s.39.e.3" text="Chlorthalidone" type="Drug"><Normalization><mmtx cui="C0008294" phraseText="Chlorthalidone" preferredWord="Chlorthalidone" semType="phsu, orch"/><RxNorm RxCui="2409"/></Normalization></entity><drugInteraction id="Dailymed.e2eb7dad-3ea3-439c-dcbb-d1d61aa49dfc.s.39.ddi.1"><interaction trigger="Dailymed.e2eb7dad-3ea3-439c-dcbb-d1d61aa49dfc.s.39.e.0"><relations><relation type="hasPrecipitant"><entity id="Dailymed.e2eb7dad-3ea3-439c-dcbb-d1d61aa49dfc.s.39.e.3"/></relation><relation type="hasObject"><entity id="Dailymed.e2eb7dad-3ea3-439c-dcbb-d1d61aa49dfc.s.39.e.2"/></relation></relations></interaction></drugInteraction><pair ddi="true" e1="Dailymed.e2eb7dad-3ea3-439c-dcbb-d1d61aa49dfc.s.39.e.3" e2="Dailymed.e2eb7dad-3ea3-439c-dcbb-d1d61aa49dfc.s.39.e.2" trigger="Dailymed.e2eb7dad-3ea3-439c-dcbb-d1d61aa49dfc.s.39.e.0" type="Increase_Interaction"/></sentence><sentence biomedicalEntities="2" id="Dailymed.e2eb7dad-3ea3-439c-dcbb-d1d61aa49dfc.s.40" lineNumber="34" text="Chlorthalidone and related drugs may decrease arterial responsiveness to norepinephrine. " type="regular"><entity charOffset="0:14" id="Dailymed.e2eb7dad-3ea3-439c-dcbb-d1d61aa49dfc.s.40.e.0" text="Chlorthalidone" type="Drug"><Normalization><mmtx cui="C0008294" phraseText="Chlorthalidone" preferredWord="Chlorthalidone" semType="phsu, orch"/><RxNorm RxCui="2409"/></Normalization></entity><entity charOffset="37:69" id="Dailymed.e2eb7dad-3ea3-439c-dcbb-d1d61aa49dfc.s.40.e.1" text="decrease arterial responsiveness" type="Specific_Interaction"/><entity charOffset="73:87" id="Dailymed.e2eb7dad-3ea3-439c-dcbb-d1d61aa49dfc.s.40.e.3" text="norepinephrine" type="Drug"><Normalization><mmtx cui="C0028351" phraseText="arterial responsiveness to norepinephrine." preferredWord="Norepinephrine" semType="phsu, orch, nsba"/><RxNorm RxCui="7508"/></Normalization></entity><drugInteraction id="Dailymed.e2eb7dad-3ea3-439c-dcbb-d1d61aa49dfc.s.40.ddi.1"><interaction trigger="Dailymed.e2eb7dad-3ea3-439c-dcbb-d1d61aa49dfc.s.40.e.1"><relations><relation type="hasPrecipitant"><entity id="Dailymed.e2eb7dad-3ea3-439c-dcbb-d1d61aa49dfc.s.40.e.0"/></relation><relation type="hasObject"><entity id="Dailymed.e2eb7dad-3ea3-439c-dcbb-d1d61aa49dfc.s.40.e.3"/></relation></relations></interaction></drugInteraction><pair ddi="true" e1="Dailymed.e2eb7dad-3ea3-439c-dcbb-d1d61aa49dfc.s.40.e.0" e2="Dailymed.e2eb7dad-3ea3-439c-dcbb-d1d61aa49dfc.s.40.e.3" trigger="Dailymed.e2eb7dad-3ea3-439c-dcbb-d1d61aa49dfc.s.40.e.1" type="Specific_Interaction"/></sentence><sentence biomedicalEntities="3" id="Dailymed.e2eb7dad-3ea3-439c-dcbb-d1d61aa49dfc.s.42" lineNumber="35" text="Lithium renal clearance is reduced by chlorthalidone, increasing the risk of lithium toxicity." type="regular"><entity charOffset="8:34" id="Dailymed.e2eb7dad-3ea3-439c-dcbb-d1d61aa49dfc.s.42.e.0" text="renal clearance is reduced" type="Increase_Interaction"/><entity charOffset="0:7" id="Dailymed.e2eb7dad-3ea3-439c-dcbb-d1d61aa49dfc.s.42.e.2" text="Lithium" type="Drug"><Normalization><mmtx cui="C0023870" phraseText="Lithium renal clearance" preferredWord="Lithium" semType="phsu, elii"/><RxNorm RxCui="1428998"/></Normalization></entity><entity charOffset="38:52" id="Dailymed.e2eb7dad-3ea3-439c-dcbb-d1d61aa49dfc.s.42.e.3" text="chlorthalidone" type="Drug"><Normalization><mmtx cui="C0008294" phraseText="reduced by chlorthalidone," preferredWord="Chlorthalidone" semType="phsu, orch"/><RxNorm RxCui="2409"/></Normalization></entity><entity charOffset="85:93" id="Dailymed.e2eb7dad-3ea3-439c-dcbb-d1d61aa49dfc.s.42.e.4" text="toxicity" type="Increase_Interaction"/><entity charOffset="77:84" id="Dailymed.e2eb7dad-3ea3-439c-dcbb-d1d61aa49dfc.s.42.e.6" text="lithium" type="Drug"><Normalization><mmtx cui="C0023870" phraseText="the risk of lithium toxicity." preferredWord="Lithium" semType="phsu, elii"/><RxNorm RxCui="1428998"/></Normalization></entity><drugInteraction id="Dailymed.e2eb7dad-3ea3-439c-dcbb-d1d61aa49dfc.s.42.ddi.1"><interaction trigger="Dailymed.e2eb7dad-3ea3-439c-dcbb-d1d61aa49dfc.s.42.e.0"><relations><relation type="hasPrecipitant"><entity id="Dailymed.e2eb7dad-3ea3-439c-dcbb-d1d61aa49dfc.s.42.e.3"/></relation><relation type="hasObject"><entity id="Dailymed.e2eb7dad-3ea3-439c-dcbb-d1d61aa49dfc.s.42.e.2"/></relation></relations></interaction></drugInteraction><drugInteraction id="Dailymed.e2eb7dad-3ea3-439c-dcbb-d1d61aa49dfc.s.42.ddi.2"><interaction trigger="Dailymed.e2eb7dad-3ea3-439c-dcbb-d1d61aa49dfc.s.42.e.4"><relations><relation type="hasObject"><entity id="Dailymed.e2eb7dad-3ea3-439c-dcbb-d1d61aa49dfc.s.42.e.6"/></relation><relation type="hasPrecipitant"><entity id="Dailymed.e2eb7dad-3ea3-439c-dcbb-d1d61aa49dfc.s.42.e.3"/></relation></relations></interaction></drugInteraction><pair ddi="true" e1="Dailymed.e2eb7dad-3ea3-439c-dcbb-d1d61aa49dfc.s.42.e.2" e2="Dailymed.e2eb7dad-3ea3-439c-dcbb-d1d61aa49dfc.s.42.e.3" trigger="Dailymed.e2eb7dad-3ea3-439c-dcbb-d1d61aa49dfc.s.42.e.0" type="Increase_Interaction"/><pair ddi="true" e1="Dailymed.e2eb7dad-3ea3-439c-dcbb-d1d61aa49dfc.s.42.e.3" e2="Dailymed.e2eb7dad-3ea3-439c-dcbb-d1d61aa49dfc.s.42.e.6" trigger="Dailymed.e2eb7dad-3ea3-439c-dcbb-d1d61aa49dfc.s.42.e.4" type="Increase_Interaction"/></sentence><positiveExamples number="6"/><negativeExamples number="28"/></document>