<?xml version="1.0" encoding="UTF-8" standalone="no"?><document setID="e6328460-a57b-450b-a48c-6dcd4b476360"><labelDrug name="Renvela"><Normalization/></labelDrug><generic name="SEVELAMER CARBONATE"/><sentence id="Dailymed.e6328460-a57b-450b-a48c-6dcd4b476360.s.1" text="Drug Label for drug brand Renvela, containing SEVELAMER CARBONATE." type="negative"><entity charOffset="46:65" id="Dailymed.e6328460-a57b-450b-a48c-6dcd4b476360.s.1.e.0" text="sevelamer carbonate" type="Biomedical_Entity"><Normalization><mmtx cui="C1721288" phraseText="SEVELAMER CARBONATE." preferredWord="sevelamer carbonate" semType="phsu, orch"/><RxNorm RxCui="214824"/></Normalization></entity><entity charOffset="26:33" id="Dailymed.e6328460-a57b-450b-a48c-6dcd4b476360.s.1.e.1" text="renvela" type="Biomedical_Entity"><Normalization><mmtx cui="C1968327" phraseText="Drug Label for drug brand Renvela," preferredWord="Renvela" semType="phsu, orch"/><RxNorm RxCui="749207"/></Normalization></entity><entity charOffset="0:19" id="Dailymed.e6328460-a57b-450b-a48c-6dcd4b476360.s.1.e.2" text="drug drug" type="Biomedical_Entity"><Normalization><mmtx cui="C0013231" phraseText="Drug Label for drug brand Renvela," preferredWord="Drugs, Non-Prescription" semType="phsu"/><RxNorm RxCui="NA"/></Normalization></entity><pair ddi="false" e1="Dailymed.e6328460-a57b-450b-a48c-6dcd4b476360.s.1.e.1" e2="Dailymed.e6328460-a57b-450b-a48c-6dcd4b476360.s.1.e.0"/><pair ddi="false" e1="Dailymed.e6328460-a57b-450b-a48c-6dcd4b476360.s.1.e.2" e2="Dailymed.e6328460-a57b-450b-a48c-6dcd4b476360.s.1.e.0"/><pair ddi="false" e1="Dailymed.e6328460-a57b-450b-a48c-6dcd4b476360.s.1.e.2" e2="Dailymed.e6328460-a57b-450b-a48c-6dcd4b476360.s.1.e.1"/></sentence><sentence id="Dailymed.e6328460-a57b-450b-a48c-6dcd4b476360.s.16" text="5.3 Monitor for Reduced Vitamins D, E, K (clotting factors) and Folic Acid Levels" type="negative"><entity charOffset="42:58" id="Dailymed.e6328460-a57b-450b-a48c-6dcd4b476360.s.16.e.0" text="clotting factors" type="Biomedical_Entity"><Normalization><mmtx cui="C0005789" phraseText="K (clotting factors" preferredWord="Blood Coagulation Factor" semType="bacs, phsu, aapp"/><RxNorm RxCui="125175"/></Normalization></entity><entity charOffset="64:74" id="Dailymed.e6328460-a57b-450b-a48c-6dcd4b476360.s.16.e.1" text="folic acid" type="Biomedical_Entity"><Normalization><mmtx cui="C0016410" phraseText="Folic Acid Levels" preferredWord="Folic Acid" semType="phsu, orch, vita"/><RxNorm RxCui="4511"/></Normalization></entity><entity charOffset="2:34" id="Dailymed.e6328460-a57b-450b-a48c-6dcd4b476360.s.16.e.2" text="3 vitamins d" type="Biomedical_Entity"><Normalization><mmtx cui="C0008318" phraseText="5.3 Monitor for Reduced Vitamins D," preferredWord="Cholecalciferol" semType="strd, phsu, vita"/><RxNorm RxCui="NA"/></Normalization></entity><entity charOffset="39:40" id="Dailymed.e6328460-a57b-450b-a48c-6dcd4b476360.s.16.e.3" text="k" type="Biomedical_Entity"><Normalization><mmtx cui="C0597277" phraseText="K (clotting factors" preferredWord="Potassium Ion" semType="phsu, elii"/><RxNorm RxCui="405158"/></Normalization></entity><pair ddi="false" e1="Dailymed.e6328460-a57b-450b-a48c-6dcd4b476360.s.16.e.0" e2="Dailymed.e6328460-a57b-450b-a48c-6dcd4b476360.s.16.e.1"/><pair ddi="false" e1="Dailymed.e6328460-a57b-450b-a48c-6dcd4b476360.s.16.e.2" e2="Dailymed.e6328460-a57b-450b-a48c-6dcd4b476360.s.16.e.0"/><pair ddi="false" e1="Dailymed.e6328460-a57b-450b-a48c-6dcd4b476360.s.16.e.3" e2="Dailymed.e6328460-a57b-450b-a48c-6dcd4b476360.s.16.e.0"/><pair ddi="false" e1="Dailymed.e6328460-a57b-450b-a48c-6dcd4b476360.s.16.e.2" e2="Dailymed.e6328460-a57b-450b-a48c-6dcd4b476360.s.16.e.1"/><pair ddi="false" e1="Dailymed.e6328460-a57b-450b-a48c-6dcd4b476360.s.16.e.3" e2="Dailymed.e6328460-a57b-450b-a48c-6dcd4b476360.s.16.e.1"/><pair ddi="false" e1="Dailymed.e6328460-a57b-450b-a48c-6dcd4b476360.s.16.e.2" e2="Dailymed.e6328460-a57b-450b-a48c-6dcd4b476360.s.16.e.3"/></sentence><sentence id="Dailymed.e6328460-a57b-450b-a48c-6dcd4b476360.s.17" text="In preclinical studies in rats and dogs, sevelamer hydrochloride, which contains the same active moiety as sevelamer carbonate, reduced vitamins D, E, and K (coagulation parameters) and folic acid levels at doses of 6 10 times the recommended human dose. " type="negative"><entity charOffset="186:196" id="Dailymed.e6328460-a57b-450b-a48c-6dcd4b476360.s.17.e.0" text="folic acid" type="Biomedical_Entity"><Normalization><mmtx cui="C0016410" phraseText="folic acid levels at doses of 6 10 times" preferredWord="Folic Acid" semType="phsu, orch, vita"/><RxNorm RxCui="4511"/></Normalization></entity><entity charOffset="41:64" id="Dailymed.e6328460-a57b-450b-a48c-6dcd4b476360.s.17.e.1" text="sevelamer hydrochloride" type="Biomedical_Entity"><Normalization><mmtx cui="C0772463" phraseText="sevelamer hydrochloride," preferredWord="Sevelamer hydrochloride" semType="phsu, orch"/><RxNorm RxCui="214824"/></Normalization></entity><entity charOffset="107:126" id="Dailymed.e6328460-a57b-450b-a48c-6dcd4b476360.s.17.e.2" text="sevelamer carbonate" type="Biomedical_Entity"><Normalization><mmtx cui="C1721288" phraseText="the same active moiety as sevelamer carbonate," preferredWord="sevelamer carbonate" semType="phsu, orch"/><RxNorm RxCui="214824"/></Normalization></entity><entity charOffset="155:156" id="Dailymed.e6328460-a57b-450b-a48c-6dcd4b476360.s.17.e.3" text="k" type="Biomedical_Entity"><Normalization><mmtx cui="C0597277" phraseText="K (coagulation parameters" preferredWord="Potassium Ion" semType="phsu, elii"/><RxNorm RxCui="405158"/></Normalization></entity><entity charOffset="136:146" id="Dailymed.e6328460-a57b-450b-a48c-6dcd4b476360.s.17.e.4" text="vitamins d" type="Biomedical_Entity"><Normalization><mmtx cui="C0310589" phraseText="reduced vitamins D," preferredWord="Vitamin A / Vitamin D" semType="phsu, orch, vita"/><RxNorm RxCui="604318"/></Normalization></entity><pair ddi="false" e1="Dailymed.e6328460-a57b-450b-a48c-6dcd4b476360.s.17.e.1" e2="Dailymed.e6328460-a57b-450b-a48c-6dcd4b476360.s.17.e.0"/><pair ddi="false" e1="Dailymed.e6328460-a57b-450b-a48c-6dcd4b476360.s.17.e.2" e2="Dailymed.e6328460-a57b-450b-a48c-6dcd4b476360.s.17.e.0"/><pair ddi="false" e1="Dailymed.e6328460-a57b-450b-a48c-6dcd4b476360.s.17.e.3" e2="Dailymed.e6328460-a57b-450b-a48c-6dcd4b476360.s.17.e.0"/><pair ddi="false" e1="Dailymed.e6328460-a57b-450b-a48c-6dcd4b476360.s.17.e.4" e2="Dailymed.e6328460-a57b-450b-a48c-6dcd4b476360.s.17.e.0"/><pair ddi="false" e1="Dailymed.e6328460-a57b-450b-a48c-6dcd4b476360.s.17.e.1" e2="Dailymed.e6328460-a57b-450b-a48c-6dcd4b476360.s.17.e.2"/><pair ddi="false" e1="Dailymed.e6328460-a57b-450b-a48c-6dcd4b476360.s.17.e.1" e2="Dailymed.e6328460-a57b-450b-a48c-6dcd4b476360.s.17.e.3"/><pair ddi="false" e1="Dailymed.e6328460-a57b-450b-a48c-6dcd4b476360.s.17.e.1" e2="Dailymed.e6328460-a57b-450b-a48c-6dcd4b476360.s.17.e.4"/><pair ddi="false" e1="Dailymed.e6328460-a57b-450b-a48c-6dcd4b476360.s.17.e.2" e2="Dailymed.e6328460-a57b-450b-a48c-6dcd4b476360.s.17.e.3"/><pair ddi="false" e1="Dailymed.e6328460-a57b-450b-a48c-6dcd4b476360.s.17.e.2" e2="Dailymed.e6328460-a57b-450b-a48c-6dcd4b476360.s.17.e.4"/><pair ddi="false" e1="Dailymed.e6328460-a57b-450b-a48c-6dcd4b476360.s.17.e.4" e2="Dailymed.e6328460-a57b-450b-a48c-6dcd4b476360.s.17.e.3"/></sentence><sentence id="Dailymed.e6328460-a57b-450b-a48c-6dcd4b476360.s.19" text="However, in a one-year clinical trial, 25-hydroxyvitamin D (normal range 10 to 55 ng/mL) fell from 39 22 ng/mL to 34 22 ng/mL (p 0.01) with sevelamer hydrochloride treatment. " type="negative"><entity charOffset="89:101" id="Dailymed.e6328460-a57b-450b-a48c-6dcd4b476360.s.19.e.0" text="fell 39" type="Biomedical_Entity"><Normalization><mmtx cui="C0292977" phraseText="fell from 39 22 ng/mL" preferredWord="FALL 39" semType="phsu, aapp"/><RxNorm RxCui="1023319"/></Normalization></entity><entity charOffset="140:163" id="Dailymed.e6328460-a57b-450b-a48c-6dcd4b476360.s.19.e.1" text="sevelamer hydrochloride" type="Biomedical_Entity"><Normalization><mmtx cui="C0772463" phraseText="with sevelamer hydrochloride treatment." preferredWord="Sevelamer hydrochloride" semType="phsu, orch"/><RxNorm RxCui="214824"/></Normalization></entity><pair ddi="false" e1="Dailymed.e6328460-a57b-450b-a48c-6dcd4b476360.s.19.e.0" e2="Dailymed.e6328460-a57b-450b-a48c-6dcd4b476360.s.19.e.1"/></sentence><sentence id="Dailymed.e6328460-a57b-450b-a48c-6dcd4b476360.s.20" text="Most (approximately 75%) patients in sevelamer hydrochloride clinical trials received vitamin supplements, which is typical of patients on dialysis." type="negative"><entity charOffset="37:60" id="Dailymed.e6328460-a57b-450b-a48c-6dcd4b476360.s.20.e.0" text="sevelamer hydrochloride" type="Biomedical_Entity"><Normalization><mmtx cui="C0772463" phraseText="patients in sevelamer hydrochloride clinical trials" preferredWord="Sevelamer hydrochloride" semType="phsu, orch"/><RxNorm RxCui="214824"/></Normalization></entity><entity charOffset="86:105" id="Dailymed.e6328460-a57b-450b-a48c-6dcd4b476360.s.20.e.1" text="vitamin supplements" type="Biomedical_Entity"><Normalization><mmtx cui="C0301532" phraseText="vitamin supplements," preferredWord="Multivitamin preparation" semType="phsu, orch, vita"/><RxNorm RxCui="604318"/></Normalization></entity><pair ddi="false" e1="Dailymed.e6328460-a57b-450b-a48c-6dcd4b476360.s.20.e.0" e2="Dailymed.e6328460-a57b-450b-a48c-6dcd4b476360.s.20.e.1"/></sentence><sentence id="Dailymed.e6328460-a57b-450b-a48c-6dcd4b476360.s.22" text="Sevelamer carbonate has been studied in human drug-drug interaction studies with warfarin and digoxin. " type="negative"><entity charOffset="81:89" id="Dailymed.e6328460-a57b-450b-a48c-6dcd4b476360.s.22.e.0" text="warfarin" type="Biomedical_Entity"><Normalization><mmtx cui="C0043031" phraseText="with warfarin" preferredWord="Warfarin" semType="phsu, orch, hops"/><RxNorm RxCui="11289"/></Normalization></entity><entity charOffset="0:19" id="Dailymed.e6328460-a57b-450b-a48c-6dcd4b476360.s.22.e.1" text="sevelamer carbonate" type="Biomedical_Entity"><Normalization><mmtx cui="C1721288" phraseText="Sevelamer carbonate" preferredWord="sevelamer carbonate" semType="phsu, orch"/><RxNorm RxCui="214824"/></Normalization></entity><entity charOffset="94:101" id="Dailymed.e6328460-a57b-450b-a48c-6dcd4b476360.s.22.e.2" text="digoxin" type="Biomedical_Entity"><Normalization><mmtx cui="C0012265" phraseText="digoxin." preferredWord="Digoxin" semType="strd, phsu, carb"/><RxNorm RxCui="3407"/></Normalization></entity><pair ddi="false" e1="Dailymed.e6328460-a57b-450b-a48c-6dcd4b476360.s.22.e.1" e2="Dailymed.e6328460-a57b-450b-a48c-6dcd4b476360.s.22.e.0"/><pair ddi="false" e1="Dailymed.e6328460-a57b-450b-a48c-6dcd4b476360.s.22.e.0" e2="Dailymed.e6328460-a57b-450b-a48c-6dcd4b476360.s.22.e.2"/><pair ddi="false" e1="Dailymed.e6328460-a57b-450b-a48c-6dcd4b476360.s.22.e.1" e2="Dailymed.e6328460-a57b-450b-a48c-6dcd4b476360.s.22.e.2"/></sentence><sentence id="Dailymed.e6328460-a57b-450b-a48c-6dcd4b476360.s.23" text="Sevelamer hydrochloride, which contains the same active moiety as sevelamer carbonate, has been studied in human drug-drug interaction studies with ciprofloxacin, digoxin, warfarin, enalapril, metoprolol and iron." type="negative"><entity charOffset="182:191" id="Dailymed.e6328460-a57b-450b-a48c-6dcd4b476360.s.23.e.0" text="enalapril" type="Biomedical_Entity"><Normalization><mmtx cui="C0014025" phraseText="enalapril," preferredWord="Enalapril" semType="phsu, aapp"/><RxNorm RxCui="203123"/></Normalization></entity><entity charOffset="0:23" id="Dailymed.e6328460-a57b-450b-a48c-6dcd4b476360.s.23.e.1" text="sevelamer hydrochloride" type="Biomedical_Entity"><Normalization><mmtx cui="C0772463" phraseText="Sevelamer hydrochloride," preferredWord="Sevelamer hydrochloride" semType="phsu, orch"/><RxNorm RxCui="214824"/></Normalization></entity><entity charOffset="148:161" id="Dailymed.e6328460-a57b-450b-a48c-6dcd4b476360.s.23.e.2" text="ciprofloxacin" type="Biomedical_Entity"><Normalization><mmtx cui="C0008809" phraseText="with ciprofloxacin," preferredWord="Ciprofloxacin" semType="phsu, orch"/><RxNorm RxCui="81981"/></Normalization></entity><entity charOffset="193:203" id="Dailymed.e6328460-a57b-450b-a48c-6dcd4b476360.s.23.e.3" text="metoprolol" type="Biomedical_Entity"><Normalization><mmtx cui="C0025859" phraseText="metoprolol" preferredWord="Metoprolol" semType="phsu, orch"/><RxNorm RxCui="6918"/></Normalization></entity><entity charOffset="172:180" id="Dailymed.e6328460-a57b-450b-a48c-6dcd4b476360.s.23.e.4" text="warfarin" type="Biomedical_Entity"><Normalization><mmtx cui="C0043031" phraseText="warfarin," preferredWord="Warfarin" semType="phsu, orch, hops"/><RxNorm RxCui="11289"/></Normalization></entity><entity charOffset="208:212" id="Dailymed.e6328460-a57b-450b-a48c-6dcd4b476360.s.23.e.5" text="iron" type="Biomedical_Entity"><Normalization><mmtx cui="C1166521" phraseText="iron." preferredWord="Ferrum metallicum, Homeopathic preparation" semType="phsu"/><RxNorm RxCui="90176"/></Normalization></entity><entity charOffset="66:85" id="Dailymed.e6328460-a57b-450b-a48c-6dcd4b476360.s.23.e.6" text="sevelamer carbonate" type="Biomedical_Entity"><Normalization><mmtx cui="C1721288" phraseText="the same active moiety as sevelamer carbonate," preferredWord="sevelamer carbonate" semType="phsu, orch"/><RxNorm RxCui="214824"/></Normalization></entity><entity charOffset="163:170" id="Dailymed.e6328460-a57b-450b-a48c-6dcd4b476360.s.23.e.7" text="digoxin" type="Biomedical_Entity"><Normalization><mmtx cui="C0012265" phraseText="digoxin," preferredWord="Digoxin" semType="strd, phsu, carb"/><RxNorm RxCui="3407"/></Normalization></entity><pair ddi="false" e1="Dailymed.e6328460-a57b-450b-a48c-6dcd4b476360.s.23.e.1" e2="Dailymed.e6328460-a57b-450b-a48c-6dcd4b476360.s.23.e.0"/><pair ddi="false" e1="Dailymed.e6328460-a57b-450b-a48c-6dcd4b476360.s.23.e.2" e2="Dailymed.e6328460-a57b-450b-a48c-6dcd4b476360.s.23.e.0"/><pair ddi="false" e1="Dailymed.e6328460-a57b-450b-a48c-6dcd4b476360.s.23.e.0" e2="Dailymed.e6328460-a57b-450b-a48c-6dcd4b476360.s.23.e.3"/><pair ddi="false" e1="Dailymed.e6328460-a57b-450b-a48c-6dcd4b476360.s.23.e.4" e2="Dailymed.e6328460-a57b-450b-a48c-6dcd4b476360.s.23.e.0"/><pair ddi="false" e1="Dailymed.e6328460-a57b-450b-a48c-6dcd4b476360.s.23.e.0" e2="Dailymed.e6328460-a57b-450b-a48c-6dcd4b476360.s.23.e.5"/><pair ddi="false" e1="Dailymed.e6328460-a57b-450b-a48c-6dcd4b476360.s.23.e.6" e2="Dailymed.e6328460-a57b-450b-a48c-6dcd4b476360.s.23.e.0"/><pair ddi="false" e1="Dailymed.e6328460-a57b-450b-a48c-6dcd4b476360.s.23.e.7" e2="Dailymed.e6328460-a57b-450b-a48c-6dcd4b476360.s.23.e.0"/><pair ddi="false" e1="Dailymed.e6328460-a57b-450b-a48c-6dcd4b476360.s.23.e.1" e2="Dailymed.e6328460-a57b-450b-a48c-6dcd4b476360.s.23.e.2"/><pair ddi="false" e1="Dailymed.e6328460-a57b-450b-a48c-6dcd4b476360.s.23.e.1" e2="Dailymed.e6328460-a57b-450b-a48c-6dcd4b476360.s.23.e.3"/><pair ddi="false" e1="Dailymed.e6328460-a57b-450b-a48c-6dcd4b476360.s.23.e.1" e2="Dailymed.e6328460-a57b-450b-a48c-6dcd4b476360.s.23.e.4"/><pair ddi="false" e1="Dailymed.e6328460-a57b-450b-a48c-6dcd4b476360.s.23.e.1" e2="Dailymed.e6328460-a57b-450b-a48c-6dcd4b476360.s.23.e.5"/><pair ddi="false" e1="Dailymed.e6328460-a57b-450b-a48c-6dcd4b476360.s.23.e.1" e2="Dailymed.e6328460-a57b-450b-a48c-6dcd4b476360.s.23.e.6"/><pair ddi="false" e1="Dailymed.e6328460-a57b-450b-a48c-6dcd4b476360.s.23.e.1" e2="Dailymed.e6328460-a57b-450b-a48c-6dcd4b476360.s.23.e.7"/><pair ddi="false" e1="Dailymed.e6328460-a57b-450b-a48c-6dcd4b476360.s.23.e.2" e2="Dailymed.e6328460-a57b-450b-a48c-6dcd4b476360.s.23.e.3"/><pair ddi="false" e1="Dailymed.e6328460-a57b-450b-a48c-6dcd4b476360.s.23.e.2" e2="Dailymed.e6328460-a57b-450b-a48c-6dcd4b476360.s.23.e.4"/><pair ddi="false" e1="Dailymed.e6328460-a57b-450b-a48c-6dcd4b476360.s.23.e.2" e2="Dailymed.e6328460-a57b-450b-a48c-6dcd4b476360.s.23.e.5"/><pair ddi="false" e1="Dailymed.e6328460-a57b-450b-a48c-6dcd4b476360.s.23.e.6" e2="Dailymed.e6328460-a57b-450b-a48c-6dcd4b476360.s.23.e.2"/><pair ddi="false" e1="Dailymed.e6328460-a57b-450b-a48c-6dcd4b476360.s.23.e.2" e2="Dailymed.e6328460-a57b-450b-a48c-6dcd4b476360.s.23.e.7"/><pair ddi="false" e1="Dailymed.e6328460-a57b-450b-a48c-6dcd4b476360.s.23.e.4" e2="Dailymed.e6328460-a57b-450b-a48c-6dcd4b476360.s.23.e.3"/><pair ddi="false" e1="Dailymed.e6328460-a57b-450b-a48c-6dcd4b476360.s.23.e.3" e2="Dailymed.e6328460-a57b-450b-a48c-6dcd4b476360.s.23.e.5"/><pair ddi="false" e1="Dailymed.e6328460-a57b-450b-a48c-6dcd4b476360.s.23.e.6" e2="Dailymed.e6328460-a57b-450b-a48c-6dcd4b476360.s.23.e.3"/><pair ddi="false" e1="Dailymed.e6328460-a57b-450b-a48c-6dcd4b476360.s.23.e.7" e2="Dailymed.e6328460-a57b-450b-a48c-6dcd4b476360.s.23.e.3"/><pair ddi="false" e1="Dailymed.e6328460-a57b-450b-a48c-6dcd4b476360.s.23.e.4" e2="Dailymed.e6328460-a57b-450b-a48c-6dcd4b476360.s.23.e.5"/><pair ddi="false" e1="Dailymed.e6328460-a57b-450b-a48c-6dcd4b476360.s.23.e.6" e2="Dailymed.e6328460-a57b-450b-a48c-6dcd4b476360.s.23.e.4"/><pair ddi="false" e1="Dailymed.e6328460-a57b-450b-a48c-6dcd4b476360.s.23.e.7" e2="Dailymed.e6328460-a57b-450b-a48c-6dcd4b476360.s.23.e.4"/><pair ddi="false" e1="Dailymed.e6328460-a57b-450b-a48c-6dcd4b476360.s.23.e.6" e2="Dailymed.e6328460-a57b-450b-a48c-6dcd4b476360.s.23.e.5"/><pair ddi="false" e1="Dailymed.e6328460-a57b-450b-a48c-6dcd4b476360.s.23.e.7" e2="Dailymed.e6328460-a57b-450b-a48c-6dcd4b476360.s.23.e.5"/><pair ddi="false" e1="Dailymed.e6328460-a57b-450b-a48c-6dcd4b476360.s.23.e.6" e2="Dailymed.e6328460-a57b-450b-a48c-6dcd4b476360.s.23.e.7"/></sentence><sentence biomedicalEntities="2" id="Dailymed.e6328460-a57b-450b-a48c-6dcd4b476360.s.24" lineNumber="43" text="&lt;item&gt;Sevelamer decreases the bioavailability of ciprofloxacin by approximately 50%. " type="regular"><entity charOffset="16:45" id="Dailymed.e6328460-a57b-450b-a48c-6dcd4b476360.s.24.e.0" text="decreases the bioavailability" type="Decrease_Interaction"/><entity charOffset="49:62" id="Dailymed.e6328460-a57b-450b-a48c-6dcd4b476360.s.24.e.2" text="ciprofloxacin" type="Drug"><Normalization><mmtx cui="C0008809" phraseText="the bioavailability of ciprofloxacin" preferredWord="Ciprofloxacin" semType="phsu, orch"/><RxNorm RxCui="81981"/></Normalization></entity><entity charOffset="6:15" id="Dailymed.e6328460-a57b-450b-a48c-6dcd4b476360.s.24.e.3" text="Sevelamer" type="Drug"><Normalization><mmtx cui="C0718050" phraseText="&gt;Sevelamer" preferredWord="sevelamer" semType="phsu, orch"/><RxNorm RxCui="214824"/></Normalization></entity><drugInteraction id="Dailymed.e6328460-a57b-450b-a48c-6dcd4b476360.s.24.ddi.1"><interaction trigger="Dailymed.e6328460-a57b-450b-a48c-6dcd4b476360.s.24.e.0"><relations><relation type="hasPrecipitant"><entity id="Dailymed.e6328460-a57b-450b-a48c-6dcd4b476360.s.24.e.3"/></relation><relation type="hasObject"><entity id="Dailymed.e6328460-a57b-450b-a48c-6dcd4b476360.s.24.e.2"/></relation></relations></interaction></drugInteraction><pair ddi="true" e1="Dailymed.e6328460-a57b-450b-a48c-6dcd4b476360.s.24.e.3" e2="Dailymed.e6328460-a57b-450b-a48c-6dcd4b476360.s.24.e.2" trigger="Dailymed.e6328460-a57b-450b-a48c-6dcd4b476360.s.24.e.0" type="Decrease_Interaction"/></sentence><sentence id="Dailymed.e6328460-a57b-450b-a48c-6dcd4b476360.s.26" text="&lt;item&gt;Sevelamer did not alter the pharmacokinetics of single doses of digoxin, warfarin, enalapril, metoprolol, or iron. " type="negative"><entity charOffset="100:110" id="Dailymed.e6328460-a57b-450b-a48c-6dcd4b476360.s.26.e.0" text="metoprolol" type="Biomedical_Entity"><Normalization><mmtx cui="C0025859" phraseText="metoprolol," preferredWord="Metoprolol" semType="phsu, orch"/><RxNorm RxCui="6918"/></Normalization></entity><entity charOffset="6:15" id="Dailymed.e6328460-a57b-450b-a48c-6dcd4b476360.s.26.e.1" text="sevelamer" type="Biomedical_Entity"><Normalization><mmtx cui="C0718050" phraseText="&gt;Sevelamer" preferredWord="sevelamer" semType="phsu, orch"/><RxNorm RxCui="214824"/></Normalization></entity><entity charOffset="115:119" id="Dailymed.e6328460-a57b-450b-a48c-6dcd4b476360.s.26.e.2" text="iron" type="Biomedical_Entity"><Normalization><mmtx cui="C1166521" phraseText="iron." preferredWord="Ferrum metallicum, Homeopathic preparation" semType="phsu"/><RxNorm RxCui="90176"/></Normalization></entity><entity charOffset="79:87" id="Dailymed.e6328460-a57b-450b-a48c-6dcd4b476360.s.26.e.3" text="warfarin" type="Biomedical_Entity"><Normalization><mmtx cui="C0043031" phraseText="warfarin," preferredWord="Warfarin" semType="phsu, orch, hops"/><RxNorm RxCui="11289"/></Normalization></entity><entity charOffset="89:98" id="Dailymed.e6328460-a57b-450b-a48c-6dcd4b476360.s.26.e.4" text="enalapril" type="Biomedical_Entity"><Normalization><mmtx cui="C0014025" phraseText="enalapril," preferredWord="Enalapril" semType="phsu, aapp"/><RxNorm RxCui="203123"/></Normalization></entity><entity charOffset="70:77" id="Dailymed.e6328460-a57b-450b-a48c-6dcd4b476360.s.26.e.5" text="digoxin" type="Biomedical_Entity"><Normalization><mmtx cui="C0012265" phraseText="the pharmacokinetics of single doses of digoxin," preferredWord="Digoxin" semType="strd, phsu, carb"/><RxNorm RxCui="3407"/></Normalization></entity><pair ddi="false" e1="Dailymed.e6328460-a57b-450b-a48c-6dcd4b476360.s.26.e.1" e2="Dailymed.e6328460-a57b-450b-a48c-6dcd4b476360.s.26.e.0"/><pair ddi="false" e1="Dailymed.e6328460-a57b-450b-a48c-6dcd4b476360.s.26.e.0" e2="Dailymed.e6328460-a57b-450b-a48c-6dcd4b476360.s.26.e.2"/><pair ddi="false" e1="Dailymed.e6328460-a57b-450b-a48c-6dcd4b476360.s.26.e.3" e2="Dailymed.e6328460-a57b-450b-a48c-6dcd4b476360.s.26.e.0"/><pair ddi="false" e1="Dailymed.e6328460-a57b-450b-a48c-6dcd4b476360.s.26.e.4" e2="Dailymed.e6328460-a57b-450b-a48c-6dcd4b476360.s.26.e.0"/><pair ddi="false" e1="Dailymed.e6328460-a57b-450b-a48c-6dcd4b476360.s.26.e.5" e2="Dailymed.e6328460-a57b-450b-a48c-6dcd4b476360.s.26.e.0"/><pair ddi="false" e1="Dailymed.e6328460-a57b-450b-a48c-6dcd4b476360.s.26.e.1" e2="Dailymed.e6328460-a57b-450b-a48c-6dcd4b476360.s.26.e.2"/><pair ddi="false" e1="Dailymed.e6328460-a57b-450b-a48c-6dcd4b476360.s.26.e.1" e2="Dailymed.e6328460-a57b-450b-a48c-6dcd4b476360.s.26.e.3"/><pair ddi="false" e1="Dailymed.e6328460-a57b-450b-a48c-6dcd4b476360.s.26.e.1" e2="Dailymed.e6328460-a57b-450b-a48c-6dcd4b476360.s.26.e.4"/><pair ddi="false" e1="Dailymed.e6328460-a57b-450b-a48c-6dcd4b476360.s.26.e.1" e2="Dailymed.e6328460-a57b-450b-a48c-6dcd4b476360.s.26.e.5"/><pair ddi="false" e1="Dailymed.e6328460-a57b-450b-a48c-6dcd4b476360.s.26.e.3" e2="Dailymed.e6328460-a57b-450b-a48c-6dcd4b476360.s.26.e.2"/><pair ddi="false" e1="Dailymed.e6328460-a57b-450b-a48c-6dcd4b476360.s.26.e.4" e2="Dailymed.e6328460-a57b-450b-a48c-6dcd4b476360.s.26.e.2"/><pair ddi="false" e1="Dailymed.e6328460-a57b-450b-a48c-6dcd4b476360.s.26.e.5" e2="Dailymed.e6328460-a57b-450b-a48c-6dcd4b476360.s.26.e.2"/><pair ddi="false" e1="Dailymed.e6328460-a57b-450b-a48c-6dcd4b476360.s.26.e.3" e2="Dailymed.e6328460-a57b-450b-a48c-6dcd4b476360.s.26.e.4"/><pair ddi="false" e1="Dailymed.e6328460-a57b-450b-a48c-6dcd4b476360.s.26.e.5" e2="Dailymed.e6328460-a57b-450b-a48c-6dcd4b476360.s.26.e.3"/><pair ddi="false" e1="Dailymed.e6328460-a57b-450b-a48c-6dcd4b476360.s.26.e.5" e2="Dailymed.e6328460-a57b-450b-a48c-6dcd4b476360.s.26.e.4"/></sentence><sentence id="Dailymed.e6328460-a57b-450b-a48c-6dcd4b476360.s.28" text="&lt;item&gt;When administering an oral medication where a reduction in the bioavailability of that medication would have a clinically significant effect on its safety or efficacy, administer the drug at least one hour before or three hours after Renvela, and monitor blood levels of the drug. " type="negative"><entity charOffset="261:285" id="Dailymed.e6328460-a57b-450b-a48c-6dcd4b476360.s.28.e.0" text="blood drug" type="Biomedical_Entity"><Normalization><mmtx cui="C0018938" phraseText="monitor blood levels of the drug." preferredWord="Hematologic Agents" semType="phsu"/><RxNorm RxCui="1629"/></Normalization></entity><entity charOffset="240:247" id="Dailymed.e6328460-a57b-450b-a48c-6dcd4b476360.s.28.e.1" text="renvela" type="Biomedical_Entity"><Normalization><mmtx cui="C1968327" phraseText="three hours after Renvela," preferredWord="Renvela" semType="phsu, orch"/><RxNorm RxCui="749207"/></Normalization></entity><pair ddi="false" e1="Dailymed.e6328460-a57b-450b-a48c-6dcd4b476360.s.28.e.1" e2="Dailymed.e6328460-a57b-450b-a48c-6dcd4b476360.s.28.e.0"/></sentence><sentence biomedicalEntities="2" id="Dailymed.e6328460-a57b-450b-a48c-6dcd4b476360.s.31" lineNumber="54" text="In a study of 15 healthy subjects, a co-administered single dose of 2.8 grams of sevelamer hydrochloride decreased the bioavailability of ciprofloxacin by approximately 50%." type="regular"><entity charOffset="81:104" id="Dailymed.e6328460-a57b-450b-a48c-6dcd4b476360.s.31.e.0" text="sevelamer hydrochloride" type="Drug"><Normalization><mmtx cui="C0772463" phraseText="single dose of 2.8 grams of sevelamer hydrochloride" preferredWord="Sevelamer hydrochloride" semType="phsu, orch"/><RxNorm RxCui="214824"/></Normalization></entity><entity charOffset="14:33" id="Dailymed.e6328460-a57b-450b-a48c-6dcd4b476360.s.31.e.1" text="15 healthy subjects" type="SPAN"/><entity charOffset="105:134" id="Dailymed.e6328460-a57b-450b-a48c-6dcd4b476360.s.31.e.2" text="decreased the bioavailability" type="Decrease_Interaction"/><entity charOffset="138:151" id="Dailymed.e6328460-a57b-450b-a48c-6dcd4b476360.s.31.e.4" text="ciprofloxacin" type="Drug"><Normalization><mmtx cui="C0008809" phraseText="the bioavailability of ciprofloxacin" preferredWord="Ciprofloxacin" semType="phsu, orch"/><RxNorm RxCui="81981"/></Normalization></entity><drugInteraction id="Dailymed.e6328460-a57b-450b-a48c-6dcd4b476360.s.31.ddi.1"><interaction trigger="Dailymed.e6328460-a57b-450b-a48c-6dcd4b476360.s.31.e.2"><relations><relation type="hasPrecipitant"><entity id="Dailymed.e6328460-a57b-450b-a48c-6dcd4b476360.s.31.e.0"/></relation><relation type="hasEvidence"><entity id="Dailymed.e6328460-a57b-450b-a48c-6dcd4b476360.s.31.e.1"/></relation><relation type="hasObject"><entity id="Dailymed.e6328460-a57b-450b-a48c-6dcd4b476360.s.31.e.4"/></relation></relations></interaction></drugInteraction><pair ddi="true" e1="Dailymed.e6328460-a57b-450b-a48c-6dcd4b476360.s.31.e.0" e2="Dailymed.e6328460-a57b-450b-a48c-6dcd4b476360.s.31.e.4" evidence="Dailymed.e6328460-a57b-450b-a48c-6dcd4b476360.s.31.e.1" trigger="Dailymed.e6328460-a57b-450b-a48c-6dcd4b476360.s.31.e.2" type="Decrease_Interaction"/></sentence><sentence id="Dailymed.e6328460-a57b-450b-a48c-6dcd4b476360.s.33" text="In 19 healthy subjects receiving 2.4 grams of sevelamer hydrochloride three times a day with meals for 2 days, sevelamer did not alter the pharmacokinetics of a single dose of digoxin." type="negative"><entity charOffset="46:69" id="Dailymed.e6328460-a57b-450b-a48c-6dcd4b476360.s.33.e.0" text="sevelamer hydrochloride" type="Biomedical_Entity"><Normalization><mmtx cui="C0772463" phraseText="2.4 grams of sevelamer hydrochloride three times" preferredWord="Sevelamer hydrochloride" semType="phsu, orch"/><RxNorm RxCui="214824"/></Normalization></entity><entity charOffset="111:120" id="Dailymed.e6328460-a57b-450b-a48c-6dcd4b476360.s.33.e.1" text="sevelamer" type="Biomedical_Entity"><Normalization><mmtx cui="C0718050" phraseText="sevelamer" preferredWord="sevelamer" semType="phsu, orch"/><RxNorm RxCui="214824"/></Normalization></entity><entity charOffset="176:183" id="Dailymed.e6328460-a57b-450b-a48c-6dcd4b476360.s.33.e.2" text="digoxin" type="Biomedical_Entity"><Normalization><mmtx cui="C0012265" phraseText="the pharmacokinetics of a single dose of digoxin." preferredWord="Digoxin" semType="strd, phsu, carb"/><RxNorm RxCui="3407"/></Normalization></entity><pair ddi="false" e1="Dailymed.e6328460-a57b-450b-a48c-6dcd4b476360.s.33.e.0" e2="Dailymed.e6328460-a57b-450b-a48c-6dcd4b476360.s.33.e.1"/><pair ddi="false" e1="Dailymed.e6328460-a57b-450b-a48c-6dcd4b476360.s.33.e.0" e2="Dailymed.e6328460-a57b-450b-a48c-6dcd4b476360.s.33.e.2"/><pair ddi="false" e1="Dailymed.e6328460-a57b-450b-a48c-6dcd4b476360.s.33.e.1" e2="Dailymed.e6328460-a57b-450b-a48c-6dcd4b476360.s.33.e.2"/></sentence><sentence id="Dailymed.e6328460-a57b-450b-a48c-6dcd4b476360.s.34" text="In 18 healthy subjects receiving 9.6 grams of sevelamer carbonate once daily with a meal, sevelamer did not alter the pharmacokinetics of a single dose of digoxin." type="negative"><entity charOffset="90:99" id="Dailymed.e6328460-a57b-450b-a48c-6dcd4b476360.s.34.e.0" text="sevelamer" type="Biomedical_Entity"><Normalization><mmtx cui="C0718050" phraseText="sevelamer" preferredWord="sevelamer" semType="phsu, orch"/><RxNorm RxCui="214824"/></Normalization></entity><entity charOffset="46:65" id="Dailymed.e6328460-a57b-450b-a48c-6dcd4b476360.s.34.e.1" text="sevelamer carbonate" type="Biomedical_Entity"><Normalization><mmtx cui="C1721288" phraseText="9.6 grams of sevelamer carbonate" preferredWord="sevelamer carbonate" semType="phsu, orch"/><RxNorm RxCui="214824"/></Normalization></entity><entity charOffset="155:162" id="Dailymed.e6328460-a57b-450b-a48c-6dcd4b476360.s.34.e.2" text="digoxin" type="Biomedical_Entity"><Normalization><mmtx cui="C0012265" phraseText="the pharmacokinetics of a single dose of digoxin." preferredWord="Digoxin" semType="strd, phsu, carb"/><RxNorm RxCui="3407"/></Normalization></entity><pair ddi="false" e1="Dailymed.e6328460-a57b-450b-a48c-6dcd4b476360.s.34.e.1" e2="Dailymed.e6328460-a57b-450b-a48c-6dcd4b476360.s.34.e.0"/><pair ddi="false" e1="Dailymed.e6328460-a57b-450b-a48c-6dcd4b476360.s.34.e.0" e2="Dailymed.e6328460-a57b-450b-a48c-6dcd4b476360.s.34.e.2"/><pair ddi="false" e1="Dailymed.e6328460-a57b-450b-a48c-6dcd4b476360.s.34.e.1" e2="Dailymed.e6328460-a57b-450b-a48c-6dcd4b476360.s.34.e.2"/></sentence><sentence id="Dailymed.e6328460-a57b-450b-a48c-6dcd4b476360.s.36" text="In 14 healthy subjects receiving 2.4 g of sevelamer hydrochloride three times a day with meals for two days sevelamer did not alter the pharmacokinetics of a single dose of warfarin." type="negative"><entity charOffset="108:117" id="Dailymed.e6328460-a57b-450b-a48c-6dcd4b476360.s.36.e.0" text="sevelamer" type="Biomedical_Entity"><Normalization><mmtx cui="C0718050" phraseText="for two days sevelamer" preferredWord="sevelamer" semType="phsu, orch"/><RxNorm RxCui="214824"/></Normalization></entity><entity charOffset="173:181" id="Dailymed.e6328460-a57b-450b-a48c-6dcd4b476360.s.36.e.1" text="warfarin" type="Biomedical_Entity"><Normalization><mmtx cui="C0043031" phraseText="the pharmacokinetics of a single dose of warfarin." preferredWord="Warfarin" semType="phsu, orch, hops"/><RxNorm RxCui="11289"/></Normalization></entity><entity charOffset="42:65" id="Dailymed.e6328460-a57b-450b-a48c-6dcd4b476360.s.36.e.2" text="sevelamer hydrochloride" type="Biomedical_Entity"><Normalization><mmtx cui="C0772463" phraseText="2.4 g of sevelamer hydrochloride three times" preferredWord="Sevelamer hydrochloride" semType="phsu, orch"/><RxNorm RxCui="214824"/></Normalization></entity><pair ddi="false" e1="Dailymed.e6328460-a57b-450b-a48c-6dcd4b476360.s.36.e.0" e2="Dailymed.e6328460-a57b-450b-a48c-6dcd4b476360.s.36.e.1"/><pair ddi="false" e1="Dailymed.e6328460-a57b-450b-a48c-6dcd4b476360.s.36.e.2" e2="Dailymed.e6328460-a57b-450b-a48c-6dcd4b476360.s.36.e.0"/><pair ddi="false" e1="Dailymed.e6328460-a57b-450b-a48c-6dcd4b476360.s.36.e.2" e2="Dailymed.e6328460-a57b-450b-a48c-6dcd4b476360.s.36.e.1"/></sentence><sentence id="Dailymed.e6328460-a57b-450b-a48c-6dcd4b476360.s.37" text="In 14 healthy subjects receiving 9.6 grams of sevelamer carbonate once daily with a meal, sevelamer did not alter the pharmacokinetics of a single dose of warfarin." type="negative"><entity charOffset="155:163" id="Dailymed.e6328460-a57b-450b-a48c-6dcd4b476360.s.37.e.0" text="warfarin" type="Biomedical_Entity"><Normalization><mmtx cui="C0043031" phraseText="the pharmacokinetics of a single dose of warfarin." preferredWord="Warfarin" semType="phsu, orch, hops"/><RxNorm RxCui="11289"/></Normalization></entity><entity charOffset="46:65" id="Dailymed.e6328460-a57b-450b-a48c-6dcd4b476360.s.37.e.1" text="sevelamer carbonate" type="Biomedical_Entity"><Normalization><mmtx cui="C1721288" phraseText="9.6 grams of sevelamer carbonate" preferredWord="sevelamer carbonate" semType="phsu, orch"/><RxNorm RxCui="214824"/></Normalization></entity><entity charOffset="90:99" id="Dailymed.e6328460-a57b-450b-a48c-6dcd4b476360.s.37.e.2" text="sevelamer" type="Biomedical_Entity"><Normalization><mmtx cui="C0718050" phraseText="sevelamer" preferredWord="sevelamer" semType="phsu, orch"/><RxNorm RxCui="214824"/></Normalization></entity><pair ddi="false" e1="Dailymed.e6328460-a57b-450b-a48c-6dcd4b476360.s.37.e.1" e2="Dailymed.e6328460-a57b-450b-a48c-6dcd4b476360.s.37.e.0"/><pair ddi="false" e1="Dailymed.e6328460-a57b-450b-a48c-6dcd4b476360.s.37.e.2" e2="Dailymed.e6328460-a57b-450b-a48c-6dcd4b476360.s.37.e.0"/><pair ddi="false" e1="Dailymed.e6328460-a57b-450b-a48c-6dcd4b476360.s.37.e.1" e2="Dailymed.e6328460-a57b-450b-a48c-6dcd4b476360.s.37.e.2"/></sentence><sentence id="Dailymed.e6328460-a57b-450b-a48c-6dcd4b476360.s.39" text="In 28 healthy subjects a single 2.4 gram dose of sevelamer hydrochloride did not alter the pharmacokinetics of a single dose of enalapril." type="negative"><entity charOffset="49:72" id="Dailymed.e6328460-a57b-450b-a48c-6dcd4b476360.s.39.e.0" text="sevelamer hydrochloride" type="Biomedical_Entity"><Normalization><mmtx cui="C0772463" phraseText="a single 2.4 gram dose of sevelamer hydrochloride" preferredWord="Sevelamer hydrochloride" semType="phsu, orch"/><RxNorm RxCui="214824"/></Normalization></entity><entity charOffset="128:137" id="Dailymed.e6328460-a57b-450b-a48c-6dcd4b476360.s.39.e.1" text="enalapril" type="Biomedical_Entity"><Normalization><mmtx cui="C0014025" phraseText="the pharmacokinetics of a single dose of enalapril." preferredWord="Enalapril" semType="phsu, aapp"/><RxNorm RxCui="203123"/></Normalization></entity><pair ddi="false" e1="Dailymed.e6328460-a57b-450b-a48c-6dcd4b476360.s.39.e.0" e2="Dailymed.e6328460-a57b-450b-a48c-6dcd4b476360.s.39.e.1"/></sentence><sentence id="Dailymed.e6328460-a57b-450b-a48c-6dcd4b476360.s.41" text="In 31 healthy subjects a single 2.4 gram dose of sevelamer hydrochloride did not alter the pharmacokinetics of a single dose of metoprolol." type="negative"><entity charOffset="128:138" id="Dailymed.e6328460-a57b-450b-a48c-6dcd4b476360.s.41.e.0" text="metoprolol" type="Biomedical_Entity"><Normalization><mmtx cui="C0025859" phraseText="the pharmacokinetics of a single dose of metoprolol." preferredWord="Metoprolol" semType="phsu, orch"/><RxNorm RxCui="6918"/></Normalization></entity><entity charOffset="49:72" id="Dailymed.e6328460-a57b-450b-a48c-6dcd4b476360.s.41.e.1" text="sevelamer hydrochloride" type="Biomedical_Entity"><Normalization><mmtx cui="C0772463" phraseText="a single 2.4 gram dose of sevelamer hydrochloride" preferredWord="Sevelamer hydrochloride" semType="phsu, orch"/><RxNorm RxCui="214824"/></Normalization></entity><pair ddi="false" e1="Dailymed.e6328460-a57b-450b-a48c-6dcd4b476360.s.41.e.1" e2="Dailymed.e6328460-a57b-450b-a48c-6dcd4b476360.s.41.e.0"/></sentence><sentence id="Dailymed.e6328460-a57b-450b-a48c-6dcd4b476360.s.43" text="In 23 healthy subjects, a single 2.8 gram dose of sevelamer hydrochloride did not alter the absorption of a single oral dose of iron as 200 mg exsiccated ferrous sulfate tablet." type="negative"><entity charOffset="128:132" id="Dailymed.e6328460-a57b-450b-a48c-6dcd4b476360.s.43.e.0" text="iron" type="Biomedical_Entity"><Normalization><mmtx cui="C1166521" phraseText="the absorption of a single oral dose of iron" preferredWord="Ferrum metallicum, Homeopathic preparation" semType="phsu"/><RxNorm RxCui="90176"/></Normalization></entity><entity charOffset="154:169" id="Dailymed.e6328460-a57b-450b-a48c-6dcd4b476360.s.43.e.1" text="ferrous sulfate" type="Biomedical_Entity"><Normalization><mmtx cui="C0060282" phraseText="ferrous sulfate tablet." preferredWord="ferrous sulfate" semType="inch, phsu"/><RxNorm RxCui="136034"/></Normalization></entity><entity charOffset="50:73" id="Dailymed.e6328460-a57b-450b-a48c-6dcd4b476360.s.43.e.2" text="sevelamer hydrochloride" type="Biomedical_Entity"><Normalization><mmtx cui="C0772463" phraseText="a single 2.8 gram dose of sevelamer hydrochloride" preferredWord="Sevelamer hydrochloride" semType="phsu, orch"/><RxNorm RxCui="214824"/></Normalization></entity><pair ddi="false" e1="Dailymed.e6328460-a57b-450b-a48c-6dcd4b476360.s.43.e.0" e2="Dailymed.e6328460-a57b-450b-a48c-6dcd4b476360.s.43.e.1"/><pair ddi="false" e1="Dailymed.e6328460-a57b-450b-a48c-6dcd4b476360.s.43.e.2" e2="Dailymed.e6328460-a57b-450b-a48c-6dcd4b476360.s.43.e.0"/><pair ddi="false" e1="Dailymed.e6328460-a57b-450b-a48c-6dcd4b476360.s.43.e.2" e2="Dailymed.e6328460-a57b-450b-a48c-6dcd4b476360.s.43.e.1"/></sentence><sentence id="Dailymed.e6328460-a57b-450b-a48c-6dcd4b476360.s.45" text="There are no empirical data on avoiding drug interactions between Renvela and most concomitant drugs. " type="negative"><entity charOffset="66:73" id="Dailymed.e6328460-a57b-450b-a48c-6dcd4b476360.s.45.e.0" text="renvela" type="Biomedical_Entity"><Normalization><mmtx cui="C1968327" phraseText="between Renvela" preferredWord="Renvela" semType="phsu, orch"/><RxNorm RxCui="749207"/></Normalization></entity><entity charOffset="10:27" id="Dailymed.e6328460-a57b-450b-a48c-6dcd4b476360.s.45.e.1" text="no data" type="Biomedical_Entity"><Normalization><mmtx cui="C1572381" phraseText="no empirical data on avoiding drug interactions" preferredWord="No Data re: Ingredient" semType="phsu"/><RxNorm RxCui="53704"/></Normalization></entity><pair ddi="false" e1="Dailymed.e6328460-a57b-450b-a48c-6dcd4b476360.s.45.e.1" e2="Dailymed.e6328460-a57b-450b-a48c-6dcd4b476360.s.45.e.0"/></sentence><sentence biomedicalEntities="2" id="Dailymed.e6328460-a57b-450b-a48c-6dcd4b476360.s.46" lineNumber="80" text="During postmarketing experience, very rare cases of increased thyroid stimulating hormone (TSH) levels have been reported in patients co-administered sevelamer hydrochloride and levothyroxine. " type="regular"><entity charOffset="150:173" id="Dailymed.e6328460-a57b-450b-a48c-6dcd4b476360.s.46.e.0" text="sevelamer hydrochloride" type="Drug"><Normalization><mmtx cui="C0772463" phraseText="sevelamer hydrochloride" preferredWord="Sevelamer hydrochloride" semType="phsu, orch"/><RxNorm RxCui="214824"/></Normalization></entity><entity charOffset="178:191" id="Dailymed.e6328460-a57b-450b-a48c-6dcd4b476360.s.46.e.1" text="levothyroxine" type="Drug"><Normalization><mmtx cui="C0040165" phraseText="levothyroxine." preferredWord="Thyroxine" semType="phsu, aapp, horm"/><mmtx cui="C1881373" phraseText="levothyroxine." preferredWord="Synthetic Levothyroxine" semType="phsu, orch"/><RxNorm RxCui="10582"/></Normalization></entity><entity charOffset="33:48" id="Dailymed.e6328460-a57b-450b-a48c-6dcd4b476360.s.46.e.2" text="very rare cases" type="SPAN"/><entity charOffset="52:102" id="Dailymed.e6328460-a57b-450b-a48c-6dcd4b476360.s.46.e.3" text="increased thyroid stimulating hormone (TSH) levels" type="Specific_Interaction"/><drugInteraction id="Dailymed.e6328460-a57b-450b-a48c-6dcd4b476360.s.46.ddi.1"><interaction trigger="Dailymed.e6328460-a57b-450b-a48c-6dcd4b476360.s.46.e.3"><relations><relation type="hasPrecipitant"><entity id="Dailymed.e6328460-a57b-450b-a48c-6dcd4b476360.s.46.e.1"/></relation><relation type="hasEvidence"><entity id="Dailymed.e6328460-a57b-450b-a48c-6dcd4b476360.s.46.e.2"/></relation><relation type="hasObject"><entity id="Dailymed.e6328460-a57b-450b-a48c-6dcd4b476360.s.46.e.0"/></relation></relations></interaction></drugInteraction><pair ddi="true" e1="Dailymed.e6328460-a57b-450b-a48c-6dcd4b476360.s.46.e.0" e2="Dailymed.e6328460-a57b-450b-a48c-6dcd4b476360.s.46.e.1" evidence="Dailymed.e6328460-a57b-450b-a48c-6dcd4b476360.s.46.e.2" trigger="Dailymed.e6328460-a57b-450b-a48c-6dcd4b476360.s.46.e.3" type="Specific_Interaction"/></sentence><sentence biomedicalEntities="0" id="Dailymed.e6328460-a57b-450b-a48c-6dcd4b476360.s.47" lineNumber="80" text="Monitor TSH levels and signs of hypothyroidism in patients receiving both medications." type="irregular"><entity charOffset="32:46" id="Dailymed.e6328460-a57b-450b-a48c-6dcd4b476360.s.47.e.0" text="hypothyroidism" type="Specific_Interaction"><Normalization><mmtx cui="C0020676" phraseText="signs of hypothyroidism" preferredWord="Hypothyroidism" semType="dsyn"/></Normalization></entity><drugInteraction id="Dailymed.e6328460-a57b-450b-a48c-6dcd4b476360.s.47.ddi.1"><interaction trigger="Dailymed.e6328460-a57b-450b-a48c-6dcd4b476360.s.47.e.0"><relations><relation type="hasPrecipitant"><ellipsisSentence id="Dailymed.e6328460-a57b-450b-a48c-6dcd4b476360.s.46" text="During postmarketing experience, very rare cases of increased thyroid stimulating hormone (TSH) levels have been reported in patients co-administered sevelamer hydrochloride and levothyroxine. "><entity id="Dailymed.e6328460-a57b-450b-a48c-6dcd4b476360.s.46.e.1"/></ellipsisSentence></relation><relation type="hasObject"><ellipsisSentence id="Dailymed.e6328460-a57b-450b-a48c-6dcd4b476360.s.46" text="During postmarketing experience, very rare cases of increased thyroid stimulating hormone (TSH) levels have been reported in patients co-administered sevelamer hydrochloride and levothyroxine. "><entity id="Dailymed.e6328460-a57b-450b-a48c-6dcd4b476360.s.46.e.0"/></ellipsisSentence></relation></relations></interaction></drugInteraction></sentence><sentence id="Dailymed.e6328460-a57b-450b-a48c-6dcd4b476360.s.49" text="One may, however, administer the drug one hour before or three hours after Renvela, and monitor blood levels of the drug. " type="negative"><entity charOffset="75:82" id="Dailymed.e6328460-a57b-450b-a48c-6dcd4b476360.s.49.e.0" text="renvela" type="Biomedical_Entity"><Normalization><mmtx cui="C1968327" phraseText="three hours after Renvela," preferredWord="Renvela" semType="phsu, orch"/><RxNorm RxCui="749207"/></Normalization></entity><entity charOffset="96:120" id="Dailymed.e6328460-a57b-450b-a48c-6dcd4b476360.s.49.e.1" text="blood drug" type="Biomedical_Entity"><Normalization><mmtx cui="C0018938" phraseText="monitor blood levels of the drug." preferredWord="Hematologic Agents" semType="phsu"/><RxNorm RxCui="1629"/></Normalization></entity><pair ddi="false" e1="Dailymed.e6328460-a57b-450b-a48c-6dcd4b476360.s.49.e.0" e2="Dailymed.e6328460-a57b-450b-a48c-6dcd4b476360.s.49.e.1"/></sentence><sentence id="Dailymed.e6328460-a57b-450b-a48c-6dcd4b476360.s.50" text="Patients taking anti-arrhythmic medications for the control of arrhythmias and anti-seizure medications for the control of seizure disorders were excluded from the clinical trials." type="negative"><entity charOffset="16:31" id="Dailymed.e6328460-a57b-450b-a48c-6dcd4b476360.s.50.e.0" text="anti-arrhythmic" type="Biomedical_Entity"><Normalization><mmtx cui="C3537142" phraseText="anti-arrhythmic medications for the control of arrhythmias" preferredWord="Antiarrhythmic [EPC]" semType="phsu"/><RxNorm RxCui="1436910"/></Normalization></entity><entity charOffset="84:103" id="Dailymed.e6328460-a57b-450b-a48c-6dcd4b476360.s.50.e.1" text="seizure medications" type="Biomedical_Entity"><Normalization><mmtx cui="C0748603" phraseText="anti-seizure medications for the control of seizure disorders" preferredWord="seizure medication" semType="phsu"/><RxNorm RxCui="1023130"/></Normalization></entity><pair ddi="false" e1="Dailymed.e6328460-a57b-450b-a48c-6dcd4b476360.s.50.e.0" e2="Dailymed.e6328460-a57b-450b-a48c-6dcd4b476360.s.50.e.1"/></sentence><positiveExamples number="3"/><negativeExamples number="88"/></document>