<?xml version="1.0" encoding="UTF-8" standalone="no"?><document setID="eefc47bc-c10f-49bb-8ef7-5999f798ab39"><labelDrug name="Cardura"><Normalization><mmtx cui="C0678136" preferredWord="Cardura" semType="phsu, orch"/></Normalization></labelDrug><generic name="doxazosin mesylate"/><sentence id="Dailymed.eefc47bc-c10f-49bb-8ef7-5999f798ab39.s.1" text="Drug Label for drug brand Cardura, containing doxazosin mesylate." type="negative"><entity charOffset="0:19" id="Dailymed.eefc47bc-c10f-49bb-8ef7-5999f798ab39.s.1.e.0" text="drug drug" type="Biomedical_Entity"><Normalization><mmtx cui="C0013231" phraseText="Drug Label for drug brand Cardura," preferredWord="Drugs, Non-Prescription" semType="phsu"/><RxNorm RxCui="NA"/></Normalization></entity><entity charOffset="46:64" id="Dailymed.eefc47bc-c10f-49bb-8ef7-5999f798ab39.s.1.e.1" text="doxazosin mesylate" type="Biomedical_Entity"><Normalization><mmtx cui="C0077770" phraseText="doxazosin mesylate." preferredWord="Doxazosin Mesylate" semType="phsu, orch"/><RxNorm RxCui="39173"/></Normalization></entity><entity charOffset="26:33" id="Dailymed.eefc47bc-c10f-49bb-8ef7-5999f798ab39.s.1.e.2" text="cardura" type="Biomedical_Entity"><Normalization><mmtx cui="C0678136" phraseText="Drug Label for drug brand Cardura," preferredWord="Cardura" semType="phsu, orch"/><RxNorm RxCui="196468"/></Normalization></entity><pair ddi="false" e1="Dailymed.eefc47bc-c10f-49bb-8ef7-5999f798ab39.s.1.e.0" e2="Dailymed.eefc47bc-c10f-49bb-8ef7-5999f798ab39.s.1.e.1"/><pair ddi="false" e1="Dailymed.eefc47bc-c10f-49bb-8ef7-5999f798ab39.s.1.e.0" e2="Dailymed.eefc47bc-c10f-49bb-8ef7-5999f798ab39.s.1.e.2"/><pair ddi="false" e1="Dailymed.eefc47bc-c10f-49bb-8ef7-5999f798ab39.s.1.e.2" e2="Dailymed.eefc47bc-c10f-49bb-8ef7-5999f798ab39.s.1.e.1"/></sentence><sentence id="Dailymed.eefc47bc-c10f-49bb-8ef7-5999f798ab39.s.3" text="CARDURA is contraindicated in patients with a known sensitivity to quinazolines (e.g., prazosin, terazosin), doxazosin, or any of the inert ingredients." type="negative"><entity charOffset="109:118" id="Dailymed.eefc47bc-c10f-49bb-8ef7-5999f798ab39.s.3.e.0" text="doxazosin" type="Biomedical_Entity"><Normalization><mmtx cui="C0114873" phraseText="doxazosin," preferredWord="Doxazosin" semType="phsu, orch"/><RxNorm RxCui="39173"/></Normalization></entity><entity charOffset="0:7" id="Dailymed.eefc47bc-c10f-49bb-8ef7-5999f798ab39.s.3.e.1" text="cardura" type="Biomedical_Entity"><Normalization><mmtx cui="C0678136" phraseText="CARDURA" preferredWord="Cardura" semType="phsu, orch"/><RxNorm RxCui="196468"/></Normalization></entity><entity charOffset="97:106" id="Dailymed.eefc47bc-c10f-49bb-8ef7-5999f798ab39.s.3.e.2" text="terazosin" type="Biomedical_Entity"><Normalization><mmtx cui="C0076107" phraseText="terazosin" preferredWord="Terazosin" semType="phsu, orch"/><RxNorm RxCui="37798"/></Normalization></entity><entity charOffset="87:95" id="Dailymed.eefc47bc-c10f-49bb-8ef7-5999f798ab39.s.3.e.3" text="prazosin" type="Biomedical_Entity"><Normalization><mmtx cui="C0032912" phraseText="prazosin," preferredWord="Prazosin" semType="phsu, orch"/><RxNorm RxCui="8629"/></Normalization></entity><entity charOffset="134:151" id="Dailymed.eefc47bc-c10f-49bb-8ef7-5999f798ab39.s.3.e.4" text="inert ingredients" type="Biomedical_Entity"><Normalization><mmtx cui="C1968272" phraseText="any of the inert ingredients." preferredWord="Inert Ingredients" semType="phsu"/><RxNorm RxCui="4691"/></Normalization></entity><pair ddi="false" e1="Dailymed.eefc47bc-c10f-49bb-8ef7-5999f798ab39.s.3.e.1" e2="Dailymed.eefc47bc-c10f-49bb-8ef7-5999f798ab39.s.3.e.0"/><pair ddi="false" e1="Dailymed.eefc47bc-c10f-49bb-8ef7-5999f798ab39.s.3.e.2" e2="Dailymed.eefc47bc-c10f-49bb-8ef7-5999f798ab39.s.3.e.0"/><pair ddi="false" e1="Dailymed.eefc47bc-c10f-49bb-8ef7-5999f798ab39.s.3.e.3" e2="Dailymed.eefc47bc-c10f-49bb-8ef7-5999f798ab39.s.3.e.0"/><pair ddi="false" e1="Dailymed.eefc47bc-c10f-49bb-8ef7-5999f798ab39.s.3.e.0" e2="Dailymed.eefc47bc-c10f-49bb-8ef7-5999f798ab39.s.3.e.4"/><pair ddi="false" e1="Dailymed.eefc47bc-c10f-49bb-8ef7-5999f798ab39.s.3.e.1" e2="Dailymed.eefc47bc-c10f-49bb-8ef7-5999f798ab39.s.3.e.2"/><pair ddi="false" e1="Dailymed.eefc47bc-c10f-49bb-8ef7-5999f798ab39.s.3.e.1" e2="Dailymed.eefc47bc-c10f-49bb-8ef7-5999f798ab39.s.3.e.3"/><pair ddi="false" e1="Dailymed.eefc47bc-c10f-49bb-8ef7-5999f798ab39.s.3.e.1" e2="Dailymed.eefc47bc-c10f-49bb-8ef7-5999f798ab39.s.3.e.4"/><pair ddi="false" e1="Dailymed.eefc47bc-c10f-49bb-8ef7-5999f798ab39.s.3.e.3" e2="Dailymed.eefc47bc-c10f-49bb-8ef7-5999f798ab39.s.3.e.2"/><pair ddi="false" e1="Dailymed.eefc47bc-c10f-49bb-8ef7-5999f798ab39.s.3.e.2" e2="Dailymed.eefc47bc-c10f-49bb-8ef7-5999f798ab39.s.3.e.4"/><pair ddi="false" e1="Dailymed.eefc47bc-c10f-49bb-8ef7-5999f798ab39.s.3.e.3" e2="Dailymed.eefc47bc-c10f-49bb-8ef7-5999f798ab39.s.3.e.4"/></sentence><sentence id="Dailymed.eefc47bc-c10f-49bb-8ef7-5999f798ab39.s.6" text="Doxazosin, like other alpha-adrenergic blocking agents, can cause marked hypotension, especially in the upright position, with syncope and other postural symptoms such as dizziness. " type="negative"><entity charOffset="0:9" id="Dailymed.eefc47bc-c10f-49bb-8ef7-5999f798ab39.s.6.e.0" text="doxazosin" type="Biomedical_Entity"><Normalization><mmtx cui="C0114873" phraseText="Doxazosin," preferredWord="Doxazosin" semType="phsu, orch"/><RxNorm RxCui="39173"/></Normalization></entity><entity charOffset="22:54" id="Dailymed.eefc47bc-c10f-49bb-8ef7-5999f798ab39.s.6.e.1" text="alpha-adrenergic blocking agents" type="Biomedical_Entity"><Normalization><mmtx cui="C0001641" phraseText="like other alpha-adrenergic blocking agents," preferredWord="Adrenergic alpha-Antagonists" semType="phsu"/><RxNorm RxCui="1023426"/></Normalization></entity><pair ddi="false" e1="Dailymed.eefc47bc-c10f-49bb-8ef7-5999f798ab39.s.6.e.0" e2="Dailymed.eefc47bc-c10f-49bb-8ef7-5999f798ab39.s.6.e.1"/></sentence><sentence biomedicalEntities="1" id="Dailymed.eefc47bc-c10f-49bb-8ef7-5999f798ab39.s.11" lineNumber="15" text="Additional antihypertensive agents should be added with caution." type="irregular"><entity charOffset="56:63" id="Dailymed.eefc47bc-c10f-49bb-8ef7-5999f798ab39.s.11.e.1" text="caution" type="Caution_Interaction"/><entity charOffset="11:34" id="Dailymed.eefc47bc-c10f-49bb-8ef7-5999f798ab39.s.11.e.2" text="antihypertensive agents" type="Drug_Class"><Normalization><mmtx cui="C0003364" phraseText="Additional antihypertensive agents" preferredWord="Antihypertensive Agents" semType="phsu"/><RxNorm RxCui="968"/></Normalization></entity><drugInteraction id="Dailymed.eefc47bc-c10f-49bb-8ef7-5999f798ab39.s.11.ddi.1"><interaction trigger="Dailymed.eefc47bc-c10f-49bb-8ef7-5999f798ab39.s.11.e.1"><relations><relation type="hasPrecipitant"><entity id="Dailymed.eefc47bc-c10f-49bb-8ef7-5999f798ab39.s.11.e.2"/></relation><relation type="hasObject"><labelDrug text="Cardura"/><normalization><mmtx><preferredWord>Cardura</preferredWord><phraseText>Concomitant administration of CARDURA</phraseText><cuiCode>C0678136</cuiCode><semType>phsu</semType><semType>orch</semType></mmtx></normalization></relation></relations></interaction></drugInteraction><pair ddi="true" e1="labelDrug" e2="Dailymed.eefc47bc-c10f-49bb-8ef7-5999f798ab39.s.11.e.2"/></sentence><sentence id="Dailymed.eefc47bc-c10f-49bb-8ef7-5999f798ab39.s.64" text="Both doxazosin, an alpha1 inhibitor, and finasteride, a 5-alpha reductase inhibitor, are highly protein-bound and hepatically metabolized. " type="negative"><entity charOffset="56:83" id="Dailymed.eefc47bc-c10f-49bb-8ef7-5999f798ab39.s.64.e.0" text="5-alpha reductase inhibitor" type="Biomedical_Entity"><Normalization><mmtx cui="C1318898" phraseText="a 5-alpha reductase inhibitor," preferredWord="5-alpha Reductase Inhibitor [EPC]" semType="phsu"/><RxNorm RxCui="10031"/></Normalization></entity><entity charOffset="5:14" id="Dailymed.eefc47bc-c10f-49bb-8ef7-5999f798ab39.s.64.e.1" text="doxazosin" type="Biomedical_Entity"><Normalization><mmtx cui="C0114873" phraseText="Both doxazosin," preferredWord="Doxazosin" semType="phsu, orch"/><RxNorm RxCui="39173"/></Normalization></entity><entity charOffset="41:52" id="Dailymed.eefc47bc-c10f-49bb-8ef7-5999f798ab39.s.64.e.2" text="finasteride" type="Biomedical_Entity"><Normalization><mmtx cui="C0060389" phraseText="finasteride," preferredWord="Finasteride" semType="strd, phsu, horm"/><RxNorm RxCui="25025"/></Normalization></entity><pair ddi="false" e1="Dailymed.eefc47bc-c10f-49bb-8ef7-5999f798ab39.s.64.e.1" e2="Dailymed.eefc47bc-c10f-49bb-8ef7-5999f798ab39.s.64.e.0"/><pair ddi="false" e1="Dailymed.eefc47bc-c10f-49bb-8ef7-5999f798ab39.s.64.e.2" e2="Dailymed.eefc47bc-c10f-49bb-8ef7-5999f798ab39.s.64.e.0"/><pair ddi="false" e1="Dailymed.eefc47bc-c10f-49bb-8ef7-5999f798ab39.s.64.e.1" e2="Dailymed.eefc47bc-c10f-49bb-8ef7-5999f798ab39.s.64.e.2"/></sentence><sentence id="Dailymed.eefc47bc-c10f-49bb-8ef7-5999f798ab39.s.79" text="In vitro data in human plasma indicate that CARDURA has no effect on protein binding of digoxin, warfarin, phenytoin, or indomethacin. " type="negative"><entity charOffset="121:133" id="Dailymed.eefc47bc-c10f-49bb-8ef7-5999f798ab39.s.79.e.0" text="indomethacin" type="Biomedical_Entity"><Normalization><mmtx cui="C0021246" phraseText="indomethacin." preferredWord="Indomethacin" semType="phsu, orch"/><RxNorm RxCui="5781"/></Normalization></entity><entity charOffset="88:95" id="Dailymed.eefc47bc-c10f-49bb-8ef7-5999f798ab39.s.79.e.1" text="digoxin" type="Biomedical_Entity"><Normalization><mmtx cui="C0012265" phraseText="no effect on protein binding of digoxin," preferredWord="Digoxin" semType="strd, phsu, carb"/><RxNorm RxCui="3407"/></Normalization></entity><entity charOffset="44:51" id="Dailymed.eefc47bc-c10f-49bb-8ef7-5999f798ab39.s.79.e.2" text="cardura" type="Biomedical_Entity"><Normalization><mmtx cui="C0678136" phraseText="that CARDURA" preferredWord="Cardura" semType="phsu, orch"/><RxNorm RxCui="196468"/></Normalization></entity><entity charOffset="107:116" id="Dailymed.eefc47bc-c10f-49bb-8ef7-5999f798ab39.s.79.e.3" text="phenytoin" type="Biomedical_Entity"><Normalization><mmtx cui="C0031507" phraseText="phenytoin," preferredWord="Phenytoin" semType="phsu, orch"/><RxNorm RxCui="8183"/></Normalization></entity><entity charOffset="97:105" id="Dailymed.eefc47bc-c10f-49bb-8ef7-5999f798ab39.s.79.e.4" text="warfarin" type="Biomedical_Entity"><Normalization><mmtx cui="C0043031" phraseText="warfarin," preferredWord="Warfarin" semType="phsu, orch, hops"/><RxNorm RxCui="11289"/></Normalization></entity><entity charOffset="17:29" id="Dailymed.eefc47bc-c10f-49bb-8ef7-5999f798ab39.s.79.e.5" text="human plasma" type="Biomedical_Entity"><Normalization><mmtx cui="C0544357" phraseText="In vitro data in human plasma" preferredWord="Human plasma" semType="phsu"/><RxNorm RxCui="831503"/></Normalization></entity><pair ddi="false" e1="Dailymed.eefc47bc-c10f-49bb-8ef7-5999f798ab39.s.79.e.1" e2="Dailymed.eefc47bc-c10f-49bb-8ef7-5999f798ab39.s.79.e.0"/><pair ddi="false" e1="Dailymed.eefc47bc-c10f-49bb-8ef7-5999f798ab39.s.79.e.2" e2="Dailymed.eefc47bc-c10f-49bb-8ef7-5999f798ab39.s.79.e.0"/><pair ddi="false" e1="Dailymed.eefc47bc-c10f-49bb-8ef7-5999f798ab39.s.79.e.3" e2="Dailymed.eefc47bc-c10f-49bb-8ef7-5999f798ab39.s.79.e.0"/><pair ddi="false" e1="Dailymed.eefc47bc-c10f-49bb-8ef7-5999f798ab39.s.79.e.4" e2="Dailymed.eefc47bc-c10f-49bb-8ef7-5999f798ab39.s.79.e.0"/><pair ddi="false" e1="Dailymed.eefc47bc-c10f-49bb-8ef7-5999f798ab39.s.79.e.5" e2="Dailymed.eefc47bc-c10f-49bb-8ef7-5999f798ab39.s.79.e.0"/><pair ddi="false" e1="Dailymed.eefc47bc-c10f-49bb-8ef7-5999f798ab39.s.79.e.2" e2="Dailymed.eefc47bc-c10f-49bb-8ef7-5999f798ab39.s.79.e.1"/><pair ddi="false" e1="Dailymed.eefc47bc-c10f-49bb-8ef7-5999f798ab39.s.79.e.1" e2="Dailymed.eefc47bc-c10f-49bb-8ef7-5999f798ab39.s.79.e.3"/><pair ddi="false" e1="Dailymed.eefc47bc-c10f-49bb-8ef7-5999f798ab39.s.79.e.1" e2="Dailymed.eefc47bc-c10f-49bb-8ef7-5999f798ab39.s.79.e.4"/><pair ddi="false" e1="Dailymed.eefc47bc-c10f-49bb-8ef7-5999f798ab39.s.79.e.5" e2="Dailymed.eefc47bc-c10f-49bb-8ef7-5999f798ab39.s.79.e.1"/><pair ddi="false" e1="Dailymed.eefc47bc-c10f-49bb-8ef7-5999f798ab39.s.79.e.2" e2="Dailymed.eefc47bc-c10f-49bb-8ef7-5999f798ab39.s.79.e.3"/><pair ddi="false" e1="Dailymed.eefc47bc-c10f-49bb-8ef7-5999f798ab39.s.79.e.2" e2="Dailymed.eefc47bc-c10f-49bb-8ef7-5999f798ab39.s.79.e.4"/><pair ddi="false" e1="Dailymed.eefc47bc-c10f-49bb-8ef7-5999f798ab39.s.79.e.5" e2="Dailymed.eefc47bc-c10f-49bb-8ef7-5999f798ab39.s.79.e.2"/><pair ddi="false" e1="Dailymed.eefc47bc-c10f-49bb-8ef7-5999f798ab39.s.79.e.4" e2="Dailymed.eefc47bc-c10f-49bb-8ef7-5999f798ab39.s.79.e.3"/><pair ddi="false" e1="Dailymed.eefc47bc-c10f-49bb-8ef7-5999f798ab39.s.79.e.5" e2="Dailymed.eefc47bc-c10f-49bb-8ef7-5999f798ab39.s.79.e.3"/><pair ddi="false" e1="Dailymed.eefc47bc-c10f-49bb-8ef7-5999f798ab39.s.79.e.5" e2="Dailymed.eefc47bc-c10f-49bb-8ef7-5999f798ab39.s.79.e.4"/></sentence><sentence id="Dailymed.eefc47bc-c10f-49bb-8ef7-5999f798ab39.s.81" text="CARDURA has been administered without any evidence of an adverse drug interaction to patients receiving thiazide diuretics, beta-blocking agents, and nonsteroidal anti-inflammatory drugs. " type="negative"><entity charOffset="0:7" id="Dailymed.eefc47bc-c10f-49bb-8ef7-5999f798ab39.s.81.e.0" text="cardura" type="Biomedical_Entity"><Normalization><mmtx cui="C0678136" phraseText="CARDURA" preferredWord="Cardura" semType="phsu, orch"/><RxNorm RxCui="196468"/></Normalization></entity><entity charOffset="104:122" id="Dailymed.eefc47bc-c10f-49bb-8ef7-5999f798ab39.s.81.e.1" text="thiazide diuretics" type="Biomedical_Entity"><Normalization><mmtx cui="C0012802" phraseText="thiazide diuretics," preferredWord="Thiazide Diuretics" semType="phsu, orch"/><RxNorm RxCui="141801"/></Normalization></entity><entity charOffset="150:186" id="Dailymed.eefc47bc-c10f-49bb-8ef7-5999f798ab39.s.81.e.2" text="nonsteroidal anti-inflammatory drugs" type="Biomedical_Entity"><Normalization><mmtx cui="C0003211" phraseText="nonsteroidal anti-inflammatory drugs." preferredWord="Anti-Inflammatory Agents, Non-Steroidal" semType="phsu"/><RxNorm RxCui="402125"/></Normalization></entity><entity charOffset="124:144" id="Dailymed.eefc47bc-c10f-49bb-8ef7-5999f798ab39.s.81.e.3" text="beta-blocking agents" type="Biomedical_Entity"><Normalization><mmtx cui="C0001645" phraseText="beta-blocking agents," preferredWord="Adrenergic beta-Antagonists" semType="phsu"/><RxNorm RxCui="371"/></Normalization></entity><pair ddi="false" e1="Dailymed.eefc47bc-c10f-49bb-8ef7-5999f798ab39.s.81.e.0" e2="Dailymed.eefc47bc-c10f-49bb-8ef7-5999f798ab39.s.81.e.1"/><pair ddi="false" e1="Dailymed.eefc47bc-c10f-49bb-8ef7-5999f798ab39.s.81.e.0" e2="Dailymed.eefc47bc-c10f-49bb-8ef7-5999f798ab39.s.81.e.2"/><pair ddi="false" e1="Dailymed.eefc47bc-c10f-49bb-8ef7-5999f798ab39.s.81.e.0" e2="Dailymed.eefc47bc-c10f-49bb-8ef7-5999f798ab39.s.81.e.3"/><pair ddi="false" e1="Dailymed.eefc47bc-c10f-49bb-8ef7-5999f798ab39.s.81.e.1" e2="Dailymed.eefc47bc-c10f-49bb-8ef7-5999f798ab39.s.81.e.2"/><pair ddi="false" e1="Dailymed.eefc47bc-c10f-49bb-8ef7-5999f798ab39.s.81.e.1" e2="Dailymed.eefc47bc-c10f-49bb-8ef7-5999f798ab39.s.81.e.3"/><pair ddi="false" e1="Dailymed.eefc47bc-c10f-49bb-8ef7-5999f798ab39.s.81.e.3" e2="Dailymed.eefc47bc-c10f-49bb-8ef7-5999f798ab39.s.81.e.2"/></sentence><sentence biomedicalEntities="3" id="Dailymed.eefc47bc-c10f-49bb-8ef7-5999f798ab39.s.82" lineNumber="76" text="In a placebo-controlled trial in normal volunteers, the administration of a single 1 mg dose of doxazosin on day 1 of a four-day regimen of oral cimetidine (400 mg twice daily) resulted in a 10% increase in mean AUC of doxazosin (p 0.006), and a slight but not statistically significant increase in mean Cmax and mean half-life of doxazosin. " type="regular"><entity charOffset="195:215" id="Dailymed.eefc47bc-c10f-49bb-8ef7-5999f798ab39.s.82.e.1" text="increase in mean AUC" type="Increase_Interaction"/><entity charOffset="140:155" id="Dailymed.eefc47bc-c10f-49bb-8ef7-5999f798ab39.s.82.e.2" text="oral cimetidine" type="Drug"><Normalization><mmtx cui="C0008783" phraseText="of oral cimetidine" preferredWord="Cimetidine" semType="phsu, orch"/><RxNorm RxCui="NA"/></Normalization></entity><entity charOffset="219:228" id="Dailymed.eefc47bc-c10f-49bb-8ef7-5999f798ab39.s.82.e.3" text="doxazosin" type="Drug"><Normalization><mmtx cui="C0114873" phraseText="of doxazosin" preferredWord="Doxazosin" semType="phsu, orch"/><RxNorm RxCui="39173"/></Normalization></entity><entity charOffset="5:29" id="Dailymed.eefc47bc-c10f-49bb-8ef7-5999f798ab39.s.82.e.4" text="placebo-controlled trial" type="SPAN"/><entity charOffset="246:308" id="Dailymed.eefc47bc-c10f-49bb-8ef7-5999f798ab39.s.82.e.6" text="slight but not statistically significant increase in mean Cmax" type="Increase_Interaction"/><entity charOffset="331:340" id="Dailymed.eefc47bc-c10f-49bb-8ef7-5999f798ab39.s.82.e.7" text="doxazosin" type="Drug"><Normalization><mmtx cui="C0114873" phraseText="mean half-life of doxazosin." preferredWord="Doxazosin" semType="phsu, orch"/><RxNorm RxCui="39173"/></Normalization></entity><entity charOffset="246:298|313:327" id="Dailymed.eefc47bc-c10f-49bb-8ef7-5999f798ab39.s.82.e.9" text="slight but not statistically significant increase in mean half-life" type="Increase_Interaction"/><drugInteraction id="Dailymed.eefc47bc-c10f-49bb-8ef7-5999f798ab39.s.82.ddi.1"><interaction trigger="Dailymed.eefc47bc-c10f-49bb-8ef7-5999f798ab39.s.82.e.1"><relations><relation type="hasPrecipitant"><entity id="Dailymed.eefc47bc-c10f-49bb-8ef7-5999f798ab39.s.82.e.2"/></relation><relation type="hasObject"><entity id="Dailymed.eefc47bc-c10f-49bb-8ef7-5999f798ab39.s.82.e.3"/></relation><relation type="hasEvidence"><entity id="Dailymed.eefc47bc-c10f-49bb-8ef7-5999f798ab39.s.82.e.4"/></relation></relations></interaction></drugInteraction><drugInteraction id="Dailymed.eefc47bc-c10f-49bb-8ef7-5999f798ab39.s.82.ddi.2"><interaction trigger="Dailymed.eefc47bc-c10f-49bb-8ef7-5999f798ab39.s.82.e.6"><relations><relation type="hasPrecipitant"><entity id="Dailymed.eefc47bc-c10f-49bb-8ef7-5999f798ab39.s.82.e.2"/></relation><relation type="hasObject"><entity id="Dailymed.eefc47bc-c10f-49bb-8ef7-5999f798ab39.s.82.e.7"/></relation></relations></interaction></drugInteraction><drugInteraction id="Dailymed.eefc47bc-c10f-49bb-8ef7-5999f798ab39.s.82.ddi.3"><interaction trigger="Dailymed.eefc47bc-c10f-49bb-8ef7-5999f798ab39.s.82.e.9"><relations><relation type="hasPrecipitant"><entity id="Dailymed.eefc47bc-c10f-49bb-8ef7-5999f798ab39.s.82.e.2"/></relation><relation type="hasObject"><entity id="Dailymed.eefc47bc-c10f-49bb-8ef7-5999f798ab39.s.82.e.7"/></relation></relations></interaction></drugInteraction><pair ddi="true" e1="Dailymed.eefc47bc-c10f-49bb-8ef7-5999f798ab39.s.82.e.2" e2="Dailymed.eefc47bc-c10f-49bb-8ef7-5999f798ab39.s.82.e.3" evidence="Dailymed.eefc47bc-c10f-49bb-8ef7-5999f798ab39.s.82.e.4" trigger="Dailymed.eefc47bc-c10f-49bb-8ef7-5999f798ab39.s.82.e.1" type="Increase_Interaction"/><pair ddi="true" e1="Dailymed.eefc47bc-c10f-49bb-8ef7-5999f798ab39.s.82.e.2" e2="Dailymed.eefc47bc-c10f-49bb-8ef7-5999f798ab39.s.82.e.7" trigger="Dailymed.eefc47bc-c10f-49bb-8ef7-5999f798ab39.s.82.e.6" type="Increase_Interaction"/></sentence><sentence biomedicalEntities="1" id="Dailymed.eefc47bc-c10f-49bb-8ef7-5999f798ab39.s.83" lineNumber="76" text="The clinical significance of this increase in doxazosin AUC is unknown." type="irregular"><entity charOffset="34:45|56:59" id="Dailymed.eefc47bc-c10f-49bb-8ef7-5999f798ab39.s.83.e.1" text="increase in AUC" type="Increase_Interaction"/><entity charOffset="46:55" id="Dailymed.eefc47bc-c10f-49bb-8ef7-5999f798ab39.s.83.e.2" text="doxazosin" type="Drug"><Normalization><mmtx cui="C0114873" phraseText="in doxazosin AUC" preferredWord="Doxazosin" semType="phsu, orch"/><RxNorm RxCui="39173"/></Normalization></entity><drugInteraction id="Dailymed.eefc47bc-c10f-49bb-8ef7-5999f798ab39.s.83.ddi.1"><interaction trigger="Dailymed.eefc47bc-c10f-49bb-8ef7-5999f798ab39.s.83.e.1"><relations><relation type="hasPrecipitant"><ellipsisSentence id="Dailymed.eefc47bc-c10f-49bb-8ef7-5999f798ab39.s.82" text="In a placebo-controlled trial in normal volunteers, the administration of a single 1 mg dose of doxazosin on day 1 of a four-day regimen of oral cimetidine (400 mg twice daily) resulted in a 10% increase in mean AUC of doxazosin (p 0.006), and a slight but not statistically significant increase in mean Cmax and mean half-life of doxazosin. "><entity id="Dailymed.eefc47bc-c10f-49bb-8ef7-5999f798ab39.s.82.e.2"/></ellipsisSentence></relation><relation type="hasObject"><entity id="Dailymed.eefc47bc-c10f-49bb-8ef7-5999f798ab39.s.83.e.2"/></relation></relations></interaction></drugInteraction></sentence><sentence id="Dailymed.eefc47bc-c10f-49bb-8ef7-5999f798ab39.s.85" text="CARDURA tablets have been used with the following drugs or drug classes: 1) analgesic/anti-inflammatory (e.g., acetaminophen, aspirin, codeine and codeine combinations, ibuprofen, indomethacin), 2) antibiotics (e.g., erythromycin, trimethoprim and sulfamethoxazole, amoxicillin), 3) antihistamines (e.g., chlorpheniramine), 4) cardiovascular agents (e.g., atenolol, hydrochlorothiazide, propranolol), 5) corticosteroids, 6) gastrointestinal agents (e.g., antacids), 7) hypoglycemics and endocrine drugs, 8) sedatives and tranquilizers (e.g., diazepam), 9) cold and flu remedies." type="negative"><entity charOffset="126:133" id="Dailymed.eefc47bc-c10f-49bb-8ef7-5999f798ab39.s.85.e.0" text="aspirin" type="Biomedical_Entity"><Normalization><mmtx cui="C0004057" phraseText="aspirin," preferredWord="Aspirin" semType="phsu, orch"/><RxNorm RxCui="1191"/></Normalization></entity><entity charOffset="198:209" id="Dailymed.eefc47bc-c10f-49bb-8ef7-5999f798ab39.s.85.e.1" text="antibiotics" type="Biomedical_Entity"><Normalization><mmtx cui="C0003232" phraseText="antibiotics" preferredWord="Antibiotics" semType="antb"/><RxNorm RxCui="901"/></Normalization></entity><entity charOffset="76:85" id="Dailymed.eefc47bc-c10f-49bb-8ef7-5999f798ab39.s.85.e.2" text="analgesic" type="Biomedical_Entity"><Normalization><mmtx cui="C0002771" phraseText="analgesic/anti-inflammatory" preferredWord="Analgesics" semType="phsu"/><RxNorm RxCui="760"/></Normalization></entity><entity charOffset="248:264" id="Dailymed.eefc47bc-c10f-49bb-8ef7-5999f798ab39.s.85.e.3" text="sulfamethoxazole" type="Biomedical_Entity"><Normalization><mmtx cui="C0038689" phraseText="sulfamethoxazole," preferredWord="Sulfamethoxazole" semType="orch, antb"/><RxNorm RxCui="10180"/></Normalization></entity><entity charOffset="327:348" id="Dailymed.eefc47bc-c10f-49bb-8ef7-5999f798ab39.s.85.e.4" text="cardiovascular agents" type="Biomedical_Entity"><Normalization><mmtx cui="C0007220" phraseText="cardiovascular agents" preferredWord="Cardiovascular Agents" semType="phsu"/><RxNorm RxCui="1021827"/></Normalization></entity><entity charOffset="231:243" id="Dailymed.eefc47bc-c10f-49bb-8ef7-5999f798ab39.s.85.e.5" text="trimethoprim" type="Biomedical_Entity"><Normalization><mmtx cui="C0041041" phraseText="trimethoprim" preferredWord="Trimethoprim" semType="orch, antb"/><RxNorm RxCui="10546"/></Normalization></entity><entity charOffset="111:124" id="Dailymed.eefc47bc-c10f-49bb-8ef7-5999f798ab39.s.85.e.6" text="acetaminophen" type="Biomedical_Entity"><Normalization><mmtx cui="C0000970" phraseText="acetaminophen," preferredWord="Acetaminophen" semType="phsu, orch"/><RxNorm RxCui="161"/></Normalization></entity><entity charOffset="180:192" id="Dailymed.eefc47bc-c10f-49bb-8ef7-5999f798ab39.s.85.e.7" text="indomethacin" type="Biomedical_Entity"><Normalization><mmtx cui="C0021246" phraseText="indomethacin" preferredWord="Indomethacin" semType="phsu, orch"/><RxNorm RxCui="5781"/></Normalization></entity><entity charOffset="147:154" id="Dailymed.eefc47bc-c10f-49bb-8ef7-5999f798ab39.s.85.e.8" text="codeine" type="Biomedical_Entity"><Normalization><mmtx cui="C0009214" phraseText="codeine combinations," preferredWord="Codeine" semType="phsu, orch"/><RxNorm RxCui="235412"/></Normalization></entity><entity charOffset="135:142" id="Dailymed.eefc47bc-c10f-49bb-8ef7-5999f798ab39.s.85.e.9" text="codeine" type="Biomedical_Entity"><Normalization><mmtx cui="C0009214" phraseText="codeine" preferredWord="Codeine" semType="phsu, orch"/><RxNorm RxCui="235412"/></Normalization></entity><entity charOffset="169:178" id="Dailymed.eefc47bc-c10f-49bb-8ef7-5999f798ab39.s.85.e.10" text="ibuprofen" type="Biomedical_Entity"><Normalization><mmtx cui="C0020740" phraseText="ibuprofen," preferredWord="Ibuprofen" semType="phsu, orch"/><RxNorm RxCui="5640"/></Normalization></entity><entity charOffset="356:364" id="Dailymed.eefc47bc-c10f-49bb-8ef7-5999f798ab39.s.85.e.11" text="atenolol" type="Biomedical_Entity"><Normalization><mmtx cui="C0004147" phraseText="atenolol," preferredWord="Atenolol" semType="phsu, orch"/><RxNorm RxCui="1202"/></Normalization></entity><entity charOffset="86:103" id="Dailymed.eefc47bc-c10f-49bb-8ef7-5999f798ab39.s.85.e.12" text="anti-inflammatory" type="Biomedical_Entity"><Normalization><mmtx cui="C0003209" phraseText="analgesic/anti-inflammatory" preferredWord="Anti-Inflammatory Agents" semType="phsu"/><RxNorm RxCui="887"/></Normalization></entity><entity charOffset="305:321" id="Dailymed.eefc47bc-c10f-49bb-8ef7-5999f798ab39.s.85.e.13" text="chlorpheniramine" type="Biomedical_Entity"><Normalization><mmtx cui="C0008281" phraseText="chlorpheniramine" preferredWord="Chlorpheniramine" semType="phsu, orch"/><RxNorm RxCui="142429"/></Normalization></entity><entity charOffset="469:482" id="Dailymed.eefc47bc-c10f-49bb-8ef7-5999f798ab39.s.85.e.14" text="hypoglycemics" type="Biomedical_Entity"><Normalization><mmtx cui="C0020616" phraseText="hypoglycemics" preferredWord="Hypoglycemic Agents" semType="phsu"/><RxNorm RxCui="5604"/></Normalization></entity><entity charOffset="542:550" id="Dailymed.eefc47bc-c10f-49bb-8ef7-5999f798ab39.s.85.e.15" text="diazepam" type="Biomedical_Entity"><Normalization><mmtx cui="C0012010" phraseText="diazepam" preferredWord="Diazepam" semType="phsu, orch"/><RxNorm RxCui="3322"/></Normalization></entity><entity charOffset="404:419" id="Dailymed.eefc47bc-c10f-49bb-8ef7-5999f798ab39.s.85.e.16" text="corticosteroids" type="Biomedical_Entity"><Normalization><mmtx cui="C0001617" phraseText="corticosteroids," preferredWord="Adrenal Cortex Hormones" semType="strd, phsu, horm"/><RxNorm RxCui="1427675"/></Normalization></entity><entity charOffset="387:398" id="Dailymed.eefc47bc-c10f-49bb-8ef7-5999f798ab39.s.85.e.17" text="propranolol" type="Biomedical_Entity"><Normalization><mmtx cui="C0033497" phraseText="propranolol" preferredWord="Propranolol" semType="phsu, orch"/><RxNorm RxCui="82084"/></Normalization></entity><entity charOffset="283:297" id="Dailymed.eefc47bc-c10f-49bb-8ef7-5999f798ab39.s.85.e.18" text="antihistamines" type="Biomedical_Entity"><Normalization><mmtx cui="C0003360" phraseText="antihistamines" preferredWord="Antihistamines" semType="phsu, orch"/><RxNorm RxCui="967"/></Normalization></entity><entity charOffset="366:385" id="Dailymed.eefc47bc-c10f-49bb-8ef7-5999f798ab39.s.85.e.19" text="hydrochlorothiazide" type="Biomedical_Entity"><Normalization><mmtx cui="C0020261" phraseText="hydrochlorothiazide," preferredWord="Hydrochlorothiazide" semType="phsu, orch"/><RxNorm RxCui="5487"/></Normalization></entity><entity charOffset="424:447" id="Dailymed.eefc47bc-c10f-49bb-8ef7-5999f798ab39.s.85.e.20" text="gastrointestinal agents" type="Biomedical_Entity"><Normalization><mmtx cui="C0017173" phraseText="gastrointestinal agents" preferredWord="Gastrointestinal Agents" semType="phsu"/><RxNorm RxCui="1025588"/></Normalization></entity><entity charOffset="0:15" id="Dailymed.eefc47bc-c10f-49bb-8ef7-5999f798ab39.s.85.e.21" text="cardura tablets" type="Biomedical_Entity"><Normalization><mmtx cui="C1618081" phraseText="CARDURA tablets" preferredWord="Doxazosin Oral Tablet [Cardura]" semType="clnd"/><RxNorm RxCui="196468"/></Normalization></entity><entity charOffset="507:516" id="Dailymed.eefc47bc-c10f-49bb-8ef7-5999f798ab39.s.85.e.22" text="sedatives" type="Biomedical_Entity"><Normalization><mmtx cui="C0036557" phraseText="sedatives" preferredWord="Sedatives" semType="phsu"/><RxNorm RxCui="9634"/></Normalization></entity><entity charOffset="521:534" id="Dailymed.eefc47bc-c10f-49bb-8ef7-5999f798ab39.s.85.e.23" text="tranquilizers" type="Biomedical_Entity"><Normalization><mmtx cui="C0040614" phraseText="tranquilizers" preferredWord="Tranquilizing Agents" semType="phsu"/><RxNorm RxCui="10692"/></Normalization></entity><entity charOffset="266:277" id="Dailymed.eefc47bc-c10f-49bb-8ef7-5999f798ab39.s.85.e.24" text="amoxicillin" type="Biomedical_Entity"><Normalization><mmtx cui="C2828282" phraseText="amoxicillin" preferredWord="Amoxicillin Anhydrous" semType="orch, antb"/><RxNorm RxCui="723"/></Normalization></entity><entity charOffset="217:229" id="Dailymed.eefc47bc-c10f-49bb-8ef7-5999f798ab39.s.85.e.25" text="erythromycin" type="Biomedical_Entity"><Normalization><mmtx cui="C0014806" phraseText="erythromycin," preferredWord="Erythromycin" semType="orch, antb"/><RxNorm RxCui="4053"/></Normalization></entity><entity charOffset="455:463" id="Dailymed.eefc47bc-c10f-49bb-8ef7-5999f798ab39.s.85.e.26" text="antacids" type="Biomedical_Entity"><Normalization><mmtx cui="C0003138" phraseText="antacids" preferredWord="Antacids" semType="phsu"/><RxNorm RxCui="863"/></Normalization></entity><pair ddi="false" e1="Dailymed.eefc47bc-c10f-49bb-8ef7-5999f798ab39.s.85.e.0" e2="Dailymed.eefc47bc-c10f-49bb-8ef7-5999f798ab39.s.85.e.1"/><pair ddi="false" e1="Dailymed.eefc47bc-c10f-49bb-8ef7-5999f798ab39.s.85.e.2" e2="Dailymed.eefc47bc-c10f-49bb-8ef7-5999f798ab39.s.85.e.0"/><pair ddi="false" e1="Dailymed.eefc47bc-c10f-49bb-8ef7-5999f798ab39.s.85.e.0" e2="Dailymed.eefc47bc-c10f-49bb-8ef7-5999f798ab39.s.85.e.3"/><pair ddi="false" e1="Dailymed.eefc47bc-c10f-49bb-8ef7-5999f798ab39.s.85.e.0" e2="Dailymed.eefc47bc-c10f-49bb-8ef7-5999f798ab39.s.85.e.4"/><pair ddi="false" e1="Dailymed.eefc47bc-c10f-49bb-8ef7-5999f798ab39.s.85.e.0" e2="Dailymed.eefc47bc-c10f-49bb-8ef7-5999f798ab39.s.85.e.5"/><pair ddi="false" e1="Dailymed.eefc47bc-c10f-49bb-8ef7-5999f798ab39.s.85.e.6" e2="Dailymed.eefc47bc-c10f-49bb-8ef7-5999f798ab39.s.85.e.0"/><pair ddi="false" e1="Dailymed.eefc47bc-c10f-49bb-8ef7-5999f798ab39.s.85.e.0" e2="Dailymed.eefc47bc-c10f-49bb-8ef7-5999f798ab39.s.85.e.7"/><pair ddi="false" e1="Dailymed.eefc47bc-c10f-49bb-8ef7-5999f798ab39.s.85.e.0" e2="Dailymed.eefc47bc-c10f-49bb-8ef7-5999f798ab39.s.85.e.8"/><pair ddi="false" e1="Dailymed.eefc47bc-c10f-49bb-8ef7-5999f798ab39.s.85.e.0" e2="Dailymed.eefc47bc-c10f-49bb-8ef7-5999f798ab39.s.85.e.9"/><pair ddi="false" e1="Dailymed.eefc47bc-c10f-49bb-8ef7-5999f798ab39.s.85.e.0" e2="Dailymed.eefc47bc-c10f-49bb-8ef7-5999f798ab39.s.85.e.10"/><pair ddi="false" e1="Dailymed.eefc47bc-c10f-49bb-8ef7-5999f798ab39.s.85.e.0" e2="Dailymed.eefc47bc-c10f-49bb-8ef7-5999f798ab39.s.85.e.11"/><pair ddi="false" e1="Dailymed.eefc47bc-c10f-49bb-8ef7-5999f798ab39.s.85.e.12" e2="Dailymed.eefc47bc-c10f-49bb-8ef7-5999f798ab39.s.85.e.0"/><pair ddi="false" e1="Dailymed.eefc47bc-c10f-49bb-8ef7-5999f798ab39.s.85.e.0" e2="Dailymed.eefc47bc-c10f-49bb-8ef7-5999f798ab39.s.85.e.13"/><pair ddi="false" e1="Dailymed.eefc47bc-c10f-49bb-8ef7-5999f798ab39.s.85.e.0" e2="Dailymed.eefc47bc-c10f-49bb-8ef7-5999f798ab39.s.85.e.14"/><pair ddi="false" e1="Dailymed.eefc47bc-c10f-49bb-8ef7-5999f798ab39.s.85.e.0" e2="Dailymed.eefc47bc-c10f-49bb-8ef7-5999f798ab39.s.85.e.15"/><pair ddi="false" e1="Dailymed.eefc47bc-c10f-49bb-8ef7-5999f798ab39.s.85.e.0" e2="Dailymed.eefc47bc-c10f-49bb-8ef7-5999f798ab39.s.85.e.16"/><pair ddi="false" e1="Dailymed.eefc47bc-c10f-49bb-8ef7-5999f798ab39.s.85.e.0" e2="Dailymed.eefc47bc-c10f-49bb-8ef7-5999f798ab39.s.85.e.17"/><pair ddi="false" e1="Dailymed.eefc47bc-c10f-49bb-8ef7-5999f798ab39.s.85.e.0" e2="Dailymed.eefc47bc-c10f-49bb-8ef7-5999f798ab39.s.85.e.18"/><pair ddi="false" e1="Dailymed.eefc47bc-c10f-49bb-8ef7-5999f798ab39.s.85.e.0" e2="Dailymed.eefc47bc-c10f-49bb-8ef7-5999f798ab39.s.85.e.19"/><pair ddi="false" e1="Dailymed.eefc47bc-c10f-49bb-8ef7-5999f798ab39.s.85.e.0" e2="Dailymed.eefc47bc-c10f-49bb-8ef7-5999f798ab39.s.85.e.20"/><pair ddi="false" e1="Dailymed.eefc47bc-c10f-49bb-8ef7-5999f798ab39.s.85.e.21" e2="Dailymed.eefc47bc-c10f-49bb-8ef7-5999f798ab39.s.85.e.0"/><pair ddi="false" e1="Dailymed.eefc47bc-c10f-49bb-8ef7-5999f798ab39.s.85.e.0" e2="Dailymed.eefc47bc-c10f-49bb-8ef7-5999f798ab39.s.85.e.22"/><pair ddi="false" e1="Dailymed.eefc47bc-c10f-49bb-8ef7-5999f798ab39.s.85.e.0" e2="Dailymed.eefc47bc-c10f-49bb-8ef7-5999f798ab39.s.85.e.23"/><pair ddi="false" e1="Dailymed.eefc47bc-c10f-49bb-8ef7-5999f798ab39.s.85.e.0" e2="Dailymed.eefc47bc-c10f-49bb-8ef7-5999f798ab39.s.85.e.24"/><pair ddi="false" e1="Dailymed.eefc47bc-c10f-49bb-8ef7-5999f798ab39.s.85.e.0" e2="Dailymed.eefc47bc-c10f-49bb-8ef7-5999f798ab39.s.85.e.25"/><pair ddi="false" e1="Dailymed.eefc47bc-c10f-49bb-8ef7-5999f798ab39.s.85.e.0" e2="Dailymed.eefc47bc-c10f-49bb-8ef7-5999f798ab39.s.85.e.26"/><pair ddi="false" e1="Dailymed.eefc47bc-c10f-49bb-8ef7-5999f798ab39.s.85.e.2" e2="Dailymed.eefc47bc-c10f-49bb-8ef7-5999f798ab39.s.85.e.1"/><pair ddi="false" e1="Dailymed.eefc47bc-c10f-49bb-8ef7-5999f798ab39.s.85.e.1" e2="Dailymed.eefc47bc-c10f-49bb-8ef7-5999f798ab39.s.85.e.3"/><pair ddi="false" e1="Dailymed.eefc47bc-c10f-49bb-8ef7-5999f798ab39.s.85.e.1" e2="Dailymed.eefc47bc-c10f-49bb-8ef7-5999f798ab39.s.85.e.4"/><pair ddi="false" e1="Dailymed.eefc47bc-c10f-49bb-8ef7-5999f798ab39.s.85.e.1" e2="Dailymed.eefc47bc-c10f-49bb-8ef7-5999f798ab39.s.85.e.5"/><pair ddi="false" e1="Dailymed.eefc47bc-c10f-49bb-8ef7-5999f798ab39.s.85.e.6" e2="Dailymed.eefc47bc-c10f-49bb-8ef7-5999f798ab39.s.85.e.1"/><pair ddi="false" e1="Dailymed.eefc47bc-c10f-49bb-8ef7-5999f798ab39.s.85.e.7" e2="Dailymed.eefc47bc-c10f-49bb-8ef7-5999f798ab39.s.85.e.1"/><pair ddi="false" e1="Dailymed.eefc47bc-c10f-49bb-8ef7-5999f798ab39.s.85.e.8" e2="Dailymed.eefc47bc-c10f-49bb-8ef7-5999f798ab39.s.85.e.1"/><pair ddi="false" e1="Dailymed.eefc47bc-c10f-49bb-8ef7-5999f798ab39.s.85.e.9" e2="Dailymed.eefc47bc-c10f-49bb-8ef7-5999f798ab39.s.85.e.1"/><pair ddi="false" e1="Dailymed.eefc47bc-c10f-49bb-8ef7-5999f798ab39.s.85.e.10" e2="Dailymed.eefc47bc-c10f-49bb-8ef7-5999f798ab39.s.85.e.1"/><pair ddi="false" e1="Dailymed.eefc47bc-c10f-49bb-8ef7-5999f798ab39.s.85.e.1" e2="Dailymed.eefc47bc-c10f-49bb-8ef7-5999f798ab39.s.85.e.11"/><pair ddi="false" e1="Dailymed.eefc47bc-c10f-49bb-8ef7-5999f798ab39.s.85.e.12" e2="Dailymed.eefc47bc-c10f-49bb-8ef7-5999f798ab39.s.85.e.1"/><pair ddi="false" e1="Dailymed.eefc47bc-c10f-49bb-8ef7-5999f798ab39.s.85.e.1" e2="Dailymed.eefc47bc-c10f-49bb-8ef7-5999f798ab39.s.85.e.13"/><pair ddi="false" e1="Dailymed.eefc47bc-c10f-49bb-8ef7-5999f798ab39.s.85.e.1" e2="Dailymed.eefc47bc-c10f-49bb-8ef7-5999f798ab39.s.85.e.14"/><pair ddi="false" e1="Dailymed.eefc47bc-c10f-49bb-8ef7-5999f798ab39.s.85.e.1" e2="Dailymed.eefc47bc-c10f-49bb-8ef7-5999f798ab39.s.85.e.15"/><pair ddi="false" e1="Dailymed.eefc47bc-c10f-49bb-8ef7-5999f798ab39.s.85.e.1" e2="Dailymed.eefc47bc-c10f-49bb-8ef7-5999f798ab39.s.85.e.16"/><pair ddi="false" e1="Dailymed.eefc47bc-c10f-49bb-8ef7-5999f798ab39.s.85.e.1" e2="Dailymed.eefc47bc-c10f-49bb-8ef7-5999f798ab39.s.85.e.17"/><pair ddi="false" e1="Dailymed.eefc47bc-c10f-49bb-8ef7-5999f798ab39.s.85.e.1" e2="Dailymed.eefc47bc-c10f-49bb-8ef7-5999f798ab39.s.85.e.18"/><pair ddi="false" e1="Dailymed.eefc47bc-c10f-49bb-8ef7-5999f798ab39.s.85.e.1" e2="Dailymed.eefc47bc-c10f-49bb-8ef7-5999f798ab39.s.85.e.19"/><pair ddi="false" e1="Dailymed.eefc47bc-c10f-49bb-8ef7-5999f798ab39.s.85.e.1" e2="Dailymed.eefc47bc-c10f-49bb-8ef7-5999f798ab39.s.85.e.20"/><pair ddi="false" e1="Dailymed.eefc47bc-c10f-49bb-8ef7-5999f798ab39.s.85.e.21" e2="Dailymed.eefc47bc-c10f-49bb-8ef7-5999f798ab39.s.85.e.1"/><pair ddi="false" e1="Dailymed.eefc47bc-c10f-49bb-8ef7-5999f798ab39.s.85.e.1" e2="Dailymed.eefc47bc-c10f-49bb-8ef7-5999f798ab39.s.85.e.22"/><pair ddi="false" e1="Dailymed.eefc47bc-c10f-49bb-8ef7-5999f798ab39.s.85.e.1" e2="Dailymed.eefc47bc-c10f-49bb-8ef7-5999f798ab39.s.85.e.23"/><pair ddi="false" e1="Dailymed.eefc47bc-c10f-49bb-8ef7-5999f798ab39.s.85.e.1" e2="Dailymed.eefc47bc-c10f-49bb-8ef7-5999f798ab39.s.85.e.24"/><pair ddi="false" e1="Dailymed.eefc47bc-c10f-49bb-8ef7-5999f798ab39.s.85.e.1" e2="Dailymed.eefc47bc-c10f-49bb-8ef7-5999f798ab39.s.85.e.25"/><pair ddi="false" e1="Dailymed.eefc47bc-c10f-49bb-8ef7-5999f798ab39.s.85.e.1" e2="Dailymed.eefc47bc-c10f-49bb-8ef7-5999f798ab39.s.85.e.26"/><pair ddi="false" e1="Dailymed.eefc47bc-c10f-49bb-8ef7-5999f798ab39.s.85.e.2" e2="Dailymed.eefc47bc-c10f-49bb-8ef7-5999f798ab39.s.85.e.3"/><pair ddi="false" e1="Dailymed.eefc47bc-c10f-49bb-8ef7-5999f798ab39.s.85.e.2" e2="Dailymed.eefc47bc-c10f-49bb-8ef7-5999f798ab39.s.85.e.4"/><pair ddi="false" e1="Dailymed.eefc47bc-c10f-49bb-8ef7-5999f798ab39.s.85.e.2" e2="Dailymed.eefc47bc-c10f-49bb-8ef7-5999f798ab39.s.85.e.5"/><pair ddi="false" e1="Dailymed.eefc47bc-c10f-49bb-8ef7-5999f798ab39.s.85.e.2" e2="Dailymed.eefc47bc-c10f-49bb-8ef7-5999f798ab39.s.85.e.6"/><pair ddi="false" e1="Dailymed.eefc47bc-c10f-49bb-8ef7-5999f798ab39.s.85.e.2" e2="Dailymed.eefc47bc-c10f-49bb-8ef7-5999f798ab39.s.85.e.7"/><pair ddi="false" e1="Dailymed.eefc47bc-c10f-49bb-8ef7-5999f798ab39.s.85.e.2" e2="Dailymed.eefc47bc-c10f-49bb-8ef7-5999f798ab39.s.85.e.8"/><pair ddi="false" e1="Dailymed.eefc47bc-c10f-49bb-8ef7-5999f798ab39.s.85.e.2" e2="Dailymed.eefc47bc-c10f-49bb-8ef7-5999f798ab39.s.85.e.9"/><pair ddi="false" e1="Dailymed.eefc47bc-c10f-49bb-8ef7-5999f798ab39.s.85.e.2" e2="Dailymed.eefc47bc-c10f-49bb-8ef7-5999f798ab39.s.85.e.10"/><pair ddi="false" e1="Dailymed.eefc47bc-c10f-49bb-8ef7-5999f798ab39.s.85.e.2" e2="Dailymed.eefc47bc-c10f-49bb-8ef7-5999f798ab39.s.85.e.11"/><pair ddi="false" e1="Dailymed.eefc47bc-c10f-49bb-8ef7-5999f798ab39.s.85.e.2" e2="Dailymed.eefc47bc-c10f-49bb-8ef7-5999f798ab39.s.85.e.12"/><pair ddi="false" e1="Dailymed.eefc47bc-c10f-49bb-8ef7-5999f798ab39.s.85.e.2" e2="Dailymed.eefc47bc-c10f-49bb-8ef7-5999f798ab39.s.85.e.13"/><pair ddi="false" e1="Dailymed.eefc47bc-c10f-49bb-8ef7-5999f798ab39.s.85.e.2" e2="Dailymed.eefc47bc-c10f-49bb-8ef7-5999f798ab39.s.85.e.14"/><pair ddi="false" e1="Dailymed.eefc47bc-c10f-49bb-8ef7-5999f798ab39.s.85.e.2" e2="Dailymed.eefc47bc-c10f-49bb-8ef7-5999f798ab39.s.85.e.15"/><pair ddi="false" e1="Dailymed.eefc47bc-c10f-49bb-8ef7-5999f798ab39.s.85.e.2" e2="Dailymed.eefc47bc-c10f-49bb-8ef7-5999f798ab39.s.85.e.16"/><pair ddi="false" e1="Dailymed.eefc47bc-c10f-49bb-8ef7-5999f798ab39.s.85.e.2" e2="Dailymed.eefc47bc-c10f-49bb-8ef7-5999f798ab39.s.85.e.17"/><pair ddi="false" e1="Dailymed.eefc47bc-c10f-49bb-8ef7-5999f798ab39.s.85.e.2" e2="Dailymed.eefc47bc-c10f-49bb-8ef7-5999f798ab39.s.85.e.18"/><pair ddi="false" e1="Dailymed.eefc47bc-c10f-49bb-8ef7-5999f798ab39.s.85.e.2" e2="Dailymed.eefc47bc-c10f-49bb-8ef7-5999f798ab39.s.85.e.19"/><pair ddi="false" e1="Dailymed.eefc47bc-c10f-49bb-8ef7-5999f798ab39.s.85.e.2" e2="Dailymed.eefc47bc-c10f-49bb-8ef7-5999f798ab39.s.85.e.20"/><pair ddi="false" e1="Dailymed.eefc47bc-c10f-49bb-8ef7-5999f798ab39.s.85.e.21" e2="Dailymed.eefc47bc-c10f-49bb-8ef7-5999f798ab39.s.85.e.2"/><pair ddi="false" e1="Dailymed.eefc47bc-c10f-49bb-8ef7-5999f798ab39.s.85.e.2" e2="Dailymed.eefc47bc-c10f-49bb-8ef7-5999f798ab39.s.85.e.22"/><pair ddi="false" e1="Dailymed.eefc47bc-c10f-49bb-8ef7-5999f798ab39.s.85.e.2" e2="Dailymed.eefc47bc-c10f-49bb-8ef7-5999f798ab39.s.85.e.23"/><pair ddi="false" e1="Dailymed.eefc47bc-c10f-49bb-8ef7-5999f798ab39.s.85.e.2" e2="Dailymed.eefc47bc-c10f-49bb-8ef7-5999f798ab39.s.85.e.24"/><pair ddi="false" e1="Dailymed.eefc47bc-c10f-49bb-8ef7-5999f798ab39.s.85.e.2" e2="Dailymed.eefc47bc-c10f-49bb-8ef7-5999f798ab39.s.85.e.25"/><pair ddi="false" e1="Dailymed.eefc47bc-c10f-49bb-8ef7-5999f798ab39.s.85.e.2" e2="Dailymed.eefc47bc-c10f-49bb-8ef7-5999f798ab39.s.85.e.26"/><pair ddi="false" e1="Dailymed.eefc47bc-c10f-49bb-8ef7-5999f798ab39.s.85.e.3" e2="Dailymed.eefc47bc-c10f-49bb-8ef7-5999f798ab39.s.85.e.4"/><pair ddi="false" e1="Dailymed.eefc47bc-c10f-49bb-8ef7-5999f798ab39.s.85.e.5" e2="Dailymed.eefc47bc-c10f-49bb-8ef7-5999f798ab39.s.85.e.3"/><pair ddi="false" e1="Dailymed.eefc47bc-c10f-49bb-8ef7-5999f798ab39.s.85.e.6" e2="Dailymed.eefc47bc-c10f-49bb-8ef7-5999f798ab39.s.85.e.3"/><pair ddi="false" e1="Dailymed.eefc47bc-c10f-49bb-8ef7-5999f798ab39.s.85.e.7" e2="Dailymed.eefc47bc-c10f-49bb-8ef7-5999f798ab39.s.85.e.3"/><pair ddi="false" e1="Dailymed.eefc47bc-c10f-49bb-8ef7-5999f798ab39.s.85.e.8" e2="Dailymed.eefc47bc-c10f-49bb-8ef7-5999f798ab39.s.85.e.3"/><pair ddi="false" e1="Dailymed.eefc47bc-c10f-49bb-8ef7-5999f798ab39.s.85.e.9" e2="Dailymed.eefc47bc-c10f-49bb-8ef7-5999f798ab39.s.85.e.3"/><pair ddi="false" e1="Dailymed.eefc47bc-c10f-49bb-8ef7-5999f798ab39.s.85.e.10" e2="Dailymed.eefc47bc-c10f-49bb-8ef7-5999f798ab39.s.85.e.3"/><pair ddi="false" e1="Dailymed.eefc47bc-c10f-49bb-8ef7-5999f798ab39.s.85.e.3" e2="Dailymed.eefc47bc-c10f-49bb-8ef7-5999f798ab39.s.85.e.11"/><pair ddi="false" e1="Dailymed.eefc47bc-c10f-49bb-8ef7-5999f798ab39.s.85.e.12" e2="Dailymed.eefc47bc-c10f-49bb-8ef7-5999f798ab39.s.85.e.3"/><pair ddi="false" e1="Dailymed.eefc47bc-c10f-49bb-8ef7-5999f798ab39.s.85.e.3" e2="Dailymed.eefc47bc-c10f-49bb-8ef7-5999f798ab39.s.85.e.13"/><pair ddi="false" e1="Dailymed.eefc47bc-c10f-49bb-8ef7-5999f798ab39.s.85.e.3" e2="Dailymed.eefc47bc-c10f-49bb-8ef7-5999f798ab39.s.85.e.14"/><pair ddi="false" e1="Dailymed.eefc47bc-c10f-49bb-8ef7-5999f798ab39.s.85.e.3" e2="Dailymed.eefc47bc-c10f-49bb-8ef7-5999f798ab39.s.85.e.15"/><pair ddi="false" e1="Dailymed.eefc47bc-c10f-49bb-8ef7-5999f798ab39.s.85.e.3" e2="Dailymed.eefc47bc-c10f-49bb-8ef7-5999f798ab39.s.85.e.16"/><pair ddi="false" e1="Dailymed.eefc47bc-c10f-49bb-8ef7-5999f798ab39.s.85.e.3" e2="Dailymed.eefc47bc-c10f-49bb-8ef7-5999f798ab39.s.85.e.17"/><pair ddi="false" e1="Dailymed.eefc47bc-c10f-49bb-8ef7-5999f798ab39.s.85.e.3" e2="Dailymed.eefc47bc-c10f-49bb-8ef7-5999f798ab39.s.85.e.18"/><pair ddi="false" e1="Dailymed.eefc47bc-c10f-49bb-8ef7-5999f798ab39.s.85.e.3" e2="Dailymed.eefc47bc-c10f-49bb-8ef7-5999f798ab39.s.85.e.19"/><pair ddi="false" e1="Dailymed.eefc47bc-c10f-49bb-8ef7-5999f798ab39.s.85.e.3" e2="Dailymed.eefc47bc-c10f-49bb-8ef7-5999f798ab39.s.85.e.20"/><pair ddi="false" e1="Dailymed.eefc47bc-c10f-49bb-8ef7-5999f798ab39.s.85.e.21" e2="Dailymed.eefc47bc-c10f-49bb-8ef7-5999f798ab39.s.85.e.3"/><pair ddi="false" e1="Dailymed.eefc47bc-c10f-49bb-8ef7-5999f798ab39.s.85.e.3" e2="Dailymed.eefc47bc-c10f-49bb-8ef7-5999f798ab39.s.85.e.22"/><pair ddi="false" e1="Dailymed.eefc47bc-c10f-49bb-8ef7-5999f798ab39.s.85.e.3" e2="Dailymed.eefc47bc-c10f-49bb-8ef7-5999f798ab39.s.85.e.23"/><pair ddi="false" e1="Dailymed.eefc47bc-c10f-49bb-8ef7-5999f798ab39.s.85.e.3" e2="Dailymed.eefc47bc-c10f-49bb-8ef7-5999f798ab39.s.85.e.24"/><pair ddi="false" e1="Dailymed.eefc47bc-c10f-49bb-8ef7-5999f798ab39.s.85.e.25" e2="Dailymed.eefc47bc-c10f-49bb-8ef7-5999f798ab39.s.85.e.3"/><pair ddi="false" e1="Dailymed.eefc47bc-c10f-49bb-8ef7-5999f798ab39.s.85.e.3" e2="Dailymed.eefc47bc-c10f-49bb-8ef7-5999f798ab39.s.85.e.26"/><pair ddi="false" e1="Dailymed.eefc47bc-c10f-49bb-8ef7-5999f798ab39.s.85.e.5" e2="Dailymed.eefc47bc-c10f-49bb-8ef7-5999f798ab39.s.85.e.4"/><pair ddi="false" e1="Dailymed.eefc47bc-c10f-49bb-8ef7-5999f798ab39.s.85.e.6" e2="Dailymed.eefc47bc-c10f-49bb-8ef7-5999f798ab39.s.85.e.4"/><pair ddi="false" e1="Dailymed.eefc47bc-c10f-49bb-8ef7-5999f798ab39.s.85.e.7" e2="Dailymed.eefc47bc-c10f-49bb-8ef7-5999f798ab39.s.85.e.4"/><pair ddi="false" e1="Dailymed.eefc47bc-c10f-49bb-8ef7-5999f798ab39.s.85.e.8" e2="Dailymed.eefc47bc-c10f-49bb-8ef7-5999f798ab39.s.85.e.4"/><pair ddi="false" e1="Dailymed.eefc47bc-c10f-49bb-8ef7-5999f798ab39.s.85.e.9" e2="Dailymed.eefc47bc-c10f-49bb-8ef7-5999f798ab39.s.85.e.4"/><pair ddi="false" e1="Dailymed.eefc47bc-c10f-49bb-8ef7-5999f798ab39.s.85.e.10" e2="Dailymed.eefc47bc-c10f-49bb-8ef7-5999f798ab39.s.85.e.4"/><pair ddi="false" e1="Dailymed.eefc47bc-c10f-49bb-8ef7-5999f798ab39.s.85.e.4" e2="Dailymed.eefc47bc-c10f-49bb-8ef7-5999f798ab39.s.85.e.11"/><pair ddi="false" e1="Dailymed.eefc47bc-c10f-49bb-8ef7-5999f798ab39.s.85.e.12" e2="Dailymed.eefc47bc-c10f-49bb-8ef7-5999f798ab39.s.85.e.4"/><pair ddi="false" e1="Dailymed.eefc47bc-c10f-49bb-8ef7-5999f798ab39.s.85.e.13" e2="Dailymed.eefc47bc-c10f-49bb-8ef7-5999f798ab39.s.85.e.4"/><pair ddi="false" e1="Dailymed.eefc47bc-c10f-49bb-8ef7-5999f798ab39.s.85.e.4" e2="Dailymed.eefc47bc-c10f-49bb-8ef7-5999f798ab39.s.85.e.14"/><pair ddi="false" e1="Dailymed.eefc47bc-c10f-49bb-8ef7-5999f798ab39.s.85.e.4" e2="Dailymed.eefc47bc-c10f-49bb-8ef7-5999f798ab39.s.85.e.15"/><pair ddi="false" e1="Dailymed.eefc47bc-c10f-49bb-8ef7-5999f798ab39.s.85.e.4" e2="Dailymed.eefc47bc-c10f-49bb-8ef7-5999f798ab39.s.85.e.16"/><pair ddi="false" e1="Dailymed.eefc47bc-c10f-49bb-8ef7-5999f798ab39.s.85.e.4" e2="Dailymed.eefc47bc-c10f-49bb-8ef7-5999f798ab39.s.85.e.17"/><pair ddi="false" e1="Dailymed.eefc47bc-c10f-49bb-8ef7-5999f798ab39.s.85.e.18" e2="Dailymed.eefc47bc-c10f-49bb-8ef7-5999f798ab39.s.85.e.4"/><pair ddi="false" e1="Dailymed.eefc47bc-c10f-49bb-8ef7-5999f798ab39.s.85.e.4" e2="Dailymed.eefc47bc-c10f-49bb-8ef7-5999f798ab39.s.85.e.19"/><pair ddi="false" e1="Dailymed.eefc47bc-c10f-49bb-8ef7-5999f798ab39.s.85.e.4" e2="Dailymed.eefc47bc-c10f-49bb-8ef7-5999f798ab39.s.85.e.20"/><pair ddi="false" e1="Dailymed.eefc47bc-c10f-49bb-8ef7-5999f798ab39.s.85.e.21" e2="Dailymed.eefc47bc-c10f-49bb-8ef7-5999f798ab39.s.85.e.4"/><pair ddi="false" e1="Dailymed.eefc47bc-c10f-49bb-8ef7-5999f798ab39.s.85.e.4" e2="Dailymed.eefc47bc-c10f-49bb-8ef7-5999f798ab39.s.85.e.22"/><pair ddi="false" e1="Dailymed.eefc47bc-c10f-49bb-8ef7-5999f798ab39.s.85.e.4" e2="Dailymed.eefc47bc-c10f-49bb-8ef7-5999f798ab39.s.85.e.23"/><pair ddi="false" e1="Dailymed.eefc47bc-c10f-49bb-8ef7-5999f798ab39.s.85.e.24" e2="Dailymed.eefc47bc-c10f-49bb-8ef7-5999f798ab39.s.85.e.4"/><pair ddi="false" e1="Dailymed.eefc47bc-c10f-49bb-8ef7-5999f798ab39.s.85.e.25" e2="Dailymed.eefc47bc-c10f-49bb-8ef7-5999f798ab39.s.85.e.4"/><pair ddi="false" e1="Dailymed.eefc47bc-c10f-49bb-8ef7-5999f798ab39.s.85.e.4" e2="Dailymed.eefc47bc-c10f-49bb-8ef7-5999f798ab39.s.85.e.26"/><pair ddi="false" e1="Dailymed.eefc47bc-c10f-49bb-8ef7-5999f798ab39.s.85.e.6" e2="Dailymed.eefc47bc-c10f-49bb-8ef7-5999f798ab39.s.85.e.5"/><pair ddi="false" e1="Dailymed.eefc47bc-c10f-49bb-8ef7-5999f798ab39.s.85.e.7" e2="Dailymed.eefc47bc-c10f-49bb-8ef7-5999f798ab39.s.85.e.5"/><pair ddi="false" e1="Dailymed.eefc47bc-c10f-49bb-8ef7-5999f798ab39.s.85.e.8" e2="Dailymed.eefc47bc-c10f-49bb-8ef7-5999f798ab39.s.85.e.5"/><pair ddi="false" e1="Dailymed.eefc47bc-c10f-49bb-8ef7-5999f798ab39.s.85.e.9" e2="Dailymed.eefc47bc-c10f-49bb-8ef7-5999f798ab39.s.85.e.5"/><pair ddi="false" e1="Dailymed.eefc47bc-c10f-49bb-8ef7-5999f798ab39.s.85.e.10" e2="Dailymed.eefc47bc-c10f-49bb-8ef7-5999f798ab39.s.85.e.5"/><pair ddi="false" e1="Dailymed.eefc47bc-c10f-49bb-8ef7-5999f798ab39.s.85.e.5" e2="Dailymed.eefc47bc-c10f-49bb-8ef7-5999f798ab39.s.85.e.11"/><pair ddi="false" e1="Dailymed.eefc47bc-c10f-49bb-8ef7-5999f798ab39.s.85.e.12" e2="Dailymed.eefc47bc-c10f-49bb-8ef7-5999f798ab39.s.85.e.5"/><pair ddi="false" e1="Dailymed.eefc47bc-c10f-49bb-8ef7-5999f798ab39.s.85.e.5" e2="Dailymed.eefc47bc-c10f-49bb-8ef7-5999f798ab39.s.85.e.13"/><pair ddi="false" e1="Dailymed.eefc47bc-c10f-49bb-8ef7-5999f798ab39.s.85.e.5" e2="Dailymed.eefc47bc-c10f-49bb-8ef7-5999f798ab39.s.85.e.14"/><pair ddi="false" e1="Dailymed.eefc47bc-c10f-49bb-8ef7-5999f798ab39.s.85.e.5" e2="Dailymed.eefc47bc-c10f-49bb-8ef7-5999f798ab39.s.85.e.15"/><pair ddi="false" e1="Dailymed.eefc47bc-c10f-49bb-8ef7-5999f798ab39.s.85.e.5" e2="Dailymed.eefc47bc-c10f-49bb-8ef7-5999f798ab39.s.85.e.16"/><pair ddi="false" e1="Dailymed.eefc47bc-c10f-49bb-8ef7-5999f798ab39.s.85.e.5" e2="Dailymed.eefc47bc-c10f-49bb-8ef7-5999f798ab39.s.85.e.17"/><pair ddi="false" e1="Dailymed.eefc47bc-c10f-49bb-8ef7-5999f798ab39.s.85.e.5" e2="Dailymed.eefc47bc-c10f-49bb-8ef7-5999f798ab39.s.85.e.18"/><pair ddi="false" e1="Dailymed.eefc47bc-c10f-49bb-8ef7-5999f798ab39.s.85.e.5" e2="Dailymed.eefc47bc-c10f-49bb-8ef7-5999f798ab39.s.85.e.19"/><pair ddi="false" e1="Dailymed.eefc47bc-c10f-49bb-8ef7-5999f798ab39.s.85.e.5" e2="Dailymed.eefc47bc-c10f-49bb-8ef7-5999f798ab39.s.85.e.20"/><pair ddi="false" e1="Dailymed.eefc47bc-c10f-49bb-8ef7-5999f798ab39.s.85.e.21" e2="Dailymed.eefc47bc-c10f-49bb-8ef7-5999f798ab39.s.85.e.5"/><pair ddi="false" e1="Dailymed.eefc47bc-c10f-49bb-8ef7-5999f798ab39.s.85.e.5" e2="Dailymed.eefc47bc-c10f-49bb-8ef7-5999f798ab39.s.85.e.22"/><pair ddi="false" e1="Dailymed.eefc47bc-c10f-49bb-8ef7-5999f798ab39.s.85.e.5" e2="Dailymed.eefc47bc-c10f-49bb-8ef7-5999f798ab39.s.85.e.23"/><pair ddi="false" e1="Dailymed.eefc47bc-c10f-49bb-8ef7-5999f798ab39.s.85.e.5" e2="Dailymed.eefc47bc-c10f-49bb-8ef7-5999f798ab39.s.85.e.24"/><pair ddi="false" e1="Dailymed.eefc47bc-c10f-49bb-8ef7-5999f798ab39.s.85.e.25" e2="Dailymed.eefc47bc-c10f-49bb-8ef7-5999f798ab39.s.85.e.5"/><pair ddi="false" e1="Dailymed.eefc47bc-c10f-49bb-8ef7-5999f798ab39.s.85.e.5" e2="Dailymed.eefc47bc-c10f-49bb-8ef7-5999f798ab39.s.85.e.26"/><pair ddi="false" e1="Dailymed.eefc47bc-c10f-49bb-8ef7-5999f798ab39.s.85.e.6" e2="Dailymed.eefc47bc-c10f-49bb-8ef7-5999f798ab39.s.85.e.7"/><pair ddi="false" e1="Dailymed.eefc47bc-c10f-49bb-8ef7-5999f798ab39.s.85.e.6" e2="Dailymed.eefc47bc-c10f-49bb-8ef7-5999f798ab39.s.85.e.8"/><pair ddi="false" e1="Dailymed.eefc47bc-c10f-49bb-8ef7-5999f798ab39.s.85.e.6" e2="Dailymed.eefc47bc-c10f-49bb-8ef7-5999f798ab39.s.85.e.9"/><pair ddi="false" e1="Dailymed.eefc47bc-c10f-49bb-8ef7-5999f798ab39.s.85.e.6" e2="Dailymed.eefc47bc-c10f-49bb-8ef7-5999f798ab39.s.85.e.10"/><pair ddi="false" e1="Dailymed.eefc47bc-c10f-49bb-8ef7-5999f798ab39.s.85.e.6" e2="Dailymed.eefc47bc-c10f-49bb-8ef7-5999f798ab39.s.85.e.11"/><pair ddi="false" e1="Dailymed.eefc47bc-c10f-49bb-8ef7-5999f798ab39.s.85.e.12" e2="Dailymed.eefc47bc-c10f-49bb-8ef7-5999f798ab39.s.85.e.6"/><pair ddi="false" e1="Dailymed.eefc47bc-c10f-49bb-8ef7-5999f798ab39.s.85.e.6" e2="Dailymed.eefc47bc-c10f-49bb-8ef7-5999f798ab39.s.85.e.13"/><pair ddi="false" e1="Dailymed.eefc47bc-c10f-49bb-8ef7-5999f798ab39.s.85.e.6" e2="Dailymed.eefc47bc-c10f-49bb-8ef7-5999f798ab39.s.85.e.14"/><pair ddi="false" e1="Dailymed.eefc47bc-c10f-49bb-8ef7-5999f798ab39.s.85.e.6" e2="Dailymed.eefc47bc-c10f-49bb-8ef7-5999f798ab39.s.85.e.15"/><pair ddi="false" e1="Dailymed.eefc47bc-c10f-49bb-8ef7-5999f798ab39.s.85.e.6" e2="Dailymed.eefc47bc-c10f-49bb-8ef7-5999f798ab39.s.85.e.16"/><pair ddi="false" e1="Dailymed.eefc47bc-c10f-49bb-8ef7-5999f798ab39.s.85.e.6" e2="Dailymed.eefc47bc-c10f-49bb-8ef7-5999f798ab39.s.85.e.17"/><pair ddi="false" e1="Dailymed.eefc47bc-c10f-49bb-8ef7-5999f798ab39.s.85.e.6" e2="Dailymed.eefc47bc-c10f-49bb-8ef7-5999f798ab39.s.85.e.18"/><pair ddi="false" e1="Dailymed.eefc47bc-c10f-49bb-8ef7-5999f798ab39.s.85.e.6" e2="Dailymed.eefc47bc-c10f-49bb-8ef7-5999f798ab39.s.85.e.19"/><pair ddi="false" e1="Dailymed.eefc47bc-c10f-49bb-8ef7-5999f798ab39.s.85.e.6" e2="Dailymed.eefc47bc-c10f-49bb-8ef7-5999f798ab39.s.85.e.20"/><pair ddi="false" e1="Dailymed.eefc47bc-c10f-49bb-8ef7-5999f798ab39.s.85.e.21" e2="Dailymed.eefc47bc-c10f-49bb-8ef7-5999f798ab39.s.85.e.6"/><pair ddi="false" e1="Dailymed.eefc47bc-c10f-49bb-8ef7-5999f798ab39.s.85.e.6" e2="Dailymed.eefc47bc-c10f-49bb-8ef7-5999f798ab39.s.85.e.22"/><pair ddi="false" e1="Dailymed.eefc47bc-c10f-49bb-8ef7-5999f798ab39.s.85.e.6" e2="Dailymed.eefc47bc-c10f-49bb-8ef7-5999f798ab39.s.85.e.23"/><pair ddi="false" e1="Dailymed.eefc47bc-c10f-49bb-8ef7-5999f798ab39.s.85.e.6" e2="Dailymed.eefc47bc-c10f-49bb-8ef7-5999f798ab39.s.85.e.24"/><pair ddi="false" e1="Dailymed.eefc47bc-c10f-49bb-8ef7-5999f798ab39.s.85.e.6" e2="Dailymed.eefc47bc-c10f-49bb-8ef7-5999f798ab39.s.85.e.25"/><pair ddi="false" e1="Dailymed.eefc47bc-c10f-49bb-8ef7-5999f798ab39.s.85.e.6" e2="Dailymed.eefc47bc-c10f-49bb-8ef7-5999f798ab39.s.85.e.26"/><pair ddi="false" e1="Dailymed.eefc47bc-c10f-49bb-8ef7-5999f798ab39.s.85.e.8" e2="Dailymed.eefc47bc-c10f-49bb-8ef7-5999f798ab39.s.85.e.7"/><pair ddi="false" e1="Dailymed.eefc47bc-c10f-49bb-8ef7-5999f798ab39.s.85.e.9" e2="Dailymed.eefc47bc-c10f-49bb-8ef7-5999f798ab39.s.85.e.7"/><pair ddi="false" e1="Dailymed.eefc47bc-c10f-49bb-8ef7-5999f798ab39.s.85.e.10" e2="Dailymed.eefc47bc-c10f-49bb-8ef7-5999f798ab39.s.85.e.7"/><pair ddi="false" e1="Dailymed.eefc47bc-c10f-49bb-8ef7-5999f798ab39.s.85.e.7" e2="Dailymed.eefc47bc-c10f-49bb-8ef7-5999f798ab39.s.85.e.11"/><pair ddi="false" e1="Dailymed.eefc47bc-c10f-49bb-8ef7-5999f798ab39.s.85.e.12" e2="Dailymed.eefc47bc-c10f-49bb-8ef7-5999f798ab39.s.85.e.7"/><pair ddi="false" e1="Dailymed.eefc47bc-c10f-49bb-8ef7-5999f798ab39.s.85.e.7" e2="Dailymed.eefc47bc-c10f-49bb-8ef7-5999f798ab39.s.85.e.13"/><pair ddi="false" e1="Dailymed.eefc47bc-c10f-49bb-8ef7-5999f798ab39.s.85.e.7" e2="Dailymed.eefc47bc-c10f-49bb-8ef7-5999f798ab39.s.85.e.14"/><pair ddi="false" e1="Dailymed.eefc47bc-c10f-49bb-8ef7-5999f798ab39.s.85.e.7" e2="Dailymed.eefc47bc-c10f-49bb-8ef7-5999f798ab39.s.85.e.15"/><pair ddi="false" e1="Dailymed.eefc47bc-c10f-49bb-8ef7-5999f798ab39.s.85.e.7" e2="Dailymed.eefc47bc-c10f-49bb-8ef7-5999f798ab39.s.85.e.16"/><pair ddi="false" e1="Dailymed.eefc47bc-c10f-49bb-8ef7-5999f798ab39.s.85.e.7" e2="Dailymed.eefc47bc-c10f-49bb-8ef7-5999f798ab39.s.85.e.17"/><pair ddi="false" e1="Dailymed.eefc47bc-c10f-49bb-8ef7-5999f798ab39.s.85.e.7" e2="Dailymed.eefc47bc-c10f-49bb-8ef7-5999f798ab39.s.85.e.18"/><pair ddi="false" e1="Dailymed.eefc47bc-c10f-49bb-8ef7-5999f798ab39.s.85.e.7" e2="Dailymed.eefc47bc-c10f-49bb-8ef7-5999f798ab39.s.85.e.19"/><pair ddi="false" e1="Dailymed.eefc47bc-c10f-49bb-8ef7-5999f798ab39.s.85.e.7" e2="Dailymed.eefc47bc-c10f-49bb-8ef7-5999f798ab39.s.85.e.20"/><pair ddi="false" e1="Dailymed.eefc47bc-c10f-49bb-8ef7-5999f798ab39.s.85.e.21" e2="Dailymed.eefc47bc-c10f-49bb-8ef7-5999f798ab39.s.85.e.7"/><pair ddi="false" e1="Dailymed.eefc47bc-c10f-49bb-8ef7-5999f798ab39.s.85.e.7" e2="Dailymed.eefc47bc-c10f-49bb-8ef7-5999f798ab39.s.85.e.22"/><pair ddi="false" e1="Dailymed.eefc47bc-c10f-49bb-8ef7-5999f798ab39.s.85.e.7" e2="Dailymed.eefc47bc-c10f-49bb-8ef7-5999f798ab39.s.85.e.23"/><pair ddi="false" e1="Dailymed.eefc47bc-c10f-49bb-8ef7-5999f798ab39.s.85.e.7" e2="Dailymed.eefc47bc-c10f-49bb-8ef7-5999f798ab39.s.85.e.24"/><pair ddi="false" e1="Dailymed.eefc47bc-c10f-49bb-8ef7-5999f798ab39.s.85.e.7" e2="Dailymed.eefc47bc-c10f-49bb-8ef7-5999f798ab39.s.85.e.25"/><pair ddi="false" e1="Dailymed.eefc47bc-c10f-49bb-8ef7-5999f798ab39.s.85.e.7" e2="Dailymed.eefc47bc-c10f-49bb-8ef7-5999f798ab39.s.85.e.26"/><pair ddi="false" e1="Dailymed.eefc47bc-c10f-49bb-8ef7-5999f798ab39.s.85.e.8" e2="Dailymed.eefc47bc-c10f-49bb-8ef7-5999f798ab39.s.85.e.10"/><pair ddi="false" e1="Dailymed.eefc47bc-c10f-49bb-8ef7-5999f798ab39.s.85.e.8" e2="Dailymed.eefc47bc-c10f-49bb-8ef7-5999f798ab39.s.85.e.11"/><pair ddi="false" e1="Dailymed.eefc47bc-c10f-49bb-8ef7-5999f798ab39.s.85.e.12" e2="Dailymed.eefc47bc-c10f-49bb-8ef7-5999f798ab39.s.85.e.8"/><pair ddi="false" e1="Dailymed.eefc47bc-c10f-49bb-8ef7-5999f798ab39.s.85.e.8" e2="Dailymed.eefc47bc-c10f-49bb-8ef7-5999f798ab39.s.85.e.13"/><pair ddi="false" e1="Dailymed.eefc47bc-c10f-49bb-8ef7-5999f798ab39.s.85.e.8" e2="Dailymed.eefc47bc-c10f-49bb-8ef7-5999f798ab39.s.85.e.14"/><pair ddi="false" e1="Dailymed.eefc47bc-c10f-49bb-8ef7-5999f798ab39.s.85.e.8" e2="Dailymed.eefc47bc-c10f-49bb-8ef7-5999f798ab39.s.85.e.15"/><pair ddi="false" e1="Dailymed.eefc47bc-c10f-49bb-8ef7-5999f798ab39.s.85.e.8" e2="Dailymed.eefc47bc-c10f-49bb-8ef7-5999f798ab39.s.85.e.16"/><pair ddi="false" e1="Dailymed.eefc47bc-c10f-49bb-8ef7-5999f798ab39.s.85.e.8" e2="Dailymed.eefc47bc-c10f-49bb-8ef7-5999f798ab39.s.85.e.17"/><pair ddi="false" e1="Dailymed.eefc47bc-c10f-49bb-8ef7-5999f798ab39.s.85.e.8" e2="Dailymed.eefc47bc-c10f-49bb-8ef7-5999f798ab39.s.85.e.18"/><pair ddi="false" e1="Dailymed.eefc47bc-c10f-49bb-8ef7-5999f798ab39.s.85.e.8" e2="Dailymed.eefc47bc-c10f-49bb-8ef7-5999f798ab39.s.85.e.19"/><pair ddi="false" e1="Dailymed.eefc47bc-c10f-49bb-8ef7-5999f798ab39.s.85.e.8" e2="Dailymed.eefc47bc-c10f-49bb-8ef7-5999f798ab39.s.85.e.20"/><pair ddi="false" e1="Dailymed.eefc47bc-c10f-49bb-8ef7-5999f798ab39.s.85.e.21" e2="Dailymed.eefc47bc-c10f-49bb-8ef7-5999f798ab39.s.85.e.8"/><pair ddi="false" e1="Dailymed.eefc47bc-c10f-49bb-8ef7-5999f798ab39.s.85.e.8" e2="Dailymed.eefc47bc-c10f-49bb-8ef7-5999f798ab39.s.85.e.22"/><pair ddi="false" e1="Dailymed.eefc47bc-c10f-49bb-8ef7-5999f798ab39.s.85.e.8" e2="Dailymed.eefc47bc-c10f-49bb-8ef7-5999f798ab39.s.85.e.23"/><pair ddi="false" e1="Dailymed.eefc47bc-c10f-49bb-8ef7-5999f798ab39.s.85.e.8" e2="Dailymed.eefc47bc-c10f-49bb-8ef7-5999f798ab39.s.85.e.24"/><pair ddi="false" e1="Dailymed.eefc47bc-c10f-49bb-8ef7-5999f798ab39.s.85.e.8" e2="Dailymed.eefc47bc-c10f-49bb-8ef7-5999f798ab39.s.85.e.25"/><pair ddi="false" e1="Dailymed.eefc47bc-c10f-49bb-8ef7-5999f798ab39.s.85.e.8" e2="Dailymed.eefc47bc-c10f-49bb-8ef7-5999f798ab39.s.85.e.26"/><pair ddi="false" e1="Dailymed.eefc47bc-c10f-49bb-8ef7-5999f798ab39.s.85.e.9" e2="Dailymed.eefc47bc-c10f-49bb-8ef7-5999f798ab39.s.85.e.10"/><pair ddi="false" e1="Dailymed.eefc47bc-c10f-49bb-8ef7-5999f798ab39.s.85.e.9" e2="Dailymed.eefc47bc-c10f-49bb-8ef7-5999f798ab39.s.85.e.11"/><pair ddi="false" e1="Dailymed.eefc47bc-c10f-49bb-8ef7-5999f798ab39.s.85.e.12" e2="Dailymed.eefc47bc-c10f-49bb-8ef7-5999f798ab39.s.85.e.9"/><pair ddi="false" e1="Dailymed.eefc47bc-c10f-49bb-8ef7-5999f798ab39.s.85.e.9" e2="Dailymed.eefc47bc-c10f-49bb-8ef7-5999f798ab39.s.85.e.13"/><pair ddi="false" e1="Dailymed.eefc47bc-c10f-49bb-8ef7-5999f798ab39.s.85.e.9" e2="Dailymed.eefc47bc-c10f-49bb-8ef7-5999f798ab39.s.85.e.14"/><pair ddi="false" e1="Dailymed.eefc47bc-c10f-49bb-8ef7-5999f798ab39.s.85.e.9" e2="Dailymed.eefc47bc-c10f-49bb-8ef7-5999f798ab39.s.85.e.15"/><pair ddi="false" e1="Dailymed.eefc47bc-c10f-49bb-8ef7-5999f798ab39.s.85.e.9" e2="Dailymed.eefc47bc-c10f-49bb-8ef7-5999f798ab39.s.85.e.16"/><pair ddi="false" e1="Dailymed.eefc47bc-c10f-49bb-8ef7-5999f798ab39.s.85.e.9" e2="Dailymed.eefc47bc-c10f-49bb-8ef7-5999f798ab39.s.85.e.17"/><pair ddi="false" e1="Dailymed.eefc47bc-c10f-49bb-8ef7-5999f798ab39.s.85.e.9" e2="Dailymed.eefc47bc-c10f-49bb-8ef7-5999f798ab39.s.85.e.18"/><pair ddi="false" e1="Dailymed.eefc47bc-c10f-49bb-8ef7-5999f798ab39.s.85.e.9" e2="Dailymed.eefc47bc-c10f-49bb-8ef7-5999f798ab39.s.85.e.19"/><pair ddi="false" e1="Dailymed.eefc47bc-c10f-49bb-8ef7-5999f798ab39.s.85.e.9" e2="Dailymed.eefc47bc-c10f-49bb-8ef7-5999f798ab39.s.85.e.20"/><pair ddi="false" e1="Dailymed.eefc47bc-c10f-49bb-8ef7-5999f798ab39.s.85.e.21" e2="Dailymed.eefc47bc-c10f-49bb-8ef7-5999f798ab39.s.85.e.9"/><pair ddi="false" e1="Dailymed.eefc47bc-c10f-49bb-8ef7-5999f798ab39.s.85.e.9" e2="Dailymed.eefc47bc-c10f-49bb-8ef7-5999f798ab39.s.85.e.22"/><pair ddi="false" e1="Dailymed.eefc47bc-c10f-49bb-8ef7-5999f798ab39.s.85.e.9" e2="Dailymed.eefc47bc-c10f-49bb-8ef7-5999f798ab39.s.85.e.23"/><pair ddi="false" e1="Dailymed.eefc47bc-c10f-49bb-8ef7-5999f798ab39.s.85.e.9" e2="Dailymed.eefc47bc-c10f-49bb-8ef7-5999f798ab39.s.85.e.24"/><pair ddi="false" e1="Dailymed.eefc47bc-c10f-49bb-8ef7-5999f798ab39.s.85.e.9" e2="Dailymed.eefc47bc-c10f-49bb-8ef7-5999f798ab39.s.85.e.25"/><pair ddi="false" e1="Dailymed.eefc47bc-c10f-49bb-8ef7-5999f798ab39.s.85.e.9" e2="Dailymed.eefc47bc-c10f-49bb-8ef7-5999f798ab39.s.85.e.26"/><pair ddi="false" e1="Dailymed.eefc47bc-c10f-49bb-8ef7-5999f798ab39.s.85.e.10" e2="Dailymed.eefc47bc-c10f-49bb-8ef7-5999f798ab39.s.85.e.11"/><pair ddi="false" e1="Dailymed.eefc47bc-c10f-49bb-8ef7-5999f798ab39.s.85.e.12" e2="Dailymed.eefc47bc-c10f-49bb-8ef7-5999f798ab39.s.85.e.10"/><pair ddi="false" e1="Dailymed.eefc47bc-c10f-49bb-8ef7-5999f798ab39.s.85.e.10" e2="Dailymed.eefc47bc-c10f-49bb-8ef7-5999f798ab39.s.85.e.13"/><pair ddi="false" e1="Dailymed.eefc47bc-c10f-49bb-8ef7-5999f798ab39.s.85.e.10" e2="Dailymed.eefc47bc-c10f-49bb-8ef7-5999f798ab39.s.85.e.14"/><pair ddi="false" e1="Dailymed.eefc47bc-c10f-49bb-8ef7-5999f798ab39.s.85.e.10" e2="Dailymed.eefc47bc-c10f-49bb-8ef7-5999f798ab39.s.85.e.15"/><pair ddi="false" e1="Dailymed.eefc47bc-c10f-49bb-8ef7-5999f798ab39.s.85.e.10" e2="Dailymed.eefc47bc-c10f-49bb-8ef7-5999f798ab39.s.85.e.16"/><pair ddi="false" e1="Dailymed.eefc47bc-c10f-49bb-8ef7-5999f798ab39.s.85.e.10" e2="Dailymed.eefc47bc-c10f-49bb-8ef7-5999f798ab39.s.85.e.17"/><pair ddi="false" e1="Dailymed.eefc47bc-c10f-49bb-8ef7-5999f798ab39.s.85.e.10" e2="Dailymed.eefc47bc-c10f-49bb-8ef7-5999f798ab39.s.85.e.18"/><pair ddi="false" e1="Dailymed.eefc47bc-c10f-49bb-8ef7-5999f798ab39.s.85.e.10" e2="Dailymed.eefc47bc-c10f-49bb-8ef7-5999f798ab39.s.85.e.19"/><pair ddi="false" e1="Dailymed.eefc47bc-c10f-49bb-8ef7-5999f798ab39.s.85.e.10" e2="Dailymed.eefc47bc-c10f-49bb-8ef7-5999f798ab39.s.85.e.20"/><pair ddi="false" e1="Dailymed.eefc47bc-c10f-49bb-8ef7-5999f798ab39.s.85.e.21" e2="Dailymed.eefc47bc-c10f-49bb-8ef7-5999f798ab39.s.85.e.10"/><pair ddi="false" e1="Dailymed.eefc47bc-c10f-49bb-8ef7-5999f798ab39.s.85.e.10" e2="Dailymed.eefc47bc-c10f-49bb-8ef7-5999f798ab39.s.85.e.22"/><pair ddi="false" e1="Dailymed.eefc47bc-c10f-49bb-8ef7-5999f798ab39.s.85.e.10" e2="Dailymed.eefc47bc-c10f-49bb-8ef7-5999f798ab39.s.85.e.23"/><pair ddi="false" e1="Dailymed.eefc47bc-c10f-49bb-8ef7-5999f798ab39.s.85.e.10" e2="Dailymed.eefc47bc-c10f-49bb-8ef7-5999f798ab39.s.85.e.24"/><pair ddi="false" e1="Dailymed.eefc47bc-c10f-49bb-8ef7-5999f798ab39.s.85.e.10" e2="Dailymed.eefc47bc-c10f-49bb-8ef7-5999f798ab39.s.85.e.25"/><pair ddi="false" e1="Dailymed.eefc47bc-c10f-49bb-8ef7-5999f798ab39.s.85.e.10" e2="Dailymed.eefc47bc-c10f-49bb-8ef7-5999f798ab39.s.85.e.26"/><pair ddi="false" e1="Dailymed.eefc47bc-c10f-49bb-8ef7-5999f798ab39.s.85.e.12" e2="Dailymed.eefc47bc-c10f-49bb-8ef7-5999f798ab39.s.85.e.11"/><pair ddi="false" e1="Dailymed.eefc47bc-c10f-49bb-8ef7-5999f798ab39.s.85.e.13" e2="Dailymed.eefc47bc-c10f-49bb-8ef7-5999f798ab39.s.85.e.11"/><pair ddi="false" e1="Dailymed.eefc47bc-c10f-49bb-8ef7-5999f798ab39.s.85.e.11" e2="Dailymed.eefc47bc-c10f-49bb-8ef7-5999f798ab39.s.85.e.14"/><pair ddi="false" e1="Dailymed.eefc47bc-c10f-49bb-8ef7-5999f798ab39.s.85.e.11" e2="Dailymed.eefc47bc-c10f-49bb-8ef7-5999f798ab39.s.85.e.15"/><pair ddi="false" e1="Dailymed.eefc47bc-c10f-49bb-8ef7-5999f798ab39.s.85.e.11" e2="Dailymed.eefc47bc-c10f-49bb-8ef7-5999f798ab39.s.85.e.16"/><pair ddi="false" e1="Dailymed.eefc47bc-c10f-49bb-8ef7-5999f798ab39.s.85.e.11" e2="Dailymed.eefc47bc-c10f-49bb-8ef7-5999f798ab39.s.85.e.17"/><pair ddi="false" e1="Dailymed.eefc47bc-c10f-49bb-8ef7-5999f798ab39.s.85.e.18" e2="Dailymed.eefc47bc-c10f-49bb-8ef7-5999f798ab39.s.85.e.11"/><pair ddi="false" e1="Dailymed.eefc47bc-c10f-49bb-8ef7-5999f798ab39.s.85.e.11" e2="Dailymed.eefc47bc-c10f-49bb-8ef7-5999f798ab39.s.85.e.19"/><pair ddi="false" e1="Dailymed.eefc47bc-c10f-49bb-8ef7-5999f798ab39.s.85.e.11" e2="Dailymed.eefc47bc-c10f-49bb-8ef7-5999f798ab39.s.85.e.20"/><pair ddi="false" e1="Dailymed.eefc47bc-c10f-49bb-8ef7-5999f798ab39.s.85.e.21" e2="Dailymed.eefc47bc-c10f-49bb-8ef7-5999f798ab39.s.85.e.11"/><pair ddi="false" e1="Dailymed.eefc47bc-c10f-49bb-8ef7-5999f798ab39.s.85.e.11" e2="Dailymed.eefc47bc-c10f-49bb-8ef7-5999f798ab39.s.85.e.22"/><pair ddi="false" e1="Dailymed.eefc47bc-c10f-49bb-8ef7-5999f798ab39.s.85.e.11" e2="Dailymed.eefc47bc-c10f-49bb-8ef7-5999f798ab39.s.85.e.23"/><pair ddi="false" e1="Dailymed.eefc47bc-c10f-49bb-8ef7-5999f798ab39.s.85.e.24" e2="Dailymed.eefc47bc-c10f-49bb-8ef7-5999f798ab39.s.85.e.11"/><pair ddi="false" e1="Dailymed.eefc47bc-c10f-49bb-8ef7-5999f798ab39.s.85.e.25" e2="Dailymed.eefc47bc-c10f-49bb-8ef7-5999f798ab39.s.85.e.11"/><pair ddi="false" e1="Dailymed.eefc47bc-c10f-49bb-8ef7-5999f798ab39.s.85.e.11" e2="Dailymed.eefc47bc-c10f-49bb-8ef7-5999f798ab39.s.85.e.26"/><pair ddi="false" e1="Dailymed.eefc47bc-c10f-49bb-8ef7-5999f798ab39.s.85.e.12" e2="Dailymed.eefc47bc-c10f-49bb-8ef7-5999f798ab39.s.85.e.13"/><pair ddi="false" e1="Dailymed.eefc47bc-c10f-49bb-8ef7-5999f798ab39.s.85.e.12" e2="Dailymed.eefc47bc-c10f-49bb-8ef7-5999f798ab39.s.85.e.14"/><pair ddi="false" e1="Dailymed.eefc47bc-c10f-49bb-8ef7-5999f798ab39.s.85.e.12" e2="Dailymed.eefc47bc-c10f-49bb-8ef7-5999f798ab39.s.85.e.15"/><pair ddi="false" e1="Dailymed.eefc47bc-c10f-49bb-8ef7-5999f798ab39.s.85.e.12" e2="Dailymed.eefc47bc-c10f-49bb-8ef7-5999f798ab39.s.85.e.16"/><pair ddi="false" e1="Dailymed.eefc47bc-c10f-49bb-8ef7-5999f798ab39.s.85.e.12" e2="Dailymed.eefc47bc-c10f-49bb-8ef7-5999f798ab39.s.85.e.17"/><pair ddi="false" e1="Dailymed.eefc47bc-c10f-49bb-8ef7-5999f798ab39.s.85.e.12" e2="Dailymed.eefc47bc-c10f-49bb-8ef7-5999f798ab39.s.85.e.18"/><pair ddi="false" e1="Dailymed.eefc47bc-c10f-49bb-8ef7-5999f798ab39.s.85.e.12" e2="Dailymed.eefc47bc-c10f-49bb-8ef7-5999f798ab39.s.85.e.19"/><pair ddi="false" e1="Dailymed.eefc47bc-c10f-49bb-8ef7-5999f798ab39.s.85.e.12" e2="Dailymed.eefc47bc-c10f-49bb-8ef7-5999f798ab39.s.85.e.20"/><pair ddi="false" e1="Dailymed.eefc47bc-c10f-49bb-8ef7-5999f798ab39.s.85.e.21" e2="Dailymed.eefc47bc-c10f-49bb-8ef7-5999f798ab39.s.85.e.12"/><pair ddi="false" e1="Dailymed.eefc47bc-c10f-49bb-8ef7-5999f798ab39.s.85.e.12" e2="Dailymed.eefc47bc-c10f-49bb-8ef7-5999f798ab39.s.85.e.22"/><pair ddi="false" e1="Dailymed.eefc47bc-c10f-49bb-8ef7-5999f798ab39.s.85.e.12" e2="Dailymed.eefc47bc-c10f-49bb-8ef7-5999f798ab39.s.85.e.23"/><pair ddi="false" e1="Dailymed.eefc47bc-c10f-49bb-8ef7-5999f798ab39.s.85.e.12" e2="Dailymed.eefc47bc-c10f-49bb-8ef7-5999f798ab39.s.85.e.24"/><pair ddi="false" e1="Dailymed.eefc47bc-c10f-49bb-8ef7-5999f798ab39.s.85.e.12" e2="Dailymed.eefc47bc-c10f-49bb-8ef7-5999f798ab39.s.85.e.25"/><pair ddi="false" e1="Dailymed.eefc47bc-c10f-49bb-8ef7-5999f798ab39.s.85.e.12" e2="Dailymed.eefc47bc-c10f-49bb-8ef7-5999f798ab39.s.85.e.26"/><pair ddi="false" e1="Dailymed.eefc47bc-c10f-49bb-8ef7-5999f798ab39.s.85.e.13" e2="Dailymed.eefc47bc-c10f-49bb-8ef7-5999f798ab39.s.85.e.14"/><pair ddi="false" e1="Dailymed.eefc47bc-c10f-49bb-8ef7-5999f798ab39.s.85.e.13" e2="Dailymed.eefc47bc-c10f-49bb-8ef7-5999f798ab39.s.85.e.15"/><pair ddi="false" e1="Dailymed.eefc47bc-c10f-49bb-8ef7-5999f798ab39.s.85.e.13" e2="Dailymed.eefc47bc-c10f-49bb-8ef7-5999f798ab39.s.85.e.16"/><pair ddi="false" e1="Dailymed.eefc47bc-c10f-49bb-8ef7-5999f798ab39.s.85.e.13" e2="Dailymed.eefc47bc-c10f-49bb-8ef7-5999f798ab39.s.85.e.17"/><pair ddi="false" e1="Dailymed.eefc47bc-c10f-49bb-8ef7-5999f798ab39.s.85.e.18" e2="Dailymed.eefc47bc-c10f-49bb-8ef7-5999f798ab39.s.85.e.13"/><pair ddi="false" e1="Dailymed.eefc47bc-c10f-49bb-8ef7-5999f798ab39.s.85.e.13" e2="Dailymed.eefc47bc-c10f-49bb-8ef7-5999f798ab39.s.85.e.19"/><pair ddi="false" e1="Dailymed.eefc47bc-c10f-49bb-8ef7-5999f798ab39.s.85.e.13" e2="Dailymed.eefc47bc-c10f-49bb-8ef7-5999f798ab39.s.85.e.20"/><pair ddi="false" e1="Dailymed.eefc47bc-c10f-49bb-8ef7-5999f798ab39.s.85.e.21" e2="Dailymed.eefc47bc-c10f-49bb-8ef7-5999f798ab39.s.85.e.13"/><pair ddi="false" e1="Dailymed.eefc47bc-c10f-49bb-8ef7-5999f798ab39.s.85.e.13" e2="Dailymed.eefc47bc-c10f-49bb-8ef7-5999f798ab39.s.85.e.22"/><pair ddi="false" e1="Dailymed.eefc47bc-c10f-49bb-8ef7-5999f798ab39.s.85.e.13" e2="Dailymed.eefc47bc-c10f-49bb-8ef7-5999f798ab39.s.85.e.23"/><pair ddi="false" e1="Dailymed.eefc47bc-c10f-49bb-8ef7-5999f798ab39.s.85.e.24" e2="Dailymed.eefc47bc-c10f-49bb-8ef7-5999f798ab39.s.85.e.13"/><pair ddi="false" e1="Dailymed.eefc47bc-c10f-49bb-8ef7-5999f798ab39.s.85.e.25" e2="Dailymed.eefc47bc-c10f-49bb-8ef7-5999f798ab39.s.85.e.13"/><pair ddi="false" e1="Dailymed.eefc47bc-c10f-49bb-8ef7-5999f798ab39.s.85.e.13" e2="Dailymed.eefc47bc-c10f-49bb-8ef7-5999f798ab39.s.85.e.26"/><pair ddi="false" e1="Dailymed.eefc47bc-c10f-49bb-8ef7-5999f798ab39.s.85.e.14" e2="Dailymed.eefc47bc-c10f-49bb-8ef7-5999f798ab39.s.85.e.15"/><pair ddi="false" e1="Dailymed.eefc47bc-c10f-49bb-8ef7-5999f798ab39.s.85.e.16" e2="Dailymed.eefc47bc-c10f-49bb-8ef7-5999f798ab39.s.85.e.14"/><pair ddi="false" e1="Dailymed.eefc47bc-c10f-49bb-8ef7-5999f798ab39.s.85.e.17" e2="Dailymed.eefc47bc-c10f-49bb-8ef7-5999f798ab39.s.85.e.14"/><pair ddi="false" e1="Dailymed.eefc47bc-c10f-49bb-8ef7-5999f798ab39.s.85.e.18" e2="Dailymed.eefc47bc-c10f-49bb-8ef7-5999f798ab39.s.85.e.14"/><pair ddi="false" e1="Dailymed.eefc47bc-c10f-49bb-8ef7-5999f798ab39.s.85.e.19" e2="Dailymed.eefc47bc-c10f-49bb-8ef7-5999f798ab39.s.85.e.14"/><pair ddi="false" e1="Dailymed.eefc47bc-c10f-49bb-8ef7-5999f798ab39.s.85.e.20" e2="Dailymed.eefc47bc-c10f-49bb-8ef7-5999f798ab39.s.85.e.14"/><pair ddi="false" e1="Dailymed.eefc47bc-c10f-49bb-8ef7-5999f798ab39.s.85.e.21" e2="Dailymed.eefc47bc-c10f-49bb-8ef7-5999f798ab39.s.85.e.14"/><pair ddi="false" e1="Dailymed.eefc47bc-c10f-49bb-8ef7-5999f798ab39.s.85.e.14" e2="Dailymed.eefc47bc-c10f-49bb-8ef7-5999f798ab39.s.85.e.22"/><pair ddi="false" e1="Dailymed.eefc47bc-c10f-49bb-8ef7-5999f798ab39.s.85.e.14" e2="Dailymed.eefc47bc-c10f-49bb-8ef7-5999f798ab39.s.85.e.23"/><pair ddi="false" e1="Dailymed.eefc47bc-c10f-49bb-8ef7-5999f798ab39.s.85.e.24" e2="Dailymed.eefc47bc-c10f-49bb-8ef7-5999f798ab39.s.85.e.14"/><pair ddi="false" e1="Dailymed.eefc47bc-c10f-49bb-8ef7-5999f798ab39.s.85.e.25" e2="Dailymed.eefc47bc-c10f-49bb-8ef7-5999f798ab39.s.85.e.14"/><pair ddi="false" e1="Dailymed.eefc47bc-c10f-49bb-8ef7-5999f798ab39.s.85.e.26" e2="Dailymed.eefc47bc-c10f-49bb-8ef7-5999f798ab39.s.85.e.14"/><pair ddi="false" e1="Dailymed.eefc47bc-c10f-49bb-8ef7-5999f798ab39.s.85.e.16" e2="Dailymed.eefc47bc-c10f-49bb-8ef7-5999f798ab39.s.85.e.15"/><pair ddi="false" e1="Dailymed.eefc47bc-c10f-49bb-8ef7-5999f798ab39.s.85.e.17" e2="Dailymed.eefc47bc-c10f-49bb-8ef7-5999f798ab39.s.85.e.15"/><pair ddi="false" e1="Dailymed.eefc47bc-c10f-49bb-8ef7-5999f798ab39.s.85.e.18" e2="Dailymed.eefc47bc-c10f-49bb-8ef7-5999f798ab39.s.85.e.15"/><pair ddi="false" e1="Dailymed.eefc47bc-c10f-49bb-8ef7-5999f798ab39.s.85.e.19" e2="Dailymed.eefc47bc-c10f-49bb-8ef7-5999f798ab39.s.85.e.15"/><pair ddi="false" e1="Dailymed.eefc47bc-c10f-49bb-8ef7-5999f798ab39.s.85.e.20" e2="Dailymed.eefc47bc-c10f-49bb-8ef7-5999f798ab39.s.85.e.15"/><pair ddi="false" e1="Dailymed.eefc47bc-c10f-49bb-8ef7-5999f798ab39.s.85.e.21" e2="Dailymed.eefc47bc-c10f-49bb-8ef7-5999f798ab39.s.85.e.15"/><pair ddi="false" e1="Dailymed.eefc47bc-c10f-49bb-8ef7-5999f798ab39.s.85.e.22" e2="Dailymed.eefc47bc-c10f-49bb-8ef7-5999f798ab39.s.85.e.15"/><pair ddi="false" e1="Dailymed.eefc47bc-c10f-49bb-8ef7-5999f798ab39.s.85.e.23" e2="Dailymed.eefc47bc-c10f-49bb-8ef7-5999f798ab39.s.85.e.15"/><pair ddi="false" e1="Dailymed.eefc47bc-c10f-49bb-8ef7-5999f798ab39.s.85.e.24" e2="Dailymed.eefc47bc-c10f-49bb-8ef7-5999f798ab39.s.85.e.15"/><pair ddi="false" e1="Dailymed.eefc47bc-c10f-49bb-8ef7-5999f798ab39.s.85.e.25" e2="Dailymed.eefc47bc-c10f-49bb-8ef7-5999f798ab39.s.85.e.15"/><pair ddi="false" e1="Dailymed.eefc47bc-c10f-49bb-8ef7-5999f798ab39.s.85.e.26" e2="Dailymed.eefc47bc-c10f-49bb-8ef7-5999f798ab39.s.85.e.15"/><pair ddi="false" e1="Dailymed.eefc47bc-c10f-49bb-8ef7-5999f798ab39.s.85.e.17" e2="Dailymed.eefc47bc-c10f-49bb-8ef7-5999f798ab39.s.85.e.16"/><pair ddi="false" e1="Dailymed.eefc47bc-c10f-49bb-8ef7-5999f798ab39.s.85.e.18" e2="Dailymed.eefc47bc-c10f-49bb-8ef7-5999f798ab39.s.85.e.16"/><pair ddi="false" e1="Dailymed.eefc47bc-c10f-49bb-8ef7-5999f798ab39.s.85.e.19" e2="Dailymed.eefc47bc-c10f-49bb-8ef7-5999f798ab39.s.85.e.16"/><pair ddi="false" e1="Dailymed.eefc47bc-c10f-49bb-8ef7-5999f798ab39.s.85.e.16" e2="Dailymed.eefc47bc-c10f-49bb-8ef7-5999f798ab39.s.85.e.20"/><pair ddi="false" e1="Dailymed.eefc47bc-c10f-49bb-8ef7-5999f798ab39.s.85.e.21" e2="Dailymed.eefc47bc-c10f-49bb-8ef7-5999f798ab39.s.85.e.16"/><pair ddi="false" e1="Dailymed.eefc47bc-c10f-49bb-8ef7-5999f798ab39.s.85.e.16" e2="Dailymed.eefc47bc-c10f-49bb-8ef7-5999f798ab39.s.85.e.22"/><pair ddi="false" e1="Dailymed.eefc47bc-c10f-49bb-8ef7-5999f798ab39.s.85.e.16" e2="Dailymed.eefc47bc-c10f-49bb-8ef7-5999f798ab39.s.85.e.23"/><pair ddi="false" e1="Dailymed.eefc47bc-c10f-49bb-8ef7-5999f798ab39.s.85.e.24" e2="Dailymed.eefc47bc-c10f-49bb-8ef7-5999f798ab39.s.85.e.16"/><pair ddi="false" e1="Dailymed.eefc47bc-c10f-49bb-8ef7-5999f798ab39.s.85.e.25" e2="Dailymed.eefc47bc-c10f-49bb-8ef7-5999f798ab39.s.85.e.16"/><pair ddi="false" e1="Dailymed.eefc47bc-c10f-49bb-8ef7-5999f798ab39.s.85.e.16" e2="Dailymed.eefc47bc-c10f-49bb-8ef7-5999f798ab39.s.85.e.26"/><pair ddi="false" e1="Dailymed.eefc47bc-c10f-49bb-8ef7-5999f798ab39.s.85.e.18" e2="Dailymed.eefc47bc-c10f-49bb-8ef7-5999f798ab39.s.85.e.17"/><pair ddi="false" e1="Dailymed.eefc47bc-c10f-49bb-8ef7-5999f798ab39.s.85.e.19" e2="Dailymed.eefc47bc-c10f-49bb-8ef7-5999f798ab39.s.85.e.17"/><pair ddi="false" e1="Dailymed.eefc47bc-c10f-49bb-8ef7-5999f798ab39.s.85.e.17" e2="Dailymed.eefc47bc-c10f-49bb-8ef7-5999f798ab39.s.85.e.20"/><pair ddi="false" e1="Dailymed.eefc47bc-c10f-49bb-8ef7-5999f798ab39.s.85.e.21" e2="Dailymed.eefc47bc-c10f-49bb-8ef7-5999f798ab39.s.85.e.17"/><pair ddi="false" e1="Dailymed.eefc47bc-c10f-49bb-8ef7-5999f798ab39.s.85.e.17" e2="Dailymed.eefc47bc-c10f-49bb-8ef7-5999f798ab39.s.85.e.22"/><pair ddi="false" e1="Dailymed.eefc47bc-c10f-49bb-8ef7-5999f798ab39.s.85.e.17" e2="Dailymed.eefc47bc-c10f-49bb-8ef7-5999f798ab39.s.85.e.23"/><pair ddi="false" e1="Dailymed.eefc47bc-c10f-49bb-8ef7-5999f798ab39.s.85.e.24" e2="Dailymed.eefc47bc-c10f-49bb-8ef7-5999f798ab39.s.85.e.17"/><pair ddi="false" e1="Dailymed.eefc47bc-c10f-49bb-8ef7-5999f798ab39.s.85.e.25" e2="Dailymed.eefc47bc-c10f-49bb-8ef7-5999f798ab39.s.85.e.17"/><pair ddi="false" e1="Dailymed.eefc47bc-c10f-49bb-8ef7-5999f798ab39.s.85.e.17" e2="Dailymed.eefc47bc-c10f-49bb-8ef7-5999f798ab39.s.85.e.26"/><pair ddi="false" e1="Dailymed.eefc47bc-c10f-49bb-8ef7-5999f798ab39.s.85.e.18" e2="Dailymed.eefc47bc-c10f-49bb-8ef7-5999f798ab39.s.85.e.19"/><pair ddi="false" e1="Dailymed.eefc47bc-c10f-49bb-8ef7-5999f798ab39.s.85.e.18" e2="Dailymed.eefc47bc-c10f-49bb-8ef7-5999f798ab39.s.85.e.20"/><pair ddi="false" e1="Dailymed.eefc47bc-c10f-49bb-8ef7-5999f798ab39.s.85.e.21" e2="Dailymed.eefc47bc-c10f-49bb-8ef7-5999f798ab39.s.85.e.18"/><pair ddi="false" e1="Dailymed.eefc47bc-c10f-49bb-8ef7-5999f798ab39.s.85.e.18" e2="Dailymed.eefc47bc-c10f-49bb-8ef7-5999f798ab39.s.85.e.22"/><pair ddi="false" e1="Dailymed.eefc47bc-c10f-49bb-8ef7-5999f798ab39.s.85.e.18" e2="Dailymed.eefc47bc-c10f-49bb-8ef7-5999f798ab39.s.85.e.23"/><pair ddi="false" e1="Dailymed.eefc47bc-c10f-49bb-8ef7-5999f798ab39.s.85.e.24" e2="Dailymed.eefc47bc-c10f-49bb-8ef7-5999f798ab39.s.85.e.18"/><pair ddi="false" e1="Dailymed.eefc47bc-c10f-49bb-8ef7-5999f798ab39.s.85.e.25" e2="Dailymed.eefc47bc-c10f-49bb-8ef7-5999f798ab39.s.85.e.18"/><pair ddi="false" e1="Dailymed.eefc47bc-c10f-49bb-8ef7-5999f798ab39.s.85.e.18" e2="Dailymed.eefc47bc-c10f-49bb-8ef7-5999f798ab39.s.85.e.26"/><pair ddi="false" e1="Dailymed.eefc47bc-c10f-49bb-8ef7-5999f798ab39.s.85.e.19" e2="Dailymed.eefc47bc-c10f-49bb-8ef7-5999f798ab39.s.85.e.20"/><pair ddi="false" e1="Dailymed.eefc47bc-c10f-49bb-8ef7-5999f798ab39.s.85.e.21" e2="Dailymed.eefc47bc-c10f-49bb-8ef7-5999f798ab39.s.85.e.19"/><pair ddi="false" e1="Dailymed.eefc47bc-c10f-49bb-8ef7-5999f798ab39.s.85.e.19" e2="Dailymed.eefc47bc-c10f-49bb-8ef7-5999f798ab39.s.85.e.22"/><pair ddi="false" e1="Dailymed.eefc47bc-c10f-49bb-8ef7-5999f798ab39.s.85.e.19" e2="Dailymed.eefc47bc-c10f-49bb-8ef7-5999f798ab39.s.85.e.23"/><pair ddi="false" e1="Dailymed.eefc47bc-c10f-49bb-8ef7-5999f798ab39.s.85.e.24" e2="Dailymed.eefc47bc-c10f-49bb-8ef7-5999f798ab39.s.85.e.19"/><pair ddi="false" e1="Dailymed.eefc47bc-c10f-49bb-8ef7-5999f798ab39.s.85.e.25" e2="Dailymed.eefc47bc-c10f-49bb-8ef7-5999f798ab39.s.85.e.19"/><pair ddi="false" e1="Dailymed.eefc47bc-c10f-49bb-8ef7-5999f798ab39.s.85.e.19" e2="Dailymed.eefc47bc-c10f-49bb-8ef7-5999f798ab39.s.85.e.26"/><pair ddi="false" e1="Dailymed.eefc47bc-c10f-49bb-8ef7-5999f798ab39.s.85.e.21" e2="Dailymed.eefc47bc-c10f-49bb-8ef7-5999f798ab39.s.85.e.20"/><pair ddi="false" e1="Dailymed.eefc47bc-c10f-49bb-8ef7-5999f798ab39.s.85.e.20" e2="Dailymed.eefc47bc-c10f-49bb-8ef7-5999f798ab39.s.85.e.22"/><pair ddi="false" e1="Dailymed.eefc47bc-c10f-49bb-8ef7-5999f798ab39.s.85.e.20" e2="Dailymed.eefc47bc-c10f-49bb-8ef7-5999f798ab39.s.85.e.23"/><pair ddi="false" e1="Dailymed.eefc47bc-c10f-49bb-8ef7-5999f798ab39.s.85.e.24" e2="Dailymed.eefc47bc-c10f-49bb-8ef7-5999f798ab39.s.85.e.20"/><pair ddi="false" e1="Dailymed.eefc47bc-c10f-49bb-8ef7-5999f798ab39.s.85.e.25" e2="Dailymed.eefc47bc-c10f-49bb-8ef7-5999f798ab39.s.85.e.20"/><pair ddi="false" e1="Dailymed.eefc47bc-c10f-49bb-8ef7-5999f798ab39.s.85.e.20" e2="Dailymed.eefc47bc-c10f-49bb-8ef7-5999f798ab39.s.85.e.26"/><pair ddi="false" e1="Dailymed.eefc47bc-c10f-49bb-8ef7-5999f798ab39.s.85.e.21" e2="Dailymed.eefc47bc-c10f-49bb-8ef7-5999f798ab39.s.85.e.22"/><pair ddi="false" e1="Dailymed.eefc47bc-c10f-49bb-8ef7-5999f798ab39.s.85.e.21" e2="Dailymed.eefc47bc-c10f-49bb-8ef7-5999f798ab39.s.85.e.23"/><pair ddi="false" e1="Dailymed.eefc47bc-c10f-49bb-8ef7-5999f798ab39.s.85.e.21" e2="Dailymed.eefc47bc-c10f-49bb-8ef7-5999f798ab39.s.85.e.24"/><pair ddi="false" e1="Dailymed.eefc47bc-c10f-49bb-8ef7-5999f798ab39.s.85.e.21" e2="Dailymed.eefc47bc-c10f-49bb-8ef7-5999f798ab39.s.85.e.25"/><pair ddi="false" e1="Dailymed.eefc47bc-c10f-49bb-8ef7-5999f798ab39.s.85.e.21" e2="Dailymed.eefc47bc-c10f-49bb-8ef7-5999f798ab39.s.85.e.26"/><pair ddi="false" e1="Dailymed.eefc47bc-c10f-49bb-8ef7-5999f798ab39.s.85.e.22" e2="Dailymed.eefc47bc-c10f-49bb-8ef7-5999f798ab39.s.85.e.23"/><pair ddi="false" e1="Dailymed.eefc47bc-c10f-49bb-8ef7-5999f798ab39.s.85.e.24" e2="Dailymed.eefc47bc-c10f-49bb-8ef7-5999f798ab39.s.85.e.22"/><pair ddi="false" e1="Dailymed.eefc47bc-c10f-49bb-8ef7-5999f798ab39.s.85.e.25" e2="Dailymed.eefc47bc-c10f-49bb-8ef7-5999f798ab39.s.85.e.22"/><pair ddi="false" e1="Dailymed.eefc47bc-c10f-49bb-8ef7-5999f798ab39.s.85.e.26" e2="Dailymed.eefc47bc-c10f-49bb-8ef7-5999f798ab39.s.85.e.22"/><pair ddi="false" e1="Dailymed.eefc47bc-c10f-49bb-8ef7-5999f798ab39.s.85.e.24" e2="Dailymed.eefc47bc-c10f-49bb-8ef7-5999f798ab39.s.85.e.23"/><pair ddi="false" e1="Dailymed.eefc47bc-c10f-49bb-8ef7-5999f798ab39.s.85.e.25" e2="Dailymed.eefc47bc-c10f-49bb-8ef7-5999f798ab39.s.85.e.23"/><pair ddi="false" e1="Dailymed.eefc47bc-c10f-49bb-8ef7-5999f798ab39.s.85.e.26" e2="Dailymed.eefc47bc-c10f-49bb-8ef7-5999f798ab39.s.85.e.23"/><pair ddi="false" e1="Dailymed.eefc47bc-c10f-49bb-8ef7-5999f798ab39.s.85.e.25" e2="Dailymed.eefc47bc-c10f-49bb-8ef7-5999f798ab39.s.85.e.24"/><pair ddi="false" e1="Dailymed.eefc47bc-c10f-49bb-8ef7-5999f798ab39.s.85.e.24" e2="Dailymed.eefc47bc-c10f-49bb-8ef7-5999f798ab39.s.85.e.26"/><pair ddi="false" e1="Dailymed.eefc47bc-c10f-49bb-8ef7-5999f798ab39.s.85.e.25" e2="Dailymed.eefc47bc-c10f-49bb-8ef7-5999f798ab39.s.85.e.26"/></sentence><sentence biomedicalEntities="2" id="Dailymed.eefc47bc-c10f-49bb-8ef7-5999f798ab39.s.86" lineNumber="78" text="Concomitant administration of CARDURA with a phosphodiesterase-5 (PDE-5) inhibitor can result in additive blood pressure lowering effects and symptomatic hypotension (see DOSAGE AND ADMINISTRATION)." type="regular"><entity charOffset="97:137" id="Dailymed.eefc47bc-c10f-49bb-8ef7-5999f798ab39.s.86.e.1" text="additive blood pressure lowering effects" type="Specific_Interaction"/><entity charOffset="30:37" id="Dailymed.eefc47bc-c10f-49bb-8ef7-5999f798ab39.s.86.e.2" text="CARDURA" type="Drug"><Normalization><mmtx cui="C0678136" phraseText="Concomitant administration of CARDURA" preferredWord="Cardura" semType="phsu, orch"/><RxNorm RxCui="196468"/></Normalization></entity><entity charOffset="45:82" id="Dailymed.eefc47bc-c10f-49bb-8ef7-5999f798ab39.s.86.e.3" text="phosphodiesterase-5 (PDE-5) inhibitor" type="Drug_Class"><Normalization><mmtx cui="C1318700" phraseText="with a phosphodiesterase-5 (PDE-5) inhibitor" preferredWord="Phosphodiesterase 5 inhibitor" semType="phsu"/><mmtx cui="C2923059" phraseText="with a phosphodiesterase-5 (PDE-5) inhibitor" preferredWord="Phosphodiesterase 5 Inhibitor [EPC]" semType="phsu"/><RxNorm RxCui="230032"/></Normalization></entity><entity charOffset="142:165" id="Dailymed.eefc47bc-c10f-49bb-8ef7-5999f798ab39.s.86.e.5" text="symptomatic hypotension" type="Specific_Interaction"/><drugInteraction id="Dailymed.eefc47bc-c10f-49bb-8ef7-5999f798ab39.s.86.ddi.1"><interaction trigger="Dailymed.eefc47bc-c10f-49bb-8ef7-5999f798ab39.s.86.e.1"><relations><relation type="hasObject"><entity id="Dailymed.eefc47bc-c10f-49bb-8ef7-5999f798ab39.s.86.e.2"/></relation><relation type="hasPrecipitant"><entity id="Dailymed.eefc47bc-c10f-49bb-8ef7-5999f798ab39.s.86.e.3"/></relation></relations></interaction></drugInteraction><drugInteraction id="Dailymed.eefc47bc-c10f-49bb-8ef7-5999f798ab39.s.86.ddi.2"><interaction trigger="Dailymed.eefc47bc-c10f-49bb-8ef7-5999f798ab39.s.86.e.5"><relations><relation type="hasObject"><entity id="Dailymed.eefc47bc-c10f-49bb-8ef7-5999f798ab39.s.86.e.2"/></relation><relation type="hasPrecipitant"><entity id="Dailymed.eefc47bc-c10f-49bb-8ef7-5999f798ab39.s.86.e.3"/></relation></relations></interaction></drugInteraction><pair ddi="true" e1="Dailymed.eefc47bc-c10f-49bb-8ef7-5999f798ab39.s.86.e.2" e2="Dailymed.eefc47bc-c10f-49bb-8ef7-5999f798ab39.s.86.e.3" trigger="Dailymed.eefc47bc-c10f-49bb-8ef7-5999f798ab39.s.86.e.1" type="Specific_Interaction"/></sentence><sentence id="Dailymed.eefc47bc-c10f-49bb-8ef7-5999f798ab39.s.110" text="Studies in lactating rats given a single oral dose of 1 mg/kg of 2-14C -CARDURA indicate that doxazosin accumulates in rat breast milk with a maximum concentration about 20 times greater than the maternal plasma concentration. " type="negative"><entity charOffset="94:103" id="Dailymed.eefc47bc-c10f-49bb-8ef7-5999f798ab39.s.110.e.0" text="doxazosin" type="Biomedical_Entity"><Normalization><mmtx cui="C0114873" phraseText="that doxazosin" preferredWord="Doxazosin" semType="phsu, orch"/><RxNorm RxCui="39173"/></Normalization></entity><entity charOffset="72:79" id="Dailymed.eefc47bc-c10f-49bb-8ef7-5999f798ab39.s.110.e.1" text="cardura" type="Biomedical_Entity"><Normalization><mmtx cui="C0678136" phraseText="of 2-14C -CARDURA" preferredWord="Cardura" semType="phsu, orch"/><RxNorm RxCui="196468"/></Normalization></entity><entity charOffset="11:20" id="Dailymed.eefc47bc-c10f-49bb-8ef7-5999f798ab39.s.110.e.2" text="lactating" type="Biomedical_Entity"><Normalization><mmtx cui="C0376261" phraseText="Studies in lactating rats" preferredWord="Lactate" semType="phsu, orch"/><RxNorm RxCui="114202"/></Normalization></entity><pair ddi="false" e1="Dailymed.eefc47bc-c10f-49bb-8ef7-5999f798ab39.s.110.e.1" e2="Dailymed.eefc47bc-c10f-49bb-8ef7-5999f798ab39.s.110.e.0"/><pair ddi="false" e1="Dailymed.eefc47bc-c10f-49bb-8ef7-5999f798ab39.s.110.e.2" e2="Dailymed.eefc47bc-c10f-49bb-8ef7-5999f798ab39.s.110.e.0"/><pair ddi="false" e1="Dailymed.eefc47bc-c10f-49bb-8ef7-5999f798ab39.s.110.e.2" e2="Dailymed.eefc47bc-c10f-49bb-8ef7-5999f798ab39.s.110.e.1"/></sentence><sentence id="Dailymed.eefc47bc-c10f-49bb-8ef7-5999f798ab39.s.114" text="The safety and effectiveness of CARDURA as an antihypertensive agent have not been established in children." type="negative"><entity charOffset="32:39" id="Dailymed.eefc47bc-c10f-49bb-8ef7-5999f798ab39.s.114.e.0" text="cardura" type="Biomedical_Entity"><Normalization><mmtx cui="C0678136" phraseText="effectiveness of CARDURA" preferredWord="Cardura" semType="phsu, orch"/><RxNorm RxCui="196468"/></Normalization></entity><entity charOffset="46:68" id="Dailymed.eefc47bc-c10f-49bb-8ef7-5999f798ab39.s.114.e.1" text="antihypertensive agent" type="Biomedical_Entity"><Normalization><mmtx cui="C0003364" phraseText="as an antihypertensive agent" preferredWord="Antihypertensive Agents" semType="phsu"/><RxNorm RxCui="968"/></Normalization></entity><pair ddi="false" e1="Dailymed.eefc47bc-c10f-49bb-8ef7-5999f798ab39.s.114.e.0" e2="Dailymed.eefc47bc-c10f-49bb-8ef7-5999f798ab39.s.114.e.1"/></sentence><positiveExamples number="4"/><negativeExamples number="392"/></document>