<?xml version="1.0" encoding="UTF-8" standalone="no"?><document setID="f1b26274-a55e-4321-b96c-ce0df830f205"><labelDrug name="Lidocaine"><Normalization><mmtx cui="C0023660" preferredWord="Lidocaine" semType="phsu, orch"/><mmtx cui="C0023660" preferredWord="Lidocaine" semType="phsu, orch"/></Normalization></labelDrug><generic name="LIDOCAINE HYDROCHLORIDE"/><sentence id="Dailymed.f1b26274-a55e-4321-b96c-ce0df830f205.s.1" text="Drug Label for drug brand Lidocaine, containing LIDOCAINE HYDROCHLORIDE." type="negative"><entity charOffset="48:71" id="Dailymed.f1b26274-a55e-4321-b96c-ce0df830f205.s.1.e.0" text="lidocaine hydrochloride" type="Biomedical_Entity"><Normalization><mmtx cui="C0546869" phraseText="LIDOCAINE HYDROCHLORIDE." preferredWord="Lidocaine Hydrochloride" semType="phsu, orch"/><RxNorm RxCui="6387"/></Normalization></entity><entity charOffset="0:19" id="Dailymed.f1b26274-a55e-4321-b96c-ce0df830f205.s.1.e.1" text="drug drug" type="Biomedical_Entity"><Normalization><mmtx cui="C0013231" phraseText="Drug Label for drug brand Lidocaine," preferredWord="Drugs, Non-Prescription" semType="phsu"/><RxNorm RxCui="NA"/></Normalization></entity><entity charOffset="26:35" id="Dailymed.f1b26274-a55e-4321-b96c-ce0df830f205.s.1.e.2" text="lidocaine" type="Biomedical_Entity"><Normalization><mmtx cui="C0023660" phraseText="Drug Label for drug brand Lidocaine," preferredWord="Lidocaine" semType="phsu, orch"/><RxNorm RxCui="6387"/></Normalization></entity><pair ddi="false" e1="Dailymed.f1b26274-a55e-4321-b96c-ce0df830f205.s.1.e.1" e2="Dailymed.f1b26274-a55e-4321-b96c-ce0df830f205.s.1.e.0"/><pair ddi="false" e1="Dailymed.f1b26274-a55e-4321-b96c-ce0df830f205.s.1.e.2" e2="Dailymed.f1b26274-a55e-4321-b96c-ce0df830f205.s.1.e.0"/><pair ddi="false" e1="Dailymed.f1b26274-a55e-4321-b96c-ce0df830f205.s.1.e.1" e2="Dailymed.f1b26274-a55e-4321-b96c-ce0df830f205.s.1.e.2"/></sentence><sentence id="Dailymed.f1b26274-a55e-4321-b96c-ce0df830f205.s.3" text="Lidocaine Hydrochloride Injection, USP is contraindicated in patients with a known history of hypersensitivity to local anesthetics of the amide type. " type="negative"><entity charOffset="114:131" id="Dailymed.f1b26274-a55e-4321-b96c-ce0df830f205.s.3.e.0" text="local anesthetics" type="Biomedical_Entity"><Normalization><mmtx cui="C0002934" phraseText="to local anesthetics" preferredWord="Local Anesthetics" semType="phsu"/><RxNorm RxCui="992023"/></Normalization></entity><entity charOffset="10:23" id="Dailymed.f1b26274-a55e-4321-b96c-ce0df830f205.s.3.e.1" text="hydrochloride" type="Biomedical_Entity"><Normalization><mmtx cui="C1512523" phraseText="Lidocaine Hydrochloride Injection," preferredWord="hydrochloride" semType="inch, phsu"/><RxNorm RxCui="1306114"/></Normalization></entity><entity charOffset="0:33" id="Dailymed.f1b26274-a55e-4321-b96c-ce0df830f205.s.3.e.2" text="lidocaine injection" type="Biomedical_Entity"><Normalization><mmtx cui="C0308158" phraseText="Lidocaine Hydrochloride Injection," preferredWord="Lidocaine Injectable Solution [Xylocaine]" semType="clnd"/><RxNorm RxCui="6387"/></Normalization></entity><pair ddi="false" e1="Dailymed.f1b26274-a55e-4321-b96c-ce0df830f205.s.3.e.1" e2="Dailymed.f1b26274-a55e-4321-b96c-ce0df830f205.s.3.e.0"/><pair ddi="false" e1="Dailymed.f1b26274-a55e-4321-b96c-ce0df830f205.s.3.e.2" e2="Dailymed.f1b26274-a55e-4321-b96c-ce0df830f205.s.3.e.0"/><pair ddi="false" e1="Dailymed.f1b26274-a55e-4321-b96c-ce0df830f205.s.3.e.2" e2="Dailymed.f1b26274-a55e-4321-b96c-ce0df830f205.s.3.e.1"/></sentence><sentence id="Dailymed.f1b26274-a55e-4321-b96c-ce0df830f205.s.4" text="Lidocaine Hydrochloride Injection, USP should not be used in patients with STOKES-ADAMS syndrome, Wolff-Parkinson-White syndrome, or with severe degrees of sinoatrial, atrioventricular or intraventricular block." type="negative"><entity charOffset="10:23" id="Dailymed.f1b26274-a55e-4321-b96c-ce0df830f205.s.4.e.0" text="hydrochloride" type="Biomedical_Entity"><Normalization><mmtx cui="C1512523" phraseText="Lidocaine Hydrochloride Injection," preferredWord="hydrochloride" semType="inch, phsu"/><RxNorm RxCui="1306114"/></Normalization></entity><entity charOffset="0:33" id="Dailymed.f1b26274-a55e-4321-b96c-ce0df830f205.s.4.e.1" text="lidocaine injection" type="Biomedical_Entity"><Normalization><mmtx cui="C0308158" phraseText="Lidocaine Hydrochloride Injection," preferredWord="Lidocaine Injectable Solution [Xylocaine]" semType="clnd"/><RxNorm RxCui="6387"/></Normalization></entity><pair ddi="false" e1="Dailymed.f1b26274-a55e-4321-b96c-ce0df830f205.s.4.e.1" e2="Dailymed.f1b26274-a55e-4321-b96c-ce0df830f205.s.4.e.0"/></sentence><sentence id="Dailymed.f1b26274-a55e-4321-b96c-ce0df830f205.s.9" text="Occasional acceleration of ventricular rate may occur when Lidocaine Hydrochloride Injection, USP is administered to patients with atrial fibrillation." type="negative"><entity charOffset="59:92" id="Dailymed.f1b26274-a55e-4321-b96c-ce0df830f205.s.9.e.0" text="lidocaine injection" type="Biomedical_Entity"><Normalization><mmtx cui="C0308158" phraseText="Lidocaine Hydrochloride Injection," preferredWord="Lidocaine Injectable Solution [Xylocaine]" semType="clnd"/><RxNorm RxCui="6387"/></Normalization></entity><entity charOffset="69:82" id="Dailymed.f1b26274-a55e-4321-b96c-ce0df830f205.s.9.e.1" text="hydrochloride" type="Biomedical_Entity"><Normalization><mmtx cui="C1512523" phraseText="Lidocaine Hydrochloride Injection," preferredWord="hydrochloride" semType="inch, phsu"/><RxNorm RxCui="1306114"/></Normalization></entity><pair ddi="false" e1="Dailymed.f1b26274-a55e-4321-b96c-ce0df830f205.s.9.e.0" e2="Dailymed.f1b26274-a55e-4321-b96c-ce0df830f205.s.9.e.1"/></sentence><sentence id="Dailymed.f1b26274-a55e-4321-b96c-ce0df830f205.s.13" text="Examples of such drugs include benzodiazepines (e.g., diazepam, lorazepam), or an ultrashort acting barbiturate (e.g., thiopental or thiamylal). " type="negative"><entity charOffset="100:111" id="Dailymed.f1b26274-a55e-4321-b96c-ce0df830f205.s.13.e.0" text="barbiturate" type="Biomedical_Entity"><Normalization><mmtx cui="C3536849" phraseText="an ultrashort acting barbiturate" preferredWord="Barbiturate [EPC]" semType="phsu"/><RxNorm RxCui="1437144"/></Normalization></entity><entity charOffset="54:62" id="Dailymed.f1b26274-a55e-4321-b96c-ce0df830f205.s.13.e.1" text="diazepam" type="Biomedical_Entity"><Normalization><mmtx cui="C0012010" phraseText="diazepam," preferredWord="Diazepam" semType="phsu, orch"/><RxNorm RxCui="3322"/></Normalization></entity><entity charOffset="133:142" id="Dailymed.f1b26274-a55e-4321-b96c-ce0df830f205.s.13.e.2" text="thiamylal" type="Biomedical_Entity"><Normalization><mmtx cui="C0039855" phraseText="thiamylal" preferredWord="Thiamylal" semType="phsu, orch"/><RxNorm RxCui="10464"/></Normalization></entity><entity charOffset="64:73" id="Dailymed.f1b26274-a55e-4321-b96c-ce0df830f205.s.13.e.3" text="lorazepam" type="Biomedical_Entity"><Normalization><mmtx cui="C0024002" phraseText="lorazepam" preferredWord="Lorazepam" semType="phsu, orch"/><RxNorm RxCui="6470"/></Normalization></entity><entity charOffset="119:129" id="Dailymed.f1b26274-a55e-4321-b96c-ce0df830f205.s.13.e.4" text="thiopental" type="Biomedical_Entity"><Normalization><mmtx cui="C0039925" phraseText="thiopental" preferredWord="Thiopental" semType="phsu, orch"/><RxNorm RxCui="10493"/></Normalization></entity><entity charOffset="31:46" id="Dailymed.f1b26274-a55e-4321-b96c-ce0df830f205.s.13.e.5" text="benzodiazepines" type="Biomedical_Entity"><Normalization><mmtx cui="C0005064" phraseText="benzodiazepines" preferredWord="Benzodiazepines" semType="phsu, orch"/><RxNorm RxCui="1437142"/></Normalization></entity><pair ddi="false" e1="Dailymed.f1b26274-a55e-4321-b96c-ce0df830f205.s.13.e.1" e2="Dailymed.f1b26274-a55e-4321-b96c-ce0df830f205.s.13.e.0"/><pair ddi="false" e1="Dailymed.f1b26274-a55e-4321-b96c-ce0df830f205.s.13.e.0" e2="Dailymed.f1b26274-a55e-4321-b96c-ce0df830f205.s.13.e.2"/><pair ddi="false" e1="Dailymed.f1b26274-a55e-4321-b96c-ce0df830f205.s.13.e.3" e2="Dailymed.f1b26274-a55e-4321-b96c-ce0df830f205.s.13.e.0"/><pair ddi="false" e1="Dailymed.f1b26274-a55e-4321-b96c-ce0df830f205.s.13.e.0" e2="Dailymed.f1b26274-a55e-4321-b96c-ce0df830f205.s.13.e.4"/><pair ddi="false" e1="Dailymed.f1b26274-a55e-4321-b96c-ce0df830f205.s.13.e.5" e2="Dailymed.f1b26274-a55e-4321-b96c-ce0df830f205.s.13.e.0"/><pair ddi="false" e1="Dailymed.f1b26274-a55e-4321-b96c-ce0df830f205.s.13.e.1" e2="Dailymed.f1b26274-a55e-4321-b96c-ce0df830f205.s.13.e.2"/><pair ddi="false" e1="Dailymed.f1b26274-a55e-4321-b96c-ce0df830f205.s.13.e.1" e2="Dailymed.f1b26274-a55e-4321-b96c-ce0df830f205.s.13.e.3"/><pair ddi="false" e1="Dailymed.f1b26274-a55e-4321-b96c-ce0df830f205.s.13.e.1" e2="Dailymed.f1b26274-a55e-4321-b96c-ce0df830f205.s.13.e.4"/><pair ddi="false" e1="Dailymed.f1b26274-a55e-4321-b96c-ce0df830f205.s.13.e.5" e2="Dailymed.f1b26274-a55e-4321-b96c-ce0df830f205.s.13.e.1"/><pair ddi="false" e1="Dailymed.f1b26274-a55e-4321-b96c-ce0df830f205.s.13.e.3" e2="Dailymed.f1b26274-a55e-4321-b96c-ce0df830f205.s.13.e.2"/><pair ddi="false" e1="Dailymed.f1b26274-a55e-4321-b96c-ce0df830f205.s.13.e.4" e2="Dailymed.f1b26274-a55e-4321-b96c-ce0df830f205.s.13.e.2"/><pair ddi="false" e1="Dailymed.f1b26274-a55e-4321-b96c-ce0df830f205.s.13.e.5" e2="Dailymed.f1b26274-a55e-4321-b96c-ce0df830f205.s.13.e.2"/><pair ddi="false" e1="Dailymed.f1b26274-a55e-4321-b96c-ce0df830f205.s.13.e.3" e2="Dailymed.f1b26274-a55e-4321-b96c-ce0df830f205.s.13.e.4"/><pair ddi="false" e1="Dailymed.f1b26274-a55e-4321-b96c-ce0df830f205.s.13.e.5" e2="Dailymed.f1b26274-a55e-4321-b96c-ce0df830f205.s.13.e.3"/><pair ddi="false" e1="Dailymed.f1b26274-a55e-4321-b96c-ce0df830f205.s.13.e.5" e2="Dailymed.f1b26274-a55e-4321-b96c-ce0df830f205.s.13.e.4"/></sentence><sentence id="Dailymed.f1b26274-a55e-4321-b96c-ce0df830f205.s.14" text="If the patient is under anesthesia, a short-acting muscle relaxant (succinylcholine) may be used. " type="negative"><entity charOffset="51:66" id="Dailymed.f1b26274-a55e-4321-b96c-ce0df830f205.s.14.e.0" text="muscle relaxant" type="Biomedical_Entity"><Normalization><mmtx cui="C2911818" phraseText="a short-acting muscle relaxant" preferredWord="Muscle Relaxant [EPC]" semType="phsu"/><RxNorm RxCui="1023025"/></Normalization></entity><entity charOffset="68:83" id="Dailymed.f1b26274-a55e-4321-b96c-ce0df830f205.s.14.e.1" text="succinylcholine" type="Biomedical_Entity"><Normalization><mmtx cui="C0038627" phraseText="(succinylcholine" preferredWord="Succinylcholine" semType="phsu, orch"/><RxNorm RxCui="3565"/></Normalization></entity><entity charOffset="24:34" id="Dailymed.f1b26274-a55e-4321-b96c-ce0df830f205.s.14.e.2" text="anesthesia" type="Biomedical_Entity"><Normalization><mmtx cui="C0002932" phraseText="is under anesthesia," preferredWord="Anesthetics" semType="phsu"/><RxNorm RxCui="239756"/></Normalization></entity><pair ddi="false" e1="Dailymed.f1b26274-a55e-4321-b96c-ce0df830f205.s.14.e.0" e2="Dailymed.f1b26274-a55e-4321-b96c-ce0df830f205.s.14.e.1"/><pair ddi="false" e1="Dailymed.f1b26274-a55e-4321-b96c-ce0df830f205.s.14.e.2" e2="Dailymed.f1b26274-a55e-4321-b96c-ce0df830f205.s.14.e.0"/><pair ddi="false" e1="Dailymed.f1b26274-a55e-4321-b96c-ce0df830f205.s.14.e.2" e2="Dailymed.f1b26274-a55e-4321-b96c-ce0df830f205.s.14.e.1"/></sentence><sentence id="Dailymed.f1b26274-a55e-4321-b96c-ce0df830f205.s.19" text="Caution should be employed in the repeated use of Lidocaine Hydrochloride Injection, USP in patients with severe liver or renal disease because accumulation may occur and lead to toxic phenomena since Lidocaine Hydrochloride Injection, USP is metabolized mainly in the liver and excreted by the kidneys. " type="negative"><entity charOffset="201:234" id="Dailymed.f1b26274-a55e-4321-b96c-ce0df830f205.s.19.e.0" text="lidocaine injection" type="Biomedical_Entity"><Normalization><mmtx cui="C0308158" phraseText="Lidocaine Hydrochloride Injection," preferredWord="Lidocaine Injectable Solution [Xylocaine]" semType="clnd"/><RxNorm RxCui="6387"/></Normalization></entity><entity charOffset="211:224" id="Dailymed.f1b26274-a55e-4321-b96c-ce0df830f205.s.19.e.1" text="hydrochloride" type="Biomedical_Entity"><Normalization><mmtx cui="C1512523" phraseText="Lidocaine Hydrochloride Injection," preferredWord="hydrochloride" semType="inch, phsu"/><RxNorm RxCui="1306114"/></Normalization></entity><entity charOffset="50:73" id="Dailymed.f1b26274-a55e-4321-b96c-ce0df830f205.s.19.e.2" text="lidocaine hydrochloride" type="Biomedical_Entity"><Normalization><mmtx cui="C0546869" phraseText="employed in the repeated use of Lidocaine Hydrochloride Injection," preferredWord="Lidocaine Hydrochloride" semType="phsu, orch"/><RxNorm RxCui="6387"/></Normalization></entity><pair ddi="false" e1="Dailymed.f1b26274-a55e-4321-b96c-ce0df830f205.s.19.e.0" e2="Dailymed.f1b26274-a55e-4321-b96c-ce0df830f205.s.19.e.1"/><pair ddi="false" e1="Dailymed.f1b26274-a55e-4321-b96c-ce0df830f205.s.19.e.2" e2="Dailymed.f1b26274-a55e-4321-b96c-ce0df830f205.s.19.e.0"/><pair ddi="false" e1="Dailymed.f1b26274-a55e-4321-b96c-ce0df830f205.s.19.e.2" e2="Dailymed.f1b26274-a55e-4321-b96c-ce0df830f205.s.19.e.1"/></sentence><sentence id="Dailymed.f1b26274-a55e-4321-b96c-ce0df830f205.s.23" text="Many potent anesthetic drugs, neuromuscular blocking agents and possibly amide local anesthetics may serve as triggering agents for the fulminant hypermetabolic process termed malignant hyperthermia. " type="negative"><entity charOffset="73:96" id="Dailymed.f1b26274-a55e-4321-b96c-ce0df830f205.s.23.e.0" text="amide local anesthetics" type="Biomedical_Entity"><Normalization><mmtx cui="C3539945" phraseText="possibly amide local anesthetics" preferredWord="Amide local anesthetics" semType="phsu, orch"/><RxNorm RxCui="1430373"/></Normalization></entity><entity charOffset="12:28" id="Dailymed.f1b26274-a55e-4321-b96c-ce0df830f205.s.23.e.1" text="anesthetic drugs" type="Biomedical_Entity"><Normalization><mmtx cui="C0002932" phraseText="Many potent anesthetic drugs," preferredWord="Anesthetics" semType="phsu"/><RxNorm RxCui="817"/></Normalization></entity><entity charOffset="30:59" id="Dailymed.f1b26274-a55e-4321-b96c-ce0df830f205.s.23.e.2" text="neuromuscular blocking agents" type="Biomedical_Entity"><Normalization><mmtx cui="C0027866" phraseText="neuromuscular blocking agents" preferredWord="Neuromuscular Blocking Agents" semType="phsu"/><RxNorm RxCui="1036249"/></Normalization></entity><pair ddi="false" e1="Dailymed.f1b26274-a55e-4321-b96c-ce0df830f205.s.23.e.1" e2="Dailymed.f1b26274-a55e-4321-b96c-ce0df830f205.s.23.e.0"/><pair ddi="false" e1="Dailymed.f1b26274-a55e-4321-b96c-ce0df830f205.s.23.e.2" e2="Dailymed.f1b26274-a55e-4321-b96c-ce0df830f205.s.23.e.0"/><pair ddi="false" e1="Dailymed.f1b26274-a55e-4321-b96c-ce0df830f205.s.23.e.1" e2="Dailymed.f1b26274-a55e-4321-b96c-ce0df830f205.s.23.e.2"/></sentence><sentence id="Dailymed.f1b26274-a55e-4321-b96c-ce0df830f205.s.25" text="Treatment includes administration of oxygen and discontinuation of lidocaine hydrochloride administration and where necessary administration of dantrolene sodium. " type="negative"><entity charOffset="67:90" id="Dailymed.f1b26274-a55e-4321-b96c-ce0df830f205.s.25.e.0" text="lidocaine hydrochloride" type="Biomedical_Entity"><Normalization><mmtx cui="C0546869" phraseText="discontinuation of lidocaine hydrochloride administration" preferredWord="Lidocaine Hydrochloride" semType="phsu, orch"/><RxNorm RxCui="6387"/></Normalization></entity><entity charOffset="144:161" id="Dailymed.f1b26274-a55e-4321-b96c-ce0df830f205.s.25.e.1" text="dantrolene sodium" type="Biomedical_Entity"><Normalization><mmtx cui="C0010977" phraseText="where necessary administration of dantrolene sodium." preferredWord="Dantrolene Sodium" semType="phsu, orch"/><RxNorm RxCui="3105"/></Normalization></entity><pair ddi="false" e1="Dailymed.f1b26274-a55e-4321-b96c-ce0df830f205.s.25.e.0" e2="Dailymed.f1b26274-a55e-4321-b96c-ce0df830f205.s.25.e.1"/></sentence><sentence biomedicalEntities="2" id="Dailymed.f1b26274-a55e-4321-b96c-ce0df830f205.s.28" lineNumber="30" text="The effect of Lidocaine Hydrochloride Injection, USP for the management of cardiac arrhythmias is potentiated with the simultaneous or prior administration of propranolol." type="regular"><entity charOffset="4:10|95:109" id="Dailymed.f1b26274-a55e-4321-b96c-ce0df830f205.s.28.e.0" text="effect is potentiated" type="Increase_Interaction"/><entity charOffset="14:47" id="Dailymed.f1b26274-a55e-4321-b96c-ce0df830f205.s.28.e.2" text="Lidocaine Hydrochloride Injection" type="Drug"><Normalization><mmtx cui="C0546869" phraseText="The effect of Lidocaine Hydrochloride Injection," preferredWord="Lidocaine Hydrochloride" semType="phsu, orch"/><RxNorm RxCui="6387"/></Normalization></entity><entity charOffset="75:94" id="Dailymed.f1b26274-a55e-4321-b96c-ce0df830f205.s.28.e.3" text="cardiac arrhythmias" type="SPAN"/><entity charOffset="159:170" id="Dailymed.f1b26274-a55e-4321-b96c-ce0df830f205.s.28.e.4" text="propranolol" type="Drug"><Normalization><mmtx cui="C0033497" phraseText="prior administration of propranolol." preferredWord="Propranolol" semType="phsu, orch"/><RxNorm RxCui="82084"/></Normalization></entity><drugInteraction id="Dailymed.f1b26274-a55e-4321-b96c-ce0df830f205.s.28.ddi.1"><interaction trigger="Dailymed.f1b26274-a55e-4321-b96c-ce0df830f205.s.28.e.0"><relations><relation type="hasContext"><entity id="Dailymed.f1b26274-a55e-4321-b96c-ce0df830f205.s.28.e.3"/></relation><relation type="hasPrecipitant"><entity id="Dailymed.f1b26274-a55e-4321-b96c-ce0df830f205.s.28.e.4"/></relation><relation type="hasObject"><entity id="Dailymed.f1b26274-a55e-4321-b96c-ce0df830f205.s.28.e.2"/></relation></relations></interaction></drugInteraction><pair context="Dailymed.f1b26274-a55e-4321-b96c-ce0df830f205.s.28.e.3" ddi="true" e1="Dailymed.f1b26274-a55e-4321-b96c-ce0df830f205.s.28.e.2" e2="Dailymed.f1b26274-a55e-4321-b96c-ce0df830f205.s.28.e.4" trigger="Dailymed.f1b26274-a55e-4321-b96c-ce0df830f205.s.28.e.0" type="Increase_Interaction"/></sentence><sentence id="Dailymed.f1b26274-a55e-4321-b96c-ce0df830f205.s.29" text="Lidocaine Hydrochloride Injection, USP should be used with caution in patients with digitalis toxicity accompanied by atrioventricular block. " type="negative"><entity charOffset="0:33" id="Dailymed.f1b26274-a55e-4321-b96c-ce0df830f205.s.29.e.0" text="lidocaine injection" type="Biomedical_Entity"><Normalization><mmtx cui="C0308158" phraseText="Lidocaine Hydrochloride Injection," preferredWord="Lidocaine Injectable Solution [Xylocaine]" semType="clnd"/><RxNorm RxCui="6387"/></Normalization></entity><entity charOffset="84:93" id="Dailymed.f1b26274-a55e-4321-b96c-ce0df830f205.s.29.e.1" text="digitalis" type="Biomedical_Entity"><Normalization><mmtx cui="C0304520" phraseText="with digitalis toxicity" preferredWord="Digitalis preparation" semType="phsu, carb"/><RxNorm RxCui="91235"/></Normalization></entity><entity charOffset="10:23" id="Dailymed.f1b26274-a55e-4321-b96c-ce0df830f205.s.29.e.2" text="hydrochloride" type="Biomedical_Entity"><Normalization><mmtx cui="C1512523" phraseText="Lidocaine Hydrochloride Injection," preferredWord="hydrochloride" semType="inch, phsu"/><RxNorm RxCui="1306114"/></Normalization></entity><pair ddi="false" e1="Dailymed.f1b26274-a55e-4321-b96c-ce0df830f205.s.29.e.0" e2="Dailymed.f1b26274-a55e-4321-b96c-ce0df830f205.s.29.e.1"/><pair ddi="false" e1="Dailymed.f1b26274-a55e-4321-b96c-ce0df830f205.s.29.e.0" e2="Dailymed.f1b26274-a55e-4321-b96c-ce0df830f205.s.29.e.2"/><pair ddi="false" e1="Dailymed.f1b26274-a55e-4321-b96c-ce0df830f205.s.29.e.2" e2="Dailymed.f1b26274-a55e-4321-b96c-ce0df830f205.s.29.e.1"/></sentence><sentence id="Dailymed.f1b26274-a55e-4321-b96c-ce0df830f205.s.31" text="Drug interaction was studied with several beta-blockers (propranolol, metoprolol, nadolol, and pindolol). " type="negative"><entity charOffset="95:103" id="Dailymed.f1b26274-a55e-4321-b96c-ce0df830f205.s.31.e.0" text="pindolol" type="Biomedical_Entity"><Normalization><mmtx cui="C0031937" phraseText="pindolol" preferredWord="Pindolol" semType="phsu, orch"/><RxNorm RxCui="8332"/></Normalization></entity><entity charOffset="42:55" id="Dailymed.f1b26274-a55e-4321-b96c-ce0df830f205.s.31.e.1" text="beta-blockers" type="Biomedical_Entity"><Normalization><mmtx cui="C0001645" phraseText="studied with several beta-blockers" preferredWord="Adrenergic beta-Antagonists" semType="phsu"/><RxNorm RxCui="371"/></Normalization></entity><entity charOffset="57:68" id="Dailymed.f1b26274-a55e-4321-b96c-ce0df830f205.s.31.e.2" text="propranolol" type="Biomedical_Entity"><Normalization><mmtx cui="C0033497" phraseText="(propranolol," preferredWord="Propranolol" semType="phsu, orch"/><RxNorm RxCui="82084"/></Normalization></entity><entity charOffset="70:80" id="Dailymed.f1b26274-a55e-4321-b96c-ce0df830f205.s.31.e.3" text="metoprolol" type="Biomedical_Entity"><Normalization><mmtx cui="C0025859" phraseText="metoprolol," preferredWord="Metoprolol" semType="phsu, orch"/><RxNorm RxCui="6918"/></Normalization></entity><entity charOffset="82:89" id="Dailymed.f1b26274-a55e-4321-b96c-ce0df830f205.s.31.e.4" text="nadolol" type="Biomedical_Entity"><Normalization><mmtx cui="C0027302" phraseText="nadolol," preferredWord="Nadolol" semType="phsu, orch"/><RxNorm RxCui="7226"/></Normalization></entity><pair ddi="false" e1="Dailymed.f1b26274-a55e-4321-b96c-ce0df830f205.s.31.e.1" e2="Dailymed.f1b26274-a55e-4321-b96c-ce0df830f205.s.31.e.0"/><pair ddi="false" e1="Dailymed.f1b26274-a55e-4321-b96c-ce0df830f205.s.31.e.2" e2="Dailymed.f1b26274-a55e-4321-b96c-ce0df830f205.s.31.e.0"/><pair ddi="false" e1="Dailymed.f1b26274-a55e-4321-b96c-ce0df830f205.s.31.e.3" e2="Dailymed.f1b26274-a55e-4321-b96c-ce0df830f205.s.31.e.0"/><pair ddi="false" e1="Dailymed.f1b26274-a55e-4321-b96c-ce0df830f205.s.31.e.4" e2="Dailymed.f1b26274-a55e-4321-b96c-ce0df830f205.s.31.e.0"/><pair ddi="false" e1="Dailymed.f1b26274-a55e-4321-b96c-ce0df830f205.s.31.e.1" e2="Dailymed.f1b26274-a55e-4321-b96c-ce0df830f205.s.31.e.2"/><pair ddi="false" e1="Dailymed.f1b26274-a55e-4321-b96c-ce0df830f205.s.31.e.1" e2="Dailymed.f1b26274-a55e-4321-b96c-ce0df830f205.s.31.e.3"/><pair ddi="false" e1="Dailymed.f1b26274-a55e-4321-b96c-ce0df830f205.s.31.e.1" e2="Dailymed.f1b26274-a55e-4321-b96c-ce0df830f205.s.31.e.4"/><pair ddi="false" e1="Dailymed.f1b26274-a55e-4321-b96c-ce0df830f205.s.31.e.2" e2="Dailymed.f1b26274-a55e-4321-b96c-ce0df830f205.s.31.e.3"/><pair ddi="false" e1="Dailymed.f1b26274-a55e-4321-b96c-ce0df830f205.s.31.e.2" e2="Dailymed.f1b26274-a55e-4321-b96c-ce0df830f205.s.31.e.4"/><pair ddi="false" e1="Dailymed.f1b26274-a55e-4321-b96c-ce0df830f205.s.31.e.3" e2="Dailymed.f1b26274-a55e-4321-b96c-ce0df830f205.s.31.e.4"/></sentence><sentence biomedicalEntities="4" id="Dailymed.f1b26274-a55e-4321-b96c-ce0df830f205.s.32" lineNumber="32" text="Pretreatment with propranolol, metoprolol and nadolol increased the serum concentration of lidocaine. " type="regular"><entity charOffset="54:87" id="Dailymed.f1b26274-a55e-4321-b96c-ce0df830f205.s.32.e.0" text="increased the serum concentration" type="Increase_Interaction"/><entity charOffset="91:100" id="Dailymed.f1b26274-a55e-4321-b96c-ce0df830f205.s.32.e.2" text="lidocaine" type="Drug"><Normalization><mmtx cui="C0023660" phraseText="the serum concentration of lidocaine." preferredWord="Lidocaine" semType="phsu, orch"/><mmtx cui="C0023660" phraseText="the serum concentration of lidocaine." preferredWord="Lidocaine" semType="phsu, orch"/><RxNorm RxCui="6387"/></Normalization></entity><entity charOffset="18:29" id="Dailymed.f1b26274-a55e-4321-b96c-ce0df830f205.s.32.e.3" text="propranolol" type="Drug"><Normalization><mmtx cui="C0033497" phraseText="Pretreatment with propranolol," preferredWord="Propranolol" semType="phsu, orch"/><RxNorm RxCui="82084"/></Normalization></entity><entity charOffset="31:41" id="Dailymed.f1b26274-a55e-4321-b96c-ce0df830f205.s.32.e.4" text="metoprolol" type="Drug"><Normalization><mmtx cui="C0025859" phraseText="metoprolol" preferredWord="Metoprolol" semType="phsu, orch"/><RxNorm RxCui="6918"/></Normalization></entity><entity charOffset="46:53" id="Dailymed.f1b26274-a55e-4321-b96c-ce0df830f205.s.32.e.5" text="nadolol" type="Drug"><Normalization><mmtx cui="C0027302" phraseText="nadolol" preferredWord="Nadolol" semType="phsu, orch"/><RxNorm RxCui="7226"/></Normalization></entity><drugInteraction id="Dailymed.f1b26274-a55e-4321-b96c-ce0df830f205.s.32.ddi.1"><interaction trigger="Dailymed.f1b26274-a55e-4321-b96c-ce0df830f205.s.32.e.0"><relations><relation type="hasPrecipitant"><entity id="Dailymed.f1b26274-a55e-4321-b96c-ce0df830f205.s.32.e.5"/></relation><relation type="hasPrecipitant"><entity id="Dailymed.f1b26274-a55e-4321-b96c-ce0df830f205.s.32.e.3"/></relation><relation type="hasPrecipitant"><entity id="Dailymed.f1b26274-a55e-4321-b96c-ce0df830f205.s.32.e.4"/></relation><relation type="hasObject"><entity id="Dailymed.f1b26274-a55e-4321-b96c-ce0df830f205.s.32.e.2"/></relation></relations></interaction></drugInteraction><pair ddi="true" e1="Dailymed.f1b26274-a55e-4321-b96c-ce0df830f205.s.32.e.5" e2="Dailymed.f1b26274-a55e-4321-b96c-ce0df830f205.s.32.e.2" trigger="Dailymed.f1b26274-a55e-4321-b96c-ce0df830f205.s.32.e.0" type="Increase_Interaction"/><pair ddi="true" e1="Dailymed.f1b26274-a55e-4321-b96c-ce0df830f205.s.32.e.3" e2="Dailymed.f1b26274-a55e-4321-b96c-ce0df830f205.s.32.e.2" trigger="Dailymed.f1b26274-a55e-4321-b96c-ce0df830f205.s.32.e.0" type="Increase_Interaction"/><pair ddi="true" e1="Dailymed.f1b26274-a55e-4321-b96c-ce0df830f205.s.32.e.4" e2="Dailymed.f1b26274-a55e-4321-b96c-ce0df830f205.s.32.e.2" trigger="Dailymed.f1b26274-a55e-4321-b96c-ce0df830f205.s.32.e.0" type="Increase_Interaction"/><pair ddi="false" e1="Dailymed.f1b26274-a55e-4321-b96c-ce0df830f205.s.32.e.3" e2="Dailymed.f1b26274-a55e-4321-b96c-ce0df830f205.s.32.e.5"/><pair ddi="false" e1="Dailymed.f1b26274-a55e-4321-b96c-ce0df830f205.s.32.e.4" e2="Dailymed.f1b26274-a55e-4321-b96c-ce0df830f205.s.32.e.5"/><pair ddi="false" e1="Dailymed.f1b26274-a55e-4321-b96c-ce0df830f205.s.32.e.3" e2="Dailymed.f1b26274-a55e-4321-b96c-ce0df830f205.s.32.e.4"/></sentence><sentence id="Dailymed.f1b26274-a55e-4321-b96c-ce0df830f205.s.33" text="Pretreatment with pindolol did not affect the serum concentration of lidocaine." type="negative"><entity charOffset="69:78" id="Dailymed.f1b26274-a55e-4321-b96c-ce0df830f205.s.33.e.0" text="lidocaine" type="Biomedical_Entity"><Normalization><mmtx cui="C0023660" phraseText="the serum concentration of lidocaine." preferredWord="Lidocaine" semType="phsu, orch"/><RxNorm RxCui="6387"/></Normalization></entity><entity charOffset="18:26" id="Dailymed.f1b26274-a55e-4321-b96c-ce0df830f205.s.33.e.1" text="pindolol" type="Biomedical_Entity"><Normalization><mmtx cui="C0031937" phraseText="Pretreatment with pindolol" preferredWord="Pindolol" semType="phsu, orch"/><RxNorm RxCui="8332"/></Normalization></entity><pair ddi="false" e1="Dailymed.f1b26274-a55e-4321-b96c-ce0df830f205.s.33.e.1" e2="Dailymed.f1b26274-a55e-4321-b96c-ce0df830f205.s.33.e.0"/></sentence><sentence id="Dailymed.f1b26274-a55e-4321-b96c-ce0df830f205.s.37" text="Reproductive studies have been performed in the rat at doses up to 5 times the human dose and have revealed no evidence of impaired fertility or harm to the fetus due to Lidocaine Hydrochloride Injection, USP. " type="negative"><entity charOffset="180:193" id="Dailymed.f1b26274-a55e-4321-b96c-ce0df830f205.s.37.e.0" text="hydrochloride" type="Biomedical_Entity"><Normalization><mmtx cui="C1512523" phraseText="due to Lidocaine Hydrochloride Injection," preferredWord="hydrochloride" semType="inch, phsu"/><RxNorm RxCui="1306114"/></Normalization></entity><entity charOffset="170:203" id="Dailymed.f1b26274-a55e-4321-b96c-ce0df830f205.s.37.e.1" text="lidocaine injection" type="Biomedical_Entity"><Normalization><mmtx cui="C0308158" phraseText="due to Lidocaine Hydrochloride Injection," preferredWord="Lidocaine Injectable Solution [Xylocaine]" semType="clnd"/><RxNorm RxCui="6387"/></Normalization></entity><pair ddi="false" e1="Dailymed.f1b26274-a55e-4321-b96c-ce0df830f205.s.37.e.1" e2="Dailymed.f1b26274-a55e-4321-b96c-ce0df830f205.s.37.e.0"/></sentence><sentence id="Dailymed.f1b26274-a55e-4321-b96c-ce0df830f205.s.42" text="Lidocaine Hydrochloride Injection, USP readily crosses the placental barrier." type="negative"><entity charOffset="10:23" id="Dailymed.f1b26274-a55e-4321-b96c-ce0df830f205.s.42.e.0" text="hydrochloride" type="Biomedical_Entity"><Normalization><mmtx cui="C1512523" phraseText="Lidocaine Hydrochloride Injection," preferredWord="hydrochloride" semType="inch, phsu"/><RxNorm RxCui="1306114"/></Normalization></entity><entity charOffset="0:33" id="Dailymed.f1b26274-a55e-4321-b96c-ce0df830f205.s.42.e.1" text="lidocaine injection" type="Biomedical_Entity"><Normalization><mmtx cui="C0308158" phraseText="Lidocaine Hydrochloride Injection," preferredWord="Lidocaine Injectable Solution [Xylocaine]" semType="clnd"/><RxNorm RxCui="6387"/></Normalization></entity><pair ddi="false" e1="Dailymed.f1b26274-a55e-4321-b96c-ce0df830f205.s.42.e.1" e2="Dailymed.f1b26274-a55e-4321-b96c-ce0df830f205.s.42.e.0"/></sentence><sentence id="Dailymed.f1b26274-a55e-4321-b96c-ce0df830f205.s.45" text="Because many drugs are excreted in human milk, caution should be exercised when Lidocaine Hydrochloride Injection, USP is administered to a nursing woman." type="negative"><entity charOffset="90:103" id="Dailymed.f1b26274-a55e-4321-b96c-ce0df830f205.s.45.e.0" text="hydrochloride" type="Biomedical_Entity"><Normalization><mmtx cui="C1512523" phraseText="Lidocaine Hydrochloride Injection," preferredWord="hydrochloride" semType="inch, phsu"/><RxNorm RxCui="1306114"/></Normalization></entity><entity charOffset="80:113" id="Dailymed.f1b26274-a55e-4321-b96c-ce0df830f205.s.45.e.1" text="lidocaine injection" type="Biomedical_Entity"><Normalization><mmtx cui="C0308158" phraseText="Lidocaine Hydrochloride Injection," preferredWord="Lidocaine Injectable Solution [Xylocaine]" semType="clnd"/><RxNorm RxCui="6387"/></Normalization></entity><pair ddi="false" e1="Dailymed.f1b26274-a55e-4321-b96c-ce0df830f205.s.45.e.1" e2="Dailymed.f1b26274-a55e-4321-b96c-ce0df830f205.s.45.e.0"/></sentence><positiveExamples number="4"/><negativeExamples number="53"/></document>