<?xml version="1.0" encoding="UTF-8" standalone="no"?><document setID="f48911e0-705f-11dc-afc9-0002a5d5c51b"><labelDrug name="Azor"><Normalization><mmtx cui="C1966103" preferredWord="Azor" semType="phsu, orch"/></Normalization></labelDrug><generic name="amlodipine besylate and olmesartan medoxomil"/><sentence id="Dailymed.f48911e0-705f-11dc-afc9-0002a5d5c51b.s.1" text="AZOR (amlodipine besylate and olmesartan medoxomil) tablet, film coated" type="negative"><entity charOffset="0:4" id="Dailymed.f48911e0-705f-11dc-afc9-0002a5d5c51b.s.1.e.0" text="azor" type="Biomedical_Entity"><Normalization><mmtx cui="C1966103" phraseText="AZOR" preferredWord="Azor" semType="phsu, orch"/><RxNorm RxCui="730862"/></Normalization></entity><entity charOffset="6:25" id="Dailymed.f48911e0-705f-11dc-afc9-0002a5d5c51b.s.1.e.1" text="amlodipine besylate" type="Biomedical_Entity"><Normalization><mmtx cui="C0354468" phraseText="(amlodipine besylate" preferredWord="Amlodipine Besylate" semType="phsu, orch"/><RxNorm RxCui="104416"/></Normalization></entity><entity charOffset="30:50" id="Dailymed.f48911e0-705f-11dc-afc9-0002a5d5c51b.s.1.e.2" text="olmesartan medoxomil" type="Biomedical_Entity"><Normalization><mmtx cui="C0386393" phraseText="olmesartan medoxomil" preferredWord="Olmesartan medoxomil" semType="phsu, orch"/><RxNorm RxCui="321064"/></Normalization></entity><pair ddi="false" e1="Dailymed.f48911e0-705f-11dc-afc9-0002a5d5c51b.s.1.e.0" e2="Dailymed.f48911e0-705f-11dc-afc9-0002a5d5c51b.s.1.e.1"/><pair ddi="false" e1="Dailymed.f48911e0-705f-11dc-afc9-0002a5d5c51b.s.1.e.0" e2="Dailymed.f48911e0-705f-11dc-afc9-0002a5d5c51b.s.1.e.2"/><pair ddi="false" e1="Dailymed.f48911e0-705f-11dc-afc9-0002a5d5c51b.s.1.e.1" e2="Dailymed.f48911e0-705f-11dc-afc9-0002a5d5c51b.s.1.e.2"/></sentence><sentence id="Dailymed.f48911e0-705f-11dc-afc9-0002a5d5c51b.s.3" text="Azor is indicated for the treatment of hypertension, alone or with other antihypertensive agents , to lower blood pressure. " type="negative"><entity charOffset="0:4" id="Dailymed.f48911e0-705f-11dc-afc9-0002a5d5c51b.s.3.e.0" text="azor" type="Biomedical_Entity"><Normalization><mmtx cui="C1966103" phraseText="Azor" preferredWord="Azor" semType="phsu, orch"/><RxNorm RxCui="730862"/></Normalization></entity><entity charOffset="73:96" id="Dailymed.f48911e0-705f-11dc-afc9-0002a5d5c51b.s.3.e.1" text="antihypertensive agents" type="Biomedical_Entity"><Normalization><mmtx cui="C0003364" phraseText="or with other antihypertensive agents ," preferredWord="Antihypertensive Agents" semType="phsu"/><RxNorm RxCui="968"/></Normalization></entity><pair ddi="false" e1="Dailymed.f48911e0-705f-11dc-afc9-0002a5d5c51b.s.3.e.0" e2="Dailymed.f48911e0-705f-11dc-afc9-0002a5d5c51b.s.3.e.1"/></sentence><sentence biomedicalEntities="2" id="Dailymed.f48911e0-705f-11dc-afc9-0002a5d5c51b.s.15" lineNumber="15" text="Do not co-administer aliskiren with Azor in patients with diabetes [See Drug Interactions]." type="regular"><entity charOffset="21:30" id="Dailymed.f48911e0-705f-11dc-afc9-0002a5d5c51b.s.15.e.0" text="aliskiren" type="Drug"><Normalization><mmtx cui="C1120110" phraseText="aliskiren with Azor" preferredWord="aliskiren" semType="phsu, orch"/><RxNorm RxCui="325646"/></Normalization></entity><entity charOffset="36:40" id="Dailymed.f48911e0-705f-11dc-afc9-0002a5d5c51b.s.15.e.1" text="Azor" type="Drug"><Normalization><mmtx cui="C1966103" phraseText="aliskiren with Azor" preferredWord="Azor" semType="phsu, orch"/><RxNorm RxCui="730862"/></Normalization></entity><entity charOffset="58:66" id="Dailymed.f48911e0-705f-11dc-afc9-0002a5d5c51b.s.15.e.2" text="diabetes" type="SPAN"><Normalization><mmtx cui="C0011847" phraseText="with diabetes" preferredWord="Diabetes" semType="dsyn"/><mmtx cui="C0011849" phraseText="with diabetes" preferredWord="Diabetes Mellitus" semType="dsyn"/></Normalization></entity><entity charOffset="0:20" id="Dailymed.f48911e0-705f-11dc-afc9-0002a5d5c51b.s.15.e.3" text="Do not co-administer" type="Caution_Interaction"/><drugInteraction id="Dailymed.f48911e0-705f-11dc-afc9-0002a5d5c51b.s.15.ddi.1"><interaction trigger="Dailymed.f48911e0-705f-11dc-afc9-0002a5d5c51b.s.15.e.3"><relations><relation type="hasContext"><entity id="Dailymed.f48911e0-705f-11dc-afc9-0002a5d5c51b.s.15.e.2"/></relation><relation type="hasObject"><entity id="Dailymed.f48911e0-705f-11dc-afc9-0002a5d5c51b.s.15.e.1"/></relation><relation type="hasPrecipitant"><entity id="Dailymed.f48911e0-705f-11dc-afc9-0002a5d5c51b.s.15.e.0"/></relation></relations></interaction></drugInteraction><pair context="Dailymed.f48911e0-705f-11dc-afc9-0002a5d5c51b.s.15.e.2" ddi="true" e1="Dailymed.f48911e0-705f-11dc-afc9-0002a5d5c51b.s.15.e.0" e2="Dailymed.f48911e0-705f-11dc-afc9-0002a5d5c51b.s.15.e.1" trigger="Dailymed.f48911e0-705f-11dc-afc9-0002a5d5c51b.s.15.e.3" type="Caution_Interaction"/></sentence><sentence id="Dailymed.f48911e0-705f-11dc-afc9-0002a5d5c51b.s.23" text="Patients with an activated renin-angiotensin system, such as volume- and/or salt-depleted patients (e.g., those being treated with high doses of diuretics) may be particularly vulnerable. " type="negative"><entity charOffset="33:44" id="Dailymed.f48911e0-705f-11dc-afc9-0002a5d5c51b.s.23.e.0" text="angiotensin" type="Biomedical_Entity"><Normalization><mmtx cui="C0003018" phraseText="Patients with an activated renin-angiotensin system," preferredWord="Angiotensins" semType="bacs, phsu, aapp"/><RxNorm RxCui="839"/></Normalization></entity><entity charOffset="145:154" id="Dailymed.f48911e0-705f-11dc-afc9-0002a5d5c51b.s.23.e.1" text="diuretics" type="Biomedical_Entity"><Normalization><mmtx cui="C0012798" phraseText="treated with high doses of diuretics" preferredWord="Diuretics" semType="phsu"/><RxNorm RxCui="3567"/></Normalization></entity><pair ddi="false" e1="Dailymed.f48911e0-705f-11dc-afc9-0002a5d5c51b.s.23.e.0" e2="Dailymed.f48911e0-705f-11dc-afc9-0002a5d5c51b.s.23.e.1"/></sentence><sentence id="Dailymed.f48911e0-705f-11dc-afc9-0002a5d5c51b.s.29" text="Since the vasodilation attributable to amlodipine in Azor is gradual in onset, acute hypotension has rarely been reported after oral administration. " type="negative"><entity charOffset="53:57" id="Dailymed.f48911e0-705f-11dc-afc9-0002a5d5c51b.s.29.e.0" text="azor" type="Biomedical_Entity"><Normalization><mmtx cui="C1966103" phraseText="the vasodilation attributable to amlodipine in Azor" preferredWord="Azor" semType="phsu, orch"/><RxNorm RxCui="730862"/></Normalization></entity><entity charOffset="39:49" id="Dailymed.f48911e0-705f-11dc-afc9-0002a5d5c51b.s.29.e.1" text="amlodipine" type="Biomedical_Entity"><Normalization><mmtx cui="C0051696" phraseText="the vasodilation attributable to amlodipine in Azor" preferredWord="Amlodipine" semType="phsu, orch"/><RxNorm RxCui="104416"/></Normalization></entity><pair ddi="false" e1="Dailymed.f48911e0-705f-11dc-afc9-0002a5d5c51b.s.29.e.1" e2="Dailymed.f48911e0-705f-11dc-afc9-0002a5d5c51b.s.29.e.0"/></sentence><sentence id="Dailymed.f48911e0-705f-11dc-afc9-0002a5d5c51b.s.30" text="Nonetheless, exercise caution, as with any other peripheral vasodilator, when administering Azor, particularly in patients with severe aortic stenosis." type="negative"><entity charOffset="92:96" id="Dailymed.f48911e0-705f-11dc-afc9-0002a5d5c51b.s.30.e.0" text="azor" type="Biomedical_Entity"><Normalization><mmtx cui="C1966103" phraseText="administering Azor," preferredWord="Azor" semType="phsu, orch"/><RxNorm RxCui="730862"/></Normalization></entity><entity charOffset="49:71" id="Dailymed.f48911e0-705f-11dc-afc9-0002a5d5c51b.s.30.e.1" text="peripheral vasodilator" type="Biomedical_Entity"><Normalization><mmtx cui="C0724804" phraseText="other peripheral vasodilator," preferredWord="Peripheral vasodilators" semType="phsu"/><RxNorm RxCui="221187"/></Normalization></entity><pair ddi="false" e1="Dailymed.f48911e0-705f-11dc-afc9-0002a5d5c51b.s.30.e.1" e2="Dailymed.f48911e0-705f-11dc-afc9-0002a5d5c51b.s.30.e.0"/></sentence><sentence id="Dailymed.f48911e0-705f-11dc-afc9-0002a5d5c51b.s.33" text="The pharmacokinetics of amlodipine and olmesartan medoxomil are not altered when the drugs are co-administered." type="negative"><entity charOffset="39:59" id="Dailymed.f48911e0-705f-11dc-afc9-0002a5d5c51b.s.33.e.0" text="olmesartan medoxomil" type="Biomedical_Entity"><Normalization><mmtx cui="C0386393" phraseText="olmesartan medoxomil" preferredWord="Olmesartan medoxomil" semType="phsu, orch"/><RxNorm RxCui="321064"/></Normalization></entity><entity charOffset="24:34" id="Dailymed.f48911e0-705f-11dc-afc9-0002a5d5c51b.s.33.e.1" text="amlodipine" type="Biomedical_Entity"><Normalization><mmtx cui="C0051696" phraseText="The pharmacokinetics of amlodipine" preferredWord="Amlodipine" semType="phsu, orch"/><RxNorm RxCui="104416"/></Normalization></entity><pair ddi="false" e1="Dailymed.f48911e0-705f-11dc-afc9-0002a5d5c51b.s.33.e.1" e2="Dailymed.f48911e0-705f-11dc-afc9-0002a5d5c51b.s.33.e.0"/></sentence><sentence id="Dailymed.f48911e0-705f-11dc-afc9-0002a5d5c51b.s.34" text="No drug interaction studies have been conducted with Azor and other drugs, although studies have been conducted with the individual amlodipine and olmesartan medoxomil components of Azor, as described below, and no significant drug interactions have been observed." type="negative"><entity charOffset="53:57" id="Dailymed.f48911e0-705f-11dc-afc9-0002a5d5c51b.s.34.e.0" text="azor" type="Biomedical_Entity"><Normalization><mmtx cui="C1966103" phraseText="conducted with Azor" preferredWord="Azor" semType="phsu, orch"/><RxNorm RxCui="730862"/></Normalization></entity><entity charOffset="182:186" id="Dailymed.f48911e0-705f-11dc-afc9-0002a5d5c51b.s.34.e.1" text="azor" type="Biomedical_Entity"><Normalization><mmtx cui="C1966103" phraseText="olmesartan medoxomil components of Azor," preferredWord="Azor" semType="phsu, orch"/><RxNorm RxCui="730862"/></Normalization></entity><entity charOffset="132:142" id="Dailymed.f48911e0-705f-11dc-afc9-0002a5d5c51b.s.34.e.2" text="amlodipine" type="Biomedical_Entity"><Normalization><mmtx cui="C0051696" phraseText="conducted with the individual amlodipine" preferredWord="Amlodipine" semType="phsu, orch"/><RxNorm RxCui="104416"/></Normalization></entity><entity charOffset="147:167" id="Dailymed.f48911e0-705f-11dc-afc9-0002a5d5c51b.s.34.e.3" text="olmesartan medoxomil" type="Biomedical_Entity"><Normalization><mmtx cui="C0386393" phraseText="olmesartan medoxomil components of Azor," preferredWord="Olmesartan medoxomil" semType="phsu, orch"/><RxNorm RxCui="321064"/></Normalization></entity><pair ddi="false" e1="Dailymed.f48911e0-705f-11dc-afc9-0002a5d5c51b.s.34.e.0" e2="Dailymed.f48911e0-705f-11dc-afc9-0002a5d5c51b.s.34.e.2"/><pair ddi="false" e1="Dailymed.f48911e0-705f-11dc-afc9-0002a5d5c51b.s.34.e.0" e2="Dailymed.f48911e0-705f-11dc-afc9-0002a5d5c51b.s.34.e.3"/><pair ddi="false" e1="Dailymed.f48911e0-705f-11dc-afc9-0002a5d5c51b.s.34.e.2" e2="Dailymed.f48911e0-705f-11dc-afc9-0002a5d5c51b.s.34.e.1"/><pair ddi="false" e1="Dailymed.f48911e0-705f-11dc-afc9-0002a5d5c51b.s.34.e.3" e2="Dailymed.f48911e0-705f-11dc-afc9-0002a5d5c51b.s.34.e.1"/><pair ddi="false" e1="Dailymed.f48911e0-705f-11dc-afc9-0002a5d5c51b.s.34.e.2" e2="Dailymed.f48911e0-705f-11dc-afc9-0002a5d5c51b.s.34.e.3"/></sentence><sentence id="Dailymed.f48911e0-705f-11dc-afc9-0002a5d5c51b.s.36" text="In vitro data indicate that amlodipine has no effect on the human plasma protein binding of digoxin, phenytoin, warfarin, and indomethacin." type="negative"><entity charOffset="28:38" id="Dailymed.f48911e0-705f-11dc-afc9-0002a5d5c51b.s.36.e.0" text="amlodipine" type="Biomedical_Entity"><Normalization><mmtx cui="C0051696" phraseText="that amlodipine" preferredWord="Amlodipine" semType="phsu, orch"/><RxNorm RxCui="104416"/></Normalization></entity><entity charOffset="112:120" id="Dailymed.f48911e0-705f-11dc-afc9-0002a5d5c51b.s.36.e.1" text="warfarin" type="Biomedical_Entity"><Normalization><mmtx cui="C0043031" phraseText="warfarin," preferredWord="Warfarin" semType="phsu, orch, hops"/><RxNorm RxCui="11289"/></Normalization></entity><entity charOffset="101:110" id="Dailymed.f48911e0-705f-11dc-afc9-0002a5d5c51b.s.36.e.2" text="phenytoin" type="Biomedical_Entity"><Normalization><mmtx cui="C0031507" phraseText="phenytoin," preferredWord="Phenytoin" semType="phsu, orch"/><RxNorm RxCui="8183"/></Normalization></entity><entity charOffset="126:138" id="Dailymed.f48911e0-705f-11dc-afc9-0002a5d5c51b.s.36.e.3" text="indomethacin" type="Biomedical_Entity"><Normalization><mmtx cui="C0021246" phraseText="indomethacin." preferredWord="Indomethacin" semType="phsu, orch"/><RxNorm RxCui="5781"/></Normalization></entity><entity charOffset="60:72" id="Dailymed.f48911e0-705f-11dc-afc9-0002a5d5c51b.s.36.e.4" text="human plasma" type="Biomedical_Entity"><Normalization><mmtx cui="C0544357" phraseText="no effect on the human plasma protein binding of digoxin," preferredWord="Human plasma" semType="phsu"/><RxNorm RxCui="831503"/></Normalization></entity><entity charOffset="92:99" id="Dailymed.f48911e0-705f-11dc-afc9-0002a5d5c51b.s.36.e.5" text="digoxin" type="Biomedical_Entity"><Normalization><mmtx cui="C0012265" phraseText="no effect on the human plasma protein binding of digoxin," preferredWord="Digoxin" semType="strd, phsu, carb"/><RxNorm RxCui="3407"/></Normalization></entity><pair ddi="false" e1="Dailymed.f48911e0-705f-11dc-afc9-0002a5d5c51b.s.36.e.0" e2="Dailymed.f48911e0-705f-11dc-afc9-0002a5d5c51b.s.36.e.1"/><pair ddi="false" e1="Dailymed.f48911e0-705f-11dc-afc9-0002a5d5c51b.s.36.e.0" e2="Dailymed.f48911e0-705f-11dc-afc9-0002a5d5c51b.s.36.e.2"/><pair ddi="false" e1="Dailymed.f48911e0-705f-11dc-afc9-0002a5d5c51b.s.36.e.0" e2="Dailymed.f48911e0-705f-11dc-afc9-0002a5d5c51b.s.36.e.3"/><pair ddi="false" e1="Dailymed.f48911e0-705f-11dc-afc9-0002a5d5c51b.s.36.e.0" e2="Dailymed.f48911e0-705f-11dc-afc9-0002a5d5c51b.s.36.e.4"/><pair ddi="false" e1="Dailymed.f48911e0-705f-11dc-afc9-0002a5d5c51b.s.36.e.0" e2="Dailymed.f48911e0-705f-11dc-afc9-0002a5d5c51b.s.36.e.5"/><pair ddi="false" e1="Dailymed.f48911e0-705f-11dc-afc9-0002a5d5c51b.s.36.e.2" e2="Dailymed.f48911e0-705f-11dc-afc9-0002a5d5c51b.s.36.e.1"/><pair ddi="false" e1="Dailymed.f48911e0-705f-11dc-afc9-0002a5d5c51b.s.36.e.1" e2="Dailymed.f48911e0-705f-11dc-afc9-0002a5d5c51b.s.36.e.3"/><pair ddi="false" e1="Dailymed.f48911e0-705f-11dc-afc9-0002a5d5c51b.s.36.e.4" e2="Dailymed.f48911e0-705f-11dc-afc9-0002a5d5c51b.s.36.e.1"/><pair ddi="false" e1="Dailymed.f48911e0-705f-11dc-afc9-0002a5d5c51b.s.36.e.5" e2="Dailymed.f48911e0-705f-11dc-afc9-0002a5d5c51b.s.36.e.1"/><pair ddi="false" e1="Dailymed.f48911e0-705f-11dc-afc9-0002a5d5c51b.s.36.e.2" e2="Dailymed.f48911e0-705f-11dc-afc9-0002a5d5c51b.s.36.e.3"/><pair ddi="false" e1="Dailymed.f48911e0-705f-11dc-afc9-0002a5d5c51b.s.36.e.4" e2="Dailymed.f48911e0-705f-11dc-afc9-0002a5d5c51b.s.36.e.2"/><pair ddi="false" e1="Dailymed.f48911e0-705f-11dc-afc9-0002a5d5c51b.s.36.e.5" e2="Dailymed.f48911e0-705f-11dc-afc9-0002a5d5c51b.s.36.e.2"/><pair ddi="false" e1="Dailymed.f48911e0-705f-11dc-afc9-0002a5d5c51b.s.36.e.4" e2="Dailymed.f48911e0-705f-11dc-afc9-0002a5d5c51b.s.36.e.3"/><pair ddi="false" e1="Dailymed.f48911e0-705f-11dc-afc9-0002a5d5c51b.s.36.e.5" e2="Dailymed.f48911e0-705f-11dc-afc9-0002a5d5c51b.s.36.e.3"/><pair ddi="false" e1="Dailymed.f48911e0-705f-11dc-afc9-0002a5d5c51b.s.36.e.4" e2="Dailymed.f48911e0-705f-11dc-afc9-0002a5d5c51b.s.36.e.5"/></sentence><sentence id="Dailymed.f48911e0-705f-11dc-afc9-0002a5d5c51b.s.38" text="Cimetidine: Co-administration of amlodipine with cimetidine did not alter the pharmacokinetics of amlodipine." type="negative"><entity charOffset="33:43" id="Dailymed.f48911e0-705f-11dc-afc9-0002a5d5c51b.s.38.e.0" text="amlodipine" type="Biomedical_Entity"><Normalization><mmtx cui="C0051696" phraseText="Co-administration of amlodipine" preferredWord="Amlodipine" semType="phsu, orch"/><RxNorm RxCui="104416"/></Normalization></entity><entity charOffset="0:10" id="Dailymed.f48911e0-705f-11dc-afc9-0002a5d5c51b.s.38.e.1" text="cimetidine" type="Biomedical_Entity"><Normalization><mmtx cui="C0008783" phraseText="Cimetidine" preferredWord="Cimetidine" semType="phsu, orch"/><RxNorm RxCui="2541"/></Normalization></entity><entity charOffset="49:59" id="Dailymed.f48911e0-705f-11dc-afc9-0002a5d5c51b.s.38.e.2" text="cimetidine" type="Biomedical_Entity"><Normalization><mmtx cui="C0008783" phraseText="with cimetidine" preferredWord="Cimetidine" semType="phsu, orch"/><RxNorm RxCui="2541"/></Normalization></entity><entity charOffset="98:108" id="Dailymed.f48911e0-705f-11dc-afc9-0002a5d5c51b.s.38.e.3" text="amlodipine" type="Biomedical_Entity"><Normalization><mmtx cui="C0051696" phraseText="the pharmacokinetics of amlodipine." preferredWord="Amlodipine" semType="phsu, orch"/><RxNorm RxCui="104416"/></Normalization></entity><pair ddi="false" e1="Dailymed.f48911e0-705f-11dc-afc9-0002a5d5c51b.s.38.e.1" e2="Dailymed.f48911e0-705f-11dc-afc9-0002a5d5c51b.s.38.e.0"/><pair ddi="false" e1="Dailymed.f48911e0-705f-11dc-afc9-0002a5d5c51b.s.38.e.0" e2="Dailymed.f48911e0-705f-11dc-afc9-0002a5d5c51b.s.38.e.2"/><pair ddi="false" e1="Dailymed.f48911e0-705f-11dc-afc9-0002a5d5c51b.s.38.e.1" e2="Dailymed.f48911e0-705f-11dc-afc9-0002a5d5c51b.s.38.e.3"/><pair ddi="false" e1="Dailymed.f48911e0-705f-11dc-afc9-0002a5d5c51b.s.38.e.2" e2="Dailymed.f48911e0-705f-11dc-afc9-0002a5d5c51b.s.38.e.3"/></sentence><sentence id="Dailymed.f48911e0-705f-11dc-afc9-0002a5d5c51b.s.39" text="Grapefruit juice: Co-administration of 240 mL of grapefruit juice with a single oral dose of amlodipine 10 mg in 20 healthy volunteers had no significant effect on the pharmacokinetics of amlodipine." type="negative"><entity charOffset="0:10" id="Dailymed.f48911e0-705f-11dc-afc9-0002a5d5c51b.s.39.e.0" text="grapefruit" type="Biomedical_Entity"><Normalization><mmtx cui="C0440280" phraseText="Grapefruit juice" preferredWord="GRAPEFRUIT EXTRACT" semType="phsu, orch"/><RxNorm RxCui="124323"/></Normalization></entity><entity charOffset="188:198" id="Dailymed.f48911e0-705f-11dc-afc9-0002a5d5c51b.s.39.e.1" text="amlodipine" type="Biomedical_Entity"><Normalization><mmtx cui="C0051696" phraseText="no significant effect on the pharmacokinetics of amlodipine." preferredWord="Amlodipine" semType="phsu, orch"/><RxNorm RxCui="104416"/></Normalization></entity><entity charOffset="49:59" id="Dailymed.f48911e0-705f-11dc-afc9-0002a5d5c51b.s.39.e.2" text="grapefruit" type="Biomedical_Entity"><Normalization><mmtx cui="C0440280" phraseText="Co-administration of 240 mL of grapefruit juice" preferredWord="GRAPEFRUIT EXTRACT" semType="phsu, orch"/><RxNorm RxCui="124323"/></Normalization></entity><entity charOffset="93:109" id="Dailymed.f48911e0-705f-11dc-afc9-0002a5d5c51b.s.39.e.3" text="amlodipine 10 mg" type="Biomedical_Entity"><Normalization><mmtx cui="C1124794" phraseText="of amlodipine 10 mg" preferredWord="Amlodipine 10 MG" semType="clnd"/><RxNorm RxCui="104416"/></Normalization></entity><pair ddi="false" e1="Dailymed.f48911e0-705f-11dc-afc9-0002a5d5c51b.s.39.e.0" e2="Dailymed.f48911e0-705f-11dc-afc9-0002a5d5c51b.s.39.e.1"/><pair ddi="false" e1="Dailymed.f48911e0-705f-11dc-afc9-0002a5d5c51b.s.39.e.0" e2="Dailymed.f48911e0-705f-11dc-afc9-0002a5d5c51b.s.39.e.3"/><pair ddi="false" e1="Dailymed.f48911e0-705f-11dc-afc9-0002a5d5c51b.s.39.e.2" e2="Dailymed.f48911e0-705f-11dc-afc9-0002a5d5c51b.s.39.e.1"/><pair ddi="false" e1="Dailymed.f48911e0-705f-11dc-afc9-0002a5d5c51b.s.39.e.3" e2="Dailymed.f48911e0-705f-11dc-afc9-0002a5d5c51b.s.39.e.1"/><pair ddi="false" e1="Dailymed.f48911e0-705f-11dc-afc9-0002a5d5c51b.s.39.e.2" e2="Dailymed.f48911e0-705f-11dc-afc9-0002a5d5c51b.s.39.e.3"/></sentence><sentence id="Dailymed.f48911e0-705f-11dc-afc9-0002a5d5c51b.s.40" text="Maalox (antacid): Co-administration of the antacid Maalox with a single dose of amlodipine had no significant effect on the pharmacokinetics of amlodipine." type="negative"><entity charOffset="51:57" id="Dailymed.f48911e0-705f-11dc-afc9-0002a5d5c51b.s.40.e.0" text="maalox" type="Biomedical_Entity"><Normalization><mmtx cui="C0065461" phraseText="Co-administration of the antacid Maalox" preferredWord="Maalox" semType="inch, phsu"/><RxNorm RxCui="29115"/></Normalization></entity><entity charOffset="144:154" id="Dailymed.f48911e0-705f-11dc-afc9-0002a5d5c51b.s.40.e.1" text="amlodipine" type="Biomedical_Entity"><Normalization><mmtx cui="C0051696" phraseText="no significant effect on the pharmacokinetics of amlodipine." preferredWord="Amlodipine" semType="phsu, orch"/><RxNorm RxCui="104416"/></Normalization></entity><entity charOffset="8:15" id="Dailymed.f48911e0-705f-11dc-afc9-0002a5d5c51b.s.40.e.2" text="antacid" type="Biomedical_Entity"><Normalization><mmtx cui="C0003216" phraseText="(antacid" preferredWord="Anti-Ulcer Agent" semType="phsu"/><RxNorm RxCui="863"/></Normalization></entity><entity charOffset="0:6" id="Dailymed.f48911e0-705f-11dc-afc9-0002a5d5c51b.s.40.e.3" text="maalox" type="Biomedical_Entity"><Normalization><mmtx cui="C0065461" phraseText="Maalox" preferredWord="Maalox" semType="inch, phsu"/><RxNorm RxCui="29115"/></Normalization></entity><entity charOffset="80:90" id="Dailymed.f48911e0-705f-11dc-afc9-0002a5d5c51b.s.40.e.4" text="amlodipine" type="Biomedical_Entity"><Normalization><mmtx cui="C0051696" phraseText="of amlodipine" preferredWord="Amlodipine" semType="phsu, orch"/><RxNorm RxCui="104416"/></Normalization></entity><entity charOffset="43:50" id="Dailymed.f48911e0-705f-11dc-afc9-0002a5d5c51b.s.40.e.5" text="antacid" type="Biomedical_Entity"><Normalization><mmtx cui="C0003138" phraseText="Co-administration of the antacid Maalox" preferredWord="Antacids" semType="phsu"/><RxNorm RxCui="863"/></Normalization></entity><pair ddi="false" e1="Dailymed.f48911e0-705f-11dc-afc9-0002a5d5c51b.s.40.e.0" e2="Dailymed.f48911e0-705f-11dc-afc9-0002a5d5c51b.s.40.e.1"/><pair ddi="false" e1="Dailymed.f48911e0-705f-11dc-afc9-0002a5d5c51b.s.40.e.2" e2="Dailymed.f48911e0-705f-11dc-afc9-0002a5d5c51b.s.40.e.0"/><pair ddi="false" e1="Dailymed.f48911e0-705f-11dc-afc9-0002a5d5c51b.s.40.e.0" e2="Dailymed.f48911e0-705f-11dc-afc9-0002a5d5c51b.s.40.e.4"/><pair ddi="false" e1="Dailymed.f48911e0-705f-11dc-afc9-0002a5d5c51b.s.40.e.5" e2="Dailymed.f48911e0-705f-11dc-afc9-0002a5d5c51b.s.40.e.0"/><pair ddi="false" e1="Dailymed.f48911e0-705f-11dc-afc9-0002a5d5c51b.s.40.e.2" e2="Dailymed.f48911e0-705f-11dc-afc9-0002a5d5c51b.s.40.e.1"/><pair ddi="false" e1="Dailymed.f48911e0-705f-11dc-afc9-0002a5d5c51b.s.40.e.3" e2="Dailymed.f48911e0-705f-11dc-afc9-0002a5d5c51b.s.40.e.1"/><pair ddi="false" e1="Dailymed.f48911e0-705f-11dc-afc9-0002a5d5c51b.s.40.e.5" e2="Dailymed.f48911e0-705f-11dc-afc9-0002a5d5c51b.s.40.e.1"/><pair ddi="false" e1="Dailymed.f48911e0-705f-11dc-afc9-0002a5d5c51b.s.40.e.3" e2="Dailymed.f48911e0-705f-11dc-afc9-0002a5d5c51b.s.40.e.2"/><pair ddi="false" e1="Dailymed.f48911e0-705f-11dc-afc9-0002a5d5c51b.s.40.e.2" e2="Dailymed.f48911e0-705f-11dc-afc9-0002a5d5c51b.s.40.e.4"/><pair ddi="false" e1="Dailymed.f48911e0-705f-11dc-afc9-0002a5d5c51b.s.40.e.3" e2="Dailymed.f48911e0-705f-11dc-afc9-0002a5d5c51b.s.40.e.4"/><pair ddi="false" e1="Dailymed.f48911e0-705f-11dc-afc9-0002a5d5c51b.s.40.e.3" e2="Dailymed.f48911e0-705f-11dc-afc9-0002a5d5c51b.s.40.e.5"/><pair ddi="false" e1="Dailymed.f48911e0-705f-11dc-afc9-0002a5d5c51b.s.40.e.5" e2="Dailymed.f48911e0-705f-11dc-afc9-0002a5d5c51b.s.40.e.4"/></sentence><sentence id="Dailymed.f48911e0-705f-11dc-afc9-0002a5d5c51b.s.41" text="Sildenafil: A single 100 mg dose of sildenafil in subjects with essential hypertension had no effect on the pharmacokinetic parameters of amlodipine. " type="negative"><entity charOffset="21:46" id="Dailymed.f48911e0-705f-11dc-afc9-0002a5d5c51b.s.41.e.0" text="100 mg sildenafil" type="Biomedical_Entity"><Normalization><mmtx cui="C0989893" phraseText="A single 100 mg dose of sildenafil" preferredWord="sildenafil 100 MG" semType="clnd"/><RxNorm RxCui="NA"/></Normalization></entity><entity charOffset="138:148" id="Dailymed.f48911e0-705f-11dc-afc9-0002a5d5c51b.s.41.e.1" text="amlodipine" type="Biomedical_Entity"><Normalization><mmtx cui="C0051696" phraseText="no effect on the pharmacokinetic parameters of amlodipine." preferredWord="Amlodipine" semType="phsu, orch"/><RxNorm RxCui="104416"/></Normalization></entity><entity charOffset="0:10" id="Dailymed.f48911e0-705f-11dc-afc9-0002a5d5c51b.s.41.e.2" text="sildenafil" type="Biomedical_Entity"><Normalization><mmtx cui="C0529793" phraseText="Sildenafil" preferredWord="sildenafil" semType="phsu, orch"/><RxNorm RxCui="136411"/></Normalization></entity><pair ddi="false" e1="Dailymed.f48911e0-705f-11dc-afc9-0002a5d5c51b.s.41.e.0" e2="Dailymed.f48911e0-705f-11dc-afc9-0002a5d5c51b.s.41.e.1"/><pair ddi="false" e1="Dailymed.f48911e0-705f-11dc-afc9-0002a5d5c51b.s.41.e.2" e2="Dailymed.f48911e0-705f-11dc-afc9-0002a5d5c51b.s.41.e.0"/><pair ddi="false" e1="Dailymed.f48911e0-705f-11dc-afc9-0002a5d5c51b.s.41.e.2" e2="Dailymed.f48911e0-705f-11dc-afc9-0002a5d5c51b.s.41.e.1"/></sentence><sentence id="Dailymed.f48911e0-705f-11dc-afc9-0002a5d5c51b.s.42" text="When amlodipine and sildenafil were used in combination, each agent independently exerted its own blood pressure lowering effect." type="negative"><entity charOffset="20:30" id="Dailymed.f48911e0-705f-11dc-afc9-0002a5d5c51b.s.42.e.0" text="sildenafil" type="Biomedical_Entity"><Normalization><mmtx cui="C0529793" phraseText="sildenafil" preferredWord="sildenafil" semType="phsu, orch"/><RxNorm RxCui="136411"/></Normalization></entity><entity charOffset="5:15" id="Dailymed.f48911e0-705f-11dc-afc9-0002a5d5c51b.s.42.e.1" text="amlodipine" type="Biomedical_Entity"><Normalization><mmtx cui="C0051696" phraseText="amlodipine" preferredWord="Amlodipine" semType="phsu, orch"/><RxNorm RxCui="104416"/></Normalization></entity><pair ddi="false" e1="Dailymed.f48911e0-705f-11dc-afc9-0002a5d5c51b.s.42.e.1" e2="Dailymed.f48911e0-705f-11dc-afc9-0002a5d5c51b.s.42.e.0"/></sentence><sentence id="Dailymed.f48911e0-705f-11dc-afc9-0002a5d5c51b.s.44" text="Atorvastatin: Co-administration of multiple 10 mg doses of amlodipine with 80 mg of atorvastatin resulted in no significant change in the steady state pharmacokinetic parameters of atorvastatin." type="negative"><entity charOffset="44:69" id="Dailymed.f48911e0-705f-11dc-afc9-0002a5d5c51b.s.44.e.0" text="10 mg amlodipine" type="Biomedical_Entity"><Normalization><mmtx cui="C1124794" phraseText="Co-administration of multiple 10 mg doses of amlodipine" preferredWord="Amlodipine 10 MG" semType="clnd"/><RxNorm RxCui="NA"/></Normalization></entity><entity charOffset="0:12" id="Dailymed.f48911e0-705f-11dc-afc9-0002a5d5c51b.s.44.e.1" text="atorvastatin" type="Biomedical_Entity"><Normalization><mmtx cui="C0286651" phraseText="Atorvastatin" preferredWord="atorvastatin" semType="phsu, orch"/><RxNorm RxCui="83367"/></Normalization></entity><entity charOffset="84:96" id="Dailymed.f48911e0-705f-11dc-afc9-0002a5d5c51b.s.44.e.2" text="atorvastatin" type="Biomedical_Entity"><Normalization><mmtx cui="C0286651" phraseText="of atorvastatin" preferredWord="atorvastatin" semType="phsu, orch"/><RxNorm RxCui="83367"/></Normalization></entity><entity charOffset="181:193" id="Dailymed.f48911e0-705f-11dc-afc9-0002a5d5c51b.s.44.e.3" text="atorvastatin" type="Biomedical_Entity"><Normalization><mmtx cui="C0286651" phraseText="of atorvastatin." preferredWord="atorvastatin" semType="phsu, orch"/><RxNorm RxCui="83367"/></Normalization></entity><pair ddi="false" e1="Dailymed.f48911e0-705f-11dc-afc9-0002a5d5c51b.s.44.e.1" e2="Dailymed.f48911e0-705f-11dc-afc9-0002a5d5c51b.s.44.e.0"/><pair ddi="false" e1="Dailymed.f48911e0-705f-11dc-afc9-0002a5d5c51b.s.44.e.0" e2="Dailymed.f48911e0-705f-11dc-afc9-0002a5d5c51b.s.44.e.2"/><pair ddi="false" e1="Dailymed.f48911e0-705f-11dc-afc9-0002a5d5c51b.s.44.e.0" e2="Dailymed.f48911e0-705f-11dc-afc9-0002a5d5c51b.s.44.e.3"/></sentence><sentence id="Dailymed.f48911e0-705f-11dc-afc9-0002a5d5c51b.s.45" text="Digoxin: Co-administration of amlodipine with digoxin did not change serum digoxin levels or digoxin renal clearance in normal volunteers." type="negative"><entity charOffset="93:100" id="Dailymed.f48911e0-705f-11dc-afc9-0002a5d5c51b.s.45.e.0" text="digoxin" type="Biomedical_Entity"><Normalization><mmtx cui="C0012265" phraseText="digoxin renal clearance in normal volunteers." preferredWord="Digoxin" semType="strd, phsu, carb"/><RxNorm RxCui="3407"/></Normalization></entity><entity charOffset="75:82" id="Dailymed.f48911e0-705f-11dc-afc9-0002a5d5c51b.s.45.e.1" text="digoxin" type="Biomedical_Entity"><Normalization><mmtx cui="C0012265" phraseText="serum digoxin levels" preferredWord="Digoxin" semType="strd, phsu, carb"/><RxNorm RxCui="3407"/></Normalization></entity><entity charOffset="30:40" id="Dailymed.f48911e0-705f-11dc-afc9-0002a5d5c51b.s.45.e.2" text="amlodipine" type="Biomedical_Entity"><Normalization><mmtx cui="C0051696" phraseText="Co-administration of amlodipine" preferredWord="Amlodipine" semType="phsu, orch"/><RxNorm RxCui="104416"/></Normalization></entity><entity charOffset="0:7" id="Dailymed.f48911e0-705f-11dc-afc9-0002a5d5c51b.s.45.e.3" text="digoxin" type="Biomedical_Entity"><Normalization><mmtx cui="C0012265" phraseText="Digoxin" preferredWord="Digoxin" semType="strd, phsu, carb"/><RxNorm RxCui="3407"/></Normalization></entity><entity charOffset="46:53" id="Dailymed.f48911e0-705f-11dc-afc9-0002a5d5c51b.s.45.e.4" text="digoxin" type="Biomedical_Entity"><Normalization><mmtx cui="C0012265" phraseText="with digoxin" preferredWord="Digoxin" semType="strd, phsu, carb"/><RxNorm RxCui="3407"/></Normalization></entity><pair ddi="false" e1="Dailymed.f48911e0-705f-11dc-afc9-0002a5d5c51b.s.45.e.2" e2="Dailymed.f48911e0-705f-11dc-afc9-0002a5d5c51b.s.45.e.0"/><pair ddi="false" e1="Dailymed.f48911e0-705f-11dc-afc9-0002a5d5c51b.s.45.e.2" e2="Dailymed.f48911e0-705f-11dc-afc9-0002a5d5c51b.s.45.e.1"/><pair ddi="false" e1="Dailymed.f48911e0-705f-11dc-afc9-0002a5d5c51b.s.45.e.3" e2="Dailymed.f48911e0-705f-11dc-afc9-0002a5d5c51b.s.45.e.2"/><pair ddi="false" e1="Dailymed.f48911e0-705f-11dc-afc9-0002a5d5c51b.s.45.e.2" e2="Dailymed.f48911e0-705f-11dc-afc9-0002a5d5c51b.s.45.e.4"/></sentence><sentence id="Dailymed.f48911e0-705f-11dc-afc9-0002a5d5c51b.s.47" text="Warfarin: Co-administration of amlodipine with warfarin did not change the warfarin prothrombin response time." type="negative"><entity charOffset="84:95" id="Dailymed.f48911e0-705f-11dc-afc9-0002a5d5c51b.s.47.e.0" text="prothrombin" type="Biomedical_Entity"><Normalization><mmtx cui="C0033706" phraseText="the warfarin prothrombin response time." preferredWord="Prothrombin" semType="bacs, phsu, aapp"/><RxNorm RxCui="1441688"/></Normalization></entity><entity charOffset="47:55" id="Dailymed.f48911e0-705f-11dc-afc9-0002a5d5c51b.s.47.e.1" text="warfarin" type="Biomedical_Entity"><Normalization><mmtx cui="C0043031" phraseText="with warfarin" preferredWord="Warfarin" semType="phsu, orch, hops"/><RxNorm RxCui="11289"/></Normalization></entity><entity charOffset="75:83" id="Dailymed.f48911e0-705f-11dc-afc9-0002a5d5c51b.s.47.e.2" text="warfarin" type="Biomedical_Entity"><Normalization><mmtx cui="C0043031" phraseText="the warfarin prothrombin response time." preferredWord="Warfarin" semType="phsu, orch, hops"/><RxNorm RxCui="11289"/></Normalization></entity><entity charOffset="0:8" id="Dailymed.f48911e0-705f-11dc-afc9-0002a5d5c51b.s.47.e.3" text="warfarin" type="Biomedical_Entity"><Normalization><mmtx cui="C0043031" phraseText="Warfarin" preferredWord="Warfarin" semType="phsu, orch, hops"/><RxNorm RxCui="11289"/></Normalization></entity><entity charOffset="31:41" id="Dailymed.f48911e0-705f-11dc-afc9-0002a5d5c51b.s.47.e.4" text="amlodipine" type="Biomedical_Entity"><Normalization><mmtx cui="C0051696" phraseText="Co-administration of amlodipine" preferredWord="Amlodipine" semType="phsu, orch"/><RxNorm RxCui="104416"/></Normalization></entity><pair ddi="false" e1="Dailymed.f48911e0-705f-11dc-afc9-0002a5d5c51b.s.47.e.1" e2="Dailymed.f48911e0-705f-11dc-afc9-0002a5d5c51b.s.47.e.0"/><pair ddi="false" e1="Dailymed.f48911e0-705f-11dc-afc9-0002a5d5c51b.s.47.e.2" e2="Dailymed.f48911e0-705f-11dc-afc9-0002a5d5c51b.s.47.e.0"/><pair ddi="false" e1="Dailymed.f48911e0-705f-11dc-afc9-0002a5d5c51b.s.47.e.3" e2="Dailymed.f48911e0-705f-11dc-afc9-0002a5d5c51b.s.47.e.0"/><pair ddi="false" e1="Dailymed.f48911e0-705f-11dc-afc9-0002a5d5c51b.s.47.e.4" e2="Dailymed.f48911e0-705f-11dc-afc9-0002a5d5c51b.s.47.e.0"/><pair ddi="false" e1="Dailymed.f48911e0-705f-11dc-afc9-0002a5d5c51b.s.47.e.4" e2="Dailymed.f48911e0-705f-11dc-afc9-0002a5d5c51b.s.47.e.1"/><pair ddi="false" e1="Dailymed.f48911e0-705f-11dc-afc9-0002a5d5c51b.s.47.e.4" e2="Dailymed.f48911e0-705f-11dc-afc9-0002a5d5c51b.s.47.e.2"/><pair ddi="false" e1="Dailymed.f48911e0-705f-11dc-afc9-0002a5d5c51b.s.47.e.3" e2="Dailymed.f48911e0-705f-11dc-afc9-0002a5d5c51b.s.47.e.4"/></sentence><sentence biomedicalEntities="2" id="Dailymed.f48911e0-705f-11dc-afc9-0002a5d5c51b.s.48" lineNumber="56" text="Simvastatin: Co-administration of multiple doses of 10 mg of amlodipine with 80 mg simvastatin resulted in a 77% increase in exposure to simvastatin compared to simvastatin alone. " type="regular"><entity charOffset="61:71" id="Dailymed.f48911e0-705f-11dc-afc9-0002a5d5c51b.s.48.e.0" text="amlodipine" type="Drug"><Normalization><mmtx cui="C1124794" phraseText="Co-administration of multiple doses of 10 mg of amlodipine" preferredWord="Amlodipine 10 MG" semType="clnd"/><RxNorm RxCui="104416"/></Normalization></entity><entity charOffset="113:133" id="Dailymed.f48911e0-705f-11dc-afc9-0002a5d5c51b.s.48.e.1" text="increase in exposure" type="Increase_Interaction"/><entity charOffset="137:148" id="Dailymed.f48911e0-705f-11dc-afc9-0002a5d5c51b.s.48.e.3" text="simvastatin" type="Drug"><Normalization><mmtx cui="C0074554" phraseText="to simvastatin" preferredWord="Simvastatin" semType="phsu, orch"/><RxNorm RxCui="36567"/></Normalization></entity><drugInteraction id="Dailymed.f48911e0-705f-11dc-afc9-0002a5d5c51b.s.48.ddi.1"><interaction trigger="Dailymed.f48911e0-705f-11dc-afc9-0002a5d5c51b.s.48.e.1"><relations><relation type="hasPrecipitant"><entity id="Dailymed.f48911e0-705f-11dc-afc9-0002a5d5c51b.s.48.e.0"/></relation><relation type="hasObject"><entity id="Dailymed.f48911e0-705f-11dc-afc9-0002a5d5c51b.s.48.e.3"/></relation></relations></interaction></drugInteraction><pair ddi="true" e1="Dailymed.f48911e0-705f-11dc-afc9-0002a5d5c51b.s.48.e.0" e2="Dailymed.f48911e0-705f-11dc-afc9-0002a5d5c51b.s.48.e.3" trigger="Dailymed.f48911e0-705f-11dc-afc9-0002a5d5c51b.s.48.e.1" type="Increase_Interaction"/></sentence><sentence biomedicalEntities="2" id="Dailymed.f48911e0-705f-11dc-afc9-0002a5d5c51b.s.49" lineNumber="56" text="Limit the dose of simvastatin in patients on amlodipine to 20 mg daily." type="regular"><entity charOffset="0:14" id="Dailymed.f48911e0-705f-11dc-afc9-0002a5d5c51b.s.49.e.0" text="Limit the dose" type="Caution_Interaction"/><entity charOffset="18:29" id="Dailymed.f48911e0-705f-11dc-afc9-0002a5d5c51b.s.49.e.2" text="simvastatin" type="Drug"><Normalization><mmtx cui="C0074554" phraseText="the dose of simvastatin" preferredWord="Simvastatin" semType="phsu, orch"/><RxNorm RxCui="36567"/></Normalization></entity><entity charOffset="45:55" id="Dailymed.f48911e0-705f-11dc-afc9-0002a5d5c51b.s.49.e.3" text="amlodipine" type="Drug"><Normalization><mmtx cui="C0051696" phraseText="on amlodipine" preferredWord="Amlodipine" semType="phsu, orch"/><RxNorm RxCui="104416"/></Normalization></entity><drugInteraction id="Dailymed.f48911e0-705f-11dc-afc9-0002a5d5c51b.s.49.ddi.1"><interaction trigger="Dailymed.f48911e0-705f-11dc-afc9-0002a5d5c51b.s.49.e.0"><relations><relation type="hasPrecipitant"><entity id="Dailymed.f48911e0-705f-11dc-afc9-0002a5d5c51b.s.49.e.2"/></relation><relation type="hasObject"><entity id="Dailymed.f48911e0-705f-11dc-afc9-0002a5d5c51b.s.49.e.3"/></relation></relations></interaction></drugInteraction><pair ddi="true" e1="Dailymed.f48911e0-705f-11dc-afc9-0002a5d5c51b.s.49.e.2" e2="Dailymed.f48911e0-705f-11dc-afc9-0002a5d5c51b.s.49.e.3" trigger="Dailymed.f48911e0-705f-11dc-afc9-0002a5d5c51b.s.49.e.0" type="Caution_Interaction"/></sentence><sentence id="Dailymed.f48911e0-705f-11dc-afc9-0002a5d5c51b.s.50" text="In clinical trials, amlodipine has been safely administered with thiazide diuretics, beta-blockers, angiotensin-converting enzyme inhibitors, long-acting nitrates, sublingual nitroglycerin, digoxin, warfarin, non-steroidal anti-inflammatory drugs, antibiotics, and oral hypoglycemic drugs." type="negative"><entity charOffset="209:246" id="Dailymed.f48911e0-705f-11dc-afc9-0002a5d5c51b.s.50.e.0" text="non-steroidal anti-inflammatory drugs" type="Biomedical_Entity"><Normalization><mmtx cui="C3536840" phraseText="non-steroidal anti-inflammatory drugs," preferredWord="Nonsteroidal Anti-inflammatory Drug [EPC]" semType="phsu"/><RxNorm RxCui="1005832"/></Normalization></entity><entity charOffset="175:188" id="Dailymed.f48911e0-705f-11dc-afc9-0002a5d5c51b.s.50.e.1" text="nitroglycerin" type="Biomedical_Entity"><Normalization><mmtx cui="C0885378" phraseText="sublingual nitroglycerin," preferredWord="Glonoine, nitroglycerine, Homeopathic preparation" semType="phsu, orch"/><RxNorm RxCui="4917"/></Normalization></entity><entity charOffset="65:83" id="Dailymed.f48911e0-705f-11dc-afc9-0002a5d5c51b.s.50.e.2" text="thiazide diuretics" type="Biomedical_Entity"><Normalization><mmtx cui="C0012802" phraseText="administered with thiazide diuretics," preferredWord="Thiazide Diuretics" semType="phsu, orch"/><RxNorm RxCui="141801"/></Normalization></entity><entity charOffset="248:259" id="Dailymed.f48911e0-705f-11dc-afc9-0002a5d5c51b.s.50.e.3" text="antibiotics" type="Biomedical_Entity"><Normalization><mmtx cui="C0003232" phraseText="antibiotics," preferredWord="Antibiotics" semType="antb"/><RxNorm RxCui="901"/></Normalization></entity><entity charOffset="100:140" id="Dailymed.f48911e0-705f-11dc-afc9-0002a5d5c51b.s.50.e.4" text="angiotensin-converting enzyme inhibitors" type="Biomedical_Entity"><Normalization><mmtx cui="C0003015" phraseText="angiotensin-converting enzyme inhibitors," preferredWord="Angiotensin-Converting Enzyme Inhibitors" semType="phsu"/><RxNorm RxCui="6162"/></Normalization></entity><entity charOffset="270:288" id="Dailymed.f48911e0-705f-11dc-afc9-0002a5d5c51b.s.50.e.5" text="hypoglycemic drugs" type="Biomedical_Entity"><Normalization><mmtx cui="C0020616" phraseText="oral hypoglycemic drugs." preferredWord="Hypoglycemic Agents" semType="phsu"/><RxNorm RxCui="5604"/></Normalization></entity><entity charOffset="190:197" id="Dailymed.f48911e0-705f-11dc-afc9-0002a5d5c51b.s.50.e.6" text="digoxin" type="Biomedical_Entity"><Normalization><mmtx cui="C0012265" phraseText="digoxin," preferredWord="Digoxin" semType="strd, phsu, carb"/><RxNorm RxCui="3407"/></Normalization></entity><entity charOffset="20:30" id="Dailymed.f48911e0-705f-11dc-afc9-0002a5d5c51b.s.50.e.7" text="amlodipine" type="Biomedical_Entity"><Normalization><mmtx cui="C0051696" phraseText="amlodipine" preferredWord="Amlodipine" semType="phsu, orch"/><RxNorm RxCui="104416"/></Normalization></entity><entity charOffset="265:282" id="Dailymed.f48911e0-705f-11dc-afc9-0002a5d5c51b.s.50.e.8" text="oral hypoglycemic" type="Biomedical_Entity"><Normalization><mmtx cui="C0359086" phraseText="oral hypoglycemic drugs." preferredWord="Oral hypoglycemic" semType="phsu"/><RxNorm RxCui="NA"/></Normalization></entity><entity charOffset="85:98" id="Dailymed.f48911e0-705f-11dc-afc9-0002a5d5c51b.s.50.e.9" text="beta-blockers" type="Biomedical_Entity"><Normalization><mmtx cui="C0001645" phraseText="beta-blockers," preferredWord="Adrenergic beta-Antagonists" semType="phsu"/><RxNorm RxCui="371"/></Normalization></entity><entity charOffset="199:207" id="Dailymed.f48911e0-705f-11dc-afc9-0002a5d5c51b.s.50.e.10" text="warfarin" type="Biomedical_Entity"><Normalization><mmtx cui="C0043031" phraseText="warfarin," preferredWord="Warfarin" semType="phsu, orch, hops"/><RxNorm RxCui="11289"/></Normalization></entity><pair ddi="false" e1="Dailymed.f48911e0-705f-11dc-afc9-0002a5d5c51b.s.50.e.1" e2="Dailymed.f48911e0-705f-11dc-afc9-0002a5d5c51b.s.50.e.0"/><pair ddi="false" e1="Dailymed.f48911e0-705f-11dc-afc9-0002a5d5c51b.s.50.e.2" e2="Dailymed.f48911e0-705f-11dc-afc9-0002a5d5c51b.s.50.e.0"/><pair ddi="false" e1="Dailymed.f48911e0-705f-11dc-afc9-0002a5d5c51b.s.50.e.0" e2="Dailymed.f48911e0-705f-11dc-afc9-0002a5d5c51b.s.50.e.3"/><pair ddi="false" e1="Dailymed.f48911e0-705f-11dc-afc9-0002a5d5c51b.s.50.e.4" e2="Dailymed.f48911e0-705f-11dc-afc9-0002a5d5c51b.s.50.e.0"/><pair ddi="false" e1="Dailymed.f48911e0-705f-11dc-afc9-0002a5d5c51b.s.50.e.0" e2="Dailymed.f48911e0-705f-11dc-afc9-0002a5d5c51b.s.50.e.5"/><pair ddi="false" e1="Dailymed.f48911e0-705f-11dc-afc9-0002a5d5c51b.s.50.e.6" e2="Dailymed.f48911e0-705f-11dc-afc9-0002a5d5c51b.s.50.e.0"/><pair ddi="false" e1="Dailymed.f48911e0-705f-11dc-afc9-0002a5d5c51b.s.50.e.7" e2="Dailymed.f48911e0-705f-11dc-afc9-0002a5d5c51b.s.50.e.0"/><pair ddi="false" e1="Dailymed.f48911e0-705f-11dc-afc9-0002a5d5c51b.s.50.e.0" e2="Dailymed.f48911e0-705f-11dc-afc9-0002a5d5c51b.s.50.e.8"/><pair ddi="false" e1="Dailymed.f48911e0-705f-11dc-afc9-0002a5d5c51b.s.50.e.9" e2="Dailymed.f48911e0-705f-11dc-afc9-0002a5d5c51b.s.50.e.0"/><pair ddi="false" e1="Dailymed.f48911e0-705f-11dc-afc9-0002a5d5c51b.s.50.e.10" e2="Dailymed.f48911e0-705f-11dc-afc9-0002a5d5c51b.s.50.e.0"/><pair ddi="false" e1="Dailymed.f48911e0-705f-11dc-afc9-0002a5d5c51b.s.50.e.2" e2="Dailymed.f48911e0-705f-11dc-afc9-0002a5d5c51b.s.50.e.1"/><pair ddi="false" e1="Dailymed.f48911e0-705f-11dc-afc9-0002a5d5c51b.s.50.e.1" e2="Dailymed.f48911e0-705f-11dc-afc9-0002a5d5c51b.s.50.e.3"/><pair ddi="false" e1="Dailymed.f48911e0-705f-11dc-afc9-0002a5d5c51b.s.50.e.4" e2="Dailymed.f48911e0-705f-11dc-afc9-0002a5d5c51b.s.50.e.1"/><pair ddi="false" e1="Dailymed.f48911e0-705f-11dc-afc9-0002a5d5c51b.s.50.e.1" e2="Dailymed.f48911e0-705f-11dc-afc9-0002a5d5c51b.s.50.e.5"/><pair ddi="false" e1="Dailymed.f48911e0-705f-11dc-afc9-0002a5d5c51b.s.50.e.1" e2="Dailymed.f48911e0-705f-11dc-afc9-0002a5d5c51b.s.50.e.6"/><pair ddi="false" e1="Dailymed.f48911e0-705f-11dc-afc9-0002a5d5c51b.s.50.e.7" e2="Dailymed.f48911e0-705f-11dc-afc9-0002a5d5c51b.s.50.e.1"/><pair ddi="false" e1="Dailymed.f48911e0-705f-11dc-afc9-0002a5d5c51b.s.50.e.1" e2="Dailymed.f48911e0-705f-11dc-afc9-0002a5d5c51b.s.50.e.8"/><pair ddi="false" e1="Dailymed.f48911e0-705f-11dc-afc9-0002a5d5c51b.s.50.e.9" e2="Dailymed.f48911e0-705f-11dc-afc9-0002a5d5c51b.s.50.e.1"/><pair ddi="false" e1="Dailymed.f48911e0-705f-11dc-afc9-0002a5d5c51b.s.50.e.1" e2="Dailymed.f48911e0-705f-11dc-afc9-0002a5d5c51b.s.50.e.10"/><pair ddi="false" e1="Dailymed.f48911e0-705f-11dc-afc9-0002a5d5c51b.s.50.e.2" e2="Dailymed.f48911e0-705f-11dc-afc9-0002a5d5c51b.s.50.e.3"/><pair ddi="false" e1="Dailymed.f48911e0-705f-11dc-afc9-0002a5d5c51b.s.50.e.2" e2="Dailymed.f48911e0-705f-11dc-afc9-0002a5d5c51b.s.50.e.4"/><pair ddi="false" e1="Dailymed.f48911e0-705f-11dc-afc9-0002a5d5c51b.s.50.e.2" e2="Dailymed.f48911e0-705f-11dc-afc9-0002a5d5c51b.s.50.e.5"/><pair ddi="false" e1="Dailymed.f48911e0-705f-11dc-afc9-0002a5d5c51b.s.50.e.2" e2="Dailymed.f48911e0-705f-11dc-afc9-0002a5d5c51b.s.50.e.6"/><pair ddi="false" e1="Dailymed.f48911e0-705f-11dc-afc9-0002a5d5c51b.s.50.e.7" e2="Dailymed.f48911e0-705f-11dc-afc9-0002a5d5c51b.s.50.e.2"/><pair ddi="false" e1="Dailymed.f48911e0-705f-11dc-afc9-0002a5d5c51b.s.50.e.2" e2="Dailymed.f48911e0-705f-11dc-afc9-0002a5d5c51b.s.50.e.8"/><pair ddi="false" e1="Dailymed.f48911e0-705f-11dc-afc9-0002a5d5c51b.s.50.e.2" e2="Dailymed.f48911e0-705f-11dc-afc9-0002a5d5c51b.s.50.e.9"/><pair ddi="false" e1="Dailymed.f48911e0-705f-11dc-afc9-0002a5d5c51b.s.50.e.2" e2="Dailymed.f48911e0-705f-11dc-afc9-0002a5d5c51b.s.50.e.10"/><pair ddi="false" e1="Dailymed.f48911e0-705f-11dc-afc9-0002a5d5c51b.s.50.e.4" e2="Dailymed.f48911e0-705f-11dc-afc9-0002a5d5c51b.s.50.e.3"/><pair ddi="false" e1="Dailymed.f48911e0-705f-11dc-afc9-0002a5d5c51b.s.50.e.3" e2="Dailymed.f48911e0-705f-11dc-afc9-0002a5d5c51b.s.50.e.5"/><pair ddi="false" e1="Dailymed.f48911e0-705f-11dc-afc9-0002a5d5c51b.s.50.e.6" e2="Dailymed.f48911e0-705f-11dc-afc9-0002a5d5c51b.s.50.e.3"/><pair ddi="false" e1="Dailymed.f48911e0-705f-11dc-afc9-0002a5d5c51b.s.50.e.7" e2="Dailymed.f48911e0-705f-11dc-afc9-0002a5d5c51b.s.50.e.3"/><pair ddi="false" e1="Dailymed.f48911e0-705f-11dc-afc9-0002a5d5c51b.s.50.e.3" e2="Dailymed.f48911e0-705f-11dc-afc9-0002a5d5c51b.s.50.e.8"/><pair ddi="false" e1="Dailymed.f48911e0-705f-11dc-afc9-0002a5d5c51b.s.50.e.9" e2="Dailymed.f48911e0-705f-11dc-afc9-0002a5d5c51b.s.50.e.3"/><pair ddi="false" e1="Dailymed.f48911e0-705f-11dc-afc9-0002a5d5c51b.s.50.e.10" e2="Dailymed.f48911e0-705f-11dc-afc9-0002a5d5c51b.s.50.e.3"/><pair ddi="false" e1="Dailymed.f48911e0-705f-11dc-afc9-0002a5d5c51b.s.50.e.4" e2="Dailymed.f48911e0-705f-11dc-afc9-0002a5d5c51b.s.50.e.5"/><pair ddi="false" e1="Dailymed.f48911e0-705f-11dc-afc9-0002a5d5c51b.s.50.e.4" e2="Dailymed.f48911e0-705f-11dc-afc9-0002a5d5c51b.s.50.e.6"/><pair ddi="false" e1="Dailymed.f48911e0-705f-11dc-afc9-0002a5d5c51b.s.50.e.7" e2="Dailymed.f48911e0-705f-11dc-afc9-0002a5d5c51b.s.50.e.4"/><pair ddi="false" e1="Dailymed.f48911e0-705f-11dc-afc9-0002a5d5c51b.s.50.e.4" e2="Dailymed.f48911e0-705f-11dc-afc9-0002a5d5c51b.s.50.e.8"/><pair ddi="false" e1="Dailymed.f48911e0-705f-11dc-afc9-0002a5d5c51b.s.50.e.9" e2="Dailymed.f48911e0-705f-11dc-afc9-0002a5d5c51b.s.50.e.4"/><pair ddi="false" e1="Dailymed.f48911e0-705f-11dc-afc9-0002a5d5c51b.s.50.e.4" e2="Dailymed.f48911e0-705f-11dc-afc9-0002a5d5c51b.s.50.e.10"/><pair ddi="false" e1="Dailymed.f48911e0-705f-11dc-afc9-0002a5d5c51b.s.50.e.6" e2="Dailymed.f48911e0-705f-11dc-afc9-0002a5d5c51b.s.50.e.5"/><pair ddi="false" e1="Dailymed.f48911e0-705f-11dc-afc9-0002a5d5c51b.s.50.e.7" e2="Dailymed.f48911e0-705f-11dc-afc9-0002a5d5c51b.s.50.e.5"/><pair ddi="false" e1="Dailymed.f48911e0-705f-11dc-afc9-0002a5d5c51b.s.50.e.8" e2="Dailymed.f48911e0-705f-11dc-afc9-0002a5d5c51b.s.50.e.5"/><pair ddi="false" e1="Dailymed.f48911e0-705f-11dc-afc9-0002a5d5c51b.s.50.e.9" e2="Dailymed.f48911e0-705f-11dc-afc9-0002a5d5c51b.s.50.e.5"/><pair ddi="false" e1="Dailymed.f48911e0-705f-11dc-afc9-0002a5d5c51b.s.50.e.10" e2="Dailymed.f48911e0-705f-11dc-afc9-0002a5d5c51b.s.50.e.5"/><pair ddi="false" e1="Dailymed.f48911e0-705f-11dc-afc9-0002a5d5c51b.s.50.e.7" e2="Dailymed.f48911e0-705f-11dc-afc9-0002a5d5c51b.s.50.e.6"/><pair ddi="false" e1="Dailymed.f48911e0-705f-11dc-afc9-0002a5d5c51b.s.50.e.6" e2="Dailymed.f48911e0-705f-11dc-afc9-0002a5d5c51b.s.50.e.8"/><pair ddi="false" e1="Dailymed.f48911e0-705f-11dc-afc9-0002a5d5c51b.s.50.e.9" e2="Dailymed.f48911e0-705f-11dc-afc9-0002a5d5c51b.s.50.e.6"/><pair ddi="false" e1="Dailymed.f48911e0-705f-11dc-afc9-0002a5d5c51b.s.50.e.6" e2="Dailymed.f48911e0-705f-11dc-afc9-0002a5d5c51b.s.50.e.10"/><pair ddi="false" e1="Dailymed.f48911e0-705f-11dc-afc9-0002a5d5c51b.s.50.e.7" e2="Dailymed.f48911e0-705f-11dc-afc9-0002a5d5c51b.s.50.e.8"/><pair ddi="false" e1="Dailymed.f48911e0-705f-11dc-afc9-0002a5d5c51b.s.50.e.7" e2="Dailymed.f48911e0-705f-11dc-afc9-0002a5d5c51b.s.50.e.9"/><pair ddi="false" e1="Dailymed.f48911e0-705f-11dc-afc9-0002a5d5c51b.s.50.e.7" e2="Dailymed.f48911e0-705f-11dc-afc9-0002a5d5c51b.s.50.e.10"/><pair ddi="false" e1="Dailymed.f48911e0-705f-11dc-afc9-0002a5d5c51b.s.50.e.9" e2="Dailymed.f48911e0-705f-11dc-afc9-0002a5d5c51b.s.50.e.8"/><pair ddi="false" e1="Dailymed.f48911e0-705f-11dc-afc9-0002a5d5c51b.s.50.e.10" e2="Dailymed.f48911e0-705f-11dc-afc9-0002a5d5c51b.s.50.e.8"/><pair ddi="false" e1="Dailymed.f48911e0-705f-11dc-afc9-0002a5d5c51b.s.50.e.9" e2="Dailymed.f48911e0-705f-11dc-afc9-0002a5d5c51b.s.50.e.10"/></sentence><sentence id="Dailymed.f48911e0-705f-11dc-afc9-0002a5d5c51b.s.52" text="Non-Steroidal Anti-Inflammatory Agents including Selective Cyclooxygenase-2 Inhibitors (COX-2 Inhibitors)" type="negative"><entity charOffset="88:104" id="Dailymed.f48911e0-705f-11dc-afc9-0002a5d5c51b.s.52.e.0" text="cox-2 inhibitors" type="Biomedical_Entity"><Normalization><mmtx cui="C1257954" phraseText="(COX-2 Inhibitors" preferredWord="Cyclooxygenase 2 Inhibitors" semType="phsu, orch"/><RxNorm RxCui="382306"/></Normalization></entity><entity charOffset="0:38" id="Dailymed.f48911e0-705f-11dc-afc9-0002a5d5c51b.s.52.e.1" text="non-steroidal anti-inflammatory agents" type="Biomedical_Entity"><Normalization><mmtx cui="C0003211" phraseText="Non-Steroidal Anti-Inflammatory Agents" preferredWord="Anti-Inflammatory Agents, Non-Steroidal" semType="phsu"/><RxNorm RxCui="1005832"/></Normalization></entity><entity charOffset="59:86" id="Dailymed.f48911e0-705f-11dc-afc9-0002a5d5c51b.s.52.e.2" text="cyclooxygenase-2 inhibitors" type="Biomedical_Entity"><Normalization><mmtx cui="C1257954" phraseText="Selective Cyclooxygenase-2 Inhibitors" preferredWord="Cyclooxygenase 2 Inhibitors" semType="phsu, orch"/><RxNorm RxCui="119049"/></Normalization></entity><pair ddi="false" e1="Dailymed.f48911e0-705f-11dc-afc9-0002a5d5c51b.s.52.e.1" e2="Dailymed.f48911e0-705f-11dc-afc9-0002a5d5c51b.s.52.e.0"/><pair ddi="false" e1="Dailymed.f48911e0-705f-11dc-afc9-0002a5d5c51b.s.52.e.1" e2="Dailymed.f48911e0-705f-11dc-afc9-0002a5d5c51b.s.52.e.2"/></sentence><sentence biomedicalEntities="4" id="Dailymed.f48911e0-705f-11dc-afc9-0002a5d5c51b.s.53" lineNumber="64" text="In patients who are elderly, volume-depleted (including those on diuretic therapy), or with compromised renal function, co-administration of NSAIDs, including selective COX-2 inhibitors, with angiotensin II receptor antagonists, including olmesartan medoxomil, may result in deterioration of renal function, including possible acute renal failure. " type="regular"><entity charOffset="20:27" id="Dailymed.f48911e0-705f-11dc-afc9-0002a5d5c51b.s.53.e.0" text="elderly" type="SPAN"/><entity charOffset="29:44" id="Dailymed.f48911e0-705f-11dc-afc9-0002a5d5c51b.s.53.e.1" text="volume-depleted" type="SPAN"/><entity charOffset="65:81" id="Dailymed.f48911e0-705f-11dc-afc9-0002a5d5c51b.s.53.e.2" text="diuretic therapy" type="SPAN"/><entity charOffset="92:118" id="Dailymed.f48911e0-705f-11dc-afc9-0002a5d5c51b.s.53.e.3" text="compromised renal function" type="SPAN"/><entity charOffset="141:147" id="Dailymed.f48911e0-705f-11dc-afc9-0002a5d5c51b.s.53.e.4" text="NSAIDs" type="Drug_Class"><Normalization><mmtx cui="C0003211" phraseText="co-administration of NSAIDs," preferredWord="Anti-Inflammatory Agents, Non-Steroidal" semType="phsu"/><RxNorm RxCui="889"/></Normalization></entity><entity charOffset="159:185" id="Dailymed.f48911e0-705f-11dc-afc9-0002a5d5c51b.s.53.e.5" text="selective COX-2 inhibitors" type="Drug_Class"><Normalization><mmtx cui="C1257954" phraseText="selective COX-2 inhibitors," preferredWord="Cyclooxygenase 2 Inhibitors" semType="phsu, orch"/><RxNorm RxCui="1431714"/></Normalization></entity><entity charOffset="192:227" id="Dailymed.f48911e0-705f-11dc-afc9-0002a5d5c51b.s.53.e.7" text="angiotensin II receptor antagonists" type="Drug_Class"><Normalization><mmtx cui="C0521942" phraseText="with angiotensin II receptor antagonists," preferredWord="Angiotensin II receptor antagonist" semType="phsu"/><RxNorm RxCui="839"/></Normalization></entity><entity charOffset="239:259" id="Dailymed.f48911e0-705f-11dc-afc9-0002a5d5c51b.s.53.e.8" text="olmesartan medoxomil" type="Drug"><Normalization><mmtx cui="C0386393" phraseText="olmesartan medoxomil," preferredWord="Olmesartan medoxomil" semType="phsu, orch"/><RxNorm RxCui="321064"/></Normalization></entity><entity charOffset="275:306" id="Dailymed.f48911e0-705f-11dc-afc9-0002a5d5c51b.s.53.e.10" text="deterioration of renal function" type="Specific_Interaction"/><entity charOffset="327:346" id="Dailymed.f48911e0-705f-11dc-afc9-0002a5d5c51b.s.53.e.12" text="acute renal failure" type="Specific_Interaction"><Normalization><mmtx cui="C0022660" phraseText="possible acute renal failure." preferredWord="Kidney Failure, Acute" semType="dsyn"/></Normalization></entity><classClassMembership drugClass="Dailymed.f48911e0-705f-11dc-afc9-0002a5d5c51b.s.53.e.5"/><drugClassMembership drug="Dailymed.f48911e0-705f-11dc-afc9-0002a5d5c51b.s.53.e.8" drugClass="Dailymed.f48911e0-705f-11dc-afc9-0002a5d5c51b.s.53.e.7"/><drugInteraction id="Dailymed.f48911e0-705f-11dc-afc9-0002a5d5c51b.s.53.ddi.1"><interaction trigger="Dailymed.f48911e0-705f-11dc-afc9-0002a5d5c51b.s.53.e.10"><relations><relation type="hasContext"><entity id="Dailymed.f48911e0-705f-11dc-afc9-0002a5d5c51b.s.53.e.0"/></relation><relation type="hasContext"><entity id="Dailymed.f48911e0-705f-11dc-afc9-0002a5d5c51b.s.53.e.3"/></relation><relation type="hasContext"><entity id="Dailymed.f48911e0-705f-11dc-afc9-0002a5d5c51b.s.53.e.2"/></relation><relation type="hasContext"><entity id="Dailymed.f48911e0-705f-11dc-afc9-0002a5d5c51b.s.53.e.1"/></relation><relation type="hasObject"><entity id="Dailymed.f48911e0-705f-11dc-afc9-0002a5d5c51b.s.53.e.7"/></relation><relation type="hasPrecipitant"><entity id="Dailymed.f48911e0-705f-11dc-afc9-0002a5d5c51b.s.53.e.4"/></relation></relations></interaction></drugInteraction><drugInteraction id="Dailymed.f48911e0-705f-11dc-afc9-0002a5d5c51b.s.53.ddi.2"><interaction trigger="Dailymed.f48911e0-705f-11dc-afc9-0002a5d5c51b.s.53.e.12"><relations><relation type="hasContext"><entity id="Dailymed.f48911e0-705f-11dc-afc9-0002a5d5c51b.s.53.e.0"/></relation><relation type="hasContext"><entity id="Dailymed.f48911e0-705f-11dc-afc9-0002a5d5c51b.s.53.e.3"/></relation><relation type="hasContext"><entity id="Dailymed.f48911e0-705f-11dc-afc9-0002a5d5c51b.s.53.e.2"/></relation><relation type="hasContext"><entity id="Dailymed.f48911e0-705f-11dc-afc9-0002a5d5c51b.s.53.e.1"/></relation><relation type="hasObject"><entity id="Dailymed.f48911e0-705f-11dc-afc9-0002a5d5c51b.s.53.e.7"/></relation><relation type="hasPrecipitant"><entity id="Dailymed.f48911e0-705f-11dc-afc9-0002a5d5c51b.s.53.e.4"/></relation></relations></interaction></drugInteraction><pair context="Dailymed.f48911e0-705f-11dc-afc9-0002a5d5c51b.s.53.e.0, Dailymed.f48911e0-705f-11dc-afc9-0002a5d5c51b.s.53.e.3, Dailymed.f48911e0-705f-11dc-afc9-0002a5d5c51b.s.53.e.2, Dailymed.f48911e0-705f-11dc-afc9-0002a5d5c51b.s.53.e.1" ddi="true" e1="Dailymed.f48911e0-705f-11dc-afc9-0002a5d5c51b.s.53.e.4" e2="Dailymed.f48911e0-705f-11dc-afc9-0002a5d5c51b.s.53.e.7" trigger="Dailymed.f48911e0-705f-11dc-afc9-0002a5d5c51b.s.53.e.10" type="Specific_Interaction"/></sentence><sentence biomedicalEntities="2" id="Dailymed.f48911e0-705f-11dc-afc9-0002a5d5c51b.s.55" lineNumber="64" text="Monitor renal function periodically in patients receiving olmesartan medoxomil and NSAID therapy." type="regular"><entity charOffset="0:7" id="Dailymed.f48911e0-705f-11dc-afc9-0002a5d5c51b.s.55.e.0" text="Monitor" type="Caution_Interaction"/><entity charOffset="58:78" id="Dailymed.f48911e0-705f-11dc-afc9-0002a5d5c51b.s.55.e.2" text="olmesartan medoxomil" type="Drug"><Normalization><mmtx cui="C0386393" phraseText="olmesartan medoxomil" preferredWord="Olmesartan medoxomil" semType="phsu, orch"/><RxNorm RxCui="321064"/></Normalization></entity><entity charOffset="83:88" id="Dailymed.f48911e0-705f-11dc-afc9-0002a5d5c51b.s.55.e.3" text="NSAID" type="Drug_Class"><Normalization><mmtx cui="C0003211" phraseText="NSAID therapy." preferredWord="Anti-Inflammatory Agents, Non-Steroidal" semType="phsu"/><RxNorm RxCui="889"/></Normalization></entity><drugInteraction id="Dailymed.f48911e0-705f-11dc-afc9-0002a5d5c51b.s.55.ddi.1"><interaction trigger="Dailymed.f48911e0-705f-11dc-afc9-0002a5d5c51b.s.55.e.0"><relations><relation type="hasPrecipitant"><entity id="Dailymed.f48911e0-705f-11dc-afc9-0002a5d5c51b.s.55.e.3"/></relation><relation type="hasObject"><entity id="Dailymed.f48911e0-705f-11dc-afc9-0002a5d5c51b.s.55.e.2"/></relation></relations></interaction></drugInteraction><pair ddi="true" e1="Dailymed.f48911e0-705f-11dc-afc9-0002a5d5c51b.s.55.e.2" e2="Dailymed.f48911e0-705f-11dc-afc9-0002a5d5c51b.s.55.e.3" trigger="Dailymed.f48911e0-705f-11dc-afc9-0002a5d5c51b.s.55.e.0" type="Caution_Interaction"/></sentence><sentence biomedicalEntities="4" id="Dailymed.f48911e0-705f-11dc-afc9-0002a5d5c51b.s.56" lineNumber="66" text="The antihypertensive effect of angiotensin II receptor antagonists, including olmesartan medoxomil may be attenuated by NSAIDs including selective COX-2 inhibitors." type="regular"><entity charOffset="31:66" id="Dailymed.f48911e0-705f-11dc-afc9-0002a5d5c51b.s.56.e.0" text="angiotensin II receptor antagonists" type="Drug_Class"><Normalization><mmtx cui="C0521942" phraseText="The antihypertensive effect of angiotensin II receptor antagonists," preferredWord="Angiotensin II receptor antagonist" semType="phsu"/><RxNorm RxCui="839"/></Normalization></entity><entity charOffset="78:98" id="Dailymed.f48911e0-705f-11dc-afc9-0002a5d5c51b.s.56.e.1" text="olmesartan medoxomil" type="Drug"><Normalization><mmtx cui="C0386393" phraseText="olmesartan medoxomil" preferredWord="Olmesartan medoxomil" semType="phsu, orch"/><RxNorm RxCui="321064"/></Normalization></entity><entity charOffset="120:126" id="Dailymed.f48911e0-705f-11dc-afc9-0002a5d5c51b.s.56.e.3" text="NSAIDs" type="Drug_Class"><Normalization><mmtx cui="C0003211" phraseText="attenuated by NSAIDs" preferredWord="Anti-Inflammatory Agents, Non-Steroidal" semType="phsu"/><RxNorm RxCui="889"/></Normalization></entity><entity charOffset="137:163" id="Dailymed.f48911e0-705f-11dc-afc9-0002a5d5c51b.s.56.e.4" text="selective COX-2 inhibitors" type="Drug_Class"><Normalization><mmtx cui="C1257954" phraseText="selective COX-2 inhibitors." preferredWord="Cyclooxygenase 2 Inhibitors" semType="phsu, orch"/><RxNorm RxCui="1431714"/></Normalization></entity><entity charOffset="4:27|106:116" id="Dailymed.f48911e0-705f-11dc-afc9-0002a5d5c51b.s.56.e.6" text="antihypertensive effect attenuated" type="Specific_Interaction"/><drugClassMembership drug="Dailymed.f48911e0-705f-11dc-afc9-0002a5d5c51b.s.56.e.1" drugClass="Dailymed.f48911e0-705f-11dc-afc9-0002a5d5c51b.s.56.e.0"/><classClassMembership drugClass="Dailymed.f48911e0-705f-11dc-afc9-0002a5d5c51b.s.56.e.4"/><drugInteraction id="Dailymed.f48911e0-705f-11dc-afc9-0002a5d5c51b.s.56.ddi.1"><interaction trigger="Dailymed.f48911e0-705f-11dc-afc9-0002a5d5c51b.s.56.e.6"><relations><relation type="hasPrecipitant"><entity id="Dailymed.f48911e0-705f-11dc-afc9-0002a5d5c51b.s.56.e.3"/></relation><relation type="hasObject"><entity id="Dailymed.f48911e0-705f-11dc-afc9-0002a5d5c51b.s.56.e.0"/></relation></relations></interaction></drugInteraction><pair ddi="true" e1="Dailymed.f48911e0-705f-11dc-afc9-0002a5d5c51b.s.56.e.0" e2="Dailymed.f48911e0-705f-11dc-afc9-0002a5d5c51b.s.56.e.3" trigger="Dailymed.f48911e0-705f-11dc-afc9-0002a5d5c51b.s.56.e.6" type="Specific_Interaction"/></sentence><sentence id="Dailymed.f48911e0-705f-11dc-afc9-0002a5d5c51b.s.57" text="No significant drug interactions were reported in studies in which olmesartan medoxomil was co-administered with digoxin or warfarin in healthy volunteers." type="negative"><entity charOffset="67:87" id="Dailymed.f48911e0-705f-11dc-afc9-0002a5d5c51b.s.57.e.0" text="olmesartan medoxomil" type="Biomedical_Entity"><Normalization><mmtx cui="C0386393" phraseText="in which olmesartan medoxomil" preferredWord="Olmesartan medoxomil" semType="phsu, orch"/><RxNorm RxCui="321064"/></Normalization></entity><entity charOffset="124:132" id="Dailymed.f48911e0-705f-11dc-afc9-0002a5d5c51b.s.57.e.1" text="warfarin" type="Biomedical_Entity"><Normalization><mmtx cui="C0043031" phraseText="warfarin in healthy volunteers." preferredWord="Warfarin" semType="phsu, orch, hops"/><RxNorm RxCui="11289"/></Normalization></entity><entity charOffset="113:120" id="Dailymed.f48911e0-705f-11dc-afc9-0002a5d5c51b.s.57.e.2" text="digoxin" type="Biomedical_Entity"><Normalization><mmtx cui="C0012265" phraseText="co-administered with digoxin" preferredWord="Digoxin" semType="strd, phsu, carb"/><RxNorm RxCui="3407"/></Normalization></entity><pair ddi="false" e1="Dailymed.f48911e0-705f-11dc-afc9-0002a5d5c51b.s.57.e.0" e2="Dailymed.f48911e0-705f-11dc-afc9-0002a5d5c51b.s.57.e.1"/><pair ddi="false" e1="Dailymed.f48911e0-705f-11dc-afc9-0002a5d5c51b.s.57.e.0" e2="Dailymed.f48911e0-705f-11dc-afc9-0002a5d5c51b.s.57.e.2"/><pair ddi="false" e1="Dailymed.f48911e0-705f-11dc-afc9-0002a5d5c51b.s.57.e.2" e2="Dailymed.f48911e0-705f-11dc-afc9-0002a5d5c51b.s.57.e.1"/></sentence><sentence id="Dailymed.f48911e0-705f-11dc-afc9-0002a5d5c51b.s.58" text="The bioavailability of olmesartan medoxomil was not significantly altered by the co-administration of antacids [Al(OH)3/Mg(OH)2]." type="negative"><entity charOffset="102:110" id="Dailymed.f48911e0-705f-11dc-afc9-0002a5d5c51b.s.58.e.0" text="antacids" type="Biomedical_Entity"><Normalization><mmtx cui="C0003138" phraseText="altered by the co-administration of antacids" preferredWord="Antacids" semType="phsu"/><RxNorm RxCui="863"/></Normalization></entity><entity charOffset="23:43" id="Dailymed.f48911e0-705f-11dc-afc9-0002a5d5c51b.s.58.e.1" text="olmesartan medoxomil" type="Biomedical_Entity"><Normalization><mmtx cui="C0386393" phraseText="The bioavailability of olmesartan medoxomil" preferredWord="Olmesartan medoxomil" semType="phsu, orch"/><RxNorm RxCui="321064"/></Normalization></entity><entity charOffset="120:127" id="Dailymed.f48911e0-705f-11dc-afc9-0002a5d5c51b.s.58.e.2" text="mg 2" type="Biomedical_Entity"><Normalization><mmtx cui="C2346927" phraseText="[Al(OH)3/Mg(OH)2" preferredWord="Magnesium Cation" semType="phsu, elii"/><RxNorm RxCui="NA"/></Normalization></entity><pair ddi="false" e1="Dailymed.f48911e0-705f-11dc-afc9-0002a5d5c51b.s.58.e.1" e2="Dailymed.f48911e0-705f-11dc-afc9-0002a5d5c51b.s.58.e.0"/><pair ddi="false" e1="Dailymed.f48911e0-705f-11dc-afc9-0002a5d5c51b.s.58.e.0" e2="Dailymed.f48911e0-705f-11dc-afc9-0002a5d5c51b.s.58.e.2"/><pair ddi="false" e1="Dailymed.f48911e0-705f-11dc-afc9-0002a5d5c51b.s.58.e.1" e2="Dailymed.f48911e0-705f-11dc-afc9-0002a5d5c51b.s.58.e.2"/></sentence><sentence id="Dailymed.f48911e0-705f-11dc-afc9-0002a5d5c51b.s.61" text="Dual Blockade of the Renin-Angiotensin System (RAS)" type="negative"><entity charOffset="27:38" id="Dailymed.f48911e0-705f-11dc-afc9-0002a5d5c51b.s.61.e.0" text="angiotensin" type="Biomedical_Entity"><Normalization><mmtx cui="C0003018" phraseText="Dual Blockade of the Renin-Angiotensin System" preferredWord="Angiotensins" semType="bacs, phsu, aapp"/><RxNorm RxCui="839"/></Normalization></entity><entity charOffset="5:13" id="Dailymed.f48911e0-705f-11dc-afc9-0002a5d5c51b.s.61.e.1" text="blockade" type="Biomedical_Entity"><Normalization><mmtx cui="C3540676" phraseText="Dual Blockade of the Renin-Angiotensin System" preferredWord="Blockade" semType="phsu"/><RxNorm RxCui="1423936"/></Normalization></entity><pair ddi="false" e1="Dailymed.f48911e0-705f-11dc-afc9-0002a5d5c51b.s.61.e.1" e2="Dailymed.f48911e0-705f-11dc-afc9-0002a5d5c51b.s.61.e.0"/></sentence><sentence biomedicalEntities="3" id="Dailymed.f48911e0-705f-11dc-afc9-0002a5d5c51b.s.62" lineNumber="76" text="Dual blockade of the RAS with angiotensin receptor blockers, ACE inhibitors, or aliskiren is associated with increased risks of hypotension, hyperkalemia, and changes in renal function (including acute renal failure) compared to monotherapy. " type="irregular"><entity charOffset="30:59" id="Dailymed.f48911e0-705f-11dc-afc9-0002a5d5c51b.s.62.e.0" text="angiotensin receptor blockers" type="Drug_Class"><Normalization><mmtx cui="C0521942" phraseText="with angiotensin receptor blockers," preferredWord="Angiotensin II receptor antagonist" semType="phsu"/><mmtx cui="C0815017" phraseText="with angiotensin receptor blockers," preferredWord="Angiotensin Receptor Antagonists" semType="phsu"/><RxNorm RxCui="839"/></Normalization></entity><entity charOffset="61:75" id="Dailymed.f48911e0-705f-11dc-afc9-0002a5d5c51b.s.62.e.1" text="ACE inhibitors" type="Drug_Class"><Normalization><mmtx cui="C0003015" phraseText="ACE inhibitors," preferredWord="Angiotensin-Converting Enzyme Inhibitors" semType="phsu"/><RxNorm RxCui="221294"/></Normalization></entity><entity charOffset="80:89" id="Dailymed.f48911e0-705f-11dc-afc9-0002a5d5c51b.s.62.e.2" text="aliskiren" type="Drug"><Normalization><mmtx cui="C1120110" phraseText="aliskiren" preferredWord="aliskiren" semType="phsu, orch"/><RxNorm RxCui="325646"/></Normalization></entity><entity charOffset="128:139" id="Dailymed.f48911e0-705f-11dc-afc9-0002a5d5c51b.s.62.e.3" text="hypotension" type="Specific_Interaction"/><entity charOffset="141:153" id="Dailymed.f48911e0-705f-11dc-afc9-0002a5d5c51b.s.62.e.5" text="hyperkalemia" type="Specific_Interaction"/><entity charOffset="159:184" id="Dailymed.f48911e0-705f-11dc-afc9-0002a5d5c51b.s.62.e.7" text="changes in renal function" type="Specific_Interaction"/><entity charOffset="196:215" id="Dailymed.f48911e0-705f-11dc-afc9-0002a5d5c51b.s.62.e.9" text="acute renal failure" type="Specific_Interaction"><Normalization><mmtx cui="C0022660" phraseText="acute renal failure" preferredWord="Kidney Failure, Acute" semType="dsyn"/></Normalization></entity><drugInteraction id="Dailymed.f48911e0-705f-11dc-afc9-0002a5d5c51b.s.62.ddi.1"><interaction trigger="Dailymed.f48911e0-705f-11dc-afc9-0002a5d5c51b.s.62.e.3"><relations><relation type="hasPrecipitant"><entity id="Dailymed.f48911e0-705f-11dc-afc9-0002a5d5c51b.s.62.e.2"/></relation><relation type="hasPrecipitant"><entity id="Dailymed.f48911e0-705f-11dc-afc9-0002a5d5c51b.s.62.e.0"/></relation><relation type="hasObject"><ellipsisSentence id="Dailymed.f48911e0-705f-11dc-afc9-0002a5d5c51b.s.59" text="Olmesartan medoxomil is not metabolized by the cytochrome P450 system and has no effects on P450 enzymes; "><entity charOffset="0:20" id="Dailymed.f48911e0-705f-11dc-afc9-0002a5d5c51b.s.59.e.0" text="Olmesartan medoxomil" type="Drug"><Normalization><mmtx cui="C0386393" phraseText="Olmesartan medoxomil" preferredWord="Olmesartan medoxomil" semType="phsu, orch"/></Normalization></entity></ellipsisSentence><middleSentence id="Dailymed.f48911e0-705f-11dc-afc9-0002a5d5c51b.s.60" text="thus, interactions with drugs that inhibit, induce, or are metabolized by those enzymes are not expected."/><middleSentence id="Dailymed.f48911e0-705f-11dc-afc9-0002a5d5c51b.s.61" text="Dual Blockade of the Renin-Angiotensin System (RAS)"/></relation><relation type="hasPrecipitant"><entity id="Dailymed.f48911e0-705f-11dc-afc9-0002a5d5c51b.s.62.e.1"/></relation></relations></interaction></drugInteraction><drugInteraction id="Dailymed.f48911e0-705f-11dc-afc9-0002a5d5c51b.s.62.ddi.2"><interaction trigger="Dailymed.f48911e0-705f-11dc-afc9-0002a5d5c51b.s.62.e.5"><relations><relation type="hasPrecipitant"><entity id="Dailymed.f48911e0-705f-11dc-afc9-0002a5d5c51b.s.62.e.2"/></relation><relation type="hasPrecipitant"><entity id="Dailymed.f48911e0-705f-11dc-afc9-0002a5d5c51b.s.62.e.0"/></relation><relation type="hasObject"><ellipsisSentence id="Dailymed.f48911e0-705f-11dc-afc9-0002a5d5c51b.s.59" text="Olmesartan medoxomil is not metabolized by the cytochrome P450 system and has no effects on P450 enzymes; "><entity charOffset="0:20" id="Dailymed.f48911e0-705f-11dc-afc9-0002a5d5c51b.s.59.e.0" text="Olmesartan medoxomil" type="Drug"><Normalization><mmtx cui="C0386393" phraseText="Olmesartan medoxomil" preferredWord="Olmesartan medoxomil" semType="phsu, orch"/></Normalization></entity></ellipsisSentence><middleSentence id="Dailymed.f48911e0-705f-11dc-afc9-0002a5d5c51b.s.60" text="thus, interactions with drugs that inhibit, induce, or are metabolized by those enzymes are not expected."/><middleSentence id="Dailymed.f48911e0-705f-11dc-afc9-0002a5d5c51b.s.61" text="Dual Blockade of the Renin-Angiotensin System (RAS)"/></relation><relation type="hasPrecipitant"><entity id="Dailymed.f48911e0-705f-11dc-afc9-0002a5d5c51b.s.62.e.1"/></relation></relations></interaction></drugInteraction><drugInteraction id="Dailymed.f48911e0-705f-11dc-afc9-0002a5d5c51b.s.62.ddi.3"><interaction trigger="Dailymed.f48911e0-705f-11dc-afc9-0002a5d5c51b.s.62.e.7"><relations><relation type="hasPrecipitant"><entity id="Dailymed.f48911e0-705f-11dc-afc9-0002a5d5c51b.s.62.e.2"/></relation><relation type="hasPrecipitant"><entity id="Dailymed.f48911e0-705f-11dc-afc9-0002a5d5c51b.s.62.e.0"/></relation><relation type="hasObject"><ellipsisSentence id="Dailymed.f48911e0-705f-11dc-afc9-0002a5d5c51b.s.59" text="Olmesartan medoxomil is not metabolized by the cytochrome P450 system and has no effects on P450 enzymes; "><entity charOffset="0:20" id="Dailymed.f48911e0-705f-11dc-afc9-0002a5d5c51b.s.59.e.0" text="Olmesartan medoxomil" type="Drug"><Normalization><mmtx cui="C0386393" phraseText="Olmesartan medoxomil" preferredWord="Olmesartan medoxomil" semType="phsu, orch"/></Normalization></entity></ellipsisSentence><middleSentence id="Dailymed.f48911e0-705f-11dc-afc9-0002a5d5c51b.s.60" text="thus, interactions with drugs that inhibit, induce, or are metabolized by those enzymes are not expected."/><middleSentence id="Dailymed.f48911e0-705f-11dc-afc9-0002a5d5c51b.s.61" text="Dual Blockade of the Renin-Angiotensin System (RAS)"/></relation><relation type="hasPrecipitant"><entity id="Dailymed.f48911e0-705f-11dc-afc9-0002a5d5c51b.s.62.e.1"/></relation></relations></interaction></drugInteraction><drugInteraction id="Dailymed.f48911e0-705f-11dc-afc9-0002a5d5c51b.s.62.ddi.4"><interaction trigger="Dailymed.f48911e0-705f-11dc-afc9-0002a5d5c51b.s.62.e.9"><relations><relation type="hasPrecipitant"><entity id="Dailymed.f48911e0-705f-11dc-afc9-0002a5d5c51b.s.62.e.2"/></relation><relation type="hasPrecipitant"><entity id="Dailymed.f48911e0-705f-11dc-afc9-0002a5d5c51b.s.62.e.0"/></relation><relation type="hasObject"><ellipsisSentence id="Dailymed.f48911e0-705f-11dc-afc9-0002a5d5c51b.s.59" text="Olmesartan medoxomil is not metabolized by the cytochrome P450 system and has no effects on P450 enzymes; "><entity charOffset="0:20" id="Dailymed.f48911e0-705f-11dc-afc9-0002a5d5c51b.s.59.e.0" text="Olmesartan medoxomil" type="Drug"><Normalization><mmtx cui="C0386393" phraseText="Olmesartan medoxomil" preferredWord="Olmesartan medoxomil" semType="phsu, orch"/></Normalization></entity></ellipsisSentence><middleSentence id="Dailymed.f48911e0-705f-11dc-afc9-0002a5d5c51b.s.60" text="thus, interactions with drugs that inhibit, induce, or are metabolized by those enzymes are not expected."/><middleSentence id="Dailymed.f48911e0-705f-11dc-afc9-0002a5d5c51b.s.61" text="Dual Blockade of the Renin-Angiotensin System (RAS)"/></relation><relation type="hasPrecipitant"><entity id="Dailymed.f48911e0-705f-11dc-afc9-0002a5d5c51b.s.62.e.1"/></relation></relations></interaction></drugInteraction><pair ddi="false" e1="Dailymed.f48911e0-705f-11dc-afc9-0002a5d5c51b.s.62.e.0" e2="Dailymed.f48911e0-705f-11dc-afc9-0002a5d5c51b.s.62.e.2"/><pair ddi="false" e1="Dailymed.f48911e0-705f-11dc-afc9-0002a5d5c51b.s.62.e.1" e2="Dailymed.f48911e0-705f-11dc-afc9-0002a5d5c51b.s.62.e.2"/><pair ddi="false" e1="Dailymed.f48911e0-705f-11dc-afc9-0002a5d5c51b.s.62.e.0" e2="Dailymed.f48911e0-705f-11dc-afc9-0002a5d5c51b.s.62.e.1"/><pair ddi="true" e1="labelDrug" e2="Dailymed.f48911e0-705f-11dc-afc9-0002a5d5c51b.s.62.e.2"/><pair ddi="true" e1="labelDrug" e2="Dailymed.f48911e0-705f-11dc-afc9-0002a5d5c51b.s.62.e.0"/><pair ddi="true" e1="labelDrug" e2="Dailymed.f48911e0-705f-11dc-afc9-0002a5d5c51b.s.62.e.1"/></sentence><sentence biomedicalEntities="2" id="Dailymed.f48911e0-705f-11dc-afc9-0002a5d5c51b.s.63" lineNumber="76" text="Closely monitor blood pressure, renal function and electrolytes in patients on Azor and other agents that affect the RAS." type="regular"><entity charOffset="79:83" id="Dailymed.f48911e0-705f-11dc-afc9-0002a5d5c51b.s.63.e.0" text="Azor" type="Drug"><Normalization><mmtx cui="C1966103" phraseText="on Azor" preferredWord="Azor" semType="phsu, orch"/><RxNorm RxCui="730862"/></Normalization></entity><entity charOffset="94:120" id="Dailymed.f48911e0-705f-11dc-afc9-0002a5d5c51b.s.63.e.1" text="agents that affect the RAS" type="Drug_Class"><Normalization><mmtx cui="C1254351" phraseText="other agents" preferredWord="Pharmacologic Substance" semType="phsu"/><RxNorm RxCui="126263"/></Normalization></entity><entity charOffset="8:15" id="Dailymed.f48911e0-705f-11dc-afc9-0002a5d5c51b.s.63.e.2" text="monitor" type="Caution_Interaction"/><drugInteraction id="Dailymed.f48911e0-705f-11dc-afc9-0002a5d5c51b.s.63.ddi.1"><interaction trigger="Dailymed.f48911e0-705f-11dc-afc9-0002a5d5c51b.s.63.e.2"><relations><relation type="hasPrecipitant"><entity id="Dailymed.f48911e0-705f-11dc-afc9-0002a5d5c51b.s.63.e.1"/></relation><relation type="hasObject"><entity id="Dailymed.f48911e0-705f-11dc-afc9-0002a5d5c51b.s.63.e.0"/></relation></relations></interaction></drugInteraction><pair ddi="true" e1="Dailymed.f48911e0-705f-11dc-afc9-0002a5d5c51b.s.63.e.0" e2="Dailymed.f48911e0-705f-11dc-afc9-0002a5d5c51b.s.63.e.1" trigger="Dailymed.f48911e0-705f-11dc-afc9-0002a5d5c51b.s.63.e.2" type="Caution_Interaction"/></sentence><sentence biomedicalEntities="2" id="Dailymed.f48911e0-705f-11dc-afc9-0002a5d5c51b.s.64" lineNumber="78" text="Do not co-administer aliskiren with Azor in patients with diabetes [See Contraindications (4)]." type="regular"><entity charOffset="21:30" id="Dailymed.f48911e0-705f-11dc-afc9-0002a5d5c51b.s.64.e.0" text="aliskiren" type="Drug"><Normalization><mmtx cui="C1120110" phraseText="aliskiren with Azor" preferredWord="aliskiren" semType="phsu, orch"/><RxNorm RxCui="325646"/></Normalization></entity><entity charOffset="36:40" id="Dailymed.f48911e0-705f-11dc-afc9-0002a5d5c51b.s.64.e.1" text="Azor" type="Drug"><Normalization><mmtx cui="C1966103" phraseText="aliskiren with Azor" preferredWord="Azor" semType="phsu, orch"/><RxNorm RxCui="730862"/></Normalization></entity><entity charOffset="58:66" id="Dailymed.f48911e0-705f-11dc-afc9-0002a5d5c51b.s.64.e.2" text="diabetes" type="SPAN"><Normalization><mmtx cui="C0011847" phraseText="with diabetes" preferredWord="Diabetes" semType="dsyn"/><mmtx cui="C0011849" phraseText="with diabetes" preferredWord="Diabetes Mellitus" semType="dsyn"/></Normalization></entity><entity charOffset="0:20" id="Dailymed.f48911e0-705f-11dc-afc9-0002a5d5c51b.s.64.e.3" text="Do not co-administer" type="Caution_Interaction"/><drugInteraction id="Dailymed.f48911e0-705f-11dc-afc9-0002a5d5c51b.s.64.ddi.1"><interaction trigger="Dailymed.f48911e0-705f-11dc-afc9-0002a5d5c51b.s.64.e.3"><relations><relation type="hasContext"><entity id="Dailymed.f48911e0-705f-11dc-afc9-0002a5d5c51b.s.64.e.2"/></relation><relation type="hasPrecipitant"><entity id="Dailymed.f48911e0-705f-11dc-afc9-0002a5d5c51b.s.64.e.0"/></relation><relation type="hasObject"><entity id="Dailymed.f48911e0-705f-11dc-afc9-0002a5d5c51b.s.64.e.1"/></relation></relations></interaction></drugInteraction><pair context="Dailymed.f48911e0-705f-11dc-afc9-0002a5d5c51b.s.64.e.2" ddi="true" e1="Dailymed.f48911e0-705f-11dc-afc9-0002a5d5c51b.s.64.e.0" e2="Dailymed.f48911e0-705f-11dc-afc9-0002a5d5c51b.s.64.e.1" trigger="Dailymed.f48911e0-705f-11dc-afc9-0002a5d5c51b.s.64.e.3" type="Caution_Interaction"/></sentence><sentence biomedicalEntities="2" id="Dailymed.f48911e0-705f-11dc-afc9-0002a5d5c51b.s.65" lineNumber="79" text="Avoid use of aliskiren with Azor in patients with renal impairment (GFR &lt;60 ml/min)." type="regular"><entity charOffset="28:32" id="Dailymed.f48911e0-705f-11dc-afc9-0002a5d5c51b.s.65.e.0" text="Azor" type="Drug"><Normalization><mmtx cui="C1966103" phraseText="with Azor" preferredWord="Azor" semType="phsu, orch"/><RxNorm RxCui="730862"/></Normalization></entity><entity charOffset="13:22" id="Dailymed.f48911e0-705f-11dc-afc9-0002a5d5c51b.s.65.e.1" text="aliskiren" type="Drug"><Normalization><mmtx cui="C1120110" phraseText="use of aliskiren" preferredWord="aliskiren" semType="phsu, orch"/><RxNorm RxCui="325646"/></Normalization></entity><entity charOffset="50:66" id="Dailymed.f48911e0-705f-11dc-afc9-0002a5d5c51b.s.65.e.2" text="renal impairment" type="SPAN"><Normalization><mmtx cui="C0035078" phraseText="with renal impairment" preferredWord="Kidney Failure" semType="dsyn"/><mmtx cui="C0341697" phraseText="with renal impairment" preferredWord="Renal impairment" semType="dsyn"/></Normalization></entity><entity charOffset="0:9" id="Dailymed.f48911e0-705f-11dc-afc9-0002a5d5c51b.s.65.e.3" text="Avoid use" type="Caution_Interaction"/><drugInteraction id="Dailymed.f48911e0-705f-11dc-afc9-0002a5d5c51b.s.65.ddi.1"><interaction trigger="Dailymed.f48911e0-705f-11dc-afc9-0002a5d5c51b.s.65.e.3"><relations><relation type="hasPrecipitant"><entity id="Dailymed.f48911e0-705f-11dc-afc9-0002a5d5c51b.s.65.e.1"/></relation><relation type="hasObject"><entity id="Dailymed.f48911e0-705f-11dc-afc9-0002a5d5c51b.s.65.e.0"/></relation><relation type="hasContext"><entity id="Dailymed.f48911e0-705f-11dc-afc9-0002a5d5c51b.s.65.e.2"/></relation></relations></interaction></drugInteraction><pair context="Dailymed.f48911e0-705f-11dc-afc9-0002a5d5c51b.s.65.e.2" ddi="true" e1="Dailymed.f48911e0-705f-11dc-afc9-0002a5d5c51b.s.65.e.1" e2="Dailymed.f48911e0-705f-11dc-afc9-0002a5d5c51b.s.65.e.0" trigger="Dailymed.f48911e0-705f-11dc-afc9-0002a5d5c51b.s.65.e.3" type="Caution_Interaction"/></sentence><sentence biomedicalEntities="3" id="Dailymed.f48911e0-705f-11dc-afc9-0002a5d5c51b.s.67" lineNumber="83" text="Concurrent administration of bile acid sequestering agent colesevelam hydrochloride reduces the systemic exposure and peak plasma concentration of olmesartan. " type="regular"><entity charOffset="58:83" id="Dailymed.f48911e0-705f-11dc-afc9-0002a5d5c51b.s.67.e.0" text="colesevelam hydrochloride" type="Drug"><Normalization><mmtx cui="C0541154" phraseText="Concurrent administration of bile acid sequestering agent colesevelam hydrochloride" preferredWord="Colesevelam hydrochloride" semType="phsu, orch"/><mmtx cui="C0541154" phraseText="Concurrent administration of bile acid sequestering agent colesevelam hydrochloride" preferredWord="Colesevelam hydrochloride" semType="phsu, orch"/><RxNorm RxCui="141625"/></Normalization></entity><entity charOffset="147:157" id="Dailymed.f48911e0-705f-11dc-afc9-0002a5d5c51b.s.67.e.1" text="olmesartan" type="Drug"><Normalization><mmtx cui="C0386393" phraseText="peak plasma concentration of olmesartan." preferredWord="Olmesartan medoxomil" semType="phsu, orch"/><mmtx cui="C1098320" phraseText="peak plasma concentration of olmesartan." preferredWord="olmesartan" semType="phsu, orch"/><mmtx cui="C0386393" phraseText="peak plasma concentration of olmesartan." preferredWord="Olmesartan medoxomil" semType="phsu, orch"/><mmtx cui="C1098320" phraseText="peak plasma concentration of olmesartan." preferredWord="olmesartan" semType="phsu, orch"/><RxNorm RxCui="321064"/></Normalization></entity><entity charOffset="84:113" id="Dailymed.f48911e0-705f-11dc-afc9-0002a5d5c51b.s.67.e.2" text="reduces the systemic exposure" type="Decrease_Interaction"/><entity charOffset="84:95|123:143" id="Dailymed.f48911e0-705f-11dc-afc9-0002a5d5c51b.s.67.e.4" text="reduces the plasma concentration" type="Decrease_Interaction"/><entity charOffset="29:57" id="Dailymed.f48911e0-705f-11dc-afc9-0002a5d5c51b.s.67.e.6" text="bile acid sequestering agent" type="Drug_Class"><Normalization><mmtx cui="C2917673" phraseText="Concurrent administration of bile acid sequestering agent colesevelam hydrochloride" preferredWord="Bile Acid [EPC]" semType="phsu"/><mmtx cui="C1254351" phraseText="Concurrent administration of bile acid sequestering agent colesevelam hydrochloride" preferredWord="Pharmacologic Substance" semType="phsu"/><mmtx cui="C0360087" phraseText="Concurrent administration of bile acid sequestering agent colesevelam hydrochloride" preferredWord="Bile agent" semType="phsu, orch"/><mmtx cui="C0001128" phraseText="Concurrent administration of bile acid sequestering agent colesevelam hydrochloride" preferredWord="Acids" semType="chem"/><RxNorm RxCui="1540"/></Normalization></entity><drugClassMembership drug="Dailymed.f48911e0-705f-11dc-afc9-0002a5d5c51b.s.67.e.0" drugClass="Dailymed.f48911e0-705f-11dc-afc9-0002a5d5c51b.s.67.e.6"/><drugInteraction id="Dailymed.f48911e0-705f-11dc-afc9-0002a5d5c51b.s.67.ddi.1"><interaction trigger="Dailymed.f48911e0-705f-11dc-afc9-0002a5d5c51b.s.67.e.2"><relations><relation type="hasObject"><entity id="Dailymed.f48911e0-705f-11dc-afc9-0002a5d5c51b.s.67.e.1"/></relation><relation type="hasPrecipitant"><entity id="Dailymed.f48911e0-705f-11dc-afc9-0002a5d5c51b.s.67.e.0"/></relation></relations></interaction></drugInteraction><drugInteraction id="Dailymed.f48911e0-705f-11dc-afc9-0002a5d5c51b.s.67.ddi.2"><interaction trigger="Dailymed.f48911e0-705f-11dc-afc9-0002a5d5c51b.s.67.e.4"><relations><relation type="hasObject"><entity id="Dailymed.f48911e0-705f-11dc-afc9-0002a5d5c51b.s.67.e.1"/></relation><relation type="hasPrecipitant"><entity id="Dailymed.f48911e0-705f-11dc-afc9-0002a5d5c51b.s.67.e.0"/></relation></relations></interaction></drugInteraction><pair ddi="true" e1="Dailymed.f48911e0-705f-11dc-afc9-0002a5d5c51b.s.67.e.0" e2="Dailymed.f48911e0-705f-11dc-afc9-0002a5d5c51b.s.67.e.1" trigger="Dailymed.f48911e0-705f-11dc-afc9-0002a5d5c51b.s.67.e.2" type="Decrease_Interaction"/></sentence><sentence id="Dailymed.f48911e0-705f-11dc-afc9-0002a5d5c51b.s.68" text="Administration of olmesartan at least 4 hours prior to colesevelam hydrochloride decreased the drug interaction effect. " type="negative"><entity charOffset="55:80" id="Dailymed.f48911e0-705f-11dc-afc9-0002a5d5c51b.s.68.e.0" text="colesevelam hydrochloride" type="Biomedical_Entity"><Normalization><mmtx cui="C0541154" phraseText="prior to colesevelam hydrochloride" preferredWord="Colesevelam hydrochloride" semType="phsu, orch"/><RxNorm RxCui="141625"/></Normalization></entity><entity charOffset="18:28" id="Dailymed.f48911e0-705f-11dc-afc9-0002a5d5c51b.s.68.e.1" text="olmesartan" type="Biomedical_Entity"><Normalization><mmtx cui="C1098320" phraseText="Administration of olmesartan" preferredWord="olmesartan" semType="phsu, orch"/><RxNorm RxCui="321064"/></Normalization></entity><pair ddi="false" e1="Dailymed.f48911e0-705f-11dc-afc9-0002a5d5c51b.s.68.e.1" e2="Dailymed.f48911e0-705f-11dc-afc9-0002a5d5c51b.s.68.e.0"/></sentence><sentence biomedicalEntities="2" id="Dailymed.f48911e0-705f-11dc-afc9-0002a5d5c51b.s.69" lineNumber="83" text="Consider administering olmesartan at least 4 hours before the colesevelam hydrochloride dose" type="regular"><entity charOffset="23:33" id="Dailymed.f48911e0-705f-11dc-afc9-0002a5d5c51b.s.69.e.0" text="olmesartan" type="Drug"><Normalization><mmtx cui="C0386393" phraseText="administering olmesartan at least 4 hours" preferredWord="Olmesartan medoxomil" semType="phsu, orch"/><mmtx cui="C1098320" phraseText="administering olmesartan at least 4 hours" preferredWord="olmesartan" semType="phsu, orch"/><RxNorm RxCui="321064"/></Normalization></entity><entity charOffset="62:87" id="Dailymed.f48911e0-705f-11dc-afc9-0002a5d5c51b.s.69.e.1" text="colesevelam hydrochloride" type="Drug"><Normalization><mmtx cui="C0541154" phraseText="before the colesevelam hydrochloride dose" preferredWord="Colesevelam hydrochloride" semType="phsu, orch"/><RxNorm RxCui="141625"/></Normalization></entity><entity charOffset="0:22|51:57" id="Dailymed.f48911e0-705f-11dc-afc9-0002a5d5c51b.s.69.e.2" text="Consider administering before" type="Caution_Interaction"/><drugInteraction id="Dailymed.f48911e0-705f-11dc-afc9-0002a5d5c51b.s.69.ddi.1"><interaction trigger="Dailymed.f48911e0-705f-11dc-afc9-0002a5d5c51b.s.69.e.2"><relations><relation type="hasPrecipitant"><entity id="Dailymed.f48911e0-705f-11dc-afc9-0002a5d5c51b.s.69.e.1"/></relation><relation type="hasObject"><entity id="Dailymed.f48911e0-705f-11dc-afc9-0002a5d5c51b.s.69.e.0"/></relation></relations></interaction></drugInteraction><pair ddi="true" e1="Dailymed.f48911e0-705f-11dc-afc9-0002a5d5c51b.s.69.e.0" e2="Dailymed.f48911e0-705f-11dc-afc9-0002a5d5c51b.s.69.e.1" trigger="Dailymed.f48911e0-705f-11dc-afc9-0002a5d5c51b.s.69.e.2" type="Caution_Interaction"/></sentence><positiveExamples number="14"/><negativeExamples number="135"/></document>