<?xml version="1.0" encoding="UTF-8" standalone="no"?><document setID="fce692df-1e68-465e-8dda-0cb01320608c"><labelDrug name="InderalLA"><Normalization/></labelDrug><generic name="propranolol hydrochloride"/><sentence id="Dailymed.fce692df-1e68-465e-8dda-0cb01320608c.s.1" text="Drug Label for drug brand InderalLA, containing propranolol hydrochloride." type="negative"><entity charOffset="0:19" id="Dailymed.fce692df-1e68-465e-8dda-0cb01320608c.s.1.e.0" text="drug drug" type="Biomedical_Entity"><Normalization><mmtx cui="C0013231" phraseText="Drug Label for drug brand InderalLA," preferredWord="Drugs, Non-Prescription" semType="phsu"/><RxNorm RxCui="NA"/></Normalization></entity><entity charOffset="48:73" id="Dailymed.fce692df-1e68-465e-8dda-0cb01320608c.s.1.e.1" text="propranolol hydrochloride" type="Biomedical_Entity"><Normalization><mmtx cui="C0282321" phraseText="propranolol hydrochloride." preferredWord="Propranolol Hydrochloride" semType="phsu, orch"/><RxNorm RxCui="82084"/></Normalization></entity><pair ddi="false" e1="Dailymed.fce692df-1e68-465e-8dda-0cb01320608c.s.1.e.0" e2="Dailymed.fce692df-1e68-465e-8dda-0cb01320608c.s.1.e.1"/></sentence><sentence id="Dailymed.fce692df-1e68-465e-8dda-0cb01320608c.s.3" text="Propranolol is contraindicated in 1) cardiogenic shock, 2) sinus bradycardia and greater than first-degree block, 3) bronchial asthma, and 4) in patients with known hypersensitivity to propranolol hydrochloride." type="negative"><entity charOffset="185:210" id="Dailymed.fce692df-1e68-465e-8dda-0cb01320608c.s.3.e.0" text="propranolol hydrochloride" type="Biomedical_Entity"><Normalization><mmtx cui="C0282321" phraseText="to propranolol hydrochloride." preferredWord="Propranolol Hydrochloride" semType="phsu, orch"/><RxNorm RxCui="82084"/></Normalization></entity><entity charOffset="0:11" id="Dailymed.fce692df-1e68-465e-8dda-0cb01320608c.s.3.e.1" text="propranolol" type="Biomedical_Entity"><Normalization><mmtx cui="C0033497" phraseText="Propranolol" preferredWord="Propranolol" semType="phsu, orch"/><RxNorm RxCui="82084"/></Normalization></entity><pair ddi="false" e1="Dailymed.fce692df-1e68-465e-8dda-0cb01320608c.s.3.e.1" e2="Dailymed.fce692df-1e68-465e-8dda-0cb01320608c.s.3.e.0"/></sentence><sentence id="Dailymed.fce692df-1e68-465e-8dda-0cb01320608c.s.15" text="Although beta blockers should be avoided in overt congestive heart failure, some have been shown to be highly beneficial when used with close follow-up in patients with a history of failure who are well compensated and are receiving diuretics as needed. " type="negative"><entity charOffset="9:22" id="Dailymed.fce692df-1e68-465e-8dda-0cb01320608c.s.15.e.0" text="beta blockers" type="Biomedical_Entity"><Normalization><mmtx cui="C0001645" phraseText="beta blockers" preferredWord="Adrenergic beta-Antagonists" semType="phsu"/><RxNorm RxCui="NA"/></Normalization></entity><entity charOffset="233:242" id="Dailymed.fce692df-1e68-465e-8dda-0cb01320608c.s.15.e.1" text="diuretics" type="Biomedical_Entity"><Normalization><mmtx cui="C0012798" phraseText="receiving diuretics" preferredWord="Diuretics" semType="phsu"/><RxNorm RxCui="3567"/></Normalization></entity><entity charOffset="136:151" id="Dailymed.fce692df-1e68-465e-8dda-0cb01320608c.s.15.e.2" text="close up" type="Biomedical_Entity"><Normalization><mmtx cui="C2946173" phraseText="used with close follow-up" preferredWord="Close Up" semType="phsu"/><RxNorm RxCui="221958"/></Normalization></entity><pair ddi="false" e1="Dailymed.fce692df-1e68-465e-8dda-0cb01320608c.s.15.e.0" e2="Dailymed.fce692df-1e68-465e-8dda-0cb01320608c.s.15.e.1"/><pair ddi="false" e1="Dailymed.fce692df-1e68-465e-8dda-0cb01320608c.s.15.e.0" e2="Dailymed.fce692df-1e68-465e-8dda-0cb01320608c.s.15.e.2"/><pair ddi="false" e1="Dailymed.fce692df-1e68-465e-8dda-0cb01320608c.s.15.e.2" e2="Dailymed.fce692df-1e68-465e-8dda-0cb01320608c.s.15.e.1"/></sentence><sentence id="Dailymed.fce692df-1e68-465e-8dda-0cb01320608c.s.16" text="Beta-adrenergic blocking agents do not abolish the inotropic action of digitalis on heart muscle." type="negative"><entity charOffset="0:31" id="Dailymed.fce692df-1e68-465e-8dda-0cb01320608c.s.16.e.0" text="beta-adrenergic blocking agents" type="Biomedical_Entity"><Normalization><mmtx cui="C0001645" phraseText="Beta-adrenergic blocking agents" preferredWord="Adrenergic beta-Antagonists" semType="phsu"/><RxNorm RxCui="9162"/></Normalization></entity><entity charOffset="71:80" id="Dailymed.fce692df-1e68-465e-8dda-0cb01320608c.s.16.e.1" text="digitalis" type="Biomedical_Entity"><Normalization><mmtx cui="C0304520" phraseText="the inotropic action of digitalis" preferredWord="Digitalis preparation" semType="phsu, carb"/><RxNorm RxCui="91235"/></Normalization></entity><pair ddi="false" e1="Dailymed.fce692df-1e68-465e-8dda-0cb01320608c.s.16.e.0" e2="Dailymed.fce692df-1e68-465e-8dda-0cb01320608c.s.16.e.1"/></sentence><sentence id="Dailymed.fce692df-1e68-465e-8dda-0cb01320608c.s.20" text="Propranolol should be administered with caution in this setting since it may provoke a bronchial asthmatic attack by blocking bronchodilation produced by endogenous and exogenous catecholamine stimulation of beta-receptors." type="negative"><entity charOffset="179:192" id="Dailymed.fce692df-1e68-465e-8dda-0cb01320608c.s.20.e.0" text="catecholamine" type="Biomedical_Entity"><Normalization><mmtx cui="C0007412" phraseText="exogenous catecholamine stimulation of beta-receptors." preferredWord="Catecholamines" semType="phsu, nsba"/><RxNorm RxCui="2146"/></Normalization></entity><entity charOffset="0:11" id="Dailymed.fce692df-1e68-465e-8dda-0cb01320608c.s.20.e.1" text="propranolol" type="Biomedical_Entity"><Normalization><mmtx cui="C0033497" phraseText="Propranolol" preferredWord="Propranolol" semType="phsu, orch"/><RxNorm RxCui="82084"/></Normalization></entity><pair ddi="false" e1="Dailymed.fce692df-1e68-465e-8dda-0cb01320608c.s.20.e.1" e2="Dailymed.fce692df-1e68-465e-8dda-0cb01320608c.s.20.e.0"/></sentence><sentence id="Dailymed.fce692df-1e68-465e-8dda-0cb01320608c.s.24" text="Beta-adrenergic blockade may prevent the appearance of certain premonitory signs and symptoms (pulse rate and pressure changes) of acute hypoglycemia, especially in labile insulin-dependent diabetics. " type="negative"><entity charOffset="172:179" id="Dailymed.fce692df-1e68-465e-8dda-0cb01320608c.s.24.e.0" text="insulin" type="Biomedical_Entity"><Normalization><mmtx cui="C1533581" phraseText="especially in labile insulin-dependent diabetics." preferredWord="Recombinant Insulin" semType="phsu, aapp, horm"/><RxNorm RxCui="5856"/></Normalization></entity><entity charOffset="16:24" id="Dailymed.fce692df-1e68-465e-8dda-0cb01320608c.s.24.e.1" text="blockade" type="Biomedical_Entity"><Normalization><mmtx cui="C3540676" phraseText="Beta-adrenergic blockade" preferredWord="Blockade" semType="phsu"/><RxNorm RxCui="1423936"/></Normalization></entity><pair ddi="false" e1="Dailymed.fce692df-1e68-465e-8dda-0cb01320608c.s.24.e.1" e2="Dailymed.fce692df-1e68-465e-8dda-0cb01320608c.s.24.e.0"/></sentence><sentence id="Dailymed.fce692df-1e68-465e-8dda-0cb01320608c.s.31" text="Propranolol may change thyroid-function tests, increasing T4 and reverse T3, and decreasing T3." type="negative"><entity charOffset="0:11" id="Dailymed.fce692df-1e68-465e-8dda-0cb01320608c.s.31.e.0" text="propranolol" type="Biomedical_Entity"><Normalization><mmtx cui="C0033497" phraseText="Propranolol" preferredWord="Propranolol" semType="phsu, orch"/><RxNorm RxCui="82084"/></Normalization></entity><entity charOffset="65:75" id="Dailymed.fce692df-1e68-465e-8dda-0cb01320608c.s.31.e.1" text="reverse t3" type="Biomedical_Entity"><Normalization><mmtx cui="C0041017" phraseText="reverse T3," preferredWord="Reverse Triiodothyronine" semType="phsu, aapp, horm"/><RxNorm RxCui="10817"/></Normalization></entity><pair ddi="false" e1="Dailymed.fce692df-1e68-465e-8dda-0cb01320608c.s.31.e.0" e2="Dailymed.fce692df-1e68-465e-8dda-0cb01320608c.s.31.e.1"/></sentence><sentence id="Dailymed.fce692df-1e68-465e-8dda-0cb01320608c.s.42" text="While taking beta-blockers, patients with a history of severe anaphylactic reaction to a variety of allergens may be more reactive to repeated challenge, either accidental, diagnostic, or therapeutic. " type="negative"><entity charOffset="100:109" id="Dailymed.fce692df-1e68-465e-8dda-0cb01320608c.s.42.e.0" text="allergens" type="Biomedical_Entity"><Normalization><mmtx cui="C3274161" phraseText="of allergens" preferredWord="Allergen (brand of diphenylpyraline)" semType="phsu, orch"/><RxNorm RxCui="1297244"/></Normalization></entity><entity charOffset="13:26" id="Dailymed.fce692df-1e68-465e-8dda-0cb01320608c.s.42.e.1" text="beta-blockers" type="Biomedical_Entity"><Normalization><mmtx cui="C0001645" phraseText="taking beta-blockers," preferredWord="Adrenergic beta-Antagonists" semType="phsu"/><RxNorm RxCui="371"/></Normalization></entity><pair ddi="false" e1="Dailymed.fce692df-1e68-465e-8dda-0cb01320608c.s.42.e.1" e2="Dailymed.fce692df-1e68-465e-8dda-0cb01320608c.s.42.e.0"/></sentence><sentence id="Dailymed.fce692df-1e68-465e-8dda-0cb01320608c.s.45" text="In patients with hypertension, use of propranolol has been associated with elevated levels of serum potassium, serum transaminases, and alkaline phosphatase. " type="negative"><entity charOffset="100:109" id="Dailymed.fce692df-1e68-465e-8dda-0cb01320608c.s.45.e.0" text="potassium" type="Biomedical_Entity"><Normalization><mmtx cui="C0597277" phraseText="associated with elevated levels of serum potassium," preferredWord="Potassium Ion" semType="phsu, elii"/><RxNorm RxCui="8588"/></Normalization></entity><entity charOffset="38:49" id="Dailymed.fce692df-1e68-465e-8dda-0cb01320608c.s.45.e.1" text="propranolol" type="Biomedical_Entity"><Normalization><mmtx cui="C0033497" phraseText="use of propranolol" preferredWord="Propranolol" semType="phsu, orch"/><RxNorm RxCui="82084"/></Normalization></entity><pair ddi="false" e1="Dailymed.fce692df-1e68-465e-8dda-0cb01320608c.s.45.e.1" e2="Dailymed.fce692df-1e68-465e-8dda-0cb01320608c.s.45.e.0"/></sentence><sentence id="Dailymed.fce692df-1e68-465e-8dda-0cb01320608c.s.46" text="In severe heart failure, the use of propranolol has been associated with increases in Blood Urea Nitrogen." type="negative"><entity charOffset="36:47" id="Dailymed.fce692df-1e68-465e-8dda-0cb01320608c.s.46.e.0" text="propranolol" type="Biomedical_Entity"><Normalization><mmtx cui="C0033497" phraseText="the use of propranolol" preferredWord="Propranolol" semType="phsu, orch"/><RxNorm RxCui="82084"/></Normalization></entity><entity charOffset="92:96" id="Dailymed.fce692df-1e68-465e-8dda-0cb01320608c.s.46.e.1" text="urea" type="Biomedical_Entity"><Normalization><mmtx cui="C0041942" phraseText="in Blood Urea Nitrogen." preferredWord="Urea" semType="bacs, phsu, orch"/><RxNorm RxCui="11002"/></Normalization></entity><pair ddi="false" e1="Dailymed.fce692df-1e68-465e-8dda-0cb01320608c.s.46.e.0" e2="Dailymed.fce692df-1e68-465e-8dda-0cb01320608c.s.46.e.1"/></sentence><sentence biomedicalEntities="4" id="Dailymed.fce692df-1e68-465e-8dda-0cb01320608c.s.48" lineNumber="42" text="Caution should be exercised when Inderal LA is administered with drugs that have an affect on CYP2D6, 1A2, or 2C19 metabolic pathways. " type="regular"><entity charOffset="0:7" id="Dailymed.fce692df-1e68-465e-8dda-0cb01320608c.s.48.e.0" text="Caution" type="Caution_Interaction"/><entity charOffset="33:46" id="Dailymed.fce692df-1e68-465e-8dda-0cb01320608c.s.48.e.2" text="Inderal LA is" type="Drug"><Normalization><mmtx cui="C0591638" phraseText="Inderal LA" preferredWord="Inderal-LA" semType="phsu, orch"/><RxNorm RxCui="151890"/></Normalization></entity><entity charOffset="65:100|115:133" id="Dailymed.fce692df-1e68-465e-8dda-0cb01320608c.s.48.e.3" text="drugs that have an affect on CYP2D6 metabolic pathways" type="Drug_Class"><Normalization><mmtx cui="C0013227" phraseText="administered with drugs" preferredWord="Pharmaceutical Preparations" semType="phsu"/><RxNorm RxCui="NA"/></Normalization></entity><entity charOffset="65:93|110:133" id="Dailymed.fce692df-1e68-465e-8dda-0cb01320608c.s.48.e.4" text="drugs that have an affect on 2C19 metabolic pathways" type="Drug_Class"><Normalization><mmtx cui="C0013227" phraseText="administered with drugs" preferredWord="Pharmaceutical Preparations" semType="phsu"/><RxNorm RxCui="NA"/></Normalization></entity><entity charOffset="65:93|102:105|115:133" id="Dailymed.fce692df-1e68-465e-8dda-0cb01320608c.s.48.e.5" text="drugs that have an affect on 1A2 metabolic pathways" type="Drug_Class"><Normalization><mmtx cui="C0013227" phraseText="administered with drugs" preferredWord="Pharmaceutical Preparations" semType="phsu"/><RxNorm RxCui="NA"/></Normalization></entity><drugInteraction id="Dailymed.fce692df-1e68-465e-8dda-0cb01320608c.s.48.ddi.1"><interaction trigger="Dailymed.fce692df-1e68-465e-8dda-0cb01320608c.s.48.e.0"><relations><relation type="hasPrecipitant"><entity id="Dailymed.fce692df-1e68-465e-8dda-0cb01320608c.s.48.e.3"/></relation><relation type="hasPrecipitant"><entity id="Dailymed.fce692df-1e68-465e-8dda-0cb01320608c.s.48.e.4"/></relation><relation type="hasObject"><entity id="Dailymed.fce692df-1e68-465e-8dda-0cb01320608c.s.48.e.2"/></relation><relation type="hasPrecipitant"><entity id="Dailymed.fce692df-1e68-465e-8dda-0cb01320608c.s.48.e.5"/></relation></relations></interaction></drugInteraction><pair ddi="true" e1="Dailymed.fce692df-1e68-465e-8dda-0cb01320608c.s.48.e.2" e2="Dailymed.fce692df-1e68-465e-8dda-0cb01320608c.s.48.e.3" trigger="Dailymed.fce692df-1e68-465e-8dda-0cb01320608c.s.48.e.0" type="Caution_Interaction"/><pair ddi="true" e1="Dailymed.fce692df-1e68-465e-8dda-0cb01320608c.s.48.e.2" e2="Dailymed.fce692df-1e68-465e-8dda-0cb01320608c.s.48.e.4" trigger="Dailymed.fce692df-1e68-465e-8dda-0cb01320608c.s.48.e.0" type="Caution_Interaction"/><pair ddi="true" e1="Dailymed.fce692df-1e68-465e-8dda-0cb01320608c.s.48.e.2" e2="Dailymed.fce692df-1e68-465e-8dda-0cb01320608c.s.48.e.5" trigger="Dailymed.fce692df-1e68-465e-8dda-0cb01320608c.s.48.e.0" type="Caution_Interaction"/><pair ddi="false" e1="Dailymed.fce692df-1e68-465e-8dda-0cb01320608c.s.48.e.4" e2="Dailymed.fce692df-1e68-465e-8dda-0cb01320608c.s.48.e.3"/><pair ddi="false" e1="Dailymed.fce692df-1e68-465e-8dda-0cb01320608c.s.48.e.5" e2="Dailymed.fce692df-1e68-465e-8dda-0cb01320608c.s.48.e.3"/><pair ddi="false" e1="Dailymed.fce692df-1e68-465e-8dda-0cb01320608c.s.48.e.5" e2="Dailymed.fce692df-1e68-465e-8dda-0cb01320608c.s.48.e.4"/></sentence><sentence biomedicalEntities="1" id="Dailymed.fce692df-1e68-465e-8dda-0cb01320608c.s.49" lineNumber="42" text="Co-administration of such drugs with propranolol may lead to clinically relevant drug interactions and changes on its efficacy and/or toxicity (see Drug Interactions in PHARMACOKINETICS AND DRUG METABOLISM )." type="regular"><anaphoraRelation><antecedentSentence ID="Dailymed.fce692df-1e68-465e-8dda-0cb01320608c.s.48" Text="Caution should be exercised when Inderal LA is administered with drugs that have an affect on CYP2D6, 1A2, or 2C19 metabolic pathways. "/><anaphoraEntity charOffset="21:31" id="Dailymed.fce692df-1e68-465e-8dda-0cb01320608c.s.49.e.4" text="such drugs" type="Expression"/><antecedentEntity charOffset="65:133" id="Dailymed.fce692df-1e68-465e-8dda-0cb01320608c.s.48.e.3" text="drugs that have an affect on CYP2D6 metabolic pathways" type="Drug_Class"/></anaphoraRelation><anaphoraRelation><antecedentSentence ID="Dailymed.fce692df-1e68-465e-8dda-0cb01320608c.s.48" Text="Caution should be exercised when Inderal LA is administered with drugs that have an affect on CYP2D6, 1A2, or 2C19 metabolic pathways. "/><anaphoraEntity charOffset="21:31" id="Dailymed.fce692df-1e68-465e-8dda-0cb01320608c.s.49.e.4" text="such drugs" type="Expression"/><antecedentEntity charOffset="65:133" id="Dailymed.fce692df-1e68-465e-8dda-0cb01320608c.s.48.e.4" text="drugs that have an affect on 2C19 metabolic pathways" type="Drug_Class"/></anaphoraRelation><anaphoraRelation><antecedentSentence ID="Dailymed.fce692df-1e68-465e-8dda-0cb01320608c.s.48" Text="Caution should be exercised when Inderal LA is administered with drugs that have an affect on CYP2D6, 1A2, or 2C19 metabolic pathways. "/><anaphoraEntity charOffset="21:31" id="Dailymed.fce692df-1e68-465e-8dda-0cb01320608c.s.49.e.4" text="such drugs" type="Expression"/><antecedentEntity charOffset="65:133" id="Dailymed.fce692df-1e68-465e-8dda-0cb01320608c.s.48.e.5" text="drugs that have an affect on 1A2 metabolic pathways" type="Drug_Class"/></anaphoraRelation><anaphoraRelation><antecedentSentence ID="Dailymed.fce692df-1e68-465e-8dda-0cb01320608c.s.48" Text="Caution should be exercised when Inderal LA is administered with drugs that have an affect on CYP2D6, 1A2, or 2C19 metabolic pathways. "/><anaphoraEntity charOffset="21:31" id="Dailymed.fce692df-1e68-465e-8dda-0cb01320608c.s.49.e.4" text="such drugs" type="Expression"/><antecedentEntity charOffset="65:133" id="Dailymed.fce692df-1e68-465e-8dda-0cb01320608c.s.48.e.3" text="drugs that have an affect on CYP2D6 metabolic pathways" type="Drug_Class"/></anaphoraRelation><anaphoraRelation><antecedentSentence ID="Dailymed.fce692df-1e68-465e-8dda-0cb01320608c.s.48" Text="Caution should be exercised when Inderal LA is administered with drugs that have an affect on CYP2D6, 1A2, or 2C19 metabolic pathways. "/><anaphoraEntity charOffset="21:31" id="Dailymed.fce692df-1e68-465e-8dda-0cb01320608c.s.49.e.4" text="such drugs" type="Expression"/><antecedentEntity charOffset="65:133" id="Dailymed.fce692df-1e68-465e-8dda-0cb01320608c.s.48.e.4" text="drugs that have an affect on 2C19 metabolic pathways" type="Drug_Class"/></anaphoraRelation><anaphoraRelation><antecedentSentence ID="Dailymed.fce692df-1e68-465e-8dda-0cb01320608c.s.48" Text="Caution should be exercised when Inderal LA is administered with drugs that have an affect on CYP2D6, 1A2, or 2C19 metabolic pathways. "/><anaphoraEntity charOffset="21:31" id="Dailymed.fce692df-1e68-465e-8dda-0cb01320608c.s.49.e.4" text="such drugs" type="Expression"/><antecedentEntity charOffset="65:133" id="Dailymed.fce692df-1e68-465e-8dda-0cb01320608c.s.48.e.5" text="drugs that have an affect on 1A2 metabolic pathways" type="Drug_Class"/></anaphoraRelation><anaphoraRelation><antecedentSentence ID="Dailymed.fce692df-1e68-465e-8dda-0cb01320608c.s.48" Text="Caution should be exercised when Inderal LA is administered with drugs that have an affect on CYP2D6, 1A2, or 2C19 metabolic pathways. "/><anaphoraEntity charOffset="21:31" id="Dailymed.fce692df-1e68-465e-8dda-0cb01320608c.s.49.e.4" text="such drugs" type="Expression"/><antecedentEntity charOffset="65:133" id="Dailymed.fce692df-1e68-465e-8dda-0cb01320608c.s.48.e.3" text="drugs that have an affect on CYP2D6 metabolic pathways" type="Drug_Class"/></anaphoraRelation><anaphoraRelation><antecedentSentence ID="Dailymed.fce692df-1e68-465e-8dda-0cb01320608c.s.48" Text="Caution should be exercised when Inderal LA is administered with drugs that have an affect on CYP2D6, 1A2, or 2C19 metabolic pathways. "/><anaphoraEntity charOffset="21:31" id="Dailymed.fce692df-1e68-465e-8dda-0cb01320608c.s.49.e.4" text="such drugs" type="Expression"/><antecedentEntity charOffset="65:133" id="Dailymed.fce692df-1e68-465e-8dda-0cb01320608c.s.48.e.4" text="drugs that have an affect on 2C19 metabolic pathways" type="Drug_Class"/></anaphoraRelation><anaphoraRelation><antecedentSentence ID="Dailymed.fce692df-1e68-465e-8dda-0cb01320608c.s.48" Text="Caution should be exercised when Inderal LA is administered with drugs that have an affect on CYP2D6, 1A2, or 2C19 metabolic pathways. "/><anaphoraEntity charOffset="21:31" id="Dailymed.fce692df-1e68-465e-8dda-0cb01320608c.s.49.e.4" text="such drugs" type="Expression"/><antecedentEntity charOffset="65:133" id="Dailymed.fce692df-1e68-465e-8dda-0cb01320608c.s.48.e.5" text="drugs that have an affect on 1A2 metabolic pathways" type="Drug_Class"/></anaphoraRelation><anaphoraRelation><anaphoraEntity charOffset="114:117" id="Dailymed.fce692df-1e68-465e-8dda-0cb01320608c.s.49.e.9" text="its" type="Expression"/><antecedentEntity charOffset="37-48" id="Dailymed.fce692df-1e68-465e-8dda-0cb01320608c.s.49.e.8" text="propranolol" type="Drug"/></anaphoraRelation><entity charOffset="103:113|118:126" id="Dailymed.fce692df-1e68-465e-8dda-0cb01320608c.s.49.e.0" text="changes on efficacy" type="Specific_Interaction"/><entity charOffset="103:113|134:142" id="Dailymed.fce692df-1e68-465e-8dda-0cb01320608c.s.49.e.2" text="changes on toxicity" type="Increase_Interaction"/><entity charOffset="37:48" id="Dailymed.fce692df-1e68-465e-8dda-0cb01320608c.s.49.e.8" text="propranolol" type="Drug"><Normalization><mmtx cui="C0033497" phraseText="with propranolol" preferredWord="Propranolol" semType="phsu, orch"/><RxNorm RxCui="82084"/></Normalization></entity><drugInteraction id="Dailymed.fce692df-1e68-465e-8dda-0cb01320608c.s.49.ddi.1"><interaction trigger="Dailymed.fce692df-1e68-465e-8dda-0cb01320608c.s.49.e.0"><relations><relation type="hasPrecipitant"><entity id="Dailymed.fce692df-1e68-465e-8dda-0cb01320608c.s.49.e.4"/></relation><relation type="hasObject"><entity id="Dailymed.fce692df-1e68-465e-8dda-0cb01320608c.s.49.e.9"/></relation></relations></interaction></drugInteraction><drugInteraction id="Dailymed.fce692df-1e68-465e-8dda-0cb01320608c.s.49.ddi.2"><interaction trigger="Dailymed.fce692df-1e68-465e-8dda-0cb01320608c.s.49.e.2"><relations><relation type="hasPrecipitant"><entity id="Dailymed.fce692df-1e68-465e-8dda-0cb01320608c.s.49.e.4"/></relation><relation type="hasObject"><entity id="Dailymed.fce692df-1e68-465e-8dda-0cb01320608c.s.49.e.9"/></relation></relations></interaction></drugInteraction><pair ddi="true" e1="Dailymed.fce692df-1e68-465e-8dda-0cb01320608c.s.49.e.4" e2="Dailymed.fce692df-1e68-465e-8dda-0cb01320608c.s.49.e.9" trigger="Dailymed.fce692df-1e68-465e-8dda-0cb01320608c.s.49.e.0" type="Specific_Interaction"/></sentence><sentence biomedicalEntities="2" id="Dailymed.fce692df-1e68-465e-8dda-0cb01320608c.s.50" lineNumber="43" text="Alcohol when used concomitantly with propranolol, may increase plasma levels of propranolol." type="regular"><entity charOffset="54:76" id="Dailymed.fce692df-1e68-465e-8dda-0cb01320608c.s.50.e.0" text="increase plasma levels" type="Increase_Interaction"/><entity charOffset="0:7" id="Dailymed.fce692df-1e68-465e-8dda-0cb01320608c.s.50.e.2" text="Alcohol" type="Substance"><Normalization><mmtx cui="C0001975" phraseText="Alcohol" preferredWord="Alcohols" semType="phsu, orch"/><RxNorm RxCui="448"/></Normalization></entity><entity charOffset="80:91" id="Dailymed.fce692df-1e68-465e-8dda-0cb01320608c.s.50.e.3" text="propranolol" type="Drug"><Normalization><mmtx cui="C0033497" phraseText="plasma levels of propranolol." preferredWord="Propranolol" semType="phsu, orch"/><mmtx cui="C0033497" phraseText="plasma levels of propranolol." preferredWord="Propranolol" semType="phsu, orch"/><RxNorm RxCui="82084"/></Normalization></entity><drugInteraction id="Dailymed.fce692df-1e68-465e-8dda-0cb01320608c.s.50.ddi.1"><interaction trigger="Dailymed.fce692df-1e68-465e-8dda-0cb01320608c.s.50.e.0"><relations><relation type="hasPrecipitant"><entity id="Dailymed.fce692df-1e68-465e-8dda-0cb01320608c.s.50.e.2"/></relation><relation type="hasObject"><entity id="Dailymed.fce692df-1e68-465e-8dda-0cb01320608c.s.50.e.3"/></relation></relations></interaction></drugInteraction><pair ddi="true" e1="Dailymed.fce692df-1e68-465e-8dda-0cb01320608c.s.50.e.2" e2="Dailymed.fce692df-1e68-465e-8dda-0cb01320608c.s.50.e.3" trigger="Dailymed.fce692df-1e68-465e-8dda-0cb01320608c.s.50.e.0" type="Increase_Interaction"/></sentence><sentence biomedicalEntities="2" id="Dailymed.fce692df-1e68-465e-8dda-0cb01320608c.s.53" lineNumber="46" text="Propafenone has negative inotropic and beta-blocking properties that can be additive to those of propranolol." type="regular"><entity charOffset="16:84" id="Dailymed.fce692df-1e68-465e-8dda-0cb01320608c.s.53.e.0" text="negative inotropic and beta-blocking properties that can be additive" type="Specific_Interaction"/><entity charOffset="97:108" id="Dailymed.fce692df-1e68-465e-8dda-0cb01320608c.s.53.e.2" text="propranolol" type="Drug"><Normalization><mmtx cui="C0033497" phraseText="additive to those of propranolol." preferredWord="Propranolol" semType="phsu, orch"/><RxNorm RxCui="82084"/></Normalization></entity><entity charOffset="0:11" id="Dailymed.fce692df-1e68-465e-8dda-0cb01320608c.s.53.e.3" text="Propafenone" type="Drug"><Normalization><mmtx cui="C0033429" phraseText="Propafenone" preferredWord="Propafenone" semType="phsu, orch"/><RxNorm RxCui="8754"/></Normalization></entity><drugInteraction id="Dailymed.fce692df-1e68-465e-8dda-0cb01320608c.s.53.ddi.1"><interaction trigger="Dailymed.fce692df-1e68-465e-8dda-0cb01320608c.s.53.e.0"><relations><relation type="hasObject"><entity id="Dailymed.fce692df-1e68-465e-8dda-0cb01320608c.s.53.e.2"/></relation><relation type="hasPrecipitant"><entity id="Dailymed.fce692df-1e68-465e-8dda-0cb01320608c.s.53.e.3"/></relation></relations></interaction></drugInteraction><pair ddi="true" e1="Dailymed.fce692df-1e68-465e-8dda-0cb01320608c.s.53.e.3" e2="Dailymed.fce692df-1e68-465e-8dda-0cb01320608c.s.53.e.2" trigger="Dailymed.fce692df-1e68-465e-8dda-0cb01320608c.s.53.e.0" type="Specific_Interaction"/></sentence><sentence biomedicalEntities="2" id="Dailymed.fce692df-1e68-465e-8dda-0cb01320608c.s.54" lineNumber="47" text="Quinidine increases the concentration of propranolol and produces greater degrees of clinical beta-blockade and may cause postural hypotension." type="regular"><entity charOffset="10:37" id="Dailymed.fce692df-1e68-465e-8dda-0cb01320608c.s.54.e.0" text="increases the concentration" type="Increase_Interaction"/><entity charOffset="41:52" id="Dailymed.fce692df-1e68-465e-8dda-0cb01320608c.s.54.e.2" text="propranolol" type="Drug"><Normalization><mmtx cui="C0033497" phraseText="the concentration of propranolol" preferredWord="Propranolol" semType="phsu, orch"/><RxNorm RxCui="82084"/></Normalization></entity><entity charOffset="0:9" id="Dailymed.fce692df-1e68-465e-8dda-0cb01320608c.s.54.e.3" text="Quinidine" type="Drug"><Normalization><mmtx cui="C0034414" phraseText="Quinidine" preferredWord="Quinidine" semType="phsu, orch"/><RxNorm RxCui="9068"/></Normalization></entity><entity charOffset="66:107" id="Dailymed.fce692df-1e68-465e-8dda-0cb01320608c.s.54.e.4" text="greater degrees of clinical beta-blockade" type="Specific_Interaction"/><entity charOffset="122:142" id="Dailymed.fce692df-1e68-465e-8dda-0cb01320608c.s.54.e.6" text="postural hypotension" type="Specific_Interaction"/><drugInteraction id="Dailymed.fce692df-1e68-465e-8dda-0cb01320608c.s.54.ddi.1"><interaction trigger="Dailymed.fce692df-1e68-465e-8dda-0cb01320608c.s.54.e.0"><relations><relation type="hasPrecipitant"><entity id="Dailymed.fce692df-1e68-465e-8dda-0cb01320608c.s.54.e.3"/></relation><relation type="hasObject"><entity id="Dailymed.fce692df-1e68-465e-8dda-0cb01320608c.s.54.e.2"/></relation></relations></interaction></drugInteraction><drugInteraction id="Dailymed.fce692df-1e68-465e-8dda-0cb01320608c.s.54.ddi.2"><interaction trigger="Dailymed.fce692df-1e68-465e-8dda-0cb01320608c.s.54.e.4"><relations><relation type="hasPrecipitant"><entity id="Dailymed.fce692df-1e68-465e-8dda-0cb01320608c.s.54.e.3"/></relation><relation type="hasObject"><entity id="Dailymed.fce692df-1e68-465e-8dda-0cb01320608c.s.54.e.2"/></relation></relations></interaction></drugInteraction><drugInteraction id="Dailymed.fce692df-1e68-465e-8dda-0cb01320608c.s.54.ddi.3"><interaction trigger="Dailymed.fce692df-1e68-465e-8dda-0cb01320608c.s.54.e.6"><relations><relation type="hasPrecipitant"><entity id="Dailymed.fce692df-1e68-465e-8dda-0cb01320608c.s.54.e.3"/></relation><relation type="hasObject"><entity id="Dailymed.fce692df-1e68-465e-8dda-0cb01320608c.s.54.e.2"/></relation></relations></interaction></drugInteraction><pair ddi="true" e1="Dailymed.fce692df-1e68-465e-8dda-0cb01320608c.s.54.e.3" e2="Dailymed.fce692df-1e68-465e-8dda-0cb01320608c.s.54.e.2" trigger="Dailymed.fce692df-1e68-465e-8dda-0cb01320608c.s.54.e.0" type="Increase_Interaction"/></sentence><sentence biomedicalEntities="3" id="Dailymed.fce692df-1e68-465e-8dda-0cb01320608c.s.55" lineNumber="48" text="Amiodarone is an antiarrhythmic agent with negative chronotropic properties that may be additive to those seen with -blockers such as propranolol." type="regular"><entity charOffset="43:96" id="Dailymed.fce692df-1e68-465e-8dda-0cb01320608c.s.55.e.0" text="negative chronotropic properties that may be additive" type="Specific_Interaction"/><entity charOffset="17:37" id="Dailymed.fce692df-1e68-465e-8dda-0cb01320608c.s.55.e.2" text="antiarrhythmic agent" type="Drug_Class"><Normalization><mmtx cui="C0003195" phraseText="an antiarrhythmic agent with negative chronotropic properties" preferredWord="Anti-Arrhythmia Agents" semType="phsu"/><RxNorm RxCui="883"/></Normalization></entity><entity charOffset="0:10" id="Dailymed.fce692df-1e68-465e-8dda-0cb01320608c.s.55.e.3" text="Amiodarone" type="Drug"><Normalization><mmtx cui="C0002598" phraseText="Amiodarone" preferredWord="Amiodarone" semType="phsu, orch"/><RxNorm RxCui="203114"/></Normalization></entity><entity charOffset="134:145" id="Dailymed.fce692df-1e68-465e-8dda-0cb01320608c.s.55.e.5" text="propranolol" type="Drug"><Normalization><mmtx cui="C0033497" phraseText="such as propranolol." preferredWord="Propranolol" semType="phsu, orch"/><RxNorm RxCui="82084"/></Normalization></entity><drugClassMembership drug="Dailymed.fce692df-1e68-465e-8dda-0cb01320608c.s.55.e.3" drugClass="Dailymed.fce692df-1e68-465e-8dda-0cb01320608c.s.55.e.2"/><drugInteraction id="Dailymed.fce692df-1e68-465e-8dda-0cb01320608c.s.55.ddi.1"><interaction trigger="Dailymed.fce692df-1e68-465e-8dda-0cb01320608c.s.55.e.0"><relations><relation type="hasObject"><entity id="Dailymed.fce692df-1e68-465e-8dda-0cb01320608c.s.55.e.5"/></relation><relation type="hasPrecipitant"><entity id="Dailymed.fce692df-1e68-465e-8dda-0cb01320608c.s.55.e.3"/></relation></relations></interaction></drugInteraction><pair ddi="true" e1="Dailymed.fce692df-1e68-465e-8dda-0cb01320608c.s.55.e.3" e2="Dailymed.fce692df-1e68-465e-8dda-0cb01320608c.s.55.e.5" trigger="Dailymed.fce692df-1e68-465e-8dda-0cb01320608c.s.55.e.0" type="Specific_Interaction"/></sentence><sentence biomedicalEntities="2" id="Dailymed.fce692df-1e68-465e-8dda-0cb01320608c.s.56" lineNumber="49" text="The clearance of lidocaine is reduced with administration of propranolol. " type="regular"><entity charOffset="4:13|27:37" id="Dailymed.fce692df-1e68-465e-8dda-0cb01320608c.s.56.e.0" text="clearance is reduced" type="Increase_Interaction"/><entity charOffset="17:26" id="Dailymed.fce692df-1e68-465e-8dda-0cb01320608c.s.56.e.2" text="lidocaine" type="Drug"><Normalization><mmtx cui="C0023660" phraseText="The clearance of lidocaine" preferredWord="Lidocaine" semType="phsu, orch"/><RxNorm RxCui="6387"/></Normalization></entity><entity charOffset="61:72" id="Dailymed.fce692df-1e68-465e-8dda-0cb01320608c.s.56.e.3" text="propranolol" type="Drug"><Normalization><mmtx cui="C0033497" phraseText="reduced with administration of propranolol." preferredWord="Propranolol" semType="phsu, orch"/><RxNorm RxCui="82084"/></Normalization></entity><drugInteraction id="Dailymed.fce692df-1e68-465e-8dda-0cb01320608c.s.56.ddi.1"><interaction trigger="Dailymed.fce692df-1e68-465e-8dda-0cb01320608c.s.56.e.0"><relations><relation type="hasObject"><entity id="Dailymed.fce692df-1e68-465e-8dda-0cb01320608c.s.56.e.2"/></relation><relation type="hasPrecipitant"><entity id="Dailymed.fce692df-1e68-465e-8dda-0cb01320608c.s.56.e.3"/></relation></relations></interaction></drugInteraction><pair ddi="true" e1="Dailymed.fce692df-1e68-465e-8dda-0cb01320608c.s.56.e.2" e2="Dailymed.fce692df-1e68-465e-8dda-0cb01320608c.s.56.e.3" trigger="Dailymed.fce692df-1e68-465e-8dda-0cb01320608c.s.56.e.0" type="Increase_Interaction"/></sentence><sentence biomedicalEntities="2" id="Dailymed.fce692df-1e68-465e-8dda-0cb01320608c.s.57" lineNumber="49" text="Lidocaine toxicity has been reported following co-administration with propranolol." type="regular"><entity charOffset="10:18" id="Dailymed.fce692df-1e68-465e-8dda-0cb01320608c.s.57.e.0" text="toxicity" type="Increase_Interaction"/><entity charOffset="0:9" id="Dailymed.fce692df-1e68-465e-8dda-0cb01320608c.s.57.e.2" text="Lidocaine" type="Drug"><Normalization><mmtx cui="C0023660" phraseText="Lidocaine toxicity" preferredWord="Lidocaine" semType="phsu, orch"/><RxNorm RxCui="6387"/></Normalization></entity><entity charOffset="70:81" id="Dailymed.fce692df-1e68-465e-8dda-0cb01320608c.s.57.e.3" text="propranolol" type="Drug"><Normalization><mmtx cui="C0033497" phraseText="co-administration with propranolol." preferredWord="Propranolol" semType="phsu, orch"/><RxNorm RxCui="82084"/></Normalization></entity><drugInteraction id="Dailymed.fce692df-1e68-465e-8dda-0cb01320608c.s.57.ddi.1"><interaction trigger="Dailymed.fce692df-1e68-465e-8dda-0cb01320608c.s.57.e.0"><relations><relation type="hasObject"><entity id="Dailymed.fce692df-1e68-465e-8dda-0cb01320608c.s.57.e.2"/></relation><relation type="hasPrecipitant"><entity id="Dailymed.fce692df-1e68-465e-8dda-0cb01320608c.s.57.e.3"/></relation></relations></interaction></drugInteraction><pair ddi="true" e1="Dailymed.fce692df-1e68-465e-8dda-0cb01320608c.s.57.e.2" e2="Dailymed.fce692df-1e68-465e-8dda-0cb01320608c.s.57.e.3" trigger="Dailymed.fce692df-1e68-465e-8dda-0cb01320608c.s.57.e.0" type="Increase_Interaction"/></sentence><sentence biomedicalEntities="4" id="Dailymed.fce692df-1e68-465e-8dda-0cb01320608c.s.58" lineNumber="50" text="Caution should be exercised when administering Inderal LA with drugs that slow A-V nodal conduction, e.g., lidocaine and calcium channel blockers." type="regular"><entity charOffset="0:7" id="Dailymed.fce692df-1e68-465e-8dda-0cb01320608c.s.58.e.0" text="Caution" type="Caution_Interaction"/><entity charOffset="47:57" id="Dailymed.fce692df-1e68-465e-8dda-0cb01320608c.s.58.e.2" text="Inderal LA" type="Drug"><Normalization><mmtx cui="C0591638" phraseText="administering Inderal LA with drugs" preferredWord="Inderal-LA" semType="phsu, orch"/><RxNorm RxCui="151890"/></Normalization></entity><entity charOffset="63:99" id="Dailymed.fce692df-1e68-465e-8dda-0cb01320608c.s.58.e.3" text="drugs that slow A-V nodal conduction" type="Drug_Class"><Normalization><mmtx cui="C0013227" phraseText="administering Inderal LA with drugs" preferredWord="Pharmaceutical Preparations" semType="phsu"/><RxNorm RxCui="NA"/></Normalization></entity><entity charOffset="107:116" id="Dailymed.fce692df-1e68-465e-8dda-0cb01320608c.s.58.e.4" text="lidocaine" type="Drug"><Normalization><mmtx cui="C0023660" phraseText="lidocaine" preferredWord="Lidocaine" semType="phsu, orch"/><RxNorm RxCui="6387"/></Normalization></entity><entity charOffset="121:145" id="Dailymed.fce692df-1e68-465e-8dda-0cb01320608c.s.58.e.5" text="calcium channel blockers" type="Drug_Class"><Normalization><mmtx cui="C0006684" phraseText="calcium channel blockers." preferredWord="Calcium Channel Blockers" semType="phsu"/><RxNorm RxCui="1895"/></Normalization></entity><drugClassMembership drug="Dailymed.fce692df-1e68-465e-8dda-0cb01320608c.s.58.e.4" drugClass="Dailymed.fce692df-1e68-465e-8dda-0cb01320608c.s.58.e.3"/><classClassMembership drugClass="Dailymed.fce692df-1e68-465e-8dda-0cb01320608c.s.58.e.5"/><drugInteraction id="Dailymed.fce692df-1e68-465e-8dda-0cb01320608c.s.58.ddi.1"><interaction trigger="Dailymed.fce692df-1e68-465e-8dda-0cb01320608c.s.58.e.0"><relations><relation type="hasPrecipitant"><entity id="Dailymed.fce692df-1e68-465e-8dda-0cb01320608c.s.58.e.3"/></relation><relation type="hasObject"><entity id="Dailymed.fce692df-1e68-465e-8dda-0cb01320608c.s.58.e.2"/></relation></relations></interaction></drugInteraction><pair ddi="true" e1="Dailymed.fce692df-1e68-465e-8dda-0cb01320608c.s.58.e.2" e2="Dailymed.fce692df-1e68-465e-8dda-0cb01320608c.s.58.e.3" trigger="Dailymed.fce692df-1e68-465e-8dda-0cb01320608c.s.58.e.0" type="Caution_Interaction"/></sentence><sentence id="Dailymed.fce692df-1e68-465e-8dda-0cb01320608c.s.60" text="Both digitalis glycosides and beta-blockers slow atrioventricular conduction and decrease heart rate. " type="negative"><entity charOffset="30:43" id="Dailymed.fce692df-1e68-465e-8dda-0cb01320608c.s.60.e.0" text="beta-blockers" type="Biomedical_Entity"><Normalization><mmtx cui="C0001645" phraseText="beta-blockers slow atrioventricular conduction" preferredWord="Adrenergic beta-Antagonists" semType="phsu"/><RxNorm RxCui="371"/></Normalization></entity><entity charOffset="5:25" id="Dailymed.fce692df-1e68-465e-8dda-0cb01320608c.s.60.e.1" text="digitalis glycosides" type="Biomedical_Entity"><Normalization><mmtx cui="C0012253" phraseText="Both digitalis glycosides" preferredWord="Digitalis Glycosides" semType="phsu, carb"/><RxNorm RxCui="91235"/></Normalization></entity><pair ddi="false" e1="Dailymed.fce692df-1e68-465e-8dda-0cb01320608c.s.60.e.1" e2="Dailymed.fce692df-1e68-465e-8dda-0cb01320608c.s.60.e.0"/></sentence><sentence biomedicalEntities="0" id="Dailymed.fce692df-1e68-465e-8dda-0cb01320608c.s.61" lineNumber="52" text="Concomitant use can increase the risk of bradycardia." type="irregular"><entity charOffset="41:52" id="Dailymed.fce692df-1e68-465e-8dda-0cb01320608c.s.61.e.0" text="bradycardia" type="Specific_Interaction"/><drugInteraction id="Dailymed.fce692df-1e68-465e-8dda-0cb01320608c.s.61.ddi.1"><interaction trigger="Dailymed.fce692df-1e68-465e-8dda-0cb01320608c.s.61.e.0"><relations><relation type="hasObject"><ellipsisSentence id="Dailymed.fce692df-1e68-465e-8dda-0cb01320608c.s.60" text="Both digitalis glycosides and beta-blockers slow atrioventricular conduction and decrease heart rate. "><entity charOffset="30:43" id="Dailymed.fce692df-1e68-465e-8dda-0cb01320608c.s.60.e.1" text="beta-blockers" type="Drug_Class"><Normalization><mmtx cui="C0001645" phraseText="beta-blockers slow atrioventricular conduction" preferredWord="Adrenergic beta-Antagonists" semType="phsu"/></Normalization></entity></ellipsisSentence></relation><relation type="hasPrecipitant"><ellipsisSentence id="Dailymed.fce692df-1e68-465e-8dda-0cb01320608c.s.60" text="Both digitalis glycosides and beta-blockers slow atrioventricular conduction and decrease heart rate. "><entity charOffset="5:25" id="Dailymed.fce692df-1e68-465e-8dda-0cb01320608c.s.60.e.0" text="digitalis glycosides" type="Drug_Class"><Normalization><mmtx cui="C0012253" phraseText="Both digitalis glycosides" preferredWord="Digitalis Glycosides" semType="phsu, carb"/></Normalization></entity></ellipsisSentence></relation></relations></interaction></drugInteraction></sentence><sentence biomedicalEntities="2" id="Dailymed.fce692df-1e68-465e-8dda-0cb01320608c.s.63" lineNumber="54" text="Caution should be exercised when patients receiving a beta-blocker are administered a calcium-channel-blocking drug with negative inotropic and/or chronotropic effects. " type="regular"><entity charOffset="0:7" id="Dailymed.fce692df-1e68-465e-8dda-0cb01320608c.s.63.e.0" text="Caution" type="Caution_Interaction"/><entity charOffset="54:66" id="Dailymed.fce692df-1e68-465e-8dda-0cb01320608c.s.63.e.2" text="beta-blocker" type="Drug_Class"><Normalization><mmtx cui="C0001645" phraseText="a beta-blocker" preferredWord="Adrenergic beta-Antagonists" semType="phsu"/><RxNorm RxCui="371"/></Normalization></entity><entity charOffset="86:167" id="Dailymed.fce692df-1e68-465e-8dda-0cb01320608c.s.63.e.3" text="calcium-channel-blocking drug with negative inotropic and/or chronotropic effects" type="Drug_Class"><Normalization><mmtx cui="C0006684" phraseText="a calcium-channel-blocking drug with negative inotropic" preferredWord="Calcium Channel Blockers" semType="phsu"/><RxNorm RxCui="1899"/></Normalization></entity><drugInteraction id="Dailymed.fce692df-1e68-465e-8dda-0cb01320608c.s.63.ddi.1"><interaction trigger="Dailymed.fce692df-1e68-465e-8dda-0cb01320608c.s.63.e.0"><relations><relation type="hasPrecipitant"><entity id="Dailymed.fce692df-1e68-465e-8dda-0cb01320608c.s.63.e.3"/></relation><relation type="hasObject"><entity id="Dailymed.fce692df-1e68-465e-8dda-0cb01320608c.s.63.e.2"/></relation></relations></interaction></drugInteraction><pair ddi="true" e1="Dailymed.fce692df-1e68-465e-8dda-0cb01320608c.s.63.e.2" e2="Dailymed.fce692df-1e68-465e-8dda-0cb01320608c.s.63.e.3" trigger="Dailymed.fce692df-1e68-465e-8dda-0cb01320608c.s.63.e.0" type="Caution_Interaction"/></sentence><sentence biomedicalEntities="2" id="Dailymed.fce692df-1e68-465e-8dda-0cb01320608c.s.65" lineNumber="55" text="There have been reports of significant bradycardia, heart failure, and cardiovascular collapse with concurrent use of verapamil and beta-blockers." type="regular"><entity charOffset="39:50" id="Dailymed.fce692df-1e68-465e-8dda-0cb01320608c.s.65.e.0" text="bradycardia" type="Specific_Interaction"/><entity charOffset="52:65" id="Dailymed.fce692df-1e68-465e-8dda-0cb01320608c.s.65.e.2" text="heart failure" type="Specific_Interaction"><Normalization><mmtx cui="C0018801" phraseText="heart failure," preferredWord="Heart failure" semType="dsyn"/><mmtx cui="C0018802" phraseText="heart failure," preferredWord="Congestive heart failure" semType="dsyn"/></Normalization></entity><entity charOffset="71:94" id="Dailymed.fce692df-1e68-465e-8dda-0cb01320608c.s.65.e.4" text="cardiovascular collapse" type="Specific_Interaction"/><entity charOffset="118:127" id="Dailymed.fce692df-1e68-465e-8dda-0cb01320608c.s.65.e.6" text="verapamil" type="Drug"><Normalization><mmtx cui="C0042523" phraseText="cardiovascular collapse with concurrent use of verapamil" preferredWord="Verapamil" semType="phsu, orch"/><RxNorm RxCui="11170"/></Normalization></entity><entity charOffset="132:145" id="Dailymed.fce692df-1e68-465e-8dda-0cb01320608c.s.65.e.7" text="beta-blockers" type="Drug_Class"><Normalization><mmtx cui="C0001645" phraseText="beta-blockers." preferredWord="Adrenergic beta-Antagonists" semType="phsu"/><RxNorm RxCui="371"/></Normalization></entity><drugInteraction id="Dailymed.fce692df-1e68-465e-8dda-0cb01320608c.s.65.ddi.1"><interaction trigger="Dailymed.fce692df-1e68-465e-8dda-0cb01320608c.s.65.e.0"><relations><relation type="hasPrecipitant"><entity id="Dailymed.fce692df-1e68-465e-8dda-0cb01320608c.s.65.e.6"/></relation><relation type="hasObject"><entity id="Dailymed.fce692df-1e68-465e-8dda-0cb01320608c.s.65.e.7"/></relation></relations></interaction></drugInteraction><drugInteraction id="Dailymed.fce692df-1e68-465e-8dda-0cb01320608c.s.65.ddi.2"><interaction trigger="Dailymed.fce692df-1e68-465e-8dda-0cb01320608c.s.65.e.2"><relations><relation type="hasPrecipitant"><entity id="Dailymed.fce692df-1e68-465e-8dda-0cb01320608c.s.65.e.6"/></relation><relation type="hasObject"><entity id="Dailymed.fce692df-1e68-465e-8dda-0cb01320608c.s.65.e.7"/></relation></relations></interaction></drugInteraction><drugInteraction id="Dailymed.fce692df-1e68-465e-8dda-0cb01320608c.s.65.ddi.3"><interaction trigger="Dailymed.fce692df-1e68-465e-8dda-0cb01320608c.s.65.e.4"><relations><relation type="hasPrecipitant"><entity id="Dailymed.fce692df-1e68-465e-8dda-0cb01320608c.s.65.e.6"/></relation><relation type="hasObject"><entity id="Dailymed.fce692df-1e68-465e-8dda-0cb01320608c.s.65.e.7"/></relation></relations></interaction></drugInteraction><pair ddi="true" e1="Dailymed.fce692df-1e68-465e-8dda-0cb01320608c.s.65.e.6" e2="Dailymed.fce692df-1e68-465e-8dda-0cb01320608c.s.65.e.7" trigger="Dailymed.fce692df-1e68-465e-8dda-0cb01320608c.s.65.e.0" type="Specific_Interaction"/></sentence><sentence biomedicalEntities="2" id="Dailymed.fce692df-1e68-465e-8dda-0cb01320608c.s.66" lineNumber="56" text="Co-administration of propranolol and diltiazem in patients with cardiac disease has been associated with bradycardia, hypotension, high degree heart block, and heart failure." type="regular"><entity charOffset="64:79" id="Dailymed.fce692df-1e68-465e-8dda-0cb01320608c.s.66.e.0" text="cardiac disease" type="SPAN"><Normalization><mmtx cui="C0018799" phraseText="with cardiac disease" preferredWord="Heart Diseases" semType="dsyn"/></Normalization></entity><entity charOffset="21:32" id="Dailymed.fce692df-1e68-465e-8dda-0cb01320608c.s.66.e.1" text="propranolol" type="Drug"><Normalization><mmtx cui="C0033497" phraseText="Co-administration of propranolol" preferredWord="Propranolol" semType="phsu, orch"/><RxNorm RxCui="82084"/></Normalization></entity><entity charOffset="37:46" id="Dailymed.fce692df-1e68-465e-8dda-0cb01320608c.s.66.e.2" text="diltiazem" type="Drug"><Normalization><mmtx cui="C0012373" phraseText="diltiazem in patients" preferredWord="Diltiazem" semType="phsu, orch"/><RxNorm RxCui="203211"/></Normalization></entity><entity charOffset="105:116" id="Dailymed.fce692df-1e68-465e-8dda-0cb01320608c.s.66.e.3" text="bradycardia" type="Specific_Interaction"/><entity charOffset="118:129" id="Dailymed.fce692df-1e68-465e-8dda-0cb01320608c.s.66.e.5" text="hypotension" type="Specific_Interaction"/><entity charOffset="131:154" id="Dailymed.fce692df-1e68-465e-8dda-0cb01320608c.s.66.e.7" text="high degree heart block" type="Specific_Interaction"/><entity charOffset="160:173" id="Dailymed.fce692df-1e68-465e-8dda-0cb01320608c.s.66.e.9" text="heart failure" type="Specific_Interaction"><Normalization><mmtx cui="C0018801" phraseText="heart failure." preferredWord="Heart failure" semType="dsyn"/><mmtx cui="C0018802" phraseText="heart failure." preferredWord="Congestive heart failure" semType="dsyn"/></Normalization></entity><drugInteraction id="Dailymed.fce692df-1e68-465e-8dda-0cb01320608c.s.66.ddi.1"><interaction trigger="Dailymed.fce692df-1e68-465e-8dda-0cb01320608c.s.66.e.3"><relations><relation type="hasObject"><entity id="Dailymed.fce692df-1e68-465e-8dda-0cb01320608c.s.66.e.1"/></relation><relation type="hasContext"><entity id="Dailymed.fce692df-1e68-465e-8dda-0cb01320608c.s.66.e.0"/></relation><relation type="hasPrecipitant"><entity id="Dailymed.fce692df-1e68-465e-8dda-0cb01320608c.s.66.e.2"/></relation></relations></interaction></drugInteraction><drugInteraction id="Dailymed.fce692df-1e68-465e-8dda-0cb01320608c.s.66.ddi.2"><interaction trigger="Dailymed.fce692df-1e68-465e-8dda-0cb01320608c.s.66.e.5"><relations><relation type="hasObject"><entity id="Dailymed.fce692df-1e68-465e-8dda-0cb01320608c.s.66.e.1"/></relation><relation type="hasContext"><entity id="Dailymed.fce692df-1e68-465e-8dda-0cb01320608c.s.66.e.0"/></relation><relation type="hasPrecipitant"><entity id="Dailymed.fce692df-1e68-465e-8dda-0cb01320608c.s.66.e.2"/></relation></relations></interaction></drugInteraction><drugInteraction id="Dailymed.fce692df-1e68-465e-8dda-0cb01320608c.s.66.ddi.3"><interaction trigger="Dailymed.fce692df-1e68-465e-8dda-0cb01320608c.s.66.e.7"><relations><relation type="hasObject"><entity id="Dailymed.fce692df-1e68-465e-8dda-0cb01320608c.s.66.e.1"/></relation><relation type="hasContext"><entity id="Dailymed.fce692df-1e68-465e-8dda-0cb01320608c.s.66.e.0"/></relation><relation type="hasPrecipitant"><entity id="Dailymed.fce692df-1e68-465e-8dda-0cb01320608c.s.66.e.2"/></relation></relations></interaction></drugInteraction><drugInteraction id="Dailymed.fce692df-1e68-465e-8dda-0cb01320608c.s.66.ddi.4"><interaction trigger="Dailymed.fce692df-1e68-465e-8dda-0cb01320608c.s.66.e.9"><relations><relation type="hasObject"><entity id="Dailymed.fce692df-1e68-465e-8dda-0cb01320608c.s.66.e.1"/></relation><relation type="hasContext"><entity id="Dailymed.fce692df-1e68-465e-8dda-0cb01320608c.s.66.e.0"/></relation><relation type="hasPrecipitant"><entity id="Dailymed.fce692df-1e68-465e-8dda-0cb01320608c.s.66.e.2"/></relation></relations></interaction></drugInteraction><pair context="Dailymed.fce692df-1e68-465e-8dda-0cb01320608c.s.66.e.0" ddi="true" e1="Dailymed.fce692df-1e68-465e-8dda-0cb01320608c.s.66.e.1" e2="Dailymed.fce692df-1e68-465e-8dda-0cb01320608c.s.66.e.2" trigger="Dailymed.fce692df-1e68-465e-8dda-0cb01320608c.s.66.e.3" type="Specific_Interaction"/></sentence><sentence biomedicalEntities="2" id="Dailymed.fce692df-1e68-465e-8dda-0cb01320608c.s.68" lineNumber="58" text="When combined with beta-blockers, ACE inhibitors can cause hypotension, particularly in the setting of acute myocardial infarction." type="regular"><entity charOffset="19:32" id="Dailymed.fce692df-1e68-465e-8dda-0cb01320608c.s.68.e.0" text="beta-blockers" type="Drug_Class"><Normalization><mmtx cui="C0001645" phraseText="combined with beta-blockers," preferredWord="Adrenergic beta-Antagonists" semType="phsu"/><RxNorm RxCui="371"/></Normalization></entity><entity charOffset="34:48" id="Dailymed.fce692df-1e68-465e-8dda-0cb01320608c.s.68.e.1" text="ACE inhibitors" type="Drug_Class"><Normalization><mmtx cui="C0003015" phraseText="ACE inhibitors" preferredWord="Angiotensin-Converting Enzyme Inhibitors" semType="phsu"/><RxNorm RxCui="221294"/></Normalization></entity><entity charOffset="59:70" id="Dailymed.fce692df-1e68-465e-8dda-0cb01320608c.s.68.e.2" text="hypotension" type="Specific_Interaction"/><entity charOffset="103:130" id="Dailymed.fce692df-1e68-465e-8dda-0cb01320608c.s.68.e.4" text="acute myocardial infarction" type="SPAN"><Normalization><mmtx cui="C0155626" phraseText="particularly in the setting of acute myocardial infarction." preferredWord="Acute myocardial infarction" semType="dsyn"/></Normalization></entity><drugInteraction id="Dailymed.fce692df-1e68-465e-8dda-0cb01320608c.s.68.ddi.1"><interaction trigger="Dailymed.fce692df-1e68-465e-8dda-0cb01320608c.s.68.e.2"><relations><relation type="hasPrecipitant"><entity id="Dailymed.fce692df-1e68-465e-8dda-0cb01320608c.s.68.e.1"/></relation><relation type="hasObject"><entity id="Dailymed.fce692df-1e68-465e-8dda-0cb01320608c.s.68.e.0"/></relation><relation type="hasContext"><entity id="Dailymed.fce692df-1e68-465e-8dda-0cb01320608c.s.68.e.4"/></relation></relations></interaction></drugInteraction><pair context="Dailymed.fce692df-1e68-465e-8dda-0cb01320608c.s.68.e.4" ddi="true" e1="Dailymed.fce692df-1e68-465e-8dda-0cb01320608c.s.68.e.0" e2="Dailymed.fce692df-1e68-465e-8dda-0cb01320608c.s.68.e.1" trigger="Dailymed.fce692df-1e68-465e-8dda-0cb01320608c.s.68.e.2" type="Specific_Interaction"/></sentence><sentence biomedicalEntities="2" id="Dailymed.fce692df-1e68-465e-8dda-0cb01320608c.s.69" lineNumber="59" text="The antihypertensive effects of clonidine may be antagonized by beta-blockers. " type="regular"><entity charOffset="4:28|49:60" id="Dailymed.fce692df-1e68-465e-8dda-0cb01320608c.s.69.e.0" text="antihypertensive effects antagonized" type="Specific_Interaction"/><entity charOffset="32:41" id="Dailymed.fce692df-1e68-465e-8dda-0cb01320608c.s.69.e.2" text="clonidine" type="Drug"><Normalization><mmtx cui="C0009014" phraseText="The antihypertensive effects of clonidine" preferredWord="Clonidine" semType="phsu, orch"/><RxNorm RxCui="2599"/></Normalization></entity><entity charOffset="64:77" id="Dailymed.fce692df-1e68-465e-8dda-0cb01320608c.s.69.e.3" text="beta-blockers" type="Drug_Class"><Normalization><mmtx cui="C0001645" phraseText="antagonized by beta-blockers." preferredWord="Adrenergic beta-Antagonists" semType="phsu"/><RxNorm RxCui="371"/></Normalization></entity><drugInteraction id="Dailymed.fce692df-1e68-465e-8dda-0cb01320608c.s.69.ddi.1"><interaction trigger="Dailymed.fce692df-1e68-465e-8dda-0cb01320608c.s.69.e.0"><relations><relation type="hasPrecipitant"><entity id="Dailymed.fce692df-1e68-465e-8dda-0cb01320608c.s.69.e.3"/></relation><relation type="hasObject"><entity id="Dailymed.fce692df-1e68-465e-8dda-0cb01320608c.s.69.e.2"/></relation></relations></interaction></drugInteraction><pair ddi="true" e1="Dailymed.fce692df-1e68-465e-8dda-0cb01320608c.s.69.e.2" e2="Dailymed.fce692df-1e68-465e-8dda-0cb01320608c.s.69.e.3" trigger="Dailymed.fce692df-1e68-465e-8dda-0cb01320608c.s.69.e.0" type="Specific_Interaction"/></sentence><sentence id="Dailymed.fce692df-1e68-465e-8dda-0cb01320608c.s.70" text="Inderal LA should be administered cautiously to patients withdrawing from clonidine." type="negative"><entity charOffset="74:83" id="Dailymed.fce692df-1e68-465e-8dda-0cb01320608c.s.70.e.0" text="clonidine" type="Biomedical_Entity"><Normalization><mmtx cui="C0009014" phraseText="withdrawing from clonidine." preferredWord="Clonidine" semType="phsu, orch"/><RxNorm RxCui="2599"/></Normalization></entity><entity charOffset="0:10" id="Dailymed.fce692df-1e68-465e-8dda-0cb01320608c.s.70.e.1" text="inderal la" type="Biomedical_Entity"><Normalization><mmtx cui="C0591638" phraseText="Inderal LA" preferredWord="Inderal-LA" semType="phsu, orch"/><RxNorm RxCui="151890"/></Normalization></entity><pair ddi="false" e1="Dailymed.fce692df-1e68-465e-8dda-0cb01320608c.s.70.e.1" e2="Dailymed.fce692df-1e68-465e-8dda-0cb01320608c.s.70.e.0"/></sentence><sentence biomedicalEntities="2" id="Dailymed.fce692df-1e68-465e-8dda-0cb01320608c.s.72" lineNumber="61" text="Prazosin has been associated with prolongation of first dose hypotension in the presence of beta-blockers." type="regular"><entity charOffset="34:72" id="Dailymed.fce692df-1e68-465e-8dda-0cb01320608c.s.72.e.0" text="prolongation of first dose hypotension" type="Specific_Interaction"/><entity charOffset="0:8" id="Dailymed.fce692df-1e68-465e-8dda-0cb01320608c.s.72.e.2" text="Prazosin" type="Drug"><Normalization><mmtx cui="C0032912" phraseText="Prazosin" preferredWord="Prazosin" semType="phsu, orch"/><RxNorm RxCui="8629"/></Normalization></entity><entity charOffset="92:105" id="Dailymed.fce692df-1e68-465e-8dda-0cb01320608c.s.72.e.3" text="beta-blockers" type="Drug_Class"><Normalization><mmtx cui="C0001645" phraseText="of beta-blockers." preferredWord="Adrenergic beta-Antagonists" semType="phsu"/><RxNorm RxCui="371"/></Normalization></entity><drugInteraction id="Dailymed.fce692df-1e68-465e-8dda-0cb01320608c.s.72.ddi.1"><interaction trigger="Dailymed.fce692df-1e68-465e-8dda-0cb01320608c.s.72.e.0"><relations><relation type="hasObject"><entity id="Dailymed.fce692df-1e68-465e-8dda-0cb01320608c.s.72.e.3"/></relation><relation type="hasPrecipitant"><entity id="Dailymed.fce692df-1e68-465e-8dda-0cb01320608c.s.72.e.2"/></relation></relations></interaction></drugInteraction><pair ddi="true" e1="Dailymed.fce692df-1e68-465e-8dda-0cb01320608c.s.72.e.2" e2="Dailymed.fce692df-1e68-465e-8dda-0cb01320608c.s.72.e.3" trigger="Dailymed.fce692df-1e68-465e-8dda-0cb01320608c.s.72.e.0" type="Specific_Interaction"/></sentence><sentence biomedicalEntities="3" id="Dailymed.fce692df-1e68-465e-8dda-0cb01320608c.s.73" lineNumber="62" text="Postural hypotension has been reported in patients taking both beta-blockers and terazosin or doxazosin." type="regular"><entity charOffset="0:20" id="Dailymed.fce692df-1e68-465e-8dda-0cb01320608c.s.73.e.0" text="Postural hypotension" type="Specific_Interaction"/><entity charOffset="63:76" id="Dailymed.fce692df-1e68-465e-8dda-0cb01320608c.s.73.e.2" text="beta-blockers" type="Drug_Class"><Normalization><mmtx cui="C0001645" phraseText="both beta-blockers" preferredWord="Adrenergic beta-Antagonists" semType="phsu"/><RxNorm RxCui="371"/></Normalization></entity><entity charOffset="81:90" id="Dailymed.fce692df-1e68-465e-8dda-0cb01320608c.s.73.e.3" text="terazosin" type="Drug"><Normalization><mmtx cui="C0076107" phraseText="terazosin" preferredWord="Terazosin" semType="phsu, orch"/><RxNorm RxCui="37798"/></Normalization></entity><entity charOffset="94:103" id="Dailymed.fce692df-1e68-465e-8dda-0cb01320608c.s.73.e.4" text="doxazosin" type="Drug"><Normalization><mmtx cui="C0114873" phraseText="doxazosin." preferredWord="Doxazosin" semType="phsu, orch"/><RxNorm RxCui="39173"/></Normalization></entity><drugInteraction id="Dailymed.fce692df-1e68-465e-8dda-0cb01320608c.s.73.ddi.1"><interaction trigger="Dailymed.fce692df-1e68-465e-8dda-0cb01320608c.s.73.e.0"><relations><relation type="hasPrecipitant"><entity id="Dailymed.fce692df-1e68-465e-8dda-0cb01320608c.s.73.e.3"/></relation><relation type="hasObject"><entity id="Dailymed.fce692df-1e68-465e-8dda-0cb01320608c.s.73.e.2"/></relation><relation type="hasPrecipitant"><entity id="Dailymed.fce692df-1e68-465e-8dda-0cb01320608c.s.73.e.4"/></relation></relations></interaction></drugInteraction><pair ddi="true" e1="Dailymed.fce692df-1e68-465e-8dda-0cb01320608c.s.73.e.2" e2="Dailymed.fce692df-1e68-465e-8dda-0cb01320608c.s.73.e.3" trigger="Dailymed.fce692df-1e68-465e-8dda-0cb01320608c.s.73.e.0" type="Specific_Interaction"/><pair ddi="true" e1="Dailymed.fce692df-1e68-465e-8dda-0cb01320608c.s.73.e.2" e2="Dailymed.fce692df-1e68-465e-8dda-0cb01320608c.s.73.e.4" trigger="Dailymed.fce692df-1e68-465e-8dda-0cb01320608c.s.73.e.0" type="Specific_Interaction"/><pair ddi="false" e1="Dailymed.fce692df-1e68-465e-8dda-0cb01320608c.s.73.e.3" e2="Dailymed.fce692df-1e68-465e-8dda-0cb01320608c.s.73.e.4"/></sentence><sentence biomedicalEntities="2" id="Dailymed.fce692df-1e68-465e-8dda-0cb01320608c.s.75" lineNumber="64" text="Patients receiving catecholamine-depleting drugs, such as reserpine should be closely observed for excessive reduction of resting sympathetic nervous activity, which may result in hypotension, marked bradycardia, vertigo, syncopal attacks, or orthostatic hypotension." type="irregular"><entity charOffset="19:48" id="Dailymed.fce692df-1e68-465e-8dda-0cb01320608c.s.75.e.0" text="catecholamine-depleting drugs" type="Drug_Class"><Normalization><mmtx cui="C0007412" phraseText="catecholamine-depleting drugs," preferredWord="Catecholamines" semType="phsu, nsba"/><mmtx cui="C0013227" phraseText="catecholamine-depleting drugs," preferredWord="Pharmaceutical Preparations" semType="phsu"/><mmtx cui="C3536742" phraseText="catecholamine-depleting drugs," preferredWord="Catecholamine [EPC]" semType="phsu"/><mmtx cui="C0013227" phraseText="catecholamine-depleting drugs," preferredWord="Pharmaceutical Preparations" semType="phsu"/><RxNorm RxCui="990350"/></Normalization></entity><entity charOffset="58:67" id="Dailymed.fce692df-1e68-465e-8dda-0cb01320608c.s.75.e.1" text="reserpine" type="Drug"><Normalization><mmtx cui="C0035179" phraseText="such as reserpine" preferredWord="Reserpine" semType="phsu, orch"/><RxNorm RxCui="9260"/></Normalization></entity><entity charOffset="99:158" id="Dailymed.fce692df-1e68-465e-8dda-0cb01320608c.s.75.e.3" text="excessive reduction of resting sympathetic nervous activity" type="Specific_Interaction"><Normalization><mmtx cui="C0027769" phraseText="observed for excessive reduction of resting sympathetic nervous activity," preferredWord="Nervousness" semType="sosy"/></Normalization></entity><entity charOffset="180:191" id="Dailymed.fce692df-1e68-465e-8dda-0cb01320608c.s.75.e.5" text="hypotension" type="Specific_Interaction"/><entity charOffset="200:211" id="Dailymed.fce692df-1e68-465e-8dda-0cb01320608c.s.75.e.7" text="bradycardia" type="Specific_Interaction"/><entity charOffset="213:220" id="Dailymed.fce692df-1e68-465e-8dda-0cb01320608c.s.75.e.9" text="vertigo" type="Specific_Interaction"><Normalization><mmtx cui="C0042571" phraseText="vertigo," preferredWord="Vertigo" semType="sosy"/></Normalization></entity><entity charOffset="222:238" id="Dailymed.fce692df-1e68-465e-8dda-0cb01320608c.s.75.e.11" text="syncopal attacks" type="Specific_Interaction"><Normalization><mmtx cui="C0039070" phraseText="syncopal attacks," preferredWord="Syncope" semType="sosy"/></Normalization></entity><entity charOffset="243:266" id="Dailymed.fce692df-1e68-465e-8dda-0cb01320608c.s.75.e.13" text="orthostatic hypotension" type="Specific_Interaction"><Normalization><mmtx cui="C0149746" phraseText="orthostatic hypotension." preferredWord="Orthostasis" semType="sosy"/></Normalization></entity><drugClassMembership drug="Dailymed.fce692df-1e68-465e-8dda-0cb01320608c.s.75.e.1" drugClass="Dailymed.fce692df-1e68-465e-8dda-0cb01320608c.s.75.e.0"/><drugInteraction id="Dailymed.fce692df-1e68-465e-8dda-0cb01320608c.s.75.ddi.1"><interaction trigger="Dailymed.fce692df-1e68-465e-8dda-0cb01320608c.s.75.e.3"><relations><relation type="hasPrecipitant"><entity id="Dailymed.fce692df-1e68-465e-8dda-0cb01320608c.s.75.e.0"/></relation><relation type="hasObject"><labelDrug text="InderalLA"/><normalization/></relation></relations></interaction></drugInteraction><drugInteraction id="Dailymed.fce692df-1e68-465e-8dda-0cb01320608c.s.75.ddi.2"><interaction trigger="Dailymed.fce692df-1e68-465e-8dda-0cb01320608c.s.75.e.5"><relations><relation type="hasPrecipitant"><entity id="Dailymed.fce692df-1e68-465e-8dda-0cb01320608c.s.75.e.0"/></relation><relation type="hasObject"><labelDrug text="InderalLA"/><normalization/></relation></relations></interaction></drugInteraction><drugInteraction id="Dailymed.fce692df-1e68-465e-8dda-0cb01320608c.s.75.ddi.3"><interaction trigger="Dailymed.fce692df-1e68-465e-8dda-0cb01320608c.s.75.e.7"><relations><relation type="hasPrecipitant"><entity id="Dailymed.fce692df-1e68-465e-8dda-0cb01320608c.s.75.e.0"/></relation><relation type="hasObject"><labelDrug text="InderalLA"/><normalization/></relation></relations></interaction></drugInteraction><drugInteraction id="Dailymed.fce692df-1e68-465e-8dda-0cb01320608c.s.75.ddi.4"><interaction trigger="Dailymed.fce692df-1e68-465e-8dda-0cb01320608c.s.75.e.9"><relations><relation type="hasPrecipitant"><entity id="Dailymed.fce692df-1e68-465e-8dda-0cb01320608c.s.75.e.0"/></relation><relation type="hasObject"><labelDrug text="InderalLA"/><normalization/></relation></relations></interaction></drugInteraction><drugInteraction id="Dailymed.fce692df-1e68-465e-8dda-0cb01320608c.s.75.ddi.5"><interaction trigger="Dailymed.fce692df-1e68-465e-8dda-0cb01320608c.s.75.e.11"><relations><relation type="hasPrecipitant"><entity id="Dailymed.fce692df-1e68-465e-8dda-0cb01320608c.s.75.e.0"/></relation><relation type="hasObject"><labelDrug text="InderalLA"/><normalization/></relation></relations></interaction></drugInteraction><drugInteraction id="Dailymed.fce692df-1e68-465e-8dda-0cb01320608c.s.75.ddi.6"><interaction trigger="Dailymed.fce692df-1e68-465e-8dda-0cb01320608c.s.75.e.13"><relations><relation type="hasPrecipitant"><entity id="Dailymed.fce692df-1e68-465e-8dda-0cb01320608c.s.75.e.0"/></relation><relation type="hasObject"><labelDrug text="InderalLA"/><normalization/></relation></relations></interaction></drugInteraction><pair ddi="true" e1="labelDrug" e2="Dailymed.fce692df-1e68-465e-8dda-0cb01320608c.s.75.e.0"/></sentence><sentence biomedicalEntities="2" id="Dailymed.fce692df-1e68-465e-8dda-0cb01320608c.s.77" lineNumber="66" text="Patients on long-term therapy with propranolol may experience uncontrolled hypertension if administered epinephrine as a consequence of unopposed alpha-receptor stimulation. " type="regular"><entity charOffset="35:46" id="Dailymed.fce692df-1e68-465e-8dda-0cb01320608c.s.77.e.0" text="propranolol" type="Drug"><Normalization><mmtx cui="C0033497" phraseText="with propranolol" preferredWord="Propranolol" semType="phsu, orch"/><RxNorm RxCui="82084"/></Normalization></entity><entity charOffset="104:115" id="Dailymed.fce692df-1e68-465e-8dda-0cb01320608c.s.77.e.1" text="epinephrine" type="Drug"><Normalization><mmtx cui="C0014563" phraseText="administered epinephrine as a consequence of unopposed alpha-receptor stimulation." preferredWord="Epinephrine" semType="phsu, orch, horm, nsba"/><RxNorm RxCui="362"/></Normalization></entity><entity charOffset="62:87" id="Dailymed.fce692df-1e68-465e-8dda-0cb01320608c.s.77.e.2" text="uncontrolled hypertension" type="Specific_Interaction"><Normalization><mmtx cui="C0020538" phraseText="uncontrolled hypertension" preferredWord="Hypertensive disease" semType="dsyn"/></Normalization></entity><drugInteraction id="Dailymed.fce692df-1e68-465e-8dda-0cb01320608c.s.77.ddi.1"><interaction trigger="Dailymed.fce692df-1e68-465e-8dda-0cb01320608c.s.77.e.2"><relations><relation type="hasObject"><entity id="Dailymed.fce692df-1e68-465e-8dda-0cb01320608c.s.77.e.0"/></relation><relation type="hasPrecipitant"><entity id="Dailymed.fce692df-1e68-465e-8dda-0cb01320608c.s.77.e.1"/></relation></relations></interaction></drugInteraction><pair ddi="true" e1="Dailymed.fce692df-1e68-465e-8dda-0cb01320608c.s.77.e.0" e2="Dailymed.fce692df-1e68-465e-8dda-0cb01320608c.s.77.e.1" trigger="Dailymed.fce692df-1e68-465e-8dda-0cb01320608c.s.77.e.2" type="Specific_Interaction"/></sentence><sentence id="Dailymed.fce692df-1e68-465e-8dda-0cb01320608c.s.78" text="Epinephrine is therefore not indicated in the treatment of propranolol overdose (see OVERDOSAGE )." type="negative"><entity charOffset="59:70" id="Dailymed.fce692df-1e68-465e-8dda-0cb01320608c.s.78.e.0" text="propranolol" type="Biomedical_Entity"><Normalization><mmtx cui="C0033497" phraseText="indicated in the treatment of propranolol overdose" preferredWord="Propranolol" semType="phsu, orch"/><RxNorm RxCui="82084"/></Normalization></entity><entity charOffset="0:11" id="Dailymed.fce692df-1e68-465e-8dda-0cb01320608c.s.78.e.1" text="epinephrine" type="Biomedical_Entity"><Normalization><mmtx cui="C0014563" phraseText="Epinephrine" preferredWord="Epinephrine" semType="phsu, orch, horm, nsba"/><RxNorm RxCui="362"/></Normalization></entity><pair ddi="false" e1="Dailymed.fce692df-1e68-465e-8dda-0cb01320608c.s.78.e.1" e2="Dailymed.fce692df-1e68-465e-8dda-0cb01320608c.s.78.e.0"/></sentence><sentence id="Dailymed.fce692df-1e68-465e-8dda-0cb01320608c.s.79" text="Isoproterenol and Dobutamine" type="negative"><entity charOffset="0:13" id="Dailymed.fce692df-1e68-465e-8dda-0cb01320608c.s.79.e.0" text="isoproterenol" type="Biomedical_Entity"><Normalization><mmtx cui="C0022245" phraseText="Isoproterenol" preferredWord="Isoproterenol" semType="phsu, orch"/><RxNorm RxCui="82030"/></Normalization></entity><entity charOffset="18:28" id="Dailymed.fce692df-1e68-465e-8dda-0cb01320608c.s.79.e.1" text="dobutamine" type="Biomedical_Entity"><Normalization><mmtx cui="C0012963" phraseText="Dobutamine" preferredWord="Dobutamine" semType="phsu, orch"/><RxNorm RxCui="203121"/></Normalization></entity><pair ddi="false" e1="Dailymed.fce692df-1e68-465e-8dda-0cb01320608c.s.79.e.0" e2="Dailymed.fce692df-1e68-465e-8dda-0cb01320608c.s.79.e.1"/></sentence><sentence biomedicalEntities="5" id="Dailymed.fce692df-1e68-465e-8dda-0cb01320608c.s.80" lineNumber="68" text="Propranolol is a competitive inhibitor of beta-receptor agonists, and its effects can be reversed by administration of such agents, e.g., dobutamine or isoproterenol. " type="regular"><anaphoraRelation><anaphoraEntity charOffset="119:130" id="Dailymed.fce692df-1e68-465e-8dda-0cb01320608c.s.80.e.5" text="such agents" type="Expression"/><antecedentEntity charOffset="42-64" id="Dailymed.fce692df-1e68-465e-8dda-0cb01320608c.s.80.e.8" text="beta-receptor agonists" type="Drug_Class"/></anaphoraRelation><anaphoraRelation><anaphoraEntity charOffset="70:73" id="Dailymed.fce692df-1e68-465e-8dda-0cb01320608c.s.80.e.12" text="its" type="Expression"/><antecedentEntity charOffset="0-11" id="Dailymed.fce692df-1e68-465e-8dda-0cb01320608c.s.80.e.1" text="Propranolol" type="Drug"/></anaphoraRelation><entity charOffset="17:64" id="Dailymed.fce692df-1e68-465e-8dda-0cb01320608c.s.80.e.0" text="competitive inhibitor of beta-receptor agonists" type="Drug_Class"><Normalization><mmtx cui="C0243192" phraseText="a competitive inhibitor of beta-receptor agonists," preferredWord="agonists" semType="phsu"/><mmtx cui="C2987634" phraseText="a competitive inhibitor of beta-receptor agonists," preferredWord="Agonist" semType="phsu"/><RxNorm RxCui="991929"/></Normalization></entity><entity charOffset="0:11" id="Dailymed.fce692df-1e68-465e-8dda-0cb01320608c.s.80.e.1" text="Propranolol" type="Drug"><Normalization><mmtx cui="C0033497" phraseText="Propranolol" preferredWord="Propranolol" semType="phsu, orch"/><RxNorm RxCui="82084"/></Normalization></entity><entity charOffset="74:97" id="Dailymed.fce692df-1e68-465e-8dda-0cb01320608c.s.80.e.3" text="effects can be reversed" type="Specific_Interaction"/><entity charOffset="138:148" id="Dailymed.fce692df-1e68-465e-8dda-0cb01320608c.s.80.e.6" text="dobutamine" type="Drug"><Normalization><mmtx cui="C0012963" phraseText="dobutamine" preferredWord="Dobutamine" semType="phsu, orch"/><RxNorm RxCui="203121"/></Normalization></entity><entity charOffset="152:165" id="Dailymed.fce692df-1e68-465e-8dda-0cb01320608c.s.80.e.7" text="isoproterenol" type="Drug"><Normalization><mmtx cui="C0022245" phraseText="isoproterenol." preferredWord="Isoproterenol" semType="phsu, orch"/><RxNorm RxCui="82030"/></Normalization></entity><entity charOffset="42:64" id="Dailymed.fce692df-1e68-465e-8dda-0cb01320608c.s.80.e.8" text="beta-receptor agonists" type="Drug_Class"><Normalization><mmtx cui="C0243192" phraseText="a competitive inhibitor of beta-receptor agonists," preferredWord="agonists" semType="phsu"/><mmtx cui="C2987634" phraseText="a competitive inhibitor of beta-receptor agonists," preferredWord="Agonist" semType="phsu"/><RxNorm RxCui="38483"/></Normalization></entity><drugClassMembership drug="Dailymed.fce692df-1e68-465e-8dda-0cb01320608c.s.80.e.1" drugClass="Dailymed.fce692df-1e68-465e-8dda-0cb01320608c.s.80.e.0"/><drugClassMembership drug="Dailymed.fce692df-1e68-465e-8dda-0cb01320608c.s.80.e.6" drugClass="Dailymed.fce692df-1e68-465e-8dda-0cb01320608c.s.80.e.5"/><drugClassMembership drug="Dailymed.fce692df-1e68-465e-8dda-0cb01320608c.s.80.e.7" drugClass="Dailymed.fce692df-1e68-465e-8dda-0cb01320608c.s.80.e.5"/><drugInteraction id="Dailymed.fce692df-1e68-465e-8dda-0cb01320608c.s.80.ddi.1"><interaction trigger="Dailymed.fce692df-1e68-465e-8dda-0cb01320608c.s.80.e.3"><relations><relation type="hasObject"><entity id="Dailymed.fce692df-1e68-465e-8dda-0cb01320608c.s.80.e.12"/></relation><relation type="hasPrecipitant"><entity id="Dailymed.fce692df-1e68-465e-8dda-0cb01320608c.s.80.e.5"/></relation></relations></interaction></drugInteraction><pair ddi="true" e1="Dailymed.fce692df-1e68-465e-8dda-0cb01320608c.s.80.e.12" e2="Dailymed.fce692df-1e68-465e-8dda-0cb01320608c.s.80.e.5" trigger="Dailymed.fce692df-1e68-465e-8dda-0cb01320608c.s.80.e.3" type="Specific_Interaction"/></sentence><sentence id="Dailymed.fce692df-1e68-465e-8dda-0cb01320608c.s.81" text="Also, propranolol may reduce sensitivity to dobutamine stress echocardiography in patients undergoing evaluation for myocardial ischemia." type="negative"><entity charOffset="6:17" id="Dailymed.fce692df-1e68-465e-8dda-0cb01320608c.s.81.e.0" text="propranolol" type="Biomedical_Entity"><Normalization><mmtx cui="C0033497" phraseText="propranolol" preferredWord="Propranolol" semType="phsu, orch"/><RxNorm RxCui="82084"/></Normalization></entity><entity charOffset="44:54" id="Dailymed.fce692df-1e68-465e-8dda-0cb01320608c.s.81.e.1" text="dobutamine" type="Biomedical_Entity"><Normalization><mmtx cui="C0012963" phraseText="sensitivity to dobutamine stress echocardiography" preferredWord="Dobutamine" semType="phsu, orch"/><RxNorm RxCui="203121"/></Normalization></entity><pair ddi="false" e1="Dailymed.fce692df-1e68-465e-8dda-0cb01320608c.s.81.e.0" e2="Dailymed.fce692df-1e68-465e-8dda-0cb01320608c.s.81.e.1"/></sentence><sentence biomedicalEntities="2" id="Dailymed.fce692df-1e68-465e-8dda-0cb01320608c.s.84" lineNumber="71" text="Nonsteroidal anti-inflammatory drugs (NSAIDs) have been reported to blunt the antihypertensive effect of beta-adrenoreceptor blocking agents." type="regular"><entity charOffset="0:36" id="Dailymed.fce692df-1e68-465e-8dda-0cb01320608c.s.84.e.0" text="Nonsteroidal anti-inflammatory drugs" type="Drug_Class"><Normalization><mmtx cui="C0003211" phraseText="Nonsteroidal anti-inflammatory drugs (NSAIDs)" preferredWord="Anti-Inflammatory Agents, Non-Steroidal" semType="phsu"/><RxNorm RxCui="402125"/></Normalization></entity><entity charOffset="68:101" id="Dailymed.fce692df-1e68-465e-8dda-0cb01320608c.s.84.e.1" text="blunt the antihypertensive effect" type="Specific_Interaction"/><entity charOffset="105:140" id="Dailymed.fce692df-1e68-465e-8dda-0cb01320608c.s.84.e.3" text="beta-adrenoreceptor blocking agents" type="Drug_Class"><Normalization><mmtx cui="C0003364" phraseText="the antihypertensive effect of beta-adrenoreceptor blocking agents." preferredWord="Antihypertensive Agents" semType="phsu"/><RxNorm RxCui="1459789"/></Normalization></entity><drugInteraction id="Dailymed.fce692df-1e68-465e-8dda-0cb01320608c.s.84.ddi.1"><interaction trigger="Dailymed.fce692df-1e68-465e-8dda-0cb01320608c.s.84.e.1"><relations><relation type="hasPrecipitant"><entity id="Dailymed.fce692df-1e68-465e-8dda-0cb01320608c.s.84.e.0"/></relation><relation type="hasObject"><entity id="Dailymed.fce692df-1e68-465e-8dda-0cb01320608c.s.84.e.3"/></relation></relations></interaction></drugInteraction><pair ddi="true" e1="Dailymed.fce692df-1e68-465e-8dda-0cb01320608c.s.84.e.0" e2="Dailymed.fce692df-1e68-465e-8dda-0cb01320608c.s.84.e.3" trigger="Dailymed.fce692df-1e68-465e-8dda-0cb01320608c.s.84.e.1" type="Specific_Interaction"/></sentence><sentence biomedicalEntities="2" id="Dailymed.fce692df-1e68-465e-8dda-0cb01320608c.s.85" lineNumber="72" text="Administration of indomethacin with propranolol may reduce the efficacy of propranolol in reducing blood pressure and heart rate." type="regular"><entity charOffset="52:71" id="Dailymed.fce692df-1e68-465e-8dda-0cb01320608c.s.85.e.0" text="reduce the efficacy" type="Decrease_Interaction"/><entity charOffset="75:86" id="Dailymed.fce692df-1e68-465e-8dda-0cb01320608c.s.85.e.2" text="propranolol" type="Drug"><Normalization><mmtx cui="C0033497" phraseText="the efficacy of propranolol" preferredWord="Propranolol" semType="phsu, orch"/><RxNorm RxCui="82084"/></Normalization></entity><entity charOffset="18:30" id="Dailymed.fce692df-1e68-465e-8dda-0cb01320608c.s.85.e.3" text="indomethacin" type="Drug"><Normalization><mmtx cui="C0021246" phraseText="Administration of indomethacin" preferredWord="Indomethacin" semType="phsu, orch"/><RxNorm RxCui="5781"/></Normalization></entity><drugInteraction id="Dailymed.fce692df-1e68-465e-8dda-0cb01320608c.s.85.ddi.1"><interaction trigger="Dailymed.fce692df-1e68-465e-8dda-0cb01320608c.s.85.e.0"><relations><relation type="hasPrecipitant"><entity id="Dailymed.fce692df-1e68-465e-8dda-0cb01320608c.s.85.e.3"/></relation><relation type="hasObject"><entity id="Dailymed.fce692df-1e68-465e-8dda-0cb01320608c.s.85.e.2"/></relation></relations></interaction></drugInteraction><pair ddi="true" e1="Dailymed.fce692df-1e68-465e-8dda-0cb01320608c.s.85.e.3" e2="Dailymed.fce692df-1e68-465e-8dda-0cb01320608c.s.85.e.2" trigger="Dailymed.fce692df-1e68-465e-8dda-0cb01320608c.s.85.e.0" type="Decrease_Interaction"/></sentence><sentence biomedicalEntities="4" id="Dailymed.fce692df-1e68-465e-8dda-0cb01320608c.s.87" lineNumber="74" text="The hypotensive effects of MAO inhibitors or tricyclic antidepressants may be exacerbated when administered with beta-blockers by interfering with the beta blocking activity of propranolol." type="regular"><entity charOffset="4:23|78:89" id="Dailymed.fce692df-1e68-465e-8dda-0cb01320608c.s.87.e.0" text="hypotensive effects exacerbated" type="Specific_Interaction"/><entity charOffset="113:126" id="Dailymed.fce692df-1e68-465e-8dda-0cb01320608c.s.87.e.2" text="beta-blockers" type="Drug_Class"><Normalization><mmtx cui="C0001645" phraseText="administered with beta-blockers" preferredWord="Adrenergic beta-Antagonists" semType="phsu"/><RxNorm RxCui="371"/></Normalization></entity><entity charOffset="27:41" id="Dailymed.fce692df-1e68-465e-8dda-0cb01320608c.s.87.e.3" text="MAO inhibitors" type="Drug_Class"><Normalization><mmtx cui="C0026457" phraseText="The hypotensive effects of MAO inhibitors" preferredWord="Monoamine Oxidase Inhibitors" semType="phsu, orch"/><RxNorm RxCui="7029"/></Normalization></entity><entity charOffset="45:70" id="Dailymed.fce692df-1e68-465e-8dda-0cb01320608c.s.87.e.4" text="tricyclic antidepressants" type="Drug_Class"><Normalization><mmtx cui="C0003290" phraseText="tricyclic antidepressants" preferredWord="Tricyclic Antidepressive Agents" semType="phsu"/><RxNorm RxCui="928"/></Normalization></entity><entity charOffset="177:188" id="Dailymed.fce692df-1e68-465e-8dda-0cb01320608c.s.87.e.5" text="propranolol" type="Drug"><Normalization><mmtx cui="C0033497" phraseText="interfering with the beta blocking activity of propranolol." preferredWord="Propranolol" semType="phsu, orch"/><RxNorm RxCui="82084"/></Normalization></entity><drugClassMembership drug="Dailymed.fce692df-1e68-465e-8dda-0cb01320608c.s.87.e.5" drugClass="Dailymed.fce692df-1e68-465e-8dda-0cb01320608c.s.87.e.2"/><drugInteraction id="Dailymed.fce692df-1e68-465e-8dda-0cb01320608c.s.87.ddi.1"><interaction trigger="Dailymed.fce692df-1e68-465e-8dda-0cb01320608c.s.87.e.0"><relations><relation type="hasObject"><entity id="Dailymed.fce692df-1e68-465e-8dda-0cb01320608c.s.87.e.3"/></relation><relation type="hasPrecipitant"><entity id="Dailymed.fce692df-1e68-465e-8dda-0cb01320608c.s.87.e.2"/></relation><relation type="hasObject"><entity id="Dailymed.fce692df-1e68-465e-8dda-0cb01320608c.s.87.e.4"/></relation></relations></interaction></drugInteraction><pair ddi="true" e1="Dailymed.fce692df-1e68-465e-8dda-0cb01320608c.s.87.e.3" e2="Dailymed.fce692df-1e68-465e-8dda-0cb01320608c.s.87.e.2" trigger="Dailymed.fce692df-1e68-465e-8dda-0cb01320608c.s.87.e.0" type="Specific_Interaction"/><pair ddi="true" e1="Dailymed.fce692df-1e68-465e-8dda-0cb01320608c.s.87.e.4" e2="Dailymed.fce692df-1e68-465e-8dda-0cb01320608c.s.87.e.2" trigger="Dailymed.fce692df-1e68-465e-8dda-0cb01320608c.s.87.e.0" type="Specific_Interaction"/></sentence><sentence biomedicalEntities="3" id="Dailymed.fce692df-1e68-465e-8dda-0cb01320608c.s.89" lineNumber="76" text="Methoxyflurane and trichloroethylene may depress myocardial contractility when administered with propranolol." type="regular"><entity charOffset="41:73" id="Dailymed.fce692df-1e68-465e-8dda-0cb01320608c.s.89.e.0" text="depress myocardial contractility" type="Specific_Interaction"/><entity charOffset="0:14" id="Dailymed.fce692df-1e68-465e-8dda-0cb01320608c.s.89.e.2" text="Methoxyflurane" type="Drug"><Normalization><mmtx cui="C0025688" phraseText="Methoxyflurane" preferredWord="Methoxyflurane" semType="phsu, orch"/><RxNorm RxCui="6857"/></Normalization></entity><entity charOffset="19:36" id="Dailymed.fce692df-1e68-465e-8dda-0cb01320608c.s.89.e.3" text="trichloroethylene" type="Drug"><Normalization><mmtx cui="C0040905" phraseText="trichloroethylene" preferredWord="Trichloroethylene" semType="phsu, orch"/><RxNorm RxCui="10777"/></Normalization></entity><entity charOffset="97:108" id="Dailymed.fce692df-1e68-465e-8dda-0cb01320608c.s.89.e.4" text="propranolol" type="Drug"><Normalization><mmtx cui="C0033497" phraseText="administered with propranolol." preferredWord="Propranolol" semType="phsu, orch"/><RxNorm RxCui="82084"/></Normalization></entity><drugInteraction id="Dailymed.fce692df-1e68-465e-8dda-0cb01320608c.s.89.ddi.1"><interaction trigger="Dailymed.fce692df-1e68-465e-8dda-0cb01320608c.s.89.e.0"><relations><relation type="hasPrecipitant"><entity id="Dailymed.fce692df-1e68-465e-8dda-0cb01320608c.s.89.e.2"/></relation><relation type="hasPrecipitant"><entity id="Dailymed.fce692df-1e68-465e-8dda-0cb01320608c.s.89.e.3"/></relation><relation type="hasObject"><entity id="Dailymed.fce692df-1e68-465e-8dda-0cb01320608c.s.89.e.4"/></relation></relations></interaction></drugInteraction><pair ddi="true" e1="Dailymed.fce692df-1e68-465e-8dda-0cb01320608c.s.89.e.2" e2="Dailymed.fce692df-1e68-465e-8dda-0cb01320608c.s.89.e.4" trigger="Dailymed.fce692df-1e68-465e-8dda-0cb01320608c.s.89.e.0" type="Specific_Interaction"/><pair ddi="true" e1="Dailymed.fce692df-1e68-465e-8dda-0cb01320608c.s.89.e.3" e2="Dailymed.fce692df-1e68-465e-8dda-0cb01320608c.s.89.e.4" trigger="Dailymed.fce692df-1e68-465e-8dda-0cb01320608c.s.89.e.0" type="Specific_Interaction"/><pair ddi="false" e1="Dailymed.fce692df-1e68-465e-8dda-0cb01320608c.s.89.e.2" e2="Dailymed.fce692df-1e68-465e-8dda-0cb01320608c.s.89.e.3"/></sentence><sentence biomedicalEntities="2" id="Dailymed.fce692df-1e68-465e-8dda-0cb01320608c.s.91" lineNumber="78" text="Propranolol when administered with warfarin increases the concentration of warfarin. " type="regular"><entity charOffset="44:71" id="Dailymed.fce692df-1e68-465e-8dda-0cb01320608c.s.91.e.0" text="increases the concentration" type="Increase_Interaction"/><entity charOffset="75:83" id="Dailymed.fce692df-1e68-465e-8dda-0cb01320608c.s.91.e.2" text="warfarin" type="Drug"><Normalization><mmtx cui="C0043031" phraseText="the concentration of warfarin." preferredWord="Warfarin" semType="phsu, orch, hops"/><RxNorm RxCui="11289"/></Normalization></entity><entity charOffset="0:11" id="Dailymed.fce692df-1e68-465e-8dda-0cb01320608c.s.91.e.3" text="Propranolol" type="Drug"><Normalization><mmtx cui="C0033497" phraseText="Propranolol" preferredWord="Propranolol" semType="phsu, orch"/><RxNorm RxCui="82084"/></Normalization></entity><drugInteraction id="Dailymed.fce692df-1e68-465e-8dda-0cb01320608c.s.91.ddi.1"><interaction trigger="Dailymed.fce692df-1e68-465e-8dda-0cb01320608c.s.91.e.0"><relations><relation type="hasPrecipitant"><entity id="Dailymed.fce692df-1e68-465e-8dda-0cb01320608c.s.91.e.3"/></relation><relation type="hasObject"><entity id="Dailymed.fce692df-1e68-465e-8dda-0cb01320608c.s.91.e.2"/></relation></relations></interaction></drugInteraction><pair ddi="true" e1="Dailymed.fce692df-1e68-465e-8dda-0cb01320608c.s.91.e.3" e2="Dailymed.fce692df-1e68-465e-8dda-0cb01320608c.s.91.e.2" trigger="Dailymed.fce692df-1e68-465e-8dda-0cb01320608c.s.91.e.0" type="Increase_Interaction"/></sentence><sentence biomedicalEntities="0" id="Dailymed.fce692df-1e68-465e-8dda-0cb01320608c.s.92" lineNumber="78" text="Prothrombin time, therefore, should be monitored." type="irregular"><entity charOffset="39:48" id="Dailymed.fce692df-1e68-465e-8dda-0cb01320608c.s.92.e.0" text="monitored" type="Caution_Interaction"/><drugInteraction id="Dailymed.fce692df-1e68-465e-8dda-0cb01320608c.s.92.ddi.1"><interaction trigger="Dailymed.fce692df-1e68-465e-8dda-0cb01320608c.s.92.e.0"><relations><relation type="hasObject"><ellipsisSentence id="Dailymed.fce692df-1e68-465e-8dda-0cb01320608c.s.91" text="Propranolol when administered with warfarin increases the concentration of warfarin. "><entity id="Dailymed.fce692df-1e68-465e-8dda-0cb01320608c.s.91.e.3"/></ellipsisSentence></relation><relation type="hasPrecipitant"><ellipsisSentence id="Dailymed.fce692df-1e68-465e-8dda-0cb01320608c.s.91" text="Propranolol when administered with warfarin increases the concentration of warfarin. "><entity id="Dailymed.fce692df-1e68-465e-8dda-0cb01320608c.s.91.e.2"/></ellipsisSentence></relation></relations></interaction></drugInteraction></sentence><sentence biomedicalEntities="2" id="Dailymed.fce692df-1e68-465e-8dda-0cb01320608c.s.94" lineNumber="80" text="Hypotension and cardiac arrest have been reported with the concomitant use of propranolol and haloperidol." type="regular"><entity charOffset="0:11" id="Dailymed.fce692df-1e68-465e-8dda-0cb01320608c.s.94.e.0" text="Hypotension" type="Specific_Interaction"/><entity charOffset="16:30" id="Dailymed.fce692df-1e68-465e-8dda-0cb01320608c.s.94.e.2" text="cardiac arrest" type="Specific_Interaction"><Normalization><mmtx cui="C0018790" phraseText="cardiac arrest" preferredWord="Cardiac Arrest" semType="dsyn"/></Normalization></entity><entity charOffset="78:89" id="Dailymed.fce692df-1e68-465e-8dda-0cb01320608c.s.94.e.4" text="propranolol" type="Drug"><Normalization><mmtx cui="C0033497" phraseText="reported with the concomitant use of propranolol" preferredWord="Propranolol" semType="phsu, orch"/><RxNorm RxCui="82084"/></Normalization></entity><entity charOffset="94:105" id="Dailymed.fce692df-1e68-465e-8dda-0cb01320608c.s.94.e.5" text="haloperidol" type="Drug"><Normalization><mmtx cui="C0018546" phraseText="haloperidol." preferredWord="Haloperidol" semType="phsu, orch"/><RxNorm RxCui="26420"/></Normalization></entity><drugInteraction id="Dailymed.fce692df-1e68-465e-8dda-0cb01320608c.s.94.ddi.1"><interaction trigger="Dailymed.fce692df-1e68-465e-8dda-0cb01320608c.s.94.e.0"><relations><relation type="hasObject"><entity id="Dailymed.fce692df-1e68-465e-8dda-0cb01320608c.s.94.e.4"/></relation><relation type="hasPrecipitant"><entity id="Dailymed.fce692df-1e68-465e-8dda-0cb01320608c.s.94.e.5"/></relation></relations></interaction></drugInteraction><drugInteraction id="Dailymed.fce692df-1e68-465e-8dda-0cb01320608c.s.94.ddi.2"><interaction trigger="Dailymed.fce692df-1e68-465e-8dda-0cb01320608c.s.94.e.2"><relations><relation type="hasObject"><entity id="Dailymed.fce692df-1e68-465e-8dda-0cb01320608c.s.94.e.4"/></relation><relation type="hasPrecipitant"><entity id="Dailymed.fce692df-1e68-465e-8dda-0cb01320608c.s.94.e.5"/></relation></relations></interaction></drugInteraction><pair ddi="true" e1="Dailymed.fce692df-1e68-465e-8dda-0cb01320608c.s.94.e.4" e2="Dailymed.fce692df-1e68-465e-8dda-0cb01320608c.s.94.e.5" trigger="Dailymed.fce692df-1e68-465e-8dda-0cb01320608c.s.94.e.0" type="Specific_Interaction"/></sentence><sentence biomedicalEntities="2" id="Dailymed.fce692df-1e68-465e-8dda-0cb01320608c.s.96" lineNumber="82" text="Thyroxine may result in a lower than expected T3 concentration when used concomitantly with propranolol." type="regular"><entity charOffset="0:9" id="Dailymed.fce692df-1e68-465e-8dda-0cb01320608c.s.96.e.0" text="Thyroxine" type="Drug"><Normalization><mmtx cui="C0040165" phraseText="Thyroxine" preferredWord="Thyroxine" semType="phsu, aapp, horm"/><RxNorm RxCui="10582"/></Normalization></entity><entity charOffset="26:62" id="Dailymed.fce692df-1e68-465e-8dda-0cb01320608c.s.96.e.1" text="lower than expected T3 concentration" type="Specific_Interaction"/><entity charOffset="92:103" id="Dailymed.fce692df-1e68-465e-8dda-0cb01320608c.s.96.e.3" text="propranolol" type="Drug"><Normalization><mmtx cui="C0033497" phraseText="concomitantly with propranolol." preferredWord="Propranolol" semType="phsu, orch"/><RxNorm RxCui="82084"/></Normalization></entity><drugInteraction id="Dailymed.fce692df-1e68-465e-8dda-0cb01320608c.s.96.ddi.1"><interaction trigger="Dailymed.fce692df-1e68-465e-8dda-0cb01320608c.s.96.e.1"><relations><relation type="hasPrecipitant"><entity id="Dailymed.fce692df-1e68-465e-8dda-0cb01320608c.s.96.e.0"/></relation><relation type="hasObject"><entity id="Dailymed.fce692df-1e68-465e-8dda-0cb01320608c.s.96.e.3"/></relation></relations></interaction></drugInteraction><pair ddi="true" e1="Dailymed.fce692df-1e68-465e-8dda-0cb01320608c.s.96.e.0" e2="Dailymed.fce692df-1e68-465e-8dda-0cb01320608c.s.96.e.3" trigger="Dailymed.fce692df-1e68-465e-8dda-0cb01320608c.s.96.e.1" type="Specific_Interaction"/></sentence><sentence id="Dailymed.fce692df-1e68-465e-8dda-0cb01320608c.s.99" text="On a body surface area basis, this dose in the mouse and rat is, respectively, about equal to and about twice the maximum recommended human oral daily dose (MRHD) of 640 mg propranolol hydrochloride. " type="negative"><entity charOffset="173:198" id="Dailymed.fce692df-1e68-465e-8dda-0cb01320608c.s.99.e.0" text="propranolol hydrochloride" type="Biomedical_Entity"><Normalization><mmtx cui="C0282321" phraseText="of 640 mg propranolol hydrochloride." preferredWord="Propranolol Hydrochloride" semType="phsu, orch"/><RxNorm RxCui="82084"/></Normalization></entity><entity charOffset="23:28" id="Dailymed.fce692df-1e68-465e-8dda-0cb01320608c.s.99.e.1" text="basis" type="Biomedical_Entity"><Normalization><mmtx cui="C1874451" phraseText="On a body surface area basis," preferredWord="Basis" semType="phsu"/><RxNorm RxCui="1046801"/></Normalization></entity><pair ddi="false" e1="Dailymed.fce692df-1e68-465e-8dda-0cb01320608c.s.99.e.1" e2="Dailymed.fce692df-1e68-465e-8dda-0cb01320608c.s.99.e.0"/></sentence><positiveExamples number="31"/><negativeExamples number="23"/></document>