<?xml version="1.0" encoding="utf-8" ?>
<CLASS name="ALPHA-SYMPATHOMIMETICS-(ORAL-AND/OR-NASAL)" code="R01AA">
<SOURCE>
<CLINICAL_SOURCE>ANSM</CLINICAL_SOURCE>
<SOURCE_FILE>6</SOURCE_FILE>
</SOURCE>
<DRUG name="Etilefrine" rxnorm="4169">
<ATC code="C01CA01" />
</DRUG>
<DRUG name="Midodrine" rxnorm="6963">
<ATC code="C01CA17" />
</DRUG>
<DRUG name="Naphazoline" rxnorm="7247">
<ATC code="R01AA08" />
</DRUG>
<DRUG name="Oxymetazoline" rxnorm="7812">
<ATC code="R01AA05" />
</DRUG>
<DRUG name="Phenylephrine" rxnorm="8163">
<ATC code="C01CA06" />
</DRUG>
<DRUG name="Synephrine" rxnorm="10288">
</DRUG>
<DRUG name="Tetryzoline" rxnorm="37935">
<ATC code="R01AA06" />
</DRUG>
<DRUG name="Tuaminoheptane" rxnorm="179753">
<ATC code="R01AA11" />
</DRUG>
<DRUG name="Tymazoline" rxnorm="236191">
<ATC code="R01AA13" />
</DRUG>
</CLASS>
