<?xml version="1.0" encoding="utf-8" ?>
<CLASS name="AMINOGLYCOSIDES" code="J01GB-001">
<SOURCE>
<CLINICAL_SOURCE>ANSM</CLINICAL_SOURCE>
<SOURCE_FILE>8</SOURCE_FILE>
</SOURCE>
<DRUG name="Amikacin " rxnorm="641">
<ATC code="D06AX12" />
</DRUG>
<DRUG name="Dibekacin " rxnorm="3328">
<ATC code="J01GB09" />
</DRUG>
<DRUG name="Gentamicin" rxnorm="142438">
<ATC code="D06AX07" />
</DRUG>
<DRUG name="Isepamicin" rxnorm="51522">
<ATC code="J01GB11" />
</DRUG>
<DRUG name="Kanamycin " rxnorm="6099">
</DRUG>
<DRUG name="Netilmicin" rxnorm="7337">
<ATC code="J01GB07" />
</DRUG>
<DRUG name="Streptomycin " rxnorm="10109">
<ATC code="A07AA04" />
</DRUG>
<DRUG name="Tobramycin" rxnorm="10627">
<ATC code="J01GB01" />
</DRUG>
</CLASS>
