<?xml version="1.0" encoding="utf-8" ?>
<CLASS name="AMINOPENICILLINS" code="J01CA">
<SOURCE>
<CLINICAL_SOURCE>ANSM</CLINICAL_SOURCE>
<SOURCE_FILE>9</SOURCE_FILE>
</SOURCE>
<DRUG name="Amoxicillin" rxnorm="723">
<ATC code="J01CA04" />
</DRUG>
<DRUG name="Ampicillin" rxnorm="733">
<ATC code="J01CA01" />
</DRUG>
<DRUG name="Bacampicillin" rxnorm="18687">
<ATC code="J01CA06" />
</DRUG>
<DRUG name="Pivampicillin" rxnorm="8372">
<ATC code="J01CA02" />
</DRUG>
<DRUG name="Ticarcillin" rxnorm="10591">
<ATC code="J01CA13" />
</DRUG>
</CLASS>
