<?xml version="1.0" encoding="utf-8" ?>
<CLASS name="ANGIOTENSIN II RECEPTOR ANTAGONISTS or ANGIOTENSIN RECEPTOR BLOCKERS (ARBs)" code="C09CA0-001">
<SOURCE>
<CLINICAL_SOURCE>ANSM</CLINICAL_SOURCE>
<SOURCE_FILE>13</SOURCE_FILE>
</SOURCE>
<DRUG name="Azilsartan" rxnorm="1091643">
<ATC code="C09CA09" />
</DRUG>
<DRUG name="Candesartan cilexetil" rxnorm="214354">
<ATC code="C09CA06" />
</DRUG>
<DRUG name="Eprosartan" rxnorm="83515">
<ATC code="C09CA02" />
</DRUG>
<DRUG name="Irbesartan" rxnorm="83818">
<ATC code="C09CA04" />
</DRUG>
<DRUG name="Losartan" rxnorm="52175">
<ATC code="C09CA01" />
</DRUG>
<DRUG name="Olmesartan" rxnorm="321064">
<ATC code="C09CA08" />
</DRUG>
<DRUG name="Telmisartan" rxnorm="73494">
<ATC code="C09CA07" />
</DRUG>
<DRUG name="Valsartan" rxnorm="69749">
<ATC code="C09CA03" />
</DRUG>
</CLASS>
