<?xml version="1.0" encoding="utf-8" ?>
<CLASS name="ANTABUSE (REACTION)" code="123-ANT">
<SOURCE>
<CLINICAL_SOURCE>ANSM</CLINICAL_SOURCE>
<SOURCE_FILE>14</SOURCE_FILE>
</SOURCE>
<DRUG name="Cefamandole" rxnorm="2178">
<ATC code="J01DC03" />
</DRUG>
<DRUG name="Disulfiram" rxnorm="3554">
<ATC code="N07BB01" />
</DRUG>
<DRUG name="Furazolidone " rxnorm="4601">
<ATC code="G01AX06" />
</DRUG>
<DRUG name="Glibenclamide" rxnorm="4815">
<ATC code="A10BB01" />
</DRUG>
<DRUG name="Glipizide" rxnorm="4821">
<ATC code="A10BB07" />
</DRUG>
<DRUG name="Griseofulvin" rxnorm="5021">
<ATC code="D01AA08" />
</DRUG>
<DRUG name="Ketoconazole" rxnorm="6135">
<ATC code="D01AC08" />
</DRUG>
<DRUG name="Metronidazole" rxnorm="6922">
<ATC code="A02BD08" />
</DRUG>
<DRUG name="Ornidazole" rxnorm="7701">
<ATC code="G01AF06" />
</DRUG>
<DRUG name="Procarbazine" rxnorm="8702">
<ATC code="L01XB01" />
</DRUG>
<DRUG name="Secnidazole " rxnorm="36314">
<ATC code="P01AB07" />
</DRUG>
<DRUG name="Tenonitrozole" rxnorm="236186">
<ATC code="P01AX08" />
</DRUG>
<DRUG name="Tinidazole " rxnorm="10612">
<ATC code="J01XD02" />
</DRUG>
<DRUG name="Tolbutamide" rxnorm="10635">
<ATC code="A10BB03" />
</DRUG>
</CLASS>
