<?xml version="1.0" encoding="utf-8" ?>
<CLASS name="ANTI-TNF ALPHA" code="LO4AB">
<SOURCE>
<CLINICAL_SOURCE>ANSM</CLINICAL_SOURCE>
<SOURCE_FILE>26</SOURCE_FILE>
</SOURCE>
<DRUG name="adalimumab" rxnorm="327361">
<ATC code="L04AB04" />
</DRUG>
<DRUG name="certolizumab" rxnorm="709271">
<ATC code="L04AB05" />
</DRUG>
<DRUG name="etanercept" rxnorm="214555">
<ATC code="L04AB01" />
</DRUG>
<DRUG name="olimumab" rxnorm="819300">
<ATC code="L04AB06" />
</DRUG>
<DRUG name="infliximab" rxnorm="191831">
<ATC code="L04AB02" />
</DRUG>
</CLASS>
