<?xml version="1.0" encoding="utf-8" ?>
<CLASS name="ATROPINIC MEDICATIONS" code="R06AA">
<SOURCE>
<CLINICAL_SOURCE>ANSM</CLINICAL_SOURCE>
<SOURCE_FILE>27</SOURCE_FILE>
</SOURCE>
<DRUG name="Acepromazine" rxnorm="155">
<ATC code="N05AA04" />
</DRUG>
<DRUG name="Aceprometazine" rxnorm="161203">
</DRUG>
<DRUG name="Alimemazine" rxnorm="10825">
<ATC code="R06AD01" />
</DRUG>
<DRUG name="Amitriptyline" rxnorm="704">
<ATC code="N06AA09" />
</DRUG>
<DRUG name="Amoxapine" rxnorm="722">
</DRUG>
<DRUG name="Atropine" rxnorm="1223">
<ATC code="A03BA01" />
</DRUG>
<DRUG name="Azatadine" rxnorm="18600">
<ATC code="R06AX09" />
</DRUG>
<DRUG name="Azelastine" rxnorm="18603">
<ATC code="R01AC03" />
</DRUG>
<DRUG name="Biperiden" rxnorm="1589">
<ATC code="N04AA02" />
</DRUG>
<DRUG name="Brompheniramine" rxnorm="1767">
<ATC code="R06AB01" />
</DRUG>
<DRUG name="Buclizine" rxnorm="59636">
<ATC code="R06AE01" />
</DRUG>
<DRUG name="Chlorphenamine" rxnorm="2400">
<ATC code="R06AB04" />
</DRUG>
<DRUG name="Chlorproethazine" rxnorm="59860">
<ATC code="N05AA07" />
</DRUG>
<DRUG name="Chlorpromazine " rxnorm="2403">
<ATC code="N05AA01" />
</DRUG>
<DRUG name="Clidinium" rxnorm="1429809">
<ATC code="A03CA02" />
</DRUG>
<DRUG name="Clomipramine" rxnorm="2597">
<ATC code="N06AA04" />
</DRUG>
<DRUG name="Clozapine " rxnorm="2626">
<ATC code="N05AH02" />
</DRUG>
<DRUG name="Cyamemazine" rxnorm="21877">
<ATC code="N05AA06" />
</DRUG>
<DRUG name="Cyclopentolate" rxnorm="3001">
<ATC code="S01FA04" />
</DRUG>
<DRUG name="Cyproheptadine " rxnorm="3013">
<ATC code="R06AX02" />
</DRUG>
<DRUG name="Darifenacin " rxnorm="136198">
<ATC code="G04BD10" />
</DRUG>
<DRUG name="Desipramine" rxnorm="3247">
<ATC code="N06AA01" />
</DRUG>
<DRUG name="Dexchlorpheniramine" rxnorm="22697">
<ATC code="R06AB02" />
</DRUG>
<DRUG name="Diphenhydramine diacefylline" rxnorm="">
</DRUG>
<DRUG name="Dihexyverine" rxnorm="236209">
<ATC code="A03AA08" />
</DRUG>
<DRUG name="Dimenhydrinate" rxnorm="3444">
</DRUG>
<DRUG name="Diphenhydramine" rxnorm="3498">
<ATC code="D04AA32" />
</DRUG>
<DRUG name="Disopyramide " rxnorm="3541">
<ATC code="C01BA03" />
</DRUG>
<DRUG name="Dosulepin" rxnorm="3634">
<ATC code="N06AA16" />
</DRUG>
<DRUG name="Doxepin" rxnorm="3638">
<ATC code="N06AA12" />
</DRUG>
<DRUG name="Doxylamine" rxnorm="3642">
<ATC code="R06AA09" />
</DRUG>
<DRUG name="Fesoterodine " rxnorm="797195">
<ATC code="G04BD11" />
</DRUG>
<DRUG name="Flunarizine" rxnorm="4459">
<ATC code="N07CA03" />
</DRUG>
<DRUG name="Flupentixol" rxnorm="4495">
<ATC code="N05AF01" />
</DRUG>
<DRUG name="Fluphenazine" rxnorm="4496">
<ATC code="N05AB02" />
</DRUG>
<DRUG name="Histapyrrodine" rxnorm="172232">
<ATC code="R06AC02" />
</DRUG>
<DRUG name="Homatropine" rxnorm="27084">
<ATC code="S01FA05" />
</DRUG>
<DRUG name="Hydroxyzine" rxnorm="5553">
<ATC code="N05BB01" />
</DRUG>
<DRUG name="Imipramine" rxnorm="5691">
<ATC code="N06AA02" />
</DRUG>
<DRUG name="Indoramin" rxnorm="5784">
<ATC code="C02CA02" />
</DRUG>
<DRUG name="Ipratropium" rxnorm="7213">
</DRUG>
<DRUG name="Isothipendyl" rxnorm="28012">
<ATC code="D04AA22" />
</DRUG>
<DRUG name="Levomepromazine" rxnorm="6852">
<ATC code="N05AA02" />
</DRUG>
<DRUG name="Maprotiline" rxnorm="6646">
<ATC code="N06AA21" />
</DRUG>
<DRUG name="Meclozine" rxnorm="6676">
<ATC code="R06AE05" />
</DRUG>
<DRUG name="Mefenidramium" rxnorm="236421">
</DRUG>
<DRUG name="Mepyramine" rxnorm="9009">
<ATC code="D04AA02" />
</DRUG>
<DRUG name="Mequitazine " rxnorm="29528">
<ATC code="R06AD07" />
</DRUG>
<DRUG name="Metopimazine" rxnorm="29954">
<ATC code="A04AD05" />
</DRUG>
<DRUG name="Mizolastine " rxnorm="61455">
<ATC code="R06AX25" />
</DRUG>
<DRUG name="Niaprazine" rxnorm="31722">
<ATC code="N05CM16" />
</DRUG>
<DRUG name="Nortriptyline " rxnorm="7531">
<ATC code="N06AA10" />
</DRUG>
<DRUG name="Opipramol" rxnorm="7674">
<ATC code="N06AA05" />
</DRUG>
<DRUG name="Oxatomide" rxnorm="54236">
<ATC code="R06AE06" />
</DRUG>
<DRUG name="Oxitropium" rxnorm="32649">
</DRUG>
<DRUG name="Oxomemazine" rxnorm="234528">
<ATC code="R06AD08" />
</DRUG>
<DRUG name="Oxybutynin" rxnorm="32675">
<ATC code="G04BD04" />
</DRUG>
<DRUG name="Perphenazine" rxnorm="8076">
<ATC code="N05AB03" />
</DRUG>
<DRUG name="Pheniramine" rxnorm="8132">
<ATC code="R06AB05" />
</DRUG>
<DRUG name="Phenyltoloxamine" rxnorm="33408">
</DRUG>
<DRUG name="Pimethixene" rxnorm="33712">
<ATC code="R06AX23" />
</DRUG>
<DRUG name="Piperazine" rxnorm="1431666">
<ATC code="P02CB" />
</DRUG>
<DRUG name="Pipotiazine" rxnorm="8348">
<ATC code="N05AC04" />
</DRUG>
<DRUG name="Pizotifen" rxnorm="8373">
<ATC code="N02CX01" />
</DRUG>
<DRUG name="Prochlorperazine" rxnorm="8704">
<ATC code="N05AB04" />
</DRUG>
<DRUG name="Promethazine" rxnorm="8745">
<ATC code="V03AB05" />
</DRUG>
<DRUG name="Propericiazine" rxnorm="">
</DRUG>
<DRUG name="Quinidine" rxnorm="9068">
<ATC code="C01BA01" />
</DRUG>
<DRUG name="Scopolamine" rxnorm="9601">
<ATC code="A04AD01" />
</DRUG>
<DRUG name="Solifenacin " rxnorm="322167">
<ATC code="G04BD08" />
</DRUG>
<DRUG name="Thenyldiamine" rxnorm="38025">
</DRUG>
<DRUG name="Thioproperazine" rxnorm="10498">
<ATC code="N05AB08" />
</DRUG>
<DRUG name="Tolterodine " rxnorm="">
<ATC code="G04BD07" />
</DRUG>
<DRUG name="Trifluoperazine" rxnorm="10800">
<ATC code="N05AB06" />
</DRUG>
<DRUG name="Trihexyphenidyl" rxnorm="10811">
<ATC code="N04AA01" />
</DRUG>
<DRUG name="Trimipramine" rxnorm="10834">
<ATC code="N06AA06" />
</DRUG>
<DRUG name="Triprolidine" rxnorm="10849">
<ATC code="R06AX07" />
</DRUG>
<DRUG name="Tropatepine" rxnorm="38876">
<ATC code="N04AA12" />
</DRUG>
<DRUG name="Tropicamide" rxnorm="10869">
<ATC code="S01FA06" />
</DRUG>
<DRUG name="Trospium" rxnorm="236778">
<ATC code="G04BD09" />
</DRUG>
</CLASS>
