<?xml version="1.0" encoding="utf-8" ?>
<CLASS name="BARBITURATES" code="N05CA-001">
<SOURCE>
<CLINICAL_SOURCE>ANSM</CLINICAL_SOURCE>
<SOURCE_FILE>30</SOURCE_FILE>
</SOURCE>
<DRUG name="Allobarbital" rxnorm="516">
<ATC code="N05CA21" />
</DRUG>
<DRUG name="Amobarbital" rxnorm="719">
<ATC code="N05CA02" />
</DRUG>
<DRUG name="Barbital" rxnorm="1325">
<ATC code="N05CA04" />
</DRUG>
<DRUG name="Butalbital" rxnorm="19860">
</DRUG>
<DRUG name="Butobarbital" rxnorm="19874">
<ATC code="N05CA03" />
</DRUG>
<DRUG name="Cyclobarbital" rxnorm="2978">
<ATC code="N05CA10" />
</DRUG>
<DRUG name="Hexobarbital" rxnorm="5302">
<ATC code="N01AF02" />
</DRUG>
<DRUG name="Methylphenobarbital" rxnorm="6758">
<ATC code="N03AA01" />
</DRUG>
<DRUG name="Pentobarbital" rxnorm="8004">
<ATC code="N05CA01" />
</DRUG>
<DRUG name="Phenobarbital" rxnorm="8134">
<ATC code="N03AA02" />
</DRUG>
<DRUG name="Primidone" rxnorm="8691">
<ATC code="N03AA03" />
</DRUG>
<DRUG name="Secbutabarbital" rxnorm="477631">
</DRUG>
<DRUG name="Secobarbital" rxnorm="9624">
<ATC code="N05CA06" />
</DRUG>
<DRUG name="Thiopental" rxnorm="10493">
<ATC code="N01AF03" />
</DRUG>
<DRUG name="Vinbarbital" rxnorm="89811">
<ATC code="N05CA09" />
</DRUG>
<DRUG name="Vinylbital" rxnorm="19928">
<ATC code="N05CA08" />
</DRUG>
</CLASS>
