<?xml version="1.0" encoding="utf-8" ?>
<CLASS name="BLOOD GLUCOSE LOWERING SULFONAMIDES" code="A10BB">
<SOURCE>
<CLINICAL_SOURCE>ANSM</CLINICAL_SOURCE>
<SOURCE_FILE>38</SOURCE_FILE>
</SOURCE>
<DRUG name="Carbutamide" rxnorm="2068">
<ATC code="A10BB06" />
</DRUG>
<DRUG name="Chlorpropamide" rxnorm="2404">
<ATC code="A10BB02" />
</DRUG>
<DRUG name="Glibenclamide" rxnorm="4815">
<ATC code="A10BB01" />
</DRUG>
<DRUG name="Glibornuride" rxnorm="102846">
<ATC code="A10BB04" />
</DRUG>
<DRUG name="Gliclazide" rxnorm="4816">
<ATC code="A10BB09" />
</DRUG>
<DRUG name="Glimepiride" rxnorm="25789">
<ATC code="A10BB12" />
</DRUG>
<DRUG name="Glipizide" rxnorm="4821">
<ATC code="A10BB07" />
</DRUG>
<DRUG name="Tolbutamide" rxnorm="10635">
<ATC code="A10BB03" />
</DRUG>
</CLASS>
