<?xml version="1.0" encoding="utf-8" ?>
<CLASS name="CHELATING RESINS" code="C10-V0">
<SOURCE>
<CLINICAL_SOURCE>ANSM</CLINICAL_SOURCE>
<SOURCE_FILE>44</SOURCE_FILE>
</SOURCE>
<DRUG name="Catioresine sulfo sodique" rxnorm="2161">
<ATC code="V04CG01" />
</DRUG>
<DRUG name="Colesevelam" rxnorm="141626">
<ATC code="C10AC04" />
</DRUG>
<DRUG name="Colestilan" rxnorm="">
</DRUG>
<DRUG name="Colestyramine" rxnorm="2447">
<ATC code="C10AC01" />
</DRUG>
<DRUG name="Polystyrene sulfonate" rxnorm="54957">
<ATC code="V03AE01" />
</DRUG>
<DRUG name="Sevelamer" rxnorm="214824">
<ATC code="V03AE02" />
</DRUG>
</CLASS>
