<?xml version="1.0" encoding="utf-8" ?>
<CLASS name="DIURETICS" code="C0E-001">
<SOURCE>
<CLINICAL_SOURCE>ANSM</CLINICAL_SOURCE>
<SOURCE_FILE>56</SOURCE_FILE>
</SOURCE>
<DRUG name="Altizide" rxnorm="17599">
<ATC code="C03EA04" />
</DRUG>
<DRUG name="Amiloride" rxnorm="644">
<ATC code="C03DB01" />
</DRUG>
<DRUG name="Bendroflumethiazide" rxnorm="1369">
<ATC code="C03AA01" />
<ATC code="C03AB01" />
</DRUG>
<DRUG name="Bumetanide" rxnorm="1808">
<ATC code="C03CA02" />
<ATC code="C03CB02" />
</DRUG>
<DRUG name="Potassium canrenoate" rxnorm="1981">
<ATC code="C03DA02" />
</DRUG>
<DRUG name="Chlortalidone" rxnorm="2409">
<ATC code="C03BA04" />
<ATC code="C03BB04" />
</DRUG>
<DRUG name="Cicletanine" rxnorm="21914">
<ATC code="C03BX03" />
</DRUG>
<DRUG name="Clopamide" rxnorm="2603">
<ATC code="C03BA03" />
<ATC code="C03BB03" />
</DRUG>
<DRUG name="Cyclothiazide" rxnorm="22033">
<ATC code="C03AA09" />
<ATC code="C03AB09" />
</DRUG>
<DRUG name="Eplerenone" rxnorm="298869">
<ATC code="C03DA04" />
</DRUG>
<DRUG name="Furosemide" rxnorm="4603">
<ATC code="C03CA01" />
<ATC code="C03CB01" />
</DRUG>
<DRUG name="Hydrochlorothiazide" rxnorm="5487">
<ATC code="C09XA52" />
<ATC code="C09XA54" />
</DRUG>
<DRUG name="Indapamide" rxnorm="5764">
<ATC code="C03BA11" />
</DRUG>
<DRUG name="Methyclothiazide" rxnorm="6860">
<ATC code="C03AA08" />
<ATC code="C03AB08" />
</DRUG>
<DRUG name="Piretanide" rxnorm="33770">
<ATC code="C03CA03" />
</DRUG>
<DRUG name="Spironolactone" rxnorm="9997">
<ATC code="C03DA01" />
</DRUG>
<DRUG name="Torasemide" rxnorm="38413">
<ATC code="C03CA04" />
</DRUG>
<DRUG name="Triamterene" rxnorm="10763">
<ATC code="C03DB02" />
</DRUG>
<DRUG name="Xipamide" rxnorm="11371">
<ATC code="C03BA10" />
</DRUG>
</CLASS>
