<?xml version="1.0" encoding="utf-8" ?>
<CLASS name="FLUOROQUINOLONES" code="J01MA-001">
<SOURCE>
<CLINICAL_SOURCE>ANSM</CLINICAL_SOURCE>
<SOURCE_FILE>62</SOURCE_FILE>
</SOURCE>
<DRUG name="Ciprofloxacin" rxnorm="2551">
<ATC code="J01MA02" />
</DRUG>
<DRUG name="Enoxacin" rxnorm="3925">
<ATC code="J01MA04" />
</DRUG>
<DRUG name="Fleroxacin" rxnorm="42322">
<ATC code="J01MA08" />
</DRUG>
<DRUG name="Gemifloxacin" rxnorm="138099">
<ATC code="J01MA15" />
</DRUG>
<DRUG name="Levofloxacin" rxnorm="82122">
<ATC code="J01MA12" />
</DRUG>
<DRUG name="Lomefloxacin" rxnorm="28872">
<ATC code="J01MA07" />
</DRUG>
<DRUG name="Moxifloxacin" rxnorm="139462">
<ATC code="J01MA14" />
</DRUG>
<DRUG name="Norfloxacin" rxnorm="7517">
<ATC code="J01MA06" />
</DRUG>
<DRUG name="Ofloxacin" rxnorm="7623">
<ATC code="J01MA01" />
</DRUG>
<DRUG name="Pefloxacin" rxnorm="7960">
<ATC code="J01MA03" />
</DRUG>
</CLASS>
