<?xml version="1.0" encoding="utf-8" ?>
<CLASS name="GLUCOCORTICOIDS (EXCEPT HYDROCORTISONE)" code="A0-H0-001">
<SOURCE>
<CLINICAL_SOURCE>ANSM</CLINICAL_SOURCE>
<SOURCE_FILE>69</SOURCE_FILE>
</SOURCE>
<DRUG name="Betamethasone" rxnorm="1514">
<ATC code="A07EA04" />
</DRUG>
<DRUG name="Budesonide" rxnorm="19831">
<ATC code="A07EA06" />
</DRUG>
<DRUG name="Cortisone" rxnorm="2878">
<ATC code="H02AB10" />
</DRUG>
<DRUG name="Cortivazol" rxnorm="21660">
<ATC code="H02AB17" />
</DRUG>
<DRUG name="Dexamethasone" rxnorm="3264">
<ATC code="A01AC02" />
</DRUG>
<DRUG name="Methylprednisolone" rxnorm="6902">
<ATC code="D07AA01" />
</DRUG>
<DRUG name="Prednisolone " rxnorm="8638">
<ATC code="A07EA01" />
</DRUG>
<DRUG name="Prednisone" rxnorm="8640">
<ATC code="A07EA03" />
</DRUG>
<DRUG name="Tetracosactide" rxnorm="2890">
<ATC code="H01AA02" />
</DRUG>
<DRUG name="Triamcinolone" rxnorm="10759">
<ATC code="A01AC01" />
</DRUG>
</CLASS>
