<?xml version="1.0" encoding="utf-8" ?>
<CLASS name="HYPNOTICS" code="N05-R06">
<SOURCE>
<CLINICAL_SOURCE>ANSM</CLINICAL_SOURCE>
<SOURCE_FILE>75</SOURCE_FILE>
</SOURCE>
<DRUG name="Acepromazine" rxnorm="155">
<ATC code="N05AA04" />
</DRUG>
<DRUG name="Aceprometazine" rxnorm="">
</DRUG>
<DRUG name="Alimemazine" rxnorm="10825">
<ATC code="R06AD01" />
</DRUG>
<DRUG name="Doxylamine" rxnorm="3642">
<ATC code="R06AA09" />
<ATC code="R06AA59" />
</DRUG>
<DRUG name="Estazolam" rxnorm="4077">
<ATC code="N05CD04" />
</DRUG>
<DRUG name="Flunitrazepam" rxnorm="4460">
<ATC code="N05CD03" />
</DRUG>
<DRUG name="Loprazolam" rxnorm="38555">
<ATC code="N05CD11" />
</DRUG>
<DRUG name="Lormetazepam" rxnorm="28894">
<ATC code="N05CD06" />
</DRUG>
<DRUG name="Meprobamate" rxnorm="6760">
<ATC code="N05BC01" />
<ATC code="N05BC51" />
</DRUG>
<DRUG name="Niaprazine" rxnorm="31722">
<ATC code="N05CM16" />
</DRUG>
<DRUG name="Nitrazepam" rxnorm="7440">
<ATC code="N05CD02" />
</DRUG>
<DRUG name="Promethazine" rxnorm="8745">
<ATC code="V03AB05" />
<ATC code="D04AA10" />
</DRUG>
<DRUG name="Temazepam" rxnorm="10355">
<ATC code="N05CD07" />
</DRUG>
<DRUG name="Zolpidem" rxnorm="39993">
</DRUG>
<DRUG name="Zopiclone" rxnorm="40001">
<ATC code="N05CF01" />
</DRUG>
</CLASS>
