<?xml version="1.0" encoding="utf-8" ?>
<CLASS name="MEDICATIONS LEADING TO SEROTONIN SYNDROME" code="N06A-002">
<SOURCE>
<CLINICAL_SOURCE>ANSM</CLINICAL_SOURCE>
<SOURCE_FILE>90</SOURCE_FILE>
</SOURCE>
<DRUG name="Amitriptyline" rxnorm="704">
<ATC code="N06AA09" />
</DRUG>
<DRUG name="Atomoxetine" rxnorm="38400">
<ATC code="N06BA09" />
</DRUG>
<DRUG name="Methylene blue also called " rxnorm="6878">
<ATC code="V03AB17" />
</DRUG>
<DRUG name="Citalopram" rxnorm="2556">
<ATC code="N06AB04" />
</DRUG>
<DRUG name="Clomipramine" rxnorm="2597">
<ATC code="N06AA04" />
</DRUG>
<DRUG name="Duloxetine" rxnorm="72625">
<ATC code="N06AX21" />
</DRUG>
<DRUG name="Escitalopram" rxnorm="321988">
<ATC code="N06AB10" />
</DRUG>
<DRUG name="Fluoxetine" rxnorm="4493">
<ATC code="N06AB03" />
</DRUG>
<DRUG name="Fluvoxamine" rxnorm="42355">
</DRUG>
<DRUG name="Imipramine" rxnorm="5691">
<ATC code="N06AA02" />
</DRUG>
<DRUG name="Iproniazide" rxnorm="1431471">
<ATC code="N06AF05" />
</DRUG>
<DRUG name="Linezolide " rxnorm="190376">
<ATC code="J01XX08" />
</DRUG>
<DRUG name="Millepertuis " rxnorm="">
</DRUG>
<DRUG name="Milnacipran" rxnorm="588250">
<ATC code="N06AX17" />
</DRUG>
<DRUG name="Moclobomide " rxnorm="30121">
<ATC code="N06AG02" />
</DRUG>
<DRUG name="Oxitriptan " rxnorm="94">
<ATC code="N06AX01" />
</DRUG>
<DRUG name="Paroxetine" rxnorm="32937">
<ATC code="N06AB05" />
</DRUG>
<DRUG name="Pethidine " rxnorm="6754">
<ATC code="N02AB02" />
</DRUG>
<DRUG name="Sertraline" rxnorm="36437">
<ATC code="N06AB06" />
</DRUG>
<DRUG name="Sibutramine" rxnorm="36514">
<ATC code="A08AA10" />
</DRUG>
<DRUG name="Tramadol" rxnorm="10689">
<ATC code="N02AX02" />
</DRUG>
<DRUG name="Trimipramine" rxnorm="10834">
<ATC code="N06AA06" />
</DRUG>
<DRUG name="Venlafaxine" rxnorm="39786">
<ATC code="N06AX16" />
</DRUG>
</CLASS>
