<?xml version="1.0" encoding="utf-8" ?>
<CLASS name="MEDICATIONS THAT LOWER BLOOD PRESSURE " code="MLBP">
<SOURCE>
<CLINICAL_SOURCE>ANSM</CLINICAL_SOURCE>
<SOURCE_FILE>91</SOURCE_FILE>
</SOURCE>
<DRUG name="Acebutolol " rxnorm="149">
<ATC code="C07AB04" />
</DRUG>
<DRUG name="Aliskiren" rxnorm="325646">
<ATC code="C09XA02" />
<ATC code="C09XA52" />
<ATC code="C09DX02" />
</DRUG>
<DRUG name="Altizide" rxnorm="17599">
<ATC code="C03EA04" />
</DRUG>
<DRUG name="Amiloride" rxnorm="644">
<ATC code="C03DB01" />
</DRUG>
<DRUG name="Amlodipine" rxnorm="17767">
<ATC code="C08CA01" />
<ATC code="C09BB04" />
<ATC code="C09DB01" />
<ATC code="C09DB02" />
<ATC code="C10BX03" />
</DRUG>
<DRUG name="Atenolol" rxnorm="1202">
<ATC code="C07AB03" />
</DRUG>
<DRUG name="Azilsartan" rxnorm="1091643">
<ATC code="C09CA09" />
</DRUG>
<DRUG name="Barnidipine " rxnorm="39879">
<ATC code="C08CA12" />
</DRUG>
<DRUG name="Befunolol" rxnorm="18849">
<ATC code="S01ED06" />
</DRUG>
<DRUG name="Benazepril" rxnorm="18867">
<ATC code="C09AA07" />
</DRUG>
<DRUG name="Bendroflumethiazide" rxnorm="1369">
<ATC code="C03AA01" />
</DRUG>
<DRUG name="Betaxolol" rxnorm="1520">
<ATC code="C07AB05" />
</DRUG>
<DRUG name="Bisoprolol" rxnorm="19484">
<ATC code="C07AB07" />
<ATC code="C07AB57" />
</DRUG>
<DRUG name="Bumetanide" rxnorm="1808">
<ATC code="C03CA02" />
<ATC code="C03CB02" />
<ATC code="C03EB02" />
</DRUG>
<DRUG name="Candesartan cilexetil" rxnorm="214354">
<ATC code="C09CA06" />
</DRUG>
<DRUG name="Potassium canrenoate" rxnorm="1981">
<ATC code="C03DA02" />
</DRUG>
<DRUG name="Captopril" rxnorm="1998">
<ATC code="C09AA01" />
</DRUG>
<DRUG name="Carteolol" rxnorm="2116">
<ATC code="C07AA15" />
</DRUG>
<DRUG name="Carvedilol" rxnorm="20352">
<ATC code="C07AG02" />
</DRUG>
<DRUG name="Celiprolol" rxnorm="20498">
<ATC code="C07AB08" />
</DRUG>
<DRUG name="Chlortalidone" rxnorm="">
<ATC code="C03BA04" />
<ATC code="C03BB04" />
<ATC code="C03EA06" />
</DRUG>
<DRUG name="Cicletanine" rxnorm="21914">
<ATC code="C03BX03" />
</DRUG>
<DRUG name="Cilazapril" rxnorm="21102">
<ATC code="C09AA08" />
<ATC code="C09BA08" />
</DRUG>
<DRUG name="Clevidipine" rxnorm="233603">
<ATC code="C08CA16" />
</DRUG>
<DRUG name="Clonidine " rxnorm="2599">
<ATC code="C02AC01" />
<ATC code="N02CX02" />
<ATC code="S01EA04" />
<ATC code="C02LC01" />
<ATC code="C02LC51" />
</DRUG>
<DRUG name="Clopamide" rxnorm="2603">
<ATC code="C03BA03" />
<ATC code="C03BB03" />
</DRUG>
<DRUG name="Cyclothiazide" rxnorm="22033">
<ATC code="C03AA09" />
<ATC code="C03AB09" />
</DRUG>
<DRUG name="Dihydralazine" rxnorm="3409">
<ATC code="C02DB01" />
<ATC code="C02LG01" />
<ATC code="C02LG51" />
</DRUG>
<DRUG name="Diltiazem " rxnorm="3443">
<ATC code="C08DB01" />
</DRUG>
<DRUG name="Doxazosin" rxnorm="49276">
<ATC code="C02CA04" />
</DRUG>
<DRUG name="Enalapril" rxnorm="3827">
<ATC code="C09AA02" />
<ATC code="C09BA02" />
<ATC code="C09BB02" />
<ATC code="C09BB06" />
</DRUG>
<DRUG name="Eplerenone" rxnorm="298869">
<ATC code="C03DA04" />
</DRUG>
<DRUG name="Eprosartan" rxnorm="83515">
<ATC code="C09CA02" />
<ATC code="C09DA02" />
</DRUG>
<DRUG name="Felodipine " rxnorm="4316">
<ATC code="C08CA02" />
<ATC code="C09BB05" />
</DRUG>
<DRUG name="Fosinopril" rxnorm="50166">
<ATC code="C09AA09" />
</DRUG>
<DRUG name="Furosemide" rxnorm="460">
<ATC code="C03CA01" />
<ATC code="C03CB01" />
<ATC code="C03EB01" />
</DRUG>
<DRUG name="Guanfacine" rxnorm="40114">
<ATC code="C02AC02" />
</DRUG>
<DRUG name="Hydrochlorothiazide" rxnorm="5487">
<ATC code="C03AA03" />
</DRUG>
<DRUG name="Imidapril" rxnorm="60245">
<ATC code="C09AA16" />
</DRUG>
<DRUG name="Indapamide" rxnorm="5764">
<ATC code="C03BA11" />
</DRUG>
<DRUG name="Irbesartan" rxnorm="83818">
<ATC code="C09CA04" />
</DRUG>
<DRUG name="Isradipine " rxnorm="33910">
<ATC code="C08CA03" />
</DRUG>
<DRUG name="Labetalol" rxnorm="6185">
<ATC code="C07AG01" />
</DRUG>
<DRUG name="Lacidipine " rxnorm="28382">
<ATC code="C08CA09" />
</DRUG>
<DRUG name="Lercanidipine" rxnorm="135056">
<ATC code="C08CA13" />
</DRUG>
<DRUG name="Levobunolol" rxnorm="1813">
<ATC code="S01ED03" />
</DRUG>
<DRUG name="Lisinopril" rxnorm="29046">
<ATC code="C09AA03" />
</DRUG>
<DRUG name="Losartan" rxnorm="52175">
<ATC code="C09CA01" />
<ATC code="C09DB06" />
<ATC code="C09DA01" />
</DRUG>
<DRUG name="Manidipine " rxnorm="29275">
<ATC code="C08CA11" />
</DRUG>
<DRUG name="Methyclothiazide" rxnorm="6860">
<ATC code="C03AA08" />
</DRUG>
<DRUG name="Methyldopa" rxnorm="6876">
<ATC code="C02AB" />
<ATC code="C02LB" />
</DRUG>
<DRUG name="Metipranolol" rxnorm="10824">
<ATC code="S01ED04" />
<ATC code="C07BA68" />
<ATC code="S01ED54" />
</DRUG>
<DRUG name="Metoprolol" rxnorm="6918">
</DRUG>
<DRUG name="Moexipril" rxnorm="30131">
<ATC code="C09AA13" />
</DRUG>
<DRUG name="Moxonidine" rxnorm="30257">
<ATC code="C02AC05" />
</DRUG>
<DRUG name="Nadolol" rxnorm="7226">
<ATC code="C07AA12" />
</DRUG>
<DRUG name="Nadoxolol" rxnorm="31462">
</DRUG>
<DRUG name="Nebivolol" rxnorm="31555">
<ATC code="C07AB12" />
</DRUG>
<DRUG name="Nicardipine" rxnorm="7396">
<ATC code="C08CA04" />
</DRUG>
<DRUG name="Nifedipine" rxnorm="7417">
<ATC code="C08CA05" />
</DRUG>
<DRUG name="Nimodipine" rxnorm="7426">
<ATC code="C08CA06" />
</DRUG>
<DRUG name="Nitrendipine " rxnorm="7441">
<ATC code="C08CA08" />
</DRUG>
<DRUG name="Olmesartan" rxnorm="321064">
<ATC code="C09CA08" />
</DRUG>
<DRUG name="Oxprenolol" rxnorm="7801">
<ATC code="C07AA02" />
</DRUG>
<DRUG name="Perindopril tert-butylamine" rxnorm="54552">
<ATC code="C09AA04" />
</DRUG>
<DRUG name="Pindolol" rxnorm="8332">
<ATC code="C07AA03" />
</DRUG>
<DRUG name="Piretanide" rxnorm="33770">
<ATC code="C03CA03" />
</DRUG>
<DRUG name="Prazosin" rxnorm="8629">
<ATC code="C02CA01" />
</DRUG>
<DRUG name="Propranalol" rxnorm="8787">
<ATC code="C07AA05" />
</DRUG>
<DRUG name="Quinapril" rxnorm="35208">
<ATC code="C09AA06" />
</DRUG>
<DRUG name="Ramipril" rxnorm="35296">
<ATC code="C09AA05" />
</DRUG>
<DRUG name="Rilmenidine" rxnorm="55679">
<ATC code="C02AC06" />
</DRUG>
<DRUG name="Sotalol" rxnorm="9947">
<ATC code="C07AA07" />
</DRUG>
<DRUG name="Spirapril" rxnorm="36908">
<ATC code="C09AA11" />
</DRUG>
<DRUG name="Spironolactone" rxnorm="9997">
<ATC code="C03DA01" />
</DRUG>
<DRUG name="Tamsulosin" rxnorm="77492">
<ATC code="G04CA02" />
</DRUG>
<DRUG name="Telmisartan" rxnorm="73494">
<ATC code="C09CA07" />
</DRUG>
<DRUG name="Terazosin" rxnorm="37798">
<ATC code="G04CA03" />
</DRUG>
<DRUG name="Tertatolol " rxnorm="37840">
<ATC code="C07AA16" />
</DRUG>
<DRUG name="Timolol " rxnorm="10600">
<ATC code="C07AA06" />
</DRUG>
<DRUG name="Torasemide" rxnorm="38413">
<ATC code="C03CA04" />
</DRUG>
<DRUG name="Trandolapril" rxnorm="38454">
<ATC code="C09AA10" />
</DRUG>
<DRUG name="Triamterene" rxnorm="10763">
<ATC code="C03DB02" />
</DRUG>
<DRUG name="Urapidil" rxnorm="3923">
<ATC code="C02CA06" />
</DRUG>
<DRUG name="Valsartan" rxnorm="69749">
<ATC code="C09CA03" />
</DRUG>
<DRUG name="Verapamil" rxnorm="11170">
<ATC code="C08DA01" />
</DRUG>
<DRUG name="Xipamide" rxnorm="11371">
<ATC code="C03BA10" />
</DRUG>
<DRUG name="Zofenopril" rxnorm="39990">
<ATC code="C09AA15" />
</DRUG>
</CLASS>
