<?xml version="1.0" encoding="utf-8" ?>
<CLASS name="NON-CONTRACEPTIVE PROGESTOGENS, COMBINED WITH AN ESTROGEN OR NOT" code="G03-003">
<SOURCE>
<CLINICAL_SOURCE>ANSM</CLINICAL_SOURCE>
<SOURCE_FILE>109</SOURCE_FILE>
</SOURCE>
<DRUG name="Chlormadinone" rxnorm="78904">
<ATC code="G03DB06" />
</DRUG>
<DRUG name="Dydrogesterone" rxnorm="3706">
<ATC code="G03DB01" />
</DRUG>
<DRUG name="Hydroxyprogesterone" rxnorm="5542">
<ATC code="G03DA03" />
</DRUG>
<DRUG name="Lynestrenol" rxnorm="6529">
<ATC code="G03AC02" />
</DRUG>
<DRUG name="Medrogestone" rxnorm="6690">
<ATC code="G03DB03" />
</DRUG>
<DRUG name="Medroxyprogesterone" rxnorm="6691">
<ATC code="G03AC06" />
</DRUG>
<DRUG name="Nomegestrol" rxnorm="31930">
<ATC code="G03DB04" />
</DRUG>
<DRUG name="Norethisterone" rxnorm="7514">
<ATC code="G03AC01" />
</DRUG>
<DRUG name="Progesterone" rxnorm="8727">
<ATC code="G03DA04" />
</DRUG>
<DRUG name="Promegestone" rxnorm="8744">
<ATC code="G03DB07" />
</DRUG>
</CLASS>
