<?xml version="1.0" encoding="utf-8" ?>
<CLASS name="NON-DEPOLARIZING CURARES" code="M03A-002">
<SOURCE>
<CLINICAL_SOURCE>ANSM</CLINICAL_SOURCE>
<SOURCE_FILE>110</SOURCE_FILE>
</SOURCE>
<DRUG name="Alcuronium" rxnorm="460">
<ATC code="M03AA01" />
</DRUG>
<DRUG name="Atracurium" rxnorm="1218">
<ATC code="M03AC04" />
</DRUG>
<DRUG name="Cisatracurium" rxnorm="319864">
<ATC code="M03AC11" />
</DRUG>
<DRUG name="Pancuronium" rxnorm="7883">
<ATC code="M03AC01" />
</DRUG>
<DRUG name="Rocuronium" rxnorm="68139">
<ATC code="M03AC09" />
</DRUG>
<DRUG name="Vecuronium" rxnorm="71535">
<ATC code="M03AC03" />
</DRUG>
</CLASS>
