<?xml version="1.0" encoding="utf-8" ?>
<CLASS name="PENICILLINS" code="J01C">
<SOURCE>
<CLINICAL_SOURCE>ANSM</CLINICAL_SOURCE>
<SOURCE_FILE>120</SOURCE_FILE>
</SOURCE>
<DRUG name="Amoxicillin" rxnorm="723">
<ATC code="J01CA04" />
</DRUG>
<DRUG name="Ampicillin" rxnorm="733">
<ATC code="J01CA01" />
</DRUG>
<DRUG name="Bacampicillin" rxnorm="18687">
<ATC code="J01CA06" />
</DRUG>
<DRUG name="Benethamine-penicillin" rxnorm="">
</DRUG>
<DRUG name="Benzylpenicillin" rxnorm="7980">
<ATC code="J01CE01" />
</DRUG>
<DRUG name="Cloxacillin" rxnorm="2625">
<ATC code="J01CF02" />
</DRUG>
<DRUG name="Dicloxacillin" rxnorm="3356">
<ATC code="J01CF01" />
</DRUG>
<DRUG name="Mezlocillin" rxnorm="6927">
<ATC code="J01CA10" />
</DRUG>
<DRUG name="Oxacillin" rxnorm="7773">
<ATC code="J01CF04" />
</DRUG>
<DRUG name="Phenoxymethylpenicillin" rxnorm="7984">
<ATC code="J01CE02" />
</DRUG>
<DRUG name="Piperacillin" rxnorm="8339">
<ATC code="J01CA12" />
</DRUG>
<DRUG name="Pivampicillin" rxnorm="8372">
<ATC code="J01CA02" />
</DRUG>
<DRUG name="Ticarcillin" rxnorm="10591">
<ATC code="J01CA13" />
</DRUG>
</CLASS>
