<?xml version="1.0" encoding="utf-8" ?>
<CLASS name="POTASSIUM LOWERING DIURETICS" code="C03">
<SOURCE>
<CLINICAL_SOURCE>ANSM</CLINICAL_SOURCE>
<SOURCE_FILE>126</SOURCE_FILE>
</SOURCE>
<DRUG name="Altizide" rxnorm="17599">
<ATC code="C03EA04" />
</DRUG>
<DRUG name="Bendroflumethiazide" rxnorm="1369">
<ATC code="C03AA01" />
</DRUG>
<DRUG name="Bumetanide" rxnorm="1808">
<ATC code="C03CA02" />
</DRUG>
<DRUG name="Chlortalidone" rxnorm="2409">
<ATC code="C03BA04" />
</DRUG>
<DRUG name="Cicletanine" rxnorm="21914">
<ATC code="C03BX03" />
</DRUG>
<DRUG name="Clopamide" rxnorm="2603">
<ATC code="C03BA03" />
</DRUG>
<DRUG name="Cyclothiazide" rxnorm="22033">
<ATC code="C03AA09" />
</DRUG>
<DRUG name="Furosemide" rxnorm="4603">
<ATC code="C03CA01" />
</DRUG>
<DRUG name="Hydrochlorothiazide" rxnorm="5487">
<ATC code="C09XA52" />
</DRUG>
<DRUG name="Indapamide" rxnorm="5764">
<ATC code="C03BA11" />
</DRUG>
<DRUG name="Methyclothiazide" rxnorm="6860">
<ATC code="C03AA08" />
</DRUG>
<DRUG name="Piretanide" rxnorm="33770">
<ATC code="C03CA03" />
</DRUG>
<DRUG name="Torasemide" rxnorm="38413">
<ATC code="C03CA04" />
</DRUG>
<DRUG name="Xipamide" rxnorm="11371">
<ATC code="C03BA10" />
</DRUG>
</CLASS>
