<?xml version="1.0" encoding="utf-8" ?>
<CLASS name="PROGESTIN CONTRACEPTIVES" code="G03-001">
<SOURCE>
<CLINICAL_SOURCE>ANSM</CLINICAL_SOURCE>
<SOURCE_FILE>128</SOURCE_FILE>
</SOURCE>
<DRUG name="Cyproterone " rxnorm="3014">
<ATC code="G03HA01" />
</DRUG>
<DRUG name="Desogestrel" rxnorm="22656">
<ATC code="G03AC09" />
</DRUG>
<DRUG name="Dienogest" rxnorm="22968">
<ATC code="G03DB08" />
</DRUG>
<DRUG name="Drospirenone " rxnorm="840781">
<ATC code="G03FA17" />
</DRUG>
<DRUG name="Etonogestrel" rxnorm="14584">
<ATC code="G03AC08" />
</DRUG>
<DRUG name="Levonorgestrel" rxnorm="6373">
<ATC code="G03AC03" />
</DRUG>
<DRUG name="Lynestrenol" rxnorm="6529">
<ATC code="G03AC02" />
</DRUG>
<DRUG name="Medroxyprogesterone" rxnorm="6691">
<ATC code="G03AC06" />
</DRUG>
<DRUG name="Nomegestrol" rxnorm="31930">
<ATC code="G03DB04" />
<ATC code="G03AA14" />
</DRUG>
<DRUG name="Norelgestromin" rxnorm="326374">
</DRUG>
<DRUG name="Norethisterone" rxnorm="7514">
<ATC code="G03AC01" />
</DRUG>
<DRUG name="Norgestimate" rxnorm="31994">
</DRUG>
<DRUG name="Norgestrienone" rxnorm="7519">
<ATC code="G03AC07" />
</DRUG>
</CLASS>
