<?xml version="1.0" encoding="utf-8" ?>
<CLASS name="STRONG INHIBITORS OF CYP3A4" code="J02-J05">
<SOURCE>
<CLINICAL_SOURCE>ANSM</CLINICAL_SOURCE>
<SOURCE_FILE>139</SOURCE_FILE>
</SOURCE>
<DRUG name="Boceprevir " rxnorm="1102129">
<ATC code="J05AE12" />
</DRUG>
<DRUG name="Clarithromycin" rxnorm="21212">
<ATC code="J01FA09" />
</DRUG>
<DRUG name="Cobicistat" rxnorm="1306284">
<ATC code="V03AX03" />
</DRUG>
<DRUG name="Erythromycin" rxnorm="4053">
<ATC code="D10AF02" />
</DRUG>
<DRUG name="Itraconazole" rxnorm="28031">
<ATC code="J02AC02" />
</DRUG>
<DRUG name="Ketoconazole " rxnorm="6135">
<ATC code="D01AC08" />
</DRUG>
<DRUG name="Nelfinavir" rxnorm="134527">
<ATC code="J05AE04" />
</DRUG>
<DRUG name="Posaconazole" rxnorm="282446">
<ATC code="J02AC04" />
</DRUG>
<DRUG name="Ritonavir" rxnorm="85762">
<ATC code="J05AE03" />
</DRUG>
<DRUG name="Telaprevir " rxnorm="1102261">
<ATC code="J05AE11" />
</DRUG>
<DRUG name="Telithromycin" rxnorm="274786">
<ATC code="J01FA15" />
</DRUG>
<DRUG name="Tipranavir" rxnorm="190548">
<ATC code="J05AE09" />
</DRUG>
<DRUG name="Voriconazole " rxnorm="121243">
<ATC code="J02AC03" />
</DRUG>
</CLASS>
