<?xml version="1.0" encoding="utf-8" ?>
<CLASS name="TETRACYCLINE ANTIBIOTICS" code="D06AA-J01AA">
<SOURCE>
<CLINICAL_SOURCE>ANSM</CLINICAL_SOURCE>
<SOURCE_FILE>141</SOURCE_FILE>
</SOURCE>
<DRUG name="Chlortetracycline " rxnorm="2408">
<ATC code="A01AB21" />
</DRUG>
<DRUG name="Demeclocycline " rxnorm="3154">
<ATC code="D06AA01" />
</DRUG>
<DRUG name="Doxycycline " rxnorm="3640">
<ATC code="A01AB22" />
</DRUG>
<DRUG name="Lymecycline " rxnorm="6513">
<ATC code="J01AA04" />
</DRUG>
<DRUG name="Methylenecycline" rxnorm="">
</DRUG>
<DRUG name="Minocycline " rxnorm="6980">
<ATC code="A01AB23" />
</DRUG>
<DRUG name="Oxytetracycline " rxnorm="7821">
<ATC code="D06AA03" />
</DRUG>
<DRUG name="Tetracycline " rxnorm="10395">
<ATC code="J01A" />
</DRUG>
<DRUG name="Tigecycline " rxnorm="384455">
<ATC code="J01AA1" />
</DRUG>
</CLASS>
