<?xml version="1.0" encoding="utf-8" ?>
<INTERACTIONS>
<INTERACTION>
<SOURCE>
<CLINICAL_SOURCE>ANSM</CLINICAL_SOURCE>
<SOURCE_FILE>10-FUSIDIC-ACID.html
</SOURCE_FILE>
</SOURCE>
<DRUG1>
<DRUG name="FUSIDIC ACID" rxcui="4608">
<ATC code="S01AA13" />
</DRUG>
</DRUG1>
<DRUG2>
<DRUG name="CICLOSPORIN" rxcui="3008">
<ATC code="S01XA18" />
</DRUG>
</DRUG2>
<DESCRIPTION>Risk of increase of the blood concentrations of ciclosporin and of the creatinemia </DESCRIPTION>
<SEVERITY>Precautions for use</SEVERITY>
<COMMENT>Blood concentration dosage of ciclosporin, testing of renal function and adjustment of the dosage during the treatment and after it is stopped. </COMMENT>
</INTERACTION>
<INTERACTION>
<SOURCE>
<CLINICAL_SOURCE>ANSM</CLINICAL_SOURCE>
<SOURCE_FILE>10-FUSIDIC-ACID.html
</SOURCE_FILE>
</SOURCE>
<DRUG1>
<DRUG name="FUSIDIC ACID" rxcui="4608">
<ATC code="S01AA13" />
</DRUG>
</DRUG1>
<DRUG2>
<CLASS name="HMG-COA REDUCTASE INHIBITORS (STATINS)" code="C10AA" /></DRUG2>
<DESCRIPTION>Increased risk of undesirable effects (concentration dependent) of the rhabdomyolysis type.</DESCRIPTION>
<SEVERITY>Contraindication</SEVERITY>
<COMMENT>Stop the treatment with the HMG-COA Reductase Inhibitor before starting the treatment with fusidic acid or use another antibiotic.</COMMENT>
</INTERACTION>
<INTERACTION>
<SOURCE>
<CLINICAL_SOURCE>ANSM</CLINICAL_SOURCE>
<SOURCE_FILE>10-FUSIDIC-ACID.html
</SOURCE_FILE>
</SOURCE>
<DRUG1>
<DRUG name="FUSIDIC ACID" rxcui="4608">
<ATC code="S01AA13" />
</DRUG>
</DRUG1>
<DRUG2>
<CLASS name="OMBITASVIR + PARITAPREVIR" code="OMPA" /></DRUG2>
<DESCRIPTION>Increase of the plasma concentrations of the fusidic acid due to decrease of its hepatic metabolism by the therapy with ombitasvir+paritaprevir</DESCRIPTION>
<SEVERITY>Contraindication</SEVERITY>
</INTERACTION>
</INTERACTIONS>
