<?xml version="1.0" encoding="utf-8" ?>
<INTERACTIONS>
<INTERACTION>
<SOURCE>
<CLINICAL_SOURCE>ANSM</CLINICAL_SOURCE>
<SOURCE_FILE>109-CARMUSTINE.html
</SOURCE_FILE>
</SOURCE>
<DRUG1>
<DRUG name="CARMUSTINE" rxcui="2105">
<ATC code="L01AD01" />
</DRUG>
</DRUG1>
<DRUG2>
<DRUG name="CIMETIDINE" rxcui="2541">
<ATC code="A02BA01" />
<ATC code="A02BA51" />
</DRUG>
</DRUG2>
<DESCRIPTION>With the cimetidine used in doses greater than or equal to 800 mg/day: increased bone marrow toxicity (inhibition of the metabolism of the carmustine) </DESCRIPTION>
<SEVERITY>Not recommended</SEVERITY>
</INTERACTION>
</INTERACTIONS>
