<?xml version="1.0" encoding="utf-8" ?>
<INTERACTIONS>
<INTERACTION>
<SOURCE>
<CLINICAL_SOURCE>ANSM</CLINICAL_SOURCE>
<SOURCE_FILE>117-CHLORDIAZEPOXIDE.html
</SOURCE_FILE>
</SOURCE>
<DRUG1>
<DRUG name="CHLORDIAZEPOXIDE" rxcui="2356">
<ATC code="N05BA02" />
</DRUG>
</DRUG1>
<DRUG2>
<DRUG name="CIMETIDINE" rxcui="2541">
<ATC code="A02BA01" />
<ATC code="A02BA51" />
</DRUG>
</DRUG2>
<DESCRIPTION>With the cimetidine used in doses greater than or equal to 800 mg/day: accrued risk of drowsiness</DESCRIPTION>
<SEVERITY>Precaution for use</SEVERITY>
<COMMENT>Warn patients of the increase of risk when driving an automobile or using machinery.</COMMENT>
</INTERACTION>
</INTERACTIONS>
