<?xml version="1.0" encoding="utf-8" ?>
<INTERACTIONS>
<INTERACTION>
<SOURCE>
<CLINICAL_SOURCE>ANSM</CLINICAL_SOURCE>
<SOURCE_FILE>119-CHLORPROMAZINE.html
</SOURCE_FILE>
</SOURCE>
<DRUG1>
<DRUG name="CHLORPROMAZINE" rxcui="2403">
<ATC code="N05AA01" />
</DRUG>
</DRUG1>
<DRUG2>
<DRUG name="INSULIN" rxcui="5856">
<ATC code="A10AC01" />
<ATC code="A10AC02" />
<ATC code="A10AC03" />
<ATC code="A10AC04" />
<ATC code="A10AD01" />
<ATC code="A10AD02" />
<ATC code="A10AD03" />
<ATC code="A10AD04" />
<ATC code="A10AD05" />
<ATC code="A10AE01" />
<ATC code="A10AE02" />
<ATC code="A10AE03" />
<ATC code="A10AE04" />
<ATC code="A10AE05" />
<ATC code="A10AF01" />
</DRUG>
</DRUG2>
<DESCRIPTION>With large dosages (100 mg/day of chlorpromazine): elevation of the glycemia (decrease of the release of the insulin)</DESCRIPTION>
<SEVERITY>Precaution for use</SEVERITY>
<COMMENT>Inform the patient and reinforce self-monitoring of blood glucose. Possibly adjust the dosage of the insulin during the treatment with the neuroleptic and after it is stopped. </COMMENT>
</INTERACTION>
<INTERACTION>
<SOURCE>
<CLINICAL_SOURCE>ANSM</CLINICAL_SOURCE>
<SOURCE_FILE>119-CHLORPROMAZINE.html
</SOURCE_FILE>
</SOURCE>
<DRUG1>
<DRUG name="CHLORPROMAZINE" rxcui="2403">
<ATC code="N05AA01" />
</DRUG>
</DRUG1>
<DRUG2>
<CLASS name="BLOOD GLUCOSE LOWERING SULFONAMIDES" code="A10BB" /></DRUG2>
<DESCRIPTION>With large dosages (100 mg/day of chlorpromazine): elevation of the glycemia (decrease of the release of the insulin)</DESCRIPTION>
<SEVERITY>Precaution for use</SEVERITY>
<COMMENT>Inform the patient and reinforce self-monitoring of blood glucose. Possibly adjust the dosage of the neuroleptic during the treatment and after it is stopped.</COMMENT>
</INTERACTION>
</INTERACTIONS>
