<?xml version="1.0" encoding="utf-8" ?>
<INTERACTIONS>
<INTERACTION>
<SOURCE>
<CLINICAL_SOURCE>ANSM</CLINICAL_SOURCE>
<SOURCE_FILE>122-CIMETIDINE.html
</SOURCE_FILE>
</SOURCE>
<DRUG1>
<DRUG name="CIMETIDINE" rxcui="2541">
<ATC code="A02BA01" />
<ATC code="A02BA51" />
</DRUG>
</DRUG1>
<DRUG2>
<DRUG name="ALFENTANIL" rxcui="480">
<ATC code="N01AH02" />
</DRUG>
</DRUG2>
<DESCRIPTION>With the cimetidine used in doses greater than or equal to 800mg/day: increase of the opioid analgesic&#39;s effect of respiratory depression due to decrease of its hepatic metabolism</DESCRIPTION>
<SEVERITY>Precaution for use</SEVERITY>
<COMMENT>Adjust the dosage of the alfentanil when administered with the cimetidine.</COMMENT>
</INTERACTION>
<INTERACTION>
<SOURCE>
<CLINICAL_SOURCE>ANSM</CLINICAL_SOURCE>
<SOURCE_FILE>122-CIMETIDINE.html
</SOURCE_FILE>
</SOURCE>
<DRUG1>
<DRUG name="CIMETIDINE" rxcui="2541">
<ATC code="A02BA01" />
<ATC code="A02BA51" />
</DRUG>
</DRUG1>
<DRUG2>
<CLASS name="VITAMIN K ANTAGONISTS" code="B01AA-001" /></DRUG2>
<DESCRIPTION>With the cimetidine used in doses greater than or equal to 800 mg/day: increase of the effect of the vitamin K antagonist and of the risk of hemorrhage (decrease of its hepatic metabolism)</DESCRIPTION>
<SEVERITY>Precaution for use</SEVERITY>
<COMMENT>More frequent testing of the INR. Possible adjustment of the dosage of the vitamin K antagonist during the treatment with the cimetidine and a week after it is stopped. </COMMENT>
</INTERACTION>
<INTERACTION>
<SOURCE>
<CLINICAL_SOURCE>ANSM</CLINICAL_SOURCE>
<SOURCE_FILE>122-CIMETIDINE.html
</SOURCE_FILE>
</SOURCE>
<DRUG1>
<DRUG name="CIMETIDINE" rxcui="2541">
<ATC code="A02BA01" />
<ATC code="A02BA51" />
</DRUG>
</DRUG1>
<DRUG2>
<DRUG name="CARBAMAZEPINE" rxcui="2002">
<ATC code="N03AF01" />
</DRUG>
</DRUG2>
<DESCRIPTION>With the cimetidine used in doses greater than or equal to 800 mg/day: at the beginning of treatment, increase of the plasma concentrations of carbamazepine due to inhibition of its hepatic metabolism by the cimetidine </DESCRIPTION>
<SEVERITY>Precaution for use</SEVERITY>
<COMMENT>Clinical monitoring and possible reduction of the dosage of the carbamazepine, especially during the first days of treatment with the cimetidine</COMMENT>
</INTERACTION>
<INTERACTION>
<SOURCE>
<CLINICAL_SOURCE>ANSM</CLINICAL_SOURCE>
<SOURCE_FILE>122-CIMETIDINE.html
</SOURCE_FILE>
</SOURCE>
<DRUG1>
<DRUG name="CIMETIDINE" rxcui="2541">
<ATC code="A02BA01" />
<ATC code="A02BA51" />
</DRUG>
</DRUG1>
<DRUG2>
<DRUG name="CARMUSTINE" rxcui="2105">
<ATC code="L01AD01" />
</DRUG>
</DRUG2>
<DESCRIPTION>With the cimetidine used in doses greater than or equal to 800 mg/day: increased bone marrow toxicity (inhibition of the metabolism of the carmustine)</DESCRIPTION>
<SEVERITY>Not recommended</SEVERITY>
</INTERACTION>
<INTERACTION>
<SOURCE>
<CLINICAL_SOURCE>ANSM</CLINICAL_SOURCE>
<SOURCE_FILE>122-CIMETIDINE.html
</SOURCE_FILE>
</SOURCE>
<DRUG1>
<DRUG name="CIMETIDINE" rxcui="2541">
<ATC code="A02BA01" />
<ATC code="A02BA51" />
</DRUG>
</DRUG1>
<DRUG2>
<DRUG name="CARVEDILOL" rxcui="20352">
<ATC code="C07AG02" />
</DRUG>
</DRUG2>
<DESCRIPTION>With the cimetidine used in doses greater than or equal to 800 mg/day: increase of the concentrations of the carvedilol, which can be dangerous in the case of treatment for heart failure due to decrease of its hepatic metabolism by the cimetidine</DESCRIPTION>
<SEVERITY>Contraindication</SEVERITY>
<COMMENT>Use another H2 receptor antagonist.</COMMENT>
</INTERACTION>
<INTERACTION>
<SOURCE>
<CLINICAL_SOURCE>ANSM</CLINICAL_SOURCE>
<SOURCE_FILE>122-CIMETIDINE.html
</SOURCE_FILE>
</SOURCE>
<DRUG1>
<DRUG name="CIMETIDINE" rxcui="2541">
<ATC code="A02BA01" />
<ATC code="A02BA51" />
</DRUG>
</DRUG1>
<DRUG2>
<DRUG name="CHLORDIAZEPOXIDE" rxcui="2356">
<ATC code="N05BA02" />
</DRUG>
</DRUG2>
<DESCRIPTION>With the cemitidine used in doses greater than or equal to 800 mg/day: accrued risk of drowsiness</DESCRIPTION>
<SEVERITY>Precaution for use</SEVERITY>
<COMMENT>Warn patients of the increase of risk when driving an automobile or using machinery.</COMMENT>
</INTERACTION>
<INTERACTION>
<SOURCE>
<CLINICAL_SOURCE>ANSM</CLINICAL_SOURCE>
<SOURCE_FILE>122-CIMETIDINE.html
</SOURCE_FILE>
</SOURCE>
<DRUG1>
<DRUG name="CIMETIDINE" rxcui="2541">
<ATC code="A02BA01" />
<ATC code="A02BA51" />
</DRUG>
</DRUG1>
<DRUG2>
<DRUG name="CHLOROQUINE" rxcui="2393">
<ATC code="P01BA01" />
</DRUG>
</DRUG2>
<DESCRIPTION>Slowing of the elimination of the chloroquine and risk of overdose</DESCRIPTION>
<SEVERITY>Take into account</SEVERITY>
</INTERACTION>
<INTERACTION>
<SOURCE>
<CLINICAL_SOURCE>ANSM</CLINICAL_SOURCE>
<SOURCE_FILE>122-CIMETIDINE.html
</SOURCE_FILE>
</SOURCE>
<DRUG1>
<DRUG name="CIMETIDINE" rxcui="2541">
<ATC code="A02BA01" />
<ATC code="A02BA51" />
</DRUG>
</DRUG1>
<DRUG2>
<DRUG name="CICLOSPORIN" rxcui="3008">
<ATC code="L04AD01" />
<ATC code="S01XA18" />
</DRUG>
</DRUG2>
<DESCRIPTION>With the cimetidine used in doses greater than or equal to 800 mg/day: increase of the blood concentrations of ciclosporin</DESCRIPTION>
<SEVERITY>Take into account</SEVERITY>
</INTERACTION>
<INTERACTION>
<SOURCE>
<CLINICAL_SOURCE>ANSM</CLINICAL_SOURCE>
<SOURCE_FILE>122-CIMETIDINE.html
</SOURCE_FILE>
</SOURCE>
<DRUG1>
<DRUG name="CIMETIDINE" rxcui="2541">
<ATC code="A02BA01" />
<ATC code="A02BA51" />
</DRUG>
</DRUG1>
<DRUG2>
<DRUG name="DIAZEPAM" rxcui="3322">
<ATC code="N05BA01" />
</DRUG>
</DRUG2>
<DESCRIPTION>With the cimetidine used in doses greater than or equal to 800 mg/day: accrued risk of drowsiness</DESCRIPTION>
<SEVERITY>Precaution for use</SEVERITY>
<COMMENT>Warn the patient of the increase of risk when driving an automobile or using machinery. </COMMENT>
</INTERACTION>
<INTERACTION>
<SOURCE>
<CLINICAL_SOURCE>ANSM</CLINICAL_SOURCE>
<SOURCE_FILE>122-CIMETIDINE.html
</SOURCE_FILE>
</SOURCE>
<DRUG1>
<DRUG name="CIMETIDINE" rxcui="2541">
<ATC code="A02BA01" />
<ATC code="A02BA51" />
</DRUG>
</DRUG1>
<DRUG2>
<DRUG name="LIDOCAINE" rxcui="6387">
<ATC code="C01BB01" />
<ATC code="C05AD01" />
<ATC code="D04AB01" />
<ATC code="N01BB02" />
<ATC code="R02AD02" />
<ATC code="S01HA07" />
<ATC code="S02DA01" />
<ATC code="N01BB52" />
</DRUG>
</DRUG2>
<DESCRIPTION>With the cimetidine used in doses greater than or equal to 800 mg/day: increase of the plasma concentrations of lidocaine with risk of undesirable neurological and cardiac effects (inhibition of the hepatic metabolism of the lidocaine)</DESCRIPTION>
<SEVERITY>Precaution for use</SEVERITY>
<COMMENT>Clinical monitoring, EKG, and possibly monitoring of the plasma concentrations of the lidocaine; if there is reason for it, adjustment of the dosage of the lidocaine during the treatment with the cimetidine and after it is stopped. </COMMENT>
</INTERACTION>
<INTERACTION>
<SOURCE>
<CLINICAL_SOURCE>ANSM</CLINICAL_SOURCE>
<SOURCE_FILE>122-CIMETIDINE.html
</SOURCE_FILE>
</SOURCE>
<DRUG1>
<DRUG name="CIMETIDINE" rxcui="2541">
<ATC code="A02BA01" />
<ATC code="A02BA51" />
</DRUG>
</DRUG1>
<DRUG2>
<DRUG name="LOMUSTINE" rxcui="6466">
<ATC code="L01AD02" />
</DRUG>
</DRUG2>
<DESCRIPTION>With the cimetidine used in doses greater than or equal to 800 mg/day: increased bone marrow toxicity (inhibition of the metabolism of the lomustine)</DESCRIPTION>
<SEVERITY>Not recommended</SEVERITY>
</INTERACTION>
<INTERACTION>
<SOURCE>
<CLINICAL_SOURCE>ANSM</CLINICAL_SOURCE>
<SOURCE_FILE>122-CIMETIDINE.html
</SOURCE_FILE>
</SOURCE>
<DRUG1>
<DRUG name="CIMETIDINE" rxcui="2541">
<ATC code="A02BA01" />
<ATC code="A02BA51" />
</DRUG>
</DRUG1>
<DRUG2>
<DRUG name="METHADONE" rxcui="6813">
<ATC code="N02AC52" />
<ATC code="N07BC02" />
</DRUG>
</DRUG2>
<DESCRIPTION>Increase of the plasma concentrations of methadone with overdose and increased risk of lengthening of the QT interval and of ventricular arrhythmias, especially of torsades de pointes.</DESCRIPTION>
<SEVERITY>Precaution for use</SEVERITY>
<COMMENT>Strengthen clinical and electrocardiographic monitoring; if needed, adjustment of the dosage of the methadone during the treatment with the cimetidine and after it is stopped. </COMMENT>
</INTERACTION>
<INTERACTION>
<SOURCE>
<CLINICAL_SOURCE>ANSM</CLINICAL_SOURCE>
<SOURCE_FILE>122-CIMETIDINE.html
</SOURCE_FILE>
</SOURCE>
<DRUG1>
<DRUG name="CIMETIDINE" rxcui="2541">
<ATC code="A02BA01" />
<ATC code="A02BA51" />
</DRUG>
</DRUG1>
<DRUG2>
<DRUG name="METOPROLOL" rxcui="6918">
<ATC code="C07AB02" />
<ATC code="C07FB02" />
<ATC code="C07CB02" />
<ATC code="C07BB02" />
<ATC code="C07BB52" />
<ATC code="C07AB52" />
</DRUG>
</DRUG2>
<DESCRIPTION>With the metoprolol used for heart failure, and the cimetidine used in doses greater than or equal to 800 mg/day: increase of the concentrations of the metoprolol, which can be dangerous in the case of treatment for heart failure, due to decrease of its hepatic metabolism by the cimetadine</DESCRIPTION>
<SEVERITY>Contraindication</SEVERITY>
<COMMENT>Use another H2 receptor antagonist</COMMENT>
</INTERACTION>
<INTERACTION>
<SOURCE>
<CLINICAL_SOURCE>ANSM</CLINICAL_SOURCE>
<SOURCE_FILE>122-CIMETIDINE.html
</SOURCE_FILE>
</SOURCE>
<DRUG1>
<DRUG name="CIMETIDINE" rxcui="2541">
<ATC code="A02BA01" />
<ATC code="A02BA51" />
</DRUG>
</DRUG1>
<DRUG2>
<DRUG name="MOCLOBEMIDE" rxcui="30121">
<ATC code="N06AG02" />
</DRUG>
</DRUG2>
<DESCRIPTION>With the cimetidine used in doses greater than or equal to 800 mg/day: increase of the concentrations of the moclobemide, due to decrease of its hepatic metabolism</DESCRIPTION>
<SEVERITY>Precaution for use</SEVERITY>
<COMMENT>Clinical monitoring with possible adjustment of the dosage of the moclobemide</COMMENT>
</INTERACTION>
<INTERACTION>
<SOURCE>
<CLINICAL_SOURCE>ANSM</CLINICAL_SOURCE>
<SOURCE_FILE>122-CIMETIDINE.html
</SOURCE_FILE>
</SOURCE>
<DRUG1>
<DRUG name="CIMETIDINE" rxcui="2541">
<ATC code="A02BA01" />
<ATC code="A02BA51" />
</DRUG>
</DRUG1>
<DRUG2>
<DRUG name="NIFEDIPINE" rxcui="7417">
<ATC code="C08CA05" />
<ATC code="C08GA01" />
<ATC code="C08CA55" />
</DRUG>
</DRUG2>
<DESCRIPTION>With the cimetidine used in doses greater than or equal to 800 mg/day: increase of the hypotensive effect of the nifedipine due to inhibition of its hepatic metabolism by the cimetidine</DESCRIPTION>
<SEVERITY>Precaution for use</SEVERITY>
<COMMENT>Increased clinical monitoring: adjust the dosage of the nifedipine during the treatment with the cimetidine and after it is stopped. </COMMENT>
</INTERACTION>
<INTERACTION>
<SOURCE>
<CLINICAL_SOURCE>ANSM</CLINICAL_SOURCE>
<SOURCE_FILE>122-CIMETIDINE.html
</SOURCE_FILE>
</SOURCE>
<DRUG1>
<DRUG name="CIMETIDINE" rxcui="2541">
<ATC code="A02BA01" />
<ATC code="A02BA51" />
</DRUG>
</DRUG1>
<DRUG2>
<CLASS name="PHENYTOIN (AND, BY EXTRAPOLATION, FOSPHENYTOIN)" code="N03AB" /></DRUG2>
<DESCRIPTION>With the cimetidine used in doses greater than or equal to 800 mg/day: increase of the plasma concentrations of phenytoin with the possibility of appearance of the usual signs of overdose</DESCRIPTION>
<SEVERITY>Not recommended</SEVERITY>
<COMMENT>If administering the substances together cannot be avoided, strict clinical monitoring, plasma concentration dosages of the phenytoin, and possible adjustment of its dosage during the treatment with cimetidine and after it is stopped.</COMMENT>
</INTERACTION>
<INTERACTION>
<SOURCE>
<CLINICAL_SOURCE>ANSM</CLINICAL_SOURCE>
<SOURCE_FILE>122-CIMETIDINE.html
</SOURCE_FILE>
</SOURCE>
<DRUG1>
<DRUG name="CIMETIDINE" rxcui="2541">
<ATC code="A02BA01" />
<ATC code="A02BA51" />
</DRUG>
</DRUG1>
<DRUG2>
<CLASS name="THEOPHYLLINE (AND, BY EXTRAPOLATION, AMINOPHYLLINE)" code="R03DA" /></DRUG2>
<DESCRIPTION>With the cimetidine used in doses greater than or equal to 800 mg/day: increase of the theophyllinemia with risk of overdose (decrease of the metabolism of the theophylline)</DESCRIPTION>
<SEVERITY>Precaution for use</SEVERITY>
<COMMENT>Clinical monitoring and possibly monitoring of the theophyllinemia. If there is reason for it, adjustment of the theophylline during the treatment with the cimetidine and after it is stopped. </COMMENT>
</INTERACTION>
</INTERACTIONS>
