<?xml version="1.0" encoding="utf-8" ?>
<INTERACTIONS>
<INTERACTION>
<SOURCE>
<CLINICAL_SOURCE>ANSM</CLINICAL_SOURCE>
<SOURCE_FILE>135-COBICISTAT.html
</SOURCE_FILE>
</SOURCE>
<DRUG1>
<DRUG name="COBICISTAT" rxcui="1306284">
<ATC code="V03AX03" />
<ATC code="J05AR09" />
</DRUG>
</DRUG1>
<DRUG2>
<CLASS name="VASOCONSTRICTOR ALKALOIDS OF ERGOT OF RYE" code="N02CA0-001" /></DRUG2>
<DESCRIPTION>Risk of constriction of the coronary blood vessels or those of the extremities (ergotism), or of rapid elevation of blood pressure.</DESCRIPTION>
<SEVERITY>Contraindication</SEVERITY>
</INTERACTION>
<INTERACTION>
<SOURCE>
<CLINICAL_SOURCE>ANSM</CLINICAL_SOURCE>
<SOURCE_FILE>135-COBICISTAT.html
</SOURCE_FILE>
</SOURCE>
<DRUG1>
<DRUG name="COBICISTAT" rxcui="1306284">
<ATC code="V03AX03" />
<ATC code="J05AR09" />
</DRUG>
</DRUG1>
<DRUG2>
<DRUG name="AMIODARONE" rxcui="703">
<ATC code="C01BD01" />
</DRUG>
</DRUG2>
<DESCRIPTION>Risk of increase of the undesirable effects of the amiodarone due to decrease of its metabolism by the cobicistat</DESCRIPTION>
<SEVERITY>Contraindication</SEVERITY>
</INTERACTION>
<INTERACTION>
<SOURCE>
<CLINICAL_SOURCE>ANSM</CLINICAL_SOURCE>
<SOURCE_FILE>135-COBICISTAT.html
</SOURCE_FILE>
</SOURCE>
<DRUG1>
<DRUG name="COBICISTAT" rxcui="1306284">
<ATC code="V03AX03" />
<ATC code="J05AR09" />
</DRUG>
</DRUG1>
<DRUG2>
<CLASS name="ANTICONVULSANT ENZYMATIC INDUCERS" code="N03A-001" /></DRUG2>
<DESCRIPTION>Risk of decrease of the effectiveness of the cobicistat due to the increase of its metabolism by the inducer</DESCRIPTION>
<SEVERITY>Contraindication</SEVERITY>
</INTERACTION>
<INTERACTION>
<SOURCE>
<CLINICAL_SOURCE>ANSM</CLINICAL_SOURCE>
<SOURCE_FILE>135-COBICISTAT.html
</SOURCE_FILE>
</SOURCE>
<DRUG1>
<DRUG name="COBICISTAT" rxcui="1306284">
<ATC code="V03AX03" />
<ATC code="J05AR09" />
</DRUG>
</DRUG1>
<DRUG2>
<DRUG name="ST JOHNS WORT" rxcui="258326">
</DRUG>
</DRUG2>
<DESCRIPTION>Risk of decrease of the effectiveness of the cobicistat due to increase of its metabolism by the inducer</DESCRIPTION>
<SEVERITY>Contraindication</SEVERITY>
</INTERACTION>
<INTERACTION>
<SOURCE>
<CLINICAL_SOURCE>ANSM</CLINICAL_SOURCE>
<SOURCE_FILE>135-COBICISTAT.html
</SOURCE_FILE>
</SOURCE>
<DRUG1>
<DRUG name="COBICISTAT" rxcui="1306284">
<ATC code="V03AX03" />
<ATC code="J05AR09" />
</DRUG>
</DRUG1>
<DRUG2>
<DRUG name="QUINIDINE" rxcui="9068">
<ATC code="C01BA01" />
<ATC code="C01BA51" />
<ATC code="C01BA71" />
</DRUG>
</DRUG2>
<DESCRIPTION>Risk of increase of the undesirable effects of the quinidine due to decrease of its metabolism by the cobicistat</DESCRIPTION>
<SEVERITY>Contraindication</SEVERITY>
</INTERACTION>
<INTERACTION>
<SOURCE>
<CLINICAL_SOURCE>ANSM</CLINICAL_SOURCE>
<SOURCE_FILE>135-COBICISTAT.html
</SOURCE_FILE>
</SOURCE>
<DRUG1>
<DRUG name="COBICISTAT" rxcui="1306284">
<ATC code="V03AX03" />
<ATC code="J05AR09" />
</DRUG>
</DRUG1>
<DRUG2>
<DRUG name="RIFABUTIN" rxcui="55672">
<ATC code="J04AB04" />
</DRUG>
</DRUG2>
<DESCRIPTION>Very large increase of the metabolite of the rifabutin, with risk of increase of its toxicity (uveitis, neutropenia). Furthermore, possible decrease of the concentrations of cobicistat</DESCRIPTION>
<SEVERITY>Precaution for use</SEVERITY>
<COMMENT>Adjustment of the dosage of the rifabutin (in principle, reduction of the doses by half).</COMMENT>
</INTERACTION>
<INTERACTION>
<SOURCE>
<CLINICAL_SOURCE>ANSM</CLINICAL_SOURCE>
<SOURCE_FILE>135-COBICISTAT.html
</SOURCE_FILE>
</SOURCE>
<DRUG1>
<DRUG name="COBICISTAT" rxcui="1306284">
<ATC code="V03AX03" />
<ATC code="J05AR09" />
</DRUG>
</DRUG1>
<DRUG2>
<DRUG name="RIFAMPICIN" rxcui="9384">
<ATC code="J04AB02" />
<ATC code="J04AM02" />
<ATC code="J04AM05" />
<ATC code="J04AM06" />
</DRUG>
</DRUG2>
<DESCRIPTION>Risk of decrease of the effectiveness of the cobicistat due to increase of its metabolism by the inducer</DESCRIPTION>
<SEVERITY>Contraindication</SEVERITY>
</INTERACTION>
<INTERACTION>
<SOURCE>
<CLINICAL_SOURCE>ANSM</CLINICAL_SOURCE>
<SOURCE_FILE>135-COBICISTAT.html
</SOURCE_FILE>
</SOURCE>
<DRUG1>
<DRUG name="COBICISTAT" rxcui="1306284">
<ATC code="V03AX03" />
<ATC code="J05AR09" />
</DRUG>
</DRUG1>
<DRUG2>
<CLASS name="VINCA ALKALOIDS" code="L01CA" /></DRUG2>
<DESCRIPTION>Increase of the neurotoxicity of the antimitotic due to decrease of its hepatic metabolism by the cobicistat</DESCRIPTION>
<SEVERITY>Precaution for use</SEVERITY>
<COMMENT>Strict clinincal monitoring and possible adjustment of the dosage of the antimitotic</COMMENT>
</INTERACTION>
</INTERACTIONS>
