<?xml version="1.0" encoding="utf-8" ?>
<INTERACTIONS>
<INTERACTION>
<SOURCE>
<CLINICAL_SOURCE>ANSM</CLINICAL_SOURCE>
<SOURCE_FILE>144-CYPROHEPTADINE.html
</SOURCE_FILE>
</SOURCE>
<DRUG1>
<DRUG name="CYPROHEPTADINE" rxcui="3013">
<ATC code="R06AX02" />
</DRUG>
</DRUG1>
<DRUG2>
<CLASS name="SELECTIVE SEROTONIN REUPTAKE INHIBITORS (SSRIs)" code="N06AB" /></DRUG2>
<DESCRIPTION>Risk of decrease of the effectiveness of the antidepressant</DESCRIPTION>
<SEVERITY>Take into account </SEVERITY>
</INTERACTION>
</INTERACTIONS>
