<?xml version="1.0" encoding="utf-8" ?>
<INTERACTIONS>
<INTERACTION>
<SOURCE>
<CLINICAL_SOURCE>ANSM</CLINICAL_SOURCE>
<SOURCE_FILE>145-CYPROTERONE.html
</SOURCE_FILE>
</SOURCE>
<DRUG1>
<DRUG name="CYPROTERONE" rxcui="3014">
<ATC code="G03HA01" />
<ATC code="G03HB01" />
</DRUG>
</DRUG1>
<DRUG2>
<DRUG name="ST JOHNS WORT" rxcui="258326">
</DRUG>
</DRUG2>
<DESCRIPTION>Decrease of the effectiveness of the progestin, due to increase of its hepatic metabolism by the St Johns Wort </DESCRIPTION>
<SEVERITY>Not recommended</SEVERITY>
</INTERACTION>
</INTERACTIONS>
