<?xml version="1.0" encoding="utf-8" ?>
<INTERACTIONS>
<INTERACTION>
<SOURCE>
<CLINICAL_SOURCE>ANSM</CLINICAL_SOURCE>
<SOURCE_FILE>148-DACARBAZINE.html
</SOURCE_FILE>
</SOURCE>
<DRUG1>
<DRUG name="DACARBAZINE" rxcui="3098">
<ATC code="L01AX04" />
</DRUG>
</DRUG1>
<DRUG2>
<DRUG name="FOTEMUSTINE" rxcui="25287">
<ATC code="L01AD05" />
</DRUG>
</DRUG2>
<DESCRIPTION>With the dacarbazine in large doses: risk of pulmonary toxicity (adult respiratory distress syndrome*).

*Translators note: In Englsih ARDS is often called acute respiratory distress syndrome, but it is also called adult respiratory distress syndrome to distinguish it from infant respiratory distress syndrome. &quot;Acute adult respiratory distress syndrome&quot; which would be the literal translation from the French here is not usually used in English.</DESCRIPTION>
<SEVERITY>Precaution for use</SEVERITY>
<COMMENT>Do not use these medications simultaneously, but wait a week between the last administration of fotemustine and the first day of the treatment with dacarbazine. </COMMENT>
</INTERACTION>
</INTERACTIONS>
