<?xml version="1.0" encoding="utf-8" ?>
<INTERACTIONS>
<INTERACTION>
<SOURCE>
<CLINICAL_SOURCE>ANSM</CLINICAL_SOURCE>
<SOURCE_FILE>163-AMINOSALICYLIC-ACID-DERIVATIVES-(ASA).html
</SOURCE_FILE>
</SOURCE>
<DRUG1>
<CLASS name="AMINOSALICYLIC ACID DERIVATIVES (ASA) " code="A07EC-001" /></DRUG1>
<DRUG2>
<DRUG name="AZATHIOPRINE" rxcui="1256">
<ATC code="L04AX01" />
</DRUG>
</DRUG2>
<DESCRIPTION>Risk of increase of the myelosuppressor effect of the azathioprine due to inhibition of its hepatic metabolism by the ASA derivative, especially in patients presenting a partial deficit of thiopurine methyltransferase (TPMT) </DESCRIPTION>
<SEVERITY>Take into account</SEVERITY>
</INTERACTION>
<INTERACTION>
<SOURCE>
<CLINICAL_SOURCE>ANSM</CLINICAL_SOURCE>
<SOURCE_FILE>163-AMINOSALICYLIC-ACID-DERIVATIVES-(ASA).html
</SOURCE_FILE>
</SOURCE>
<DRUG1>
<CLASS name="AMINOSALICYLIC ACID DERIVATIVES (ASA) " code="A07EC-001" /></DRUG1>
<DRUG2>
<DRUG name="MERCAPTOPURINE" rxcui="103">
<ATC code="L01BB02" />
</DRUG>
</DRUG2>
<DESCRIPTION>Risk of increase of the myelosuppressor effect of the mercatopurine due to inhibition of its hepatic metabolism by the ASA derivative, especially in patients presenting a partial deficit of thiopurine methyltransferase (TPMT)</DESCRIPTION>
<SEVERITY>Take into account</SEVERITY>
</INTERACTION>
</INTERACTIONS>
