<?xml version="1.0" encoding="utf-8" ?>
<INTERACTIONS>
<INTERACTION>
<SOURCE>
<CLINICAL_SOURCE>ANSM</CLINICAL_SOURCE>
<SOURCE_FILE>171-DIGITALIS-GLYCOSIDES.html
</SOURCE_FILE>
</SOURCE>
<DRUG1>
<CLASS name="DIGITALIS GLYCOSIDES" code="C01AA0" /></DRUG1>
<DRUG2>
<DRUG name="AMIODARONE" rxcui="703">
<ATC code="C01BD01" />
</DRUG>
</DRUG2>
<DESCRIPTION>Depression of autoregulation (excessive bradycardia) and disorders of atrioventricular conduction. When digoxin is used, increase of the digoxinemia due to decrease of the renal clearance of the digoxin.</DESCRIPTION>
<SEVERITY>Precaution for use</SEVERITY>
<COMMENT>Clinical monitoring, EKG, and, when there is reason to, test the digoxinemia and adjust the dosage of the digoxin. </COMMENT>
</INTERACTION>
<INTERACTION>
<SOURCE>
<CLINICAL_SOURCE>ANSM</CLINICAL_SOURCE>
<SOURCE_FILE>171-DIGITALIS-GLYCOSIDES.html
</SOURCE_FILE>
</SOURCE>
<DRUG1>
<CLASS name="DIGITALIS GLYCOSIDES" code="C01AA0" /></DRUG1>
<DRUG2>
<CLASS name="BETA-BLOCKING AGENTS IN HEART FAILURE" code="C07AB-003" /></DRUG2>
<DESCRIPTION>Disorders of autoregulation (bradycardia, sinus arrest) and disorders of sino-atrial and atrioventricular conduction</DESCRIPTION>
<SEVERITY>Take into account</SEVERITY>
</INTERACTION>
<INTERACTION>
<SOURCE>
<CLINICAL_SOURCE>ANSM</CLINICAL_SOURCE>
<SOURCE_FILE>171-DIGITALIS-GLYCOSIDES.html
</SOURCE_FILE>
</SOURCE>
<DRUG1>
<CLASS name="DIGITALIS GLYCOSIDES" code="C01AA0" /></DRUG1>
<DRUG2>
<DRUG name="CALCIUM" rxcui="1428011">
<ATC code="A12AA" />
</DRUG>
</DRUG2>
<DESCRIPTION>Risk of serious arrhythmias, even lethal ones with the calcium salts administered by IV route</DESCRIPTION>
<SEVERITY>Contraindication</SEVERITY>
<COMMENT>-with calcium salts via IV aside from parenteral supplementation</COMMENT>
</INTERACTION>
<INTERACTION>
<SOURCE>
<CLINICAL_SOURCE>ANSM</CLINICAL_SOURCE>
<SOURCE_FILE>171-DIGITALIS-GLYCOSIDES.html
</SOURCE_FILE>
</SOURCE>
<DRUG1>
<CLASS name="DIGITALIS GLYCOSIDES" code="C01AA0" /></DRUG1>
<DRUG2>
<CLASS name="POTASSIUM LOWERING AGENTS" code="C03-001" /></DRUG2>
<DESCRIPTION>Hypokaliemia promoting the toxic effects of the digitalis glycosides</DESCRIPTION>
<SEVERITY>Precaution for use</SEVERITY>
<COMMENT>Correct any pre-existing hypokaliemia and maintain clinical monitoring, monitoring of electrolyte balance, and electrocardographic monitoring </COMMENT>
</INTERACTION>
<INTERACTION>
<SOURCE>
<CLINICAL_SOURCE>ANSM</CLINICAL_SOURCE>
<SOURCE_FILE>171-DIGITALIS-GLYCOSIDES.html
</SOURCE_FILE>
</SOURCE>
<DRUG1>
<CLASS name="DIGITALIS GLYCOSIDES" code="C01AA0" /></DRUG1>
<DRUG2>
<DRUG name="MIDODRINE" rxcui="6963">
<ATC code="C01CA17" />
</DRUG>
</DRUG2>
<DESCRIPTION>Disorders of autoregulation (increase of the bradycardia inducing effect of the midodrine) and disorders of atrioventricular conduction</DESCRIPTION>
<SEVERITY>Not recommended</SEVERITY>
<COMMENT>If administering theses substances together cannot be avoided, strengthen clinical monitoring and EKG.</COMMENT>
</INTERACTION>
</INTERACTIONS>
