<?xml version="1.0" encoding="utf-8" ?>
<INTERACTIONS>
<INTERACTION>
<SOURCE>
<CLINICAL_SOURCE>ANSM</CLINICAL_SOURCE>
<SOURCE_FILE>172-DIGITOXIN.html
</SOURCE_FILE>
</SOURCE>
<DRUG1>
<DRUG name="DIGITOXIN" rxcui="3403">
<ATC code="C01AA04" />
</DRUG>
</DRUG1>
<DRUG2>
<CLASS name="PHENOBARBITAL (AND, BY EXTRAPOLATION, PRIMIDONE)" code="N03AA-001" /></DRUG2>
<DESCRIPTION>Decrease of the plasma concentrations and of the effectiveness of the digitoxin (increase of its hepatic metabolism)</DESCRIPTION>
<SEVERITY>Precaution for use</SEVERITY>
<COMMENT>Clinical monitoring, EKG, and, possibly, monitoring of the digitoxinemia. If there is reason for it, adjustment of the dosage of the digitoxin during the administration of these substances together and after it is stopped, or choose digoxin, less metabolized by the liver. </COMMENT>
</INTERACTION>
<INTERACTION>
<SOURCE>
<CLINICAL_SOURCE>ANSM</CLINICAL_SOURCE>
<SOURCE_FILE>172-DIGITOXIN.html
</SOURCE_FILE>
</SOURCE>
<DRUG1>
<DRUG name="DIGITOXIN" rxcui="3403">
<ATC code="C01AA04" />
</DRUG>
</DRUG1>
<DRUG2>
<DRUG name="RIFAMPICIN" rxcui="9384">
<ATC code="J04AB02" />
<ATC code="J04AM02" />
<ATC code="J04AM05" />
<ATC code="J04AM06" />
</DRUG>
</DRUG2>
<DESCRIPTION>Decrease of the plasma concentrations and of the effectiveness of the digitoxin due to increase of its hepatic metabolism. </DESCRIPTION>
<SEVERITY>Precaution for use. </SEVERITY>
<COMMENT>Clinical monitoring, EKG, and, possibly, monitoring of the blood level of digitoxin. If there is reason for it, adjustment of the dosage of the digitoxin during the administration of these substances together and after it is stopped, or choose digoxin, less metabolized by the liver. </COMMENT>
</INTERACTION>
</INTERACTIONS>
