<?xml version="1.0" encoding="utf-8" ?>
<INTERACTIONS>
<INTERACTION>
<SOURCE>
<CLINICAL_SOURCE>ANSM</CLINICAL_SOURCE>
<SOURCE_FILE>179-DISOPYRAMIDE.html
</SOURCE_FILE>
</SOURCE>
<DRUG1>
<DRUG name="DISOPYRAMIDE" rxcui="3541">
<ATC code="C01BA03" />
</DRUG>
</DRUG1>
<DRUG2>
<DRUG name="CLARITHROMYCIN" rxcui="21212">
<ATC code="J01FA09" />
<ATC code="A02BD04" />
<ATC code="A02BD05" />
<ATC code="A02BD06" />
<ATC code="A02BD07" />
</DRUG>
</DRUG2>
<DESCRIPTION>Risk of increase of the undesirable effects of the disopyramide: severe hypoglycemia, lengthening of the QT interval, and serious ventricular arrhythmias, especially of the torsades de pointes type</DESCRIPTION>
<SEVERITY>Not recommended</SEVERITY>
<COMMENT>Regular clinical monitoring, laboratory tests, and EKG</COMMENT>
</INTERACTION>
<INTERACTION>
<SOURCE>
<CLINICAL_SOURCE>ANSM</CLINICAL_SOURCE>
<SOURCE_FILE>179-DISOPYRAMIDE.html
</SOURCE_FILE>
</SOURCE>
<DRUG1>
<DRUG name="DISOPYRAMIDE" rxcui="3541">
<ATC code="C01BA03" />
</DRUG>
</DRUG1>
<DRUG2>
<DRUG name="ERYTHROMYCIN" rxcui="4053">
<ATC code="D10AF02" />
<ATC code="D10AF52" />
<ATC code="J01FA01" />
<ATC code="S01AA17" />
</DRUG>
</DRUG2>
<DESCRIPTION>Risk of increase of the undesirable effects of the disopyramide: severe hypoglycemia, lengthening of the QT interval, and serious ventricular arrhythmias, especially of the torsades de pointes type.</DESCRIPTION>
<SEVERITY>Not recommended</SEVERITY>
<COMMENT>Regular clinical monitoring, laboratory tests, and EKG</COMMENT>
</INTERACTION>
<INTERACTION>
<SOURCE>
<CLINICAL_SOURCE>ANSM</CLINICAL_SOURCE>
<SOURCE_FILE>179-DISOPYRAMIDE.html
</SOURCE_FILE>
</SOURCE>
<DRUG1>
<DRUG name="DISOPYRAMIDE" rxcui="3541">
<ATC code="C01BA03" />
</DRUG>
</DRUG1>
<DRUG2>
<DRUG name="JOSAMYCIN" rxcui="6084">
<ATC code="J01FA07" />
</DRUG>
</DRUG2>
<DESCRIPTION>Risk of increase of the undesirable effects of the disopyramide: severe hypoglycemia, lengthening of the QT interval, and serious ventricular arrhythmias, especially of the torsades de pointes type.</DESCRIPTION>
<SEVERITY>Not recommended</SEVERITY>
<COMMENT>Regular clinical monitoring, laboratory tests, and EKG</COMMENT>
</INTERACTION>
</INTERACTIONS>
