<?xml version="1.0" encoding="utf-8" ?>
<INTERACTIONS>
<INTERACTION>
<SOURCE>
<CLINICAL_SOURCE>ANSM</CLINICAL_SOURCE>
<SOURCE_FILE>181-DIURETICS.html
</SOURCE_FILE>
</SOURCE>
<DRUG1>
<CLASS name="DIURETICS" code="C0E-001" /></DRUG1>
<DRUG2>
<DRUG name="ACETYLSALICYLIC ACID" rxcui="1191">
<ATC code="A01AD05" />
<ATC code="B01AC06" />
<ATC code="B01AC56" />
<ATC code="C10BX01" />
<ATC code="C10BX02" />
<ATC code="C10BX04" />
<ATC code="M01BA03" />
<ATC code="N02BA01" />
<ATC code="N02BA51" />
<ATC code="N02BA71" />
</DRUG>
</DRUG2>
<DESCRIPTION>For anti-inflammatory doses of acetylsalicylic acid (&gt;=1gr per dose and/or &gt;=3gr per day) or for analgesic or antipyretic doses (&gt;=500 mg per dose and/or &lt;3 gr per day):

Acute renal insufficiency in dehydrated patients due to decrease of the glomerular filtration as a result of a decrease of the synthesis of the renal prostaglandins. Furthermore, reduction of the anti-hypertensive effect.</DESCRIPTION>
<SEVERITY>Precaution for use:</SEVERITY>
<COMMENT>Hydrate the patient and monitor renal function at the start of treatment.</COMMENT>
</INTERACTION>
<INTERACTION>
<SOURCE>
<CLINICAL_SOURCE>ANSM</CLINICAL_SOURCE>
<SOURCE_FILE>181-DIURETICS.html
</SOURCE_FILE>
</SOURCE>
<DRUG1>
<CLASS name="DIURETICS" code="C0E-001" /></DRUG1>
<DRUG2>
<CLASS name="NON STEROIDAL ANTI-INFLAMMATORY DRUGS" code="M01A-002" /></DRUG2>
<DESCRIPTION>Acute renal insufficiency with the patient at risk (older patient and/or dehydrated one) due to decrease of the glomerular filtration (inhibition of the vasodilator prostaglandins due to the NSAIs). Furthermore, reduction of the antihypertensive effect</DESCRIPTION>
<SEVERITY>Precaution for use</SEVERITY>
<COMMENT>Hydrate the patient and monitor renal function at the start of treatment</COMMENT>
</INTERACTION>
<INTERACTION>
<SOURCE>
<CLINICAL_SOURCE>ANSM</CLINICAL_SOURCE>
<SOURCE_FILE>181-DIURETICS.html
</SOURCE_FILE>
</SOURCE>
<DRUG1>
<CLASS name="DIURETICS" code="C0E-001" /></DRUG1>
<DRUG2>
<CLASS name="IODINATED X-RAY CONTRAST MEDIA" code="VO8A-001" /></DRUG2>
<DESCRIPTION>In case of dehydration caused by the diuretics, increased risk of acute functional renal insufficiency, in particular when large doses of the contrast media are used</DESCRIPTION>
<SEVERITY>Precaution for use</SEVERITY>
<COMMENT>Rehydrate before administration of the iodinated product</COMMENT>
</INTERACTION>
</INTERACTIONS>
