<?xml version="1.0" encoding="utf-8" ?>
<INTERACTIONS>
<INTERACTION>
<SOURCE>
<CLINICAL_SOURCE>ANSM</CLINICAL_SOURCE>
<SOURCE_FILE>187-DOFETILIDE.html
</SOURCE_FILE>
</SOURCE>
<DRUG1>
<DRUG name="DOFETILIDE" rxcui="49247">
<ATC code="C01BD04" />
</DRUG>
</DRUG1>
<DRUG2>
<DRUG name="DOLUTEGRAVIR" rxcui="1433868">
<ATC code="J05AX12" />
</DRUG>
</DRUG2>
<DESCRIPTION>Risk of increase of the plasma concentrations of dofetilide by the dolutegravir (inhibition of the renal elimination of the dofetilide.</DESCRIPTION>
<SEVERITY>Contraindication</SEVERITY>
</INTERACTION>
</INTERACTIONS>
