<?xml version="1.0" encoding="utf-8" ?>
<INTERACTIONS>
<INTERACTION>
<SOURCE>
<CLINICAL_SOURCE>ANSM</CLINICAL_SOURCE>
<SOURCE_FILE>188-DOLUTEGRAVIR.html
</SOURCE_FILE>
</SOURCE>
<DRUG1>
<DRUG name="DOLUTEGRAVIR" rxcui="1433868">
<ATC code="J05AX12" />
</DRUG>
</DRUG1>
<DRUG2>
<CLASS name="ANTICONVULSANT ENZYMATIC INDUCERS" code="N03A-001" /></DRUG2>
<DESCRIPTION>Decrease of the plasma concentrations of dolutegravir by increase of its metabolism by the inducer</DESCRIPTION>
<SEVERITY>Not recommended</SEVERITY>
</INTERACTION>
<INTERACTION>
<SOURCE>
<CLINICAL_SOURCE>ANSM</CLINICAL_SOURCE>
<SOURCE_FILE>188-DOLUTEGRAVIR.html
</SOURCE_FILE>
</SOURCE>
<DRUG1>
<DRUG name="DOLUTEGRAVIR" rxcui="1433868">
<ATC code="J05AX12" />
</DRUG>
</DRUG1>
<DRUG2>
<DRUG name="DOFETILIDE" rxcui="49247">
<ATC code="C01BD04" />
</DRUG>
</DRUG2>
<DESCRIPTION>Risk of increase of the plasma concentration of dofetilide by the dolutegravir (inhibition of the renal elimination of the dofetilide).</DESCRIPTION>
<SEVERITY>Contraindication</SEVERITY>
</INTERACTION>
<INTERACTION>
<SOURCE>
<CLINICAL_SOURCE>ANSM</CLINICAL_SOURCE>
<SOURCE_FILE>188-DOLUTEGRAVIR.html
</SOURCE_FILE>
</SOURCE>
<DRUG1>
<DRUG name="DOLUTEGRAVIR" rxcui="1433868">
<ATC code="J05AX12" />
</DRUG>
</DRUG1>
<DRUG2>
<DRUG name="ST JOHNS WORT" rxcui="258326">
</DRUG>
</DRUG2>
<DESCRIPTION>Risk of decrease of the plasma concentrations of dolutegravir due to increase of its metabolism by the St Johns wort.</DESCRIPTION>
<SEVERITY>Not recommended</SEVERITY>
</INTERACTION>
<INTERACTION>
<SOURCE>
<CLINICAL_SOURCE>ANSM</CLINICAL_SOURCE>
<SOURCE_FILE>188-DOLUTEGRAVIR.html
</SOURCE_FILE>
</SOURCE>
<DRUG1>
<DRUG name="DOLUTEGRAVIR" rxcui="1433868">
<ATC code="J05AX12" />
</DRUG>
</DRUG1>
<DRUG2>
<DRUG name="RIFAMPICIN" rxcui="9384">
<ATC code="J04AB02" />
<ATC code="J04AM02" />
<ATC code="J04AM05" />
<ATC code="J04AM06" />
</DRUG>
</DRUG2>
<DESCRIPTION>Decrease of the plasma concentrations of dolutegravir due to increase of its metabolism by the inducer. </DESCRIPTION>
<SEVERITY>Not recommended</SEVERITY>
<COMMENT>--in case of resistance to the class of integrase inhibitors.</COMMENT>
</INTERACTION>
</INTERACTIONS>
