<?xml version="1.0" encoding="utf-8" ?>
<INTERACTIONS>
<INTERACTION>
<SOURCE>
<CLINICAL_SOURCE>ANSM</CLINICAL_SOURCE>
<SOURCE_FILE>192-DOXYCYCLINE.html
</SOURCE_FILE>
</SOURCE>
<DRUG1>
<DRUG name="DOXYCYCLINE" rxcui="3640">
<ATC code="A01AB22" />
<ATC code="J01AA02" />
</DRUG>
</DRUG1>
<DRUG2>
<CLASS name="ANTICONVULSANT ENZYMATIC INDUCERS" code="N03A-001" /></DRUG2>
<DESCRIPTION>Decrease of the plasma concentations of the doxycycline due to increase of its hepatic metabolism by the inducer</DESCRIPTION>
<SEVERITY>Precaution for use</SEVERITY>
<COMMENT>Clinical monitoring and possible adjustment of the dosage of the doxycycline. </COMMENT>
</INTERACTION>
</INTERACTIONS>
