<?xml version="1.0" encoding="utf-8" ?>
<INTERACTIONS>
<INTERACTION>
<SOURCE>
<CLINICAL_SOURCE>ANSM</CLINICAL_SOURCE>
<SOURCE_FILE>196-EBASTINE.html
</SOURCE_FILE>
</SOURCE>
<DRUG1>
<DRUG name="EBASTINE" rxcui="23796">
<ATC code="R06AX22" />
</DRUG>
</DRUG1>
<DRUG2>
<DRUG name="CLARITHROMYCIN" rxcui="21212">
<ATC code="J01FA09" />
</DRUG>
</DRUG2>
<DESCRIPTION>Increased risk of ventricular arrhythmias in predisposed patients (congenital long QT syndrome)</DESCRIPTION>
<SEVERITY>Not recommended</SEVERITY>
</INTERACTION>
<INTERACTION>
<SOURCE>
<CLINICAL_SOURCE>ANSM</CLINICAL_SOURCE>
<SOURCE_FILE>196-EBASTINE.html
</SOURCE_FILE>
</SOURCE>
<DRUG1>
<DRUG name="EBASTINE" rxcui="23796">
<ATC code="R06AX22" />
</DRUG>
</DRUG1>
<DRUG2>
<DRUG name="ERYTHROMYCIN" rxcui="4053">
<ATC code="D10AF02" />
<ATC code="D10AF52" />
<ATC code="J01FA01" />
<ATC code="S01AA17" />
</DRUG>
</DRUG2>
<DESCRIPTION>Increased risk of ventricular arrhythmias in predisposed patients (congenital long QT syndrome)</DESCRIPTION>
<SEVERITY>Not recommended</SEVERITY>
</INTERACTION>
<INTERACTION>
<SOURCE>
<CLINICAL_SOURCE>ANSM</CLINICAL_SOURCE>
<SOURCE_FILE>196-EBASTINE.html
</SOURCE_FILE>
</SOURCE>
<DRUG1>
<DRUG name="EBASTINE" rxcui="23796">
<ATC code="R06AX22" />
</DRUG>
</DRUG1>
<DRUG2>
<DRUG name="ITRACONAZOLE" rxcui="28031">
<ATC code="J02AC02" />
</DRUG>
</DRUG2>
<DESCRIPTION>Increased risk of ventricular arrhythmias in predisposed patients (congenital long QT syndrome)</DESCRIPTION>
<SEVERITY>Not recommended</SEVERITY>
</INTERACTION>
<INTERACTION>
<SOURCE>
<CLINICAL_SOURCE>ANSM</CLINICAL_SOURCE>
<SOURCE_FILE>196-EBASTINE.html
</SOURCE_FILE>
</SOURCE>
<DRUG1>
<DRUG name="EBASTINE" rxcui="23796">
<ATC code="R06AX22" />
</DRUG>
</DRUG1>
<DRUG2>
<DRUG name="JOSAMYCIN" rxcui="6084">
<ATC code="J01FA07" />
</DRUG>
</DRUG2>
<DESCRIPTION>Increased risk of ventricular arrhythmias in predisposed patients (congenital long QT syndrome)</DESCRIPTION>
<SEVERITY>Not recommended</SEVERITY>
</INTERACTION>
<INTERACTION>
<SOURCE>
<CLINICAL_SOURCE>ANSM</CLINICAL_SOURCE>
<SOURCE_FILE>196-EBASTINE.html
</SOURCE_FILE>
</SOURCE>
<DRUG1>
<DRUG name="EBASTINE" rxcui="23796">
<ATC code="R06AX22" />
</DRUG>
</DRUG1>
<DRUG2>
<DRUG name="KETOCONAZOLE" rxcui="6135">
<ATC code="D01AC08" />
<ATC code="G01AF11" />
<ATC code="J02AB02" />
</DRUG>
</DRUG2>
<DESCRIPTION>Increased risk of ventricular arrhythmias in predisposed patients (congenital long QT syndrome)</DESCRIPTION>
<SEVERITY>Not recommended</SEVERITY>
</INTERACTION>
</INTERACTIONS>
