<?xml version="1.0" encoding="utf-8" ?>
<INTERACTIONS>
<INTERACTION>
<SOURCE>
<CLINICAL_SOURCE>ANSM</CLINICAL_SOURCE>
<SOURCE_FILE>200-ELVITEGRAVIR.html
</SOURCE_FILE>
</SOURCE>
<DRUG1>
<DRUG name="ELVITEGRAVIR" rxcui="1306286">
<ATC code="J05AX11" />
<ATC code="J05AR09" />
</DRUG>
</DRUG1>
<DRUG2>
<CLASS name="COMBINED ESTROGEN-PROGESTIN CONTRACEPTIVES" code="G03AB-001" /></DRUG2>
<DESCRIPTION>Decrease of the concentrations of ethinylestradiol, with risk of lower contraceptive effectiveness. Furthermore, increase of the concentrations of the progestin</DESCRIPTION>
<SEVERITY>Precaution for use</SEVERITY>
<COMMENT>Use an estroprogestin contraceptive with at leaset 30ug of ethinylestradiol. </COMMENT>
</INTERACTION>
<INTERACTION>
<SOURCE>
<CLINICAL_SOURCE>ANSM</CLINICAL_SOURCE>
<SOURCE_FILE>200-ELVITEGRAVIR.html
</SOURCE_FILE>
</SOURCE>
<DRUG1>
<DRUG name="ELVITEGRAVIR" rxcui="1306286">
<ATC code="J05AX11" />
<ATC code="J05AR09" />
</DRUG>
</DRUG1>
<DRUG2>
<DRUG name="RIFABUTIN" rxcui="55672">
<ATC code="J04AB04" />
</DRUG>
</DRUG2>
<DESCRIPTION>Decrease of the minimal concentrations of elvitegravir</DESCRIPTION>
<SEVERITY>Take into account</SEVERITY>
</INTERACTION>
</INTERACTIONS>
