<?xml version="1.0" encoding="utf-8" ?>
<INTERACTIONS>
<INTERACTION>
<SOURCE>
<CLINICAL_SOURCE>ANSM</CLINICAL_SOURCE>
<SOURCE_FILE>207-ERYTHROMYCIN.html
</SOURCE_FILE>
</SOURCE>
<DRUG1>
<DRUG name="ERYTHROMYCIN" rxcui="4053">
<ATC code="D10AF02" />
<ATC code="D10AF52" />
<ATC code="J01FA01" />
<ATC code="S01AA17" />
</DRUG>
</DRUG1>
<DRUG2>
<DRUG name="AFATINIB" rxcui="1430438">
<ATC code="L01XE13" />
</DRUG>
</DRUG2>
<DESCRIPTION>Increase of the plasma concentrations of afatinib by increase of its absorption by the erythromycin</DESCRIPTION>
<SEVERITY>Precaution for use</SEVERITY>
<COMMENT>It is recommendedthat the erythromycin be administered as distant as possible from the afatinib, preferably at an interval of 6 to 12 hours from the dose of afatinib.</COMMENT>
</INTERACTION>
<INTERACTION>
<SOURCE>
<CLINICAL_SOURCE>ANSM</CLINICAL_SOURCE>
<SOURCE_FILE>207-ERYTHROMYCIN.html
</SOURCE_FILE>
</SOURCE>
<DRUG1>
<DRUG name="ERYTHROMYCIN" rxcui="4053">
<ATC code="D10AF02" />
<ATC code="D10AF52" />
<ATC code="J01FA01" />
<ATC code="S01AA17" />
</DRUG>
</DRUG1>
<DRUG2>
<CLASS name="VASOCONSTRICTOR ALKALOIDS OF ERGOT OF RYE" code="N02CA0-001" /></DRUG2>
<DESCRIPTION>Risk of constriction of coronary blood vessels or those of the extremities (ergotism), or of rapid elevation of blood pressure</DESCRIPTION>
<SEVERITY>Contraindication</SEVERITY>
</INTERACTION>
<INTERACTION>
<SOURCE>
<CLINICAL_SOURCE>ANSM</CLINICAL_SOURCE>
<SOURCE_FILE>207-ERYTHROMYCIN.html
</SOURCE_FILE>
</SOURCE>
<DRUG1>
<DRUG name="ERYTHROMYCIN" rxcui="4053">
<ATC code="D10AF02" />
<ATC code="D10AF52" />
<ATC code="J01FA01" />
<ATC code="S01AA17" />
</DRUG>
</DRUG1>
<DRUG2>
<DRUG name="ALFENTANIL" rxcui="480">
<ATC code="N01AH02" />
</DRUG>
</DRUG2>
<DESCRIPTION>Increase of the opioid analgesic&#39;s effect of respiratory depression due to decrease of its hepatic metabolism</DESCRIPTION>
<SEVERITY>Precaution for use</SEVERITY>
<COMMENT>Adjust the dosage of the alfentanil when administered with the erythromycin</COMMENT>
</INTERACTION>
<INTERACTION>
<SOURCE>
<CLINICAL_SOURCE>ANSM</CLINICAL_SOURCE>
<SOURCE_FILE>207-ERYTHROMYCIN.html
</SOURCE_FILE>
</SOURCE>
<DRUG1>
<DRUG name="ERYTHROMYCIN" rxcui="4053">
<ATC code="D10AF02" />
<ATC code="D10AF52" />
<ATC code="J01FA01" />
<ATC code="S01AA17" />
</DRUG>
</DRUG1>
<DRUG2>
<DRUG name="ATORVASTATIN" rxcui="83367">
<ATC code="C10AA05" />
</DRUG>
</DRUG2>
<DESCRIPTION>Increased risk of undesirable effects (concentration-dependant) of the rhabodmyolysis type due to decrease of the hepatic metabolism of the cholesterol lowering agent</DESCRIPTION>
<SEVERITY>Precaution for use</SEVERITY>
<COMMENT>Use weaker doses of the cholesterol lowering medication. If the therapeutic objective is not reached. use another statin not affected by this type of interaction.</COMMENT>
</INTERACTION>
<INTERACTION>
<SOURCE>
<CLINICAL_SOURCE>ANSM</CLINICAL_SOURCE>
<SOURCE_FILE>207-ERYTHROMYCIN.html
</SOURCE_FILE>
</SOURCE>
<DRUG1>
<DRUG name="ERYTHROMYCIN" rxcui="4053">
<ATC code="D10AF02" />
<ATC code="D10AF52" />
<ATC code="J01FA01" />
<ATC code="S01AA17" />
</DRUG>
</DRUG1>
<DRUG2>
<DRUG name="BUSPIRONE" rxcui="1827">
<ATC code="N05BE01" />
</DRUG>
</DRUG2>
<DESCRIPTION>Increase of the plasma concentrations of the buspirone due to decrease of its hepatic metabolism, with substantial increase of sedation</DESCRIPTION>
<SEVERITY>Not recommended</SEVERITY>
</INTERACTION>
<INTERACTION>
<SOURCE>
<CLINICAL_SOURCE>ANSM</CLINICAL_SOURCE>
<SOURCE_FILE>207-ERYTHROMYCIN.html
</SOURCE_FILE>
</SOURCE>
<DRUG1>
<DRUG name="ERYTHROMYCIN" rxcui="4053">
<ATC code="D10AF02" />
<ATC code="D10AF52" />
<ATC code="J01FA01" />
<ATC code="S01AA17" />
</DRUG>
</DRUG1>
<DRUG2>
<DRUG name="CARBAMAZEPINE" rxcui="2002">
<ATC code="N03AF01" />
</DRUG>
</DRUG2>
<DESCRIPTION>Increase of the plasma concentrations of carbamazepine with signs of overdose, due to inhibition of its hepatic metabolism</DESCRIPTION>
<SEVERITY>Not recommended</SEVERITY>
<COMMENT>It is possible to use other macrolides (except spiramycine) whose interference on the clinical level is currently considered minimal or nonexistent. However, in cases of Legionnaires' disease, erythromycin is still the antibiotic of choice; clinical monitoring with testing of plasma concentrations of carbamazepine is thus preferable in this specialized environment. </COMMENT>
</INTERACTION>
<INTERACTION>
<SOURCE>
<CLINICAL_SOURCE>ANSM</CLINICAL_SOURCE>
<SOURCE_FILE>207-ERYTHROMYCIN.html
</SOURCE_FILE>
</SOURCE>
<DRUG1>
<DRUG name="ERYTHROMYCIN" rxcui="4053">
<ATC code="D10AF02" />
<ATC code="D10AF52" />
<ATC code="J01FA01" />
<ATC code="S01AA17" />
</DRUG>
</DRUG1>
<DRUG2>
<DRUG name="DARIFENACIN" rxcui="136198">
<ATC code="G04BD10" />
</DRUG>
</DRUG2>
<DESCRIPTION>Increase of the concentrations of darifenacin, with risk of increase of its undesirable effects.</DESCRIPTION>
<SEVERITY>Precaution for use</SEVERITY>
<COMMENT>Clinical monitoring and possible adjustment of the dosage of darifenacin.</COMMENT>
</INTERACTION>
<INTERACTION>
<SOURCE>
<CLINICAL_SOURCE>ANSM</CLINICAL_SOURCE>
<SOURCE_FILE>207-ERYTHROMYCIN.html
</SOURCE_FILE>
</SOURCE>
<DRUG1>
<DRUG name="ERYTHROMYCIN" rxcui="4053">
<ATC code="D10AF02" />
<ATC code="D10AF52" />
<ATC code="J01FA01" />
<ATC code="S01AA17" />
</DRUG>
</DRUG1>
<DRUG2>
<DRUG name="DEXAMETHASONE" rxcui="3264">
<ATC code="A01AC02" />
<ATC code="C05AA09" />
<ATC code="D07AB19" />
<ATC code="D07XB05" />
<ATC code="D10AA03" />
<ATC code="H02AB02" />
<ATC code="R01AD03" />
<ATC code="S01BA01" />
<ATC code="S01CB01" />
<ATC code="S02BA06" />
<ATC code="S03BA01" />
<ATC code="D07CB04" />
<ATC code="S01CA01" />
<ATC code="S02CA06" />
<ATC code="S03CA01" />
<ATC code="R01AD53" />
</DRUG>
</DRUG2>
<DESCRIPTION>Increase of the plasma concentrations of the dexamethasone due to decrease of its hepatic metabolism by the enzyme inhibitor, with risk of appearance of Cushing&#39;s syndrome</DESCRIPTION>
<SEVERITY>Take into account </SEVERITY>
</INTERACTION>
<INTERACTION>
<SOURCE>
<CLINICAL_SOURCE>ANSM</CLINICAL_SOURCE>
<SOURCE_FILE>207-ERYTHROMYCIN.html
</SOURCE_FILE>
</SOURCE>
<DRUG1>
<DRUG name="ERYTHROMYCIN" rxcui="4053">
<ATC code="D10AF02" />
<ATC code="D10AF52" />
<ATC code="J01FA01" />
<ATC code="S01AA17" />
</DRUG>
</DRUG1>
<DRUG2>
<DRUG name="DIGOXIN " rxcui="3407">
<ATC code="C01AA05" />
</DRUG>
</DRUG2>
<DESCRIPTION>Increase of the digoxinemia due to increase of its absorption </DESCRIPTION>
<SEVERITY>Precaution for use</SEVERITY>
<COMMENT>Clinical monitoring and possibly monitoring of the digoxinemia during the treatment with the erithromycin and after it is stopped. </COMMENT>
</INTERACTION>
<INTERACTION>
<SOURCE>
<CLINICAL_SOURCE>ANSM</CLINICAL_SOURCE>
<SOURCE_FILE>207-ERYTHROMYCIN.html
</SOURCE_FILE>
</SOURCE>
<DRUG1>
<DRUG name="ERYTHROMYCIN" rxcui="4053">
<ATC code="D10AF02" />
<ATC code="D10AF52" />
<ATC code="J01FA01" />
<ATC code="S01AA17" />
</DRUG>
</DRUG1>
<DRUG2>
<DRUG name="DISOPYRAMIDE" rxcui="3541">
<ATC code="C01BA03" />
</DRUG>
</DRUG2>
<DESCRIPTION>Risk of increase of the undesirable effects of the disopyramide: severe hypoglyclemia, lengthening of the QT interval, and serious ventricular arrhythmias, especially of the torsades de pointes type</DESCRIPTION>
<SEVERITY>Not recommended</SEVERITY>
<COMMENT>Regular clinical monitoring, laboratory tests, and EKG</COMMENT>
</INTERACTION>
<INTERACTION>
<SOURCE>
<CLINICAL_SOURCE>ANSM</CLINICAL_SOURCE>
<SOURCE_FILE>207-ERYTHROMYCIN.html
</SOURCE_FILE>
</SOURCE>
<DRUG1>
<DRUG name="ERYTHROMYCIN" rxcui="4053">
<ATC code="D10AF02" />
<ATC code="D10AF52" />
<ATC code="J01FA01" />
<ATC code="S01AA17" />
</DRUG>
</DRUG1>
<DRUG2>
<DRUG name="EBASTINE" rxcui="23796">
<ATC code="R06AX22" />
</DRUG>
</DRUG2>
<DESCRIPTION>Increased risk of ventricular arrhythmias in predisposed patients (congenital long QT syndrome)</DESCRIPTION>
<SEVERITY>Not recommended</SEVERITY>
</INTERACTION>
<INTERACTION>
<SOURCE>
<CLINICAL_SOURCE>ANSM</CLINICAL_SOURCE>
<SOURCE_FILE>207-ERYTHROMYCIN.html
</SOURCE_FILE>
</SOURCE>
<DRUG1>
<DRUG name="ERYTHROMYCIN" rxcui="4053">
<ATC code="D10AF02" />
<ATC code="D10AF52" />
<ATC code="J01FA01" />
<ATC code="S01AA17" />
</DRUG>
</DRUG1>
<DRUG2>
<DRUG name="FESOTERODINE" rxcui="797195">
<ATC code="G04BD11" />
</DRUG>
</DRUG2>
<DESCRIPTION>Increase of the concentrations of fesoterodine with patients who are slow metabolizers, with risk of overdose.</DESCRIPTION>
<SEVERITY>Not recommended</SEVERITY>
</INTERACTION>
<INTERACTION>
<SOURCE>
<CLINICAL_SOURCE>ANSM</CLINICAL_SOURCE>
<SOURCE_FILE>207-ERYTHROMYCIN.html
</SOURCE_FILE>
</SOURCE>
<DRUG1>
<DRUG name="ERYTHROMYCIN" rxcui="4053">
<ATC code="D10AF02" />
<ATC code="D10AF52" />
<ATC code="J01FA01" />
<ATC code="S01AA17" />
</DRUG>
</DRUG1>
<DRUG2>
<DRUG name="FIDAXOMICIN" rxcui="1111103">
<ATC code="A07AA12" />
</DRUG>
</DRUG2>
<DESCRIPTION>Increase of the plasma concentrations of the fidaxomicin</DESCRIPTION>
<SEVERITY>Not recommended</SEVERITY>
</INTERACTION>
<INTERACTION>
<SOURCE>
<CLINICAL_SOURCE>ANSM</CLINICAL_SOURCE>
<SOURCE_FILE>207-ERYTHROMYCIN.html
</SOURCE_FILE>
</SOURCE>
<DRUG1>
<DRUG name="ERYTHROMYCIN" rxcui="4053">
<ATC code="D10AF02" />
<ATC code="D10AF52" />
<ATC code="J01FA01" />
<ATC code="S01AA17" />
</DRUG>
</DRUG1>
<DRUG2>
<DRUG name="GLIBENCLAMIDE" rxcui="4815">
<ATC code="A10BB01" />
</DRUG>
</DRUG2>
<DESCRIPTION>Risk of hypoglycemia due to increase of the absorption and of the plasma concentrations of the antidiabetic</DESCRIPTION>
<SEVERITY>Precaution for use</SEVERITY>
<COMMENT>Inform the patient, strengthen self-monitoring of blood glucose, and possibly adjust the dosage of the blood glucose lowering sulfonamide during the treatment with the erythromycin.</COMMENT>
</INTERACTION>
<INTERACTION>
<SOURCE>
<CLINICAL_SOURCE>ANSM</CLINICAL_SOURCE>
<SOURCE_FILE>207-ERYTHROMYCIN.html
</SOURCE_FILE>
</SOURCE>
<DRUG1>
<DRUG name="ERYTHROMYCIN" rxcui="4053">
<ATC code="D10AF02" />
<ATC code="D10AF52" />
<ATC code="J01FA01" />
<ATC code="S01AA17" />
</DRUG>
</DRUG1>
<DRUG2>
<DRUG name="GLIMEPIRIDE" rxcui="25789">
<ATC code="A10BB12" />
<ATC code="A10BD06" />
</DRUG>
</DRUG2>
<DESCRIPTION>Risk of hypoglycemia due to increase of the absorption and of the plasma concentrations of the antidiabetic</DESCRIPTION>
<SEVERITY>Precaution for use</SEVERITY>
<COMMENT>Inform the patient, reinforce self- monitoring of blood glucose and possibly adjust the dosage of the blood glucose lowering sulfonamide during the treatment with the erythromycin.</COMMENT>
</INTERACTION>
<INTERACTION>
<SOURCE>
<CLINICAL_SOURCE>ANSM</CLINICAL_SOURCE>
<SOURCE_FILE>207-ERYTHROMYCIN.html
</SOURCE_FILE>
</SOURCE>
<DRUG1>
<DRUG name="ERYTHROMYCIN" rxcui="4053">
<ATC code="D10AF02" />
<ATC code="D10AF52" />
<ATC code="J01FA01" />
<ATC code="S01AA17" />
</DRUG>
</DRUG1>
<DRUG2>
<DRUG name="HALOFANTRINE" rxcui="50749">
<ATC code="P01BX01" />
</DRUG>
</DRUG2>
<DESCRIPTION>Increased risk of ventricular arrhythmias, especially of torsades de pointes</DESCRIPTION>
<SEVERITY>Not recommended</SEVERITY>
<COMMENT>If possible, interrupt the macrolide. If administering the substances together cannot be avoided, testing of the QT beforehand and EKG monitoring.</COMMENT>
</INTERACTION>
<INTERACTION>
<SOURCE>
<CLINICAL_SOURCE>ANSM</CLINICAL_SOURCE>
<SOURCE_FILE>207-ERYTHROMYCIN.html
</SOURCE_FILE>
</SOURCE>
<DRUG1>
<DRUG name="ERYTHROMYCIN" rxcui="4053">
<ATC code="D10AF02" />
<ATC code="D10AF52" />
<ATC code="J01FA01" />
<ATC code="S01AA17" />
</DRUG>
</DRUG1>
<DRUG2>
<CLASS name="IMMUNOSUPPRESSANTS" code="L04A" /></DRUG2>
<DESCRIPTION>Very large increase of the blood concentrations of the immunosuppressant due to inhibition of its hepatic metabolism</DESCRIPTION>
<SEVERITY>Not recommended</SEVERITY>
<COMMENT>If these medications are administered together, strict testing of the renal function, blood concentration dosage of the immunosuppressant, and possible adjustment of the dosage.</COMMENT>
</INTERACTION>
<INTERACTION>
<SOURCE>
<CLINICAL_SOURCE>ANSM</CLINICAL_SOURCE>
<SOURCE_FILE>207-ERYTHROMYCIN.html
</SOURCE_FILE>
</SOURCE>
<DRUG1>
<DRUG name="ERYTHROMYCIN" rxcui="4053">
<ATC code="D10AF02" />
<ATC code="D10AF52" />
<ATC code="J01FA01" />
<ATC code="S01AA17" />
</DRUG>
</DRUG1>
<DRUG2>
<CLASS name="TYPE 5 PHOSPHODIESTERASE INHIBITORS" code="G04BE" /></DRUG2>
<DESCRIPTION>Increase of the plasma concentrations of the inhibitor of the PDE5, with risk of hypotension</DESCRIPTION>
<SEVERITY>Precaution for use</SEVERITY>
<COMMENT>Start the treatment with the PDE5 inhibitor at the minimum dose when administered with one of these medications. [sic]</COMMENT>
</INTERACTION>
<INTERACTION>
<SOURCE>
<CLINICAL_SOURCE>ANSM</CLINICAL_SOURCE>
<SOURCE_FILE>207-ERYTHROMYCIN.html
</SOURCE_FILE>
</SOURCE>
<DRUG1>
<DRUG name="ERYTHROMYCIN" rxcui="4053">
<ATC code="D10AF02" />
<ATC code="D10AF52" />
<ATC code="J01FA01" />
<ATC code="S01AA17" />
</DRUG>
</DRUG1>
<DRUG2>
<DRUG name="LUMEFANTRINE" rxcui="847728">
<ATC code="P01BF01" />
</DRUG>
</DRUG2>
<DESCRIPTION>Increased risk of ventricular arrhythmias, especially of torsades de pointes</DESCRIPTION>
<SEVERITY>Not recommended</SEVERITY>
<COMMENT>If this is possible, interrupt the medication tending to cause torsades de pointes. If administering the substances together cannot be avoided, testing of the QT beforehand and EKG monitoring. </COMMENT>
</INTERACTION>
<INTERACTION>
<SOURCE>
<CLINICAL_SOURCE>ANSM</CLINICAL_SOURCE>
<SOURCE_FILE>207-ERYTHROMYCIN.html
</SOURCE_FILE>
</SOURCE>
<DRUG1>
<DRUG name="ERYTHROMYCIN" rxcui="4053">
<ATC code="D10AF02" />
<ATC code="D10AF52" />
<ATC code="J01FA01" />
<ATC code="S01AA17" />
</DRUG>
</DRUG1>
<DRUG2>
<DRUG name="MIDAZOLAM" rxcui="6960">
<ATC code="N05CD0" />
</DRUG>
</DRUG2>
<DESCRIPTION>Increase of the plasma concentrations of midazolam due to decrease of its hepatic metabolism, with increase of sedation, especially with children</DESCRIPTION>
<SEVERITY>Precaution for use</SEVERITY>
<COMMENT>Clinical monitoring and reduction of the dosage during the treatment with the erythromycin.</COMMENT>
</INTERACTION>
<INTERACTION>
<SOURCE>
<CLINICAL_SOURCE>ANSM</CLINICAL_SOURCE>
<SOURCE_FILE>207-ERYTHROMYCIN.html
</SOURCE_FILE>
</SOURCE>
<DRUG1>
<DRUG name="ERYTHROMYCIN" rxcui="4053">
<ATC code="D10AF02" />
<ATC code="D10AF52" />
<ATC code="J01FA01" />
<ATC code="S01AA17" />
</DRUG>
</DRUG1>
<DRUG2>
<DRUG name="MIZOLASTINE" rxcui="61455">
<ATC code="R06AX25" />
</DRUG>
</DRUG2>
<DESCRIPTION>Risk of ventricular arrhythmias, especially of torsades de pointes</DESCRIPTION>
<SEVERITY>Contraindication</SEVERITY>
</INTERACTION>
<INTERACTION>
<SOURCE>
<CLINICAL_SOURCE>ANSM</CLINICAL_SOURCE>
<SOURCE_FILE>207-ERYTHROMYCIN.html
</SOURCE_FILE>
</SOURCE>
<DRUG1>
<DRUG name="ERYTHROMYCIN" rxcui="4053">
<ATC code="D10AF02" />
<ATC code="D10AF52" />
<ATC code="J01FA01" />
<ATC code="S01AA17" />
</DRUG>
</DRUG1>
<DRUG2>
<DRUG name="PRAVASTATIN" rxcui="42463">
<ATC code="C10AA03" />
</DRUG>
</DRUG2>
<DESCRIPTION>With the erythromycin administered by oral route: increase of the plasma concentration of the pravastatin by the erythromycin</DESCRIPTION>
<SEVERITY>Precaution for use</SEVERITY>
<COMMENT>Clinical monitoring and laboratory tests during the treatment with the antibiotic.</COMMENT>
</INTERACTION>
<INTERACTION>
<SOURCE>
<CLINICAL_SOURCE>ANSM</CLINICAL_SOURCE>
<SOURCE_FILE>207-ERYTHROMYCIN.html
</SOURCE_FILE>
</SOURCE>
<DRUG1>
<DRUG name="ERYTHROMYCIN" rxcui="4053">
<ATC code="D10AF02" />
<ATC code="D10AF52" />
<ATC code="J01FA01" />
<ATC code="S01AA17" />
</DRUG>
</DRUG1>
<DRUG2>
<DRUG name="SIMVASTATIN" rxcui="36567">
<ATC code="C10AA01" />
</DRUG>
</DRUG2>
<DESCRIPTION>Increased risk of undesirable effects (concentration-dependent) of the rhabdomyolysis type (decrease of the hepatic metabolism of the cholesterol lowering agent). </DESCRIPTION>
<SEVERITY>Contraindication</SEVERITY>
</INTERACTION>
<INTERACTION>
<SOURCE>
<CLINICAL_SOURCE>ANSM</CLINICAL_SOURCE>
<SOURCE_FILE>207-ERYTHROMYCIN.html
</SOURCE_FILE>
</SOURCE>
<DRUG1>
<DRUG name="ERYTHROMYCIN" rxcui="4053">
<ATC code="D10AF02" />
<ATC code="D10AF52" />
<ATC code="J01FA01" />
<ATC code="S01AA17" />
</DRUG>
</DRUG1>
<DRUG2>
<DRUG name="SOLIFENACIN" rxcui="322167">
<ATC code="G04BD08" />
<ATC code="G04CA53" />
</DRUG>
</DRUG2>
<DESCRIPTION>Increase of the concentrations of solifenacin, with risk of overdose</DESCRIPTION>
<SEVERITY>Precaution for use</SEVERITY>
<COMMENT>Clinical monitoring and possible adjustment of the dosage of solifenacin.</COMMENT>
</INTERACTION>
<INTERACTION>
<SOURCE>
<CLINICAL_SOURCE>ANSM</CLINICAL_SOURCE>
<SOURCE_FILE>207-ERYTHROMYCIN.html
</SOURCE_FILE>
</SOURCE>
<DRUG1>
<DRUG name="ERYTHROMYCIN" rxcui="4053">
<ATC code="D10AF02" />
<ATC code="D10AF52" />
<ATC code="J01FA01" />
<ATC code="S01AA17" />
</DRUG>
</DRUG1>
<DRUG2>
<CLASS name="THEOPHYLLINE (AND, BY EXTRAPOLATION, AMINOPHYLLINE)" code="R03DA" /></DRUG2>
<DESCRIPTION>Overdose of theophylline due to decrease of its hepatic elimination, more particularly dangerous in children</DESCRIPTION>
<SEVERITY>Not recommended</SEVERITY>
<COMMENT>It is possible to use other macrolides (except spiramycin) whose interference at the clinical level is currently considered minimum or nonexistent. However, in the case of legionnaire's disease, erythromycin remains the antibiotic of choice; clinical monitoring, with testing of the plasma concentrations of theophylline, is thus desirable in this special instance. </COMMENT>
</INTERACTION>
<INTERACTION>
<SOURCE>
<CLINICAL_SOURCE>ANSM</CLINICAL_SOURCE>
<SOURCE_FILE>207-ERYTHROMYCIN.html
</SOURCE_FILE>
</SOURCE>
<DRUG1>
<DRUG name="ERYTHROMYCIN" rxcui="4053">
<ATC code="D10AF02" />
<ATC code="D10AF52" />
<ATC code="J01FA01" />
<ATC code="S01AA17" />
</DRUG>
</DRUG1>
<DRUG2>
<DRUG name="TOLTERODINE" rxcui="119565">
<ATC code="G04BD07" />
</DRUG>
</DRUG2>
<DESCRIPTION>Increase of the concentrations of tolterodine in patients who are slow metabolizers, with risk of overdose</DESCRIPTION>
<SEVERITY>Not recommended</SEVERITY>
</INTERACTION>
<INTERACTION>
<SOURCE>
<CLINICAL_SOURCE>ANSM</CLINICAL_SOURCE>
<SOURCE_FILE>207-ERYTHROMYCIN.html
</SOURCE_FILE>
</SOURCE>
<DRUG1>
<DRUG name="ERYTHROMYCIN" rxcui="4053">
<ATC code="D10AF02" />
<ATC code="D10AF52" />
<ATC code="J01FA01" />
<ATC code="S01AA17" />
</DRUG>
</DRUG1>
<DRUG2>
<DRUG name="VENLAFAXINE" rxcui="39786">
<ATC code="N06AX16" />
</DRUG>
</DRUG2>
<DESCRIPTION>Increase of the concentrations of venlafaxine with risk of overdose</DESCRIPTION>
<SEVERITY>Take into account</SEVERITY>
</INTERACTION>
<INTERACTION>
<SOURCE>
<CLINICAL_SOURCE>ANSM</CLINICAL_SOURCE>
<SOURCE_FILE>207-ERYTHROMYCIN.html
</SOURCE_FILE>
</SOURCE>
<DRUG1>
<DRUG name="ERYTHROMYCIN" rxcui="4053">
<ATC code="D10AF02" />
<ATC code="D10AF52" />
<ATC code="J01FA01" />
<ATC code="S01AA17" />
</DRUG>
</DRUG1>
<DRUG2>
<DRUG name="VERAPAMIL" rxcui="11170">
<ATC code="C08DA01" />
<ATC code="C08DA51" />
<ATC code="C09BB10" />
</DRUG>
</DRUG2>
<DESCRIPTION>Bradycardia and/or disorders of atrioventricular conduction, due to decrease of the hepatic metabolism of the verapamil by the erythromycin</DESCRIPTION>
<SEVERITY>Precaution for use</SEVERITY>
<COMMENT>Clinical monitoring and EKG; if there is reason for it, adjustment of the dosage of the verapamil during the treatment with the erythromycin and after it is stopped.</COMMENT>
</INTERACTION>
<INTERACTION>
<SOURCE>
<CLINICAL_SOURCE>ANSM</CLINICAL_SOURCE>
<SOURCE_FILE>207-ERYTHROMYCIN.html
</SOURCE_FILE>
</SOURCE>
<DRUG1>
<DRUG name="ERYTHROMYCIN" rxcui="4053">
<ATC code="D10AF02" />
<ATC code="D10AF52" />
<ATC code="J01FA01" />
<ATC code="S01AA17" />
</DRUG>
</DRUG1>
<DRUG2>
<CLASS name="VINCA ALKALOIDS" code="L01CA" /></DRUG2>
<DESCRIPTION>Risk of increase of the toxicity of the antimitotic due to decrease of its hepatic metabolism by the erythromycin.</DESCRIPTION>
<SEVERITY>Precaution for use</SEVERITY>
<COMMENT>Strict clinical monitoring and laboratory tests. Possibly use another antibiotic.</COMMENT>
</INTERACTION>
<INTERACTION>
<SOURCE>
<CLINICAL_SOURCE>ANSM</CLINICAL_SOURCE>
<SOURCE_FILE>207-ERYTHROMYCIN.html
</SOURCE_FILE>
</SOURCE>
<DRUG1>
<DRUG name="ERYTHROMYCIN" rxcui="4053">
<ATC code="D10AF02" />
<ATC code="D10AF52" />
<ATC code="J01FA01" />
<ATC code="S01AA17" />
</DRUG>
</DRUG1>
<DRUG2>
<DRUG name="ZOLPIDEM" rxcui="39993">
<ATC code="N05CF02" />
</DRUG>
</DRUG2>
<DESCRIPTION>Slight increase of the sedative effects of the zolpidem </DESCRIPTION>
<SEVERITY>Take into account</SEVERITY>
</INTERACTION>
<INTERACTION>
<SOURCE>
<CLINICAL_SOURCE>ANSM</CLINICAL_SOURCE>
<SOURCE_FILE>207-ERYTHROMYCIN.html
</SOURCE_FILE>
</SOURCE>
<DRUG1>
<DRUG name="ERYTHROMYCIN" rxcui="4053">
<ATC code="D10AF02" />
<ATC code="D10AF52" />
<ATC code="J01FA01" />
<ATC code="S01AA17" />
</DRUG>
</DRUG1>
<DRUG2>
<DRUG name="ZOPICLONE" rxcui="40001">
<ATC code="N05CF01" />
</DRUG>
</DRUG2>
<DESCRIPTION>Slight increase of the sedative effects of the zopiclone</DESCRIPTION>
<SEVERITY>Take into account</SEVERITY>
</INTERACTION>
</INTERACTIONS>
