<?xml version="1.0" encoding="utf-8" ?>
<INTERACTIONS>
<INTERACTION>
<SOURCE>
<CLINICAL_SOURCE>ANSM</CLINICAL_SOURCE>
<SOURCE_FILE>216-ETRAVIRINE.html
</SOURCE_FILE>
</SOURCE>
<DRUG1>
<DRUG name="ETRAVIRINE" rxcui="475969">
<ATC code="J05AG04" />
</DRUG>
</DRUG1>
<DRUG2>
<DRUG name="CLARITHROMYCIN" rxcui="21212">
<ATC code="J01FA09" />
</DRUG>
</DRUG2>
<DESCRIPTION>In the treatment of infections with Mycobacterium avium complex, risk of decrease of the effectiveness of the clarithromycin due to increase of its hepatic metabolism by the etravirine</DESCRIPTION>
<SEVERITY>Take into account</SEVERITY>
</INTERACTION>
</INTERACTIONS>
