<?xml version="1.0" encoding="utf-8" ?>
<INTERACTIONS>
<INTERACTION>
<SOURCE>
<CLINICAL_SOURCE>ANSM</CLINICAL_SOURCE>
<SOURCE_FILE>237-FOSAMPRENAVIR.html
</SOURCE_FILE>
</SOURCE>
<DRUG1>
<DRUG name="FOSAMPRENAVIR" rxcui="358262">
<ATC code="J05AE07" />
</DRUG>
</DRUG1>
<DRUG2>
<DRUG name="MARAVIROC" rxcui="620216">
<ATC code="J05AX09" />
</DRUG>
</DRUG2>
<DESCRIPTION>Significant decrease of the concentrations of amprenavir that can lead to a loss of viralogical response</DESCRIPTION>
<SEVERITY>Not recommended</SEVERITY>
</INTERACTION>
</INTERACTIONS>
