<?xml version="1.0" encoding="utf-8" ?>
<INTERACTIONS>
<INTERACTION>
<SOURCE>
<CLINICAL_SOURCE>ANSM</CLINICAL_SOURCE>
<SOURCE_FILE>253-HALOFANTRINE.html
</SOURCE_FILE>
</SOURCE>
<DRUG1>
<DRUG name="HALOFANTRINE" rxcui="50749">
<ATC code="P01BX01" />
</DRUG>
</DRUG1>
<DRUG2>
<DRUG name="GRAPEFRUIT JUICE" >
</DRUG>
</DRUG2>
<DESCRIPTION>Increased risk of ventricular arrhythmias, especially of torsades de pointes</DESCRIPTION>
<SEVERITY>Not recommended</SEVERITY>
</INTERACTION>
<INTERACTION>
<SOURCE>
<CLINICAL_SOURCE>ANSM</CLINICAL_SOURCE>
<SOURCE_FILE>253-HALOFANTRINE.html
</SOURCE_FILE>
</SOURCE>
<DRUG1>
<DRUG name="HALOFANTRINE" rxcui="50749">
<ATC code="P01BX01" />
</DRUG>
</DRUG1>
<DRUG2>
<CLASS name="AZOLE ANTIFUNGALS" code="J02AC-001" /></DRUG2>
<DESCRIPTION>Increased risk of ventricular arrhythmia, especially of torsades de pointes</DESCRIPTION>
<SEVERITY>Not recommended</SEVERITY>
<COMMENT>If this is possible, interrupt the azole antifungal. If administering the substances together cannot be avoided, testing of the QT before the beginning of the treatment and EKG monitoring</COMMENT>
</INTERACTION>
<INTERACTION>
<SOURCE>
<CLINICAL_SOURCE>ANSM</CLINICAL_SOURCE>
<SOURCE_FILE>253-HALOFANTRINE.html
</SOURCE_FILE>
</SOURCE>
<DRUG1>
<DRUG name="HALOFANTRINE" rxcui="50749">
<ATC code="P01BX01" />
</DRUG>
</DRUG1>
<DRUG2>
<DRUG name="CLARITHROMYCIN" rxcui="21212">
<ATC code="J01FA09" />
</DRUG>
</DRUG2>
<DESCRIPTION>Increased risk of ventricular arrhythmias, especially of torsades de pointes</DESCRIPTION>
<SEVERITY>Not recommended</SEVERITY>
<COMMENT>If this is possible, interrupt the macrolide. If administering the substances together cannot be avoided, test the QT before hand and monitor EKG.</COMMENT>
</INTERACTION>
<INTERACTION>
<SOURCE>
<CLINICAL_SOURCE>ANSM</CLINICAL_SOURCE>
<SOURCE_FILE>253-HALOFANTRINE.html
</SOURCE_FILE>
</SOURCE>
<DRUG1>
<DRUG name="HALOFANTRINE" rxcui="50749">
<ATC code="P01BX01" />
</DRUG>
</DRUG1>
<DRUG2>
<DRUG name="ERYTHROMYCIN" rxcui="4053">
<ATC code="D10AF02" />
<ATC code="D10AF52" />
<ATC code="J01FA01" />
<ATC code="S01AA17" />
</DRUG>
</DRUG2>
<DESCRIPTION>Increased risk of ventricular arrhythmias, especially of torsades de pointes</DESCRIPTION>
<SEVERITY>Not recommended</SEVERITY>
<COMMENT>If this is possible, interrupt the macrolide. If administering the substances together cannot be avoided, testing of the QT beforehand and monitor EKG.</COMMENT>
</INTERACTION>
<INTERACTION>
<SOURCE>
<CLINICAL_SOURCE>ANSM</CLINICAL_SOURCE>
<SOURCE_FILE>253-HALOFANTRINE.html
</SOURCE_FILE>
</SOURCE>
<DRUG1>
<DRUG name="HALOFANTRINE" rxcui="50749">
<ATC code="P01BX01" />
</DRUG>
</DRUG1>
<DRUG2>
<CLASS name="RITONAVIR BOOSTED PROTEASE INHIBITORS" code="J05AE-002" /></DRUG2>
<DESCRIPTION>Increased risk of ventricular arrhythmias, especially of torsades de pointes</DESCRIPTION>
<SEVERITY>Not recommended</SEVERITY>
</INTERACTION>
<INTERACTION>
<SOURCE>
<CLINICAL_SOURCE>ANSM</CLINICAL_SOURCE>
<SOURCE_FILE>253-HALOFANTRINE.html
</SOURCE_FILE>
</SOURCE>
<DRUG1>
<DRUG name="HALOFANTRINE" rxcui="50749">
<ATC code="P01BX01" />
</DRUG>
</DRUG1>
<DRUG2>
<DRUG name="JOSAMYCIN" rxcui="6084">
<ATC code="J01FA07" />
</DRUG>
</DRUG2>
<DESCRIPTION>Increased risk of ventricular arrhythmias, especially of torsades de pointes</DESCRIPTION>
<SEVERITY>Not recommended</SEVERITY>
<COMMENT>If this is possible, interrupt the macrolide. If administering these substances together cannot be avoided, testing before hand of the QT and EKG monitoring.</COMMENT>
</INTERACTION>
<INTERACTION>
<SOURCE>
<CLINICAL_SOURCE>ANSM</CLINICAL_SOURCE>
<SOURCE_FILE>253-HALOFANTRINE.html
</SOURCE_FILE>
</SOURCE>
<DRUG1>
<DRUG name="HALOFANTRINE" rxcui="50749">
<ATC code="P01BX01" />
</DRUG>
</DRUG1>
<DRUG2>
<DRUG name="MICONAZOLE" rxcui="6932">
<ATC code="A01AB09" />
<ATC code="A07AC01" />
<ATC code="D01AC02" />
<ATC code="G01AF04" />
<ATC code="J02AB01" />
<ATC code="S02AA13" />
<ATC code="D01AC52" />
</DRUG>
</DRUG2>
<DESCRIPTION>Increased risk of ventricular arrhythmias, especially of torsades de pointes</DESCRIPTION>
<SEVERITY>Not recommended</SEVERITY>
<COMMENT>If this is possible, interrupt the azole antifungal. If administering these substances together cannot be avoided, testing before hand of the QT and EKG monitoring.</COMMENT>
</INTERACTION>
<INTERACTION>
<SOURCE>
<CLINICAL_SOURCE>ANSM</CLINICAL_SOURCE>
<SOURCE_FILE>253-HALOFANTRINE.html
</SOURCE_FILE>
</SOURCE>
<DRUG1>
<DRUG name="HALOFANTRINE" rxcui="50749">
<ATC code="P01BX01" />
</DRUG>
</DRUG1>
<DRUG2>
<DRUG name="STIRIPENTOL" rxcui="37119">
<ATC code="N03AX17" />
</DRUG>
</DRUG2>
<DESCRIPTION>Increased risk of ventricular arrhythmias, especially of torsades de pointes</DESCRIPTION>
<SEVERITY>Not recommended</SEVERITY>
</INTERACTION>
</INTERACTIONS>
