<?xml version="1.0" encoding="utf-8" ?>
<INTERACTIONS>
<INTERACTION>
<SOURCE>
<CLINICAL_SOURCE>ANSM</CLINICAL_SOURCE>
<SOURCE_FILE>261-THYROID HORMONES.html
</SOURCE_FILE>
</SOURCE>
<DRUG1>
<CLASS name="THYROID HORMONES" code="H03AA" /></DRUG1>
<DRUG2>
<CLASS name="ANTICONVULSANT ENZYMATIC INDUCERS" code="N03A-001" /></DRUG2>
<DESCRIPTION>Risk of clinically low thyroid in patients with hypothyroidism due to increase of the metabolism of the T3 and of the T4

</DESCRIPTION>
<SEVERITY>Precaution for use</SEVERITY>
<COMMENT>Monitoring of the serum concentrations of T3 and T4 and adjustment, if needed, of the dosage of the thyroid hormones during the treatment with the inducer and after it is stopped. </COMMENT>
</INTERACTION>
<INTERACTION>
<SOURCE>
<CLINICAL_SOURCE>ANSM</CLINICAL_SOURCE>
<SOURCE_FILE>261-THYROID HORMONES.html
</SOURCE_FILE>
</SOURCE>
<DRUG1>
<CLASS name="THYROID HORMONES" code="H03AA" /></DRUG1>
<DRUG2>
<DRUG name="CALCIUM" rxcui="1428011">
<ATC code="A12AA" />
</DRUG>
</DRUG2>
<DESCRIPTION>Decrease of absorption of the thyroid hormones</DESCRIPTION>
<SEVERITY>Precaution for use</SEVERITY>
<COMMENT>Take the calcium salts at a different time from the thyroid hormones (more than 2 hours apart, if possible).</COMMENT>
</INTERACTION>
<INTERACTION>
<SOURCE>
<CLINICAL_SOURCE>ANSM</CLINICAL_SOURCE>
<SOURCE_FILE>261-THYROID HORMONES.html
</SOURCE_FILE>
</SOURCE>
<DRUG1>
<CLASS name="THYROID HORMONES" code="H03AA" /></DRUG1>
<DRUG2>
<DRUG name="CHLOROQUINE" rxcui="2393">
<ATC code="P01BA01" />
</DRUG>
</DRUG2>
<DESCRIPTION>Risk of clinical hypothyroidism in patients taking thyroid hormones in substitution therapy</DESCRIPTION>
<SEVERITY>Precaution for use</SEVERITY>
<COMMENT>Monitoring of the serum concentrations of T3 and T4 and adjustment of the dosage of the thyroid hormone if needed during the treatment with the antimalarial and after it is stopped.</COMMENT>
</INTERACTION>
<INTERACTION>
<SOURCE>
<CLINICAL_SOURCE>ANSM</CLINICAL_SOURCE>
<SOURCE_FILE>261-THYROID HORMONES.html
</SOURCE_FILE>
</SOURCE>
<DRUG1>
<CLASS name="THYROID HORMONES" code="H03AA" /></DRUG1>
<DRUG2>
<CLASS name="NON-CONTRACEPTIVE ESTROGENS" code="G03C-001" /></DRUG2>
<DESCRIPTION>Risk of clinical hypothyroidism in cases of estrogen substitution therapy</DESCRIPTION>
<SEVERITY>Precaution for use</SEVERITY>
<COMMENT>Clinical monitoring and laboratory tests; possible adjustment of the doses of the thyroid hormone for menopausal women taking estrogens.</COMMENT>
</INTERACTION>
<INTERACTION>
<SOURCE>
<CLINICAL_SOURCE>ANSM</CLINICAL_SOURCE>
<SOURCE_FILE>261-THYROID HORMONES.html
</SOURCE_FILE>
</SOURCE>
<DRUG1>
<CLASS name="THYROID HORMONES" code="H03AA" /></DRUG1>
<DRUG2>
<DRUG name="IRON" rxcui="1431589">
<ATC code="B03A" />
</DRUG>
</DRUG2>
<DESCRIPTION>Decrease of the digestive absorption of the thyroid hormones</DESCRIPTION>
<SEVERITY>Precaution for use</SEVERITY>
<COMMENT>Take the thyroid hormones at a different time from the iron (more than 2 hours apart, if possible).</COMMENT>
</INTERACTION>
<INTERACTION>
<SOURCE>
<CLINICAL_SOURCE>ANSM</CLINICAL_SOURCE>
<SOURCE_FILE>261-THYROID HORMONES.html
</SOURCE_FILE>
</SOURCE>
<DRUG1>
<CLASS name="THYROID HORMONES" code="H03AA" /></DRUG1>
<DRUG2>
<DRUG name="IMATINIB" rxcui="282388">
<ATC code="L01XE01" />
</DRUG>
</DRUG2>
<DESCRIPTION>Risk of reduction of the effectiveness of the thyroid hormones</DESCRIPTION>
<SEVERITY>Take into account</SEVERITY>
</INTERACTION>
<INTERACTION>
<SOURCE>
<CLINICAL_SOURCE>ANSM</CLINICAL_SOURCE>
<SOURCE_FILE>261-THYROID HORMONES.html
</SOURCE_FILE>
</SOURCE>
<DRUG1>
<CLASS name="THYROID HORMONES" code="H03AA" /></DRUG1>
<DRUG2>
<CLASS name="RITONAVIR BOOSTED PROTEASE INHIBITORS" code="J05AE-002" /></DRUG2>
<DESCRIPTION>Risk of reduction of the effectiveness of the thyroid hormones due to the increase of their hepatic metabolism by the ritonavir</DESCRIPTION>
<SEVERITY>Precaution for use</SEVERITY>
<COMMENT>Clinical monitoring and laboratory tests and possible adjustment of the dosage of the thyroid hormones.</COMMENT>
</INTERACTION>
<INTERACTION>
<SOURCE>
<CLINICAL_SOURCE>ANSM</CLINICAL_SOURCE>
<SOURCE_FILE>261-THYROID HORMONES.html
</SOURCE_FILE>
</SOURCE>
<DRUG1>
<CLASS name="THYROID HORMONES" code="H03AA" /></DRUG1>
<DRUG2>
<DRUG name="ORLISTAT" rxcui="37925">
<ATC code="A08AB01" />
</DRUG>
</DRUG2>
<DESCRIPTION>Risk of disequilibrium of the thyroid replacement therapy in cases where there is treatment with orlistat</DESCRIPTION>
<SEVERITY>Take into account</SEVERITY>
</INTERACTION>
<INTERACTION>
<SOURCE>
<CLINICAL_SOURCE>ANSM</CLINICAL_SOURCE>
<SOURCE_FILE>261-THYROID HORMONES.html
</SOURCE_FILE>
</SOURCE>
<DRUG1>
<CLASS name="THYROID HORMONES" code="H03AA" /></DRUG1>
<DRUG2>
<DRUG name="PROGUANIL" rxcui="2382">
<ATC code="P01BB01" />
<ATC code="P01BB51" />
</DRUG>
</DRUG2>
<DESCRIPTION>Risk of clinically low thyroid with patients having thyroid replacement therapy</DESCRIPTION>
<SEVERITY>Precaution for use</SEVERITY>
<COMMENT>Monitoring of the serum concentrations of T3 and T4 and adjustment if needed of the dosage of the thyroid hormone during the treatment with the antimalarial and after it is stopped. </COMMENT>
</INTERACTION>
<INTERACTION>
<SOURCE>
<CLINICAL_SOURCE>ANSM</CLINICAL_SOURCE>
<SOURCE_FILE>261-THYROID HORMONES.html
</SOURCE_FILE>
</SOURCE>
<DRUG1>
<CLASS name="THYROID HORMONES" code="H03AA" /></DRUG1>
<DRUG2>
<CLASS name="CHELATING RESINS" code="C10-V0" /></DRUG2>
<DESCRIPTION>Decrease of the digestive absorption of the thyroid hormones</DESCRIPTION>
<SEVERITY>Precaution for use</SEVERITY>
<COMMENT>Take the thyroid hormones at a different time from the resin (more than 2 hours apart, if possible).</COMMENT>
</INTERACTION>
<INTERACTION>
<SOURCE>
<CLINICAL_SOURCE>ANSM</CLINICAL_SOURCE>
<SOURCE_FILE>261-THYROID HORMONES.html
</SOURCE_FILE>
</SOURCE>
<DRUG1>
<CLASS name="THYROID HORMONES" code="H03AA" /></DRUG1>
<DRUG2>
<DRUG name="RIFABUTIN" rxcui="55672">
<ATC code="J04AB04" />
</DRUG>
</DRUG2>
<DESCRIPTION>Described for phenytoin, rifampicin, and carbamazepine. [sic]

Risk of clinical hypothyroidism in patients with low thyroid, due to increase of the metabolism of the T3 and T4</DESCRIPTION>
<SEVERITY>Precaution for use</SEVERITY>
<COMMENT>Monitoring of the serum concentrations of T3 and T4 and adjustment, if needed, of the dosage of the thyroid hormones during the treatment with rifabutin and after it is stopped.</COMMENT>
</INTERACTION>
<INTERACTION>
<SOURCE>
<CLINICAL_SOURCE>ANSM</CLINICAL_SOURCE>
<SOURCE_FILE>261-THYROID HORMONES.html
</SOURCE_FILE>
</SOURCE>
<DRUG1>
<CLASS name="THYROID HORMONES" code="H03AA" /></DRUG1>
<DRUG2>
<DRUG name="RIFAMPICIN" rxcui="9384">
<ATC code="J04AB02" />
<ATC code="J04AM02" />
<ATC code="J04AM05" />
<ATC code="J04AM06" />
</DRUG>
</DRUG2>
<DESCRIPTION>Risk of clinically low thyroid in patients with already low thyroid due to increase of the metabolism of the T3 and the T4.</DESCRIPTION>
<SEVERITY>Precaution for use</SEVERITY>
<COMMENT>Monitoring of serum concentrations of T3 and T4 and adjustment if needed of the dosage of the thyroid hormones during treatment with rifampicin and after it is stopped. </COMMENT>
</INTERACTION>
<INTERACTION>
<SOURCE>
<CLINICAL_SOURCE>ANSM</CLINICAL_SOURCE>
<SOURCE_FILE>261-THYROID HORMONES.html
</SOURCE_FILE>
</SOURCE>
<DRUG1>
<CLASS name="THYROID HORMONES" code="H03AA" /></DRUG1>
<DRUG2>
<DRUG name="SUCRALFATE" rxcui="10156">
<ATC code="A02BX02" />
</DRUG>
</DRUG2>
<DESCRIPTION>Decrease of the digestive absorption of the thyroid hormones</DESCRIPTION>
<SEVERITY>Precaution for use</SEVERITY>
<COMMENT>Take the thyroid hormones at a different time from the sulcralfate (more than 2 hours apart if possible).</COMMENT>
</INTERACTION>
<INTERACTION>
<SOURCE>
<CLINICAL_SOURCE>ANSM</CLINICAL_SOURCE>
<SOURCE_FILE>261-THYROID HORMONES.html
</SOURCE_FILE>
</SOURCE>
<DRUG1>
<CLASS name="THYROID HORMONES" code="H03AA" /></DRUG1>
<DRUG2>
<DRUG name="SUNITINIB" rxcui="357977">
<ATC code="L01XE04" />
</DRUG>
</DRUG2>
<DESCRIPTION>Risk of reduction of the effectiveness of the thyroid hormones</DESCRIPTION>
<SEVERITY>Take into account</SEVERITY>
</INTERACTION>
</INTERACTIONS>
