<?xml version="1.0" encoding="utf-8" ?>
<INTERACTIONS>
<INTERACTION>
<SOURCE>
<CLINICAL_SOURCE>ANSM</CLINICAL_SOURCE>
<SOURCE_FILE>268-POTASSIUM-LOWERING-MEDICATIONS.html
</SOURCE_FILE>
</SOURCE>
<DRUG1>
<CLASS name="POTASSIUM LOWERING AGENTS" code="C03-001" /></DRUG1>
<DRUG2>
<CLASS name="POTASSIUM LOWERING AGENTS" code="C03-001" /></DRUG2>
<DESCRIPTION>Increased risk of hypokalemia</DESCRIPTION>
<SEVERITY>Precaution for use</SEVERITY>
<COMMENT>Monitoring of kalemia with correction if needed.</COMMENT>
</INTERACTION>
<INTERACTION>
<SOURCE>
<CLINICAL_SOURCE>ANSM</CLINICAL_SOURCE>
<SOURCE_FILE>268-POTASSIUM-LOWERING-MEDICATIONS.html
</SOURCE_FILE>
</SOURCE>
<DRUG1>
<CLASS name="POTASSIUM LOWERING AGENTS" code="C03-001" /></DRUG1>
<DRUG2>
<CLASS name="DIGITALIS GLYCOSIDES" code="C01AA0" /></DRUG2>
<DESCRIPTION>Hypokalemia promoting the toxic effects of the digitalis glycosides</DESCRIPTION>
<SEVERITY>Precaution for use</SEVERITY>
<COMMENT>Correct any pre-existing hypokalemia and maintain clinical monitoring, monitoring of electrolyte balance, and electrocardographic monitoring.</COMMENT>
</INTERACTION>
<INTERACTION>
<SOURCE>
<CLINICAL_SOURCE>ANSM</CLINICAL_SOURCE>
<SOURCE_FILE>268-POTASSIUM-LOWERING-MEDICATIONS.html
</SOURCE_FILE>
</SOURCE>
<DRUG1>
<CLASS name="POTASSIUM LOWERING AGENTS" code="C03-001" /></DRUG1>
<DRUG2>
<CLASS name="MEDICATIONS THAT TEND TO INDUCE TORSADES DE POINTES" code="C01-N05" /></DRUG2>
<DESCRIPTION>Increased risk of ventricular arrhythmias, especially torsades de pointes</DESCRIPTION>
<SEVERITY>Precaution for use</SEVERITY>
<COMMENT>Correct any hypokalemia before administering the product and maintain clinical monitoring, electrolyte monitoring and electrocardiographic monitoring. </COMMENT>
</INTERACTION>
</INTERACTIONS>
