<?xml version="1.0" encoding="utf-8" ?>
<INTERACTIONS>
<INTERACTION>
<SOURCE>
<CLINICAL_SOURCE>ANSM</CLINICAL_SOURCE>
<SOURCE_FILE>27-ALPHA-TOCOPHEROL.html
</SOURCE_FILE>
</SOURCE>
<DRUG1>
<DRUG name="ALPHA-TOCOPHEROL" rxcui="11256">
<ATC code="A11HA03" />
</DRUG>
</DRUG1>
<DRUG2>
<CLASS name="VITAMIN K ANTAGONISTS" code="B01AA-001" /></DRUG2>
<DESCRIPTION>With the vitamin E used in doses greater than or equal to 500 mg per day: increase of the effect of the vitamin K antagonist and of the risk of hemorrhage</DESCRIPTION>
<SEVERITY>Precaution for use</SEVERITY>
<COMMENT>More frequent testing of the INR. Possible adjustment of the dosage of the vitamin K antagonist during the treatment with vitamin E and after it is stopped. </COMMENT>
</INTERACTION>
</INTERACTIONS>
