<?xml version="1.0" encoding="utf-8" ?>
<INTERACTIONS>
<INTERACTION>
<SOURCE>
<CLINICAL_SOURCE>ANSM</CLINICAL_SOURCE>
<SOURCE_FILE>281-TYPE-5-PHOSPHODIESTERASE-INHIBITORS.html
</SOURCE_FILE>
</SOURCE>
<DRUG1>
<CLASS name="TYPE 5 PHOSPHODIESTERASE INHIBITORS" code="G04BE" /></DRUG1>
<DRUG2>
<CLASS name="ALPHA BLOCKERS FOR UROLOGICAL USE" code="G04CA-001" /></DRUG2>
<DESCRIPTION>Risk of orthostatic hypotension, especially in older patients

</DESCRIPTION>
<SEVERITY>Not recommended</SEVERITY>
<COMMENT>-with doxazosin</COMMENT>
</INTERACTION>
<INTERACTION>
<SOURCE>
<CLINICAL_SOURCE>ANSM</CLINICAL_SOURCE>
<SOURCE_FILE>281-TYPE-5-PHOSPHODIESTERASE-INHIBITORS.html
</SOURCE_FILE>
</SOURCE>
<DRUG1>
<CLASS name="TYPE 5 PHOSPHODIESTERASE INHIBITORS" code="G04BE" /></DRUG1>
<DRUG2>
<CLASS name="ANTIHYPERTENSIVE ALPHA BLOCKERS" code="C02CA0-001" /></DRUG2>
<DESCRIPTION>Risk of orthostatic hypotension, especially with older patients</DESCRIPTION>
<SEVERITY>Not recommended </SEVERITY>
<COMMENT>-with the doxazosine</COMMENT>
</INTERACTION>
<INTERACTION>
<SOURCE>
<CLINICAL_SOURCE>ANSM</CLINICAL_SOURCE>
<SOURCE_FILE>281-TYPE-5-PHOSPHODIESTERASE-INHIBITORS.html
</SOURCE_FILE>
</SOURCE>
<DRUG1>
<CLASS name="TYPE 5 PHOSPHODIESTERASE INHIBITORS" code="G04BE" /></DRUG1>
<DRUG2>
<DRUG name="CLARITHROMYCIN" rxcui="21212">
<ATC code="J01FA09" />
<ATC code="A02BD04" />
<ATC code="A02BD05" />
<ATC code="A02BD06" />
<ATC code="A02BD07" />
</DRUG>
</DRUG2>
<DESCRIPTION>Increase of the plasma concentrations of the inhibitor of PDE5, with risk of hypotension</DESCRIPTION>
<SEVERITY>Contraindication</SEVERITY>
<COMMENT>- with avanafil</COMMENT>
</INTERACTION>
<INTERACTION>
<SOURCE>
<CLINICAL_SOURCE>ANSM</CLINICAL_SOURCE>
<SOURCE_FILE>281-TYPE-5-PHOSPHODIESTERASE-INHIBITORS.html
</SOURCE_FILE>
</SOURCE>
<DRUG1>
<CLASS name="TYPE 5 PHOSPHODIESTERASE INHIBITORS" code="G04BE" /></DRUG1>
<DRUG2>
<CLASS name="NITRATE DERIVATIVES AND RELATED" code="C01D-001" /></DRUG2>
<DESCRIPTION>Risk of significant hypotension (synergic effect) capable of aggravating the state of myocardial ischemia and provoking an acute coronary accident</DESCRIPTION>
<SEVERITY>Contraindication</SEVERITY>
</INTERACTION>
<INTERACTION>
<SOURCE>
<CLINICAL_SOURCE>ANSM</CLINICAL_SOURCE>
<SOURCE_FILE>281-TYPE-5-PHOSPHODIESTERASE-INHIBITORS.html
</SOURCE_FILE>
</SOURCE>
<DRUG1>
<CLASS name="TYPE 5 PHOSPHODIESTERASE INHIBITORS" code="G04BE" /></DRUG1>
<DRUG2>
<DRUG name="ERYTHROMYCIN" rxcui="4053">
<ATC code="D10AF02" />
<ATC code="D10AF52" />
<ATC code="J01FA01" />
<ATC code="S01AA17" />
</DRUG>
</DRUG2>
<DESCRIPTION>Increase of the plasma concentrations of the inhibitor of the PDE5, with risk of hypotension</DESCRIPTION>
<SEVERITY>Precaution for use</SEVERITY>
<COMMENT>Start the treatment with the PDE5 inhibitor at the minimum dose when administered with one of these medications. [sic]</COMMENT>
</INTERACTION>
<INTERACTION>
<SOURCE>
<CLINICAL_SOURCE>ANSM</CLINICAL_SOURCE>
<SOURCE_FILE>281-TYPE-5-PHOSPHODIESTERASE-INHIBITORS.html
</SOURCE_FILE>
</SOURCE>
<DRUG1>
<CLASS name="TYPE 5 PHOSPHODIESTERASE INHIBITORS" code="G04BE" /></DRUG1>
<DRUG2>
<CLASS name="RITONAVIR BOOSTED PROTEASE INHIBITORS" code="J05AE-002" /></DRUG2>
<DESCRIPTION>Large increase of the plasma concentrations of the PDE5 inhibitor, with risk of severe hypotension</DESCRIPTION>
<SEVERITY>Contraindication </SEVERITY>
<COMMENT>-- with the sildenafilindicated for pulmonary artery hypertension</COMMENT>
</INTERACTION>
<INTERACTION>
<SOURCE>
<CLINICAL_SOURCE>ANSM</CLINICAL_SOURCE>
<SOURCE_FILE>281-TYPE-5-PHOSPHODIESTERASE-INHIBITORS.html
</SOURCE_FILE>
</SOURCE>
<DRUG1>
<CLASS name="TYPE 5 PHOSPHODIESTERASE INHIBITORS" code="G04BE" /></DRUG1>
<DRUG2>
<DRUG name="ITRACONAZOLE" rxcui="28031">
<ATC code="J02AC02" />
</DRUG>
</DRUG2>
<DESCRIPTION>Increase (very large for the avanafil and the vardenafil) of the plasma concentrations of the PDE5, with risk of hypotension (severe with the vardenafil)</DESCRIPTION>
<SEVERITY>With the avanafil Contraindication</SEVERITY>
<COMMENT>With the vardenafil </COMMENT>
</INTERACTION>
<INTERACTION>
<SOURCE>
<CLINICAL_SOURCE>ANSM</CLINICAL_SOURCE>
<SOURCE_FILE>281-TYPE-5-PHOSPHODIESTERASE-INHIBITORS.html
</SOURCE_FILE>
</SOURCE>
<DRUG1>
<CLASS name="TYPE 5 PHOSPHODIESTERASE INHIBITORS" code="G04BE" /></DRUG1>
<DRUG2>
<DRUG name="KETOCONAZOLE" rxcui="6135">
<ATC code="D01AC08" />
<ATC code="G01AF11" />
<ATC code="J02AB02" />
</DRUG>
</DRUG2>
<DESCRIPTION>Increase (very large for the avanafil and the verdenafil) of the plasma concentrations of the PDE5, with risk of hypotension (severe with the vardenafil)</DESCRIPTION>
<SEVERITY>With the avanafil:</SEVERITY>
<COMMENT>Contraindication</COMMENT>
</INTERACTION>
<INTERACTION>
<SOURCE>
<CLINICAL_SOURCE>ANSM</CLINICAL_SOURCE>
<SOURCE_FILE>281-TYPE-5-PHOSPHODIESTERASE-INHIBITORS.html
</SOURCE_FILE>
</SOURCE>
<DRUG1>
<CLASS name="TYPE 5 PHOSPHODIESTERASE INHIBITORS" code="G04BE" /></DRUG1>
<DRUG2>
<DRUG name="RIOCIGUAT" rxcui="1439816">
<ATC code="C02KX05" />
</DRUG>
</DRUG2>
<DESCRIPTION>Risk of large drop in blood pressure (synergic effect)</DESCRIPTION>
<SEVERITY>Contraindication</SEVERITY>
</INTERACTION>
<INTERACTION>
<SOURCE>
<CLINICAL_SOURCE>ANSM</CLINICAL_SOURCE>
<SOURCE_FILE>281-TYPE-5-PHOSPHODIESTERASE-INHIBITORS.html
</SOURCE_FILE>
</SOURCE>
<DRUG1>
<CLASS name="TYPE 5 PHOSPHODIESTERASE INHIBITORS" code="G04BE" /></DRUG1>
<DRUG2>
<DRUG name="TELAPREVIR" rxcui="1102261">
<ATC code="J05AE11" />
</DRUG>
</DRUG2>
<DESCRIPTION>Large increase of the plasma concentrations of the PDE5 inhibitor, with risk of severe hypotension</DESCRIPTION>
<SEVERITY>Contraindication</SEVERITY>
<COMMENT>-in cases of pulmonary artery hypertension</COMMENT>
</INTERACTION>
<INTERACTION>
<SOURCE>
<CLINICAL_SOURCE>ANSM</CLINICAL_SOURCE>
<SOURCE_FILE>281-TYPE-5-PHOSPHODIESTERASE-INHIBITORS.html
</SOURCE_FILE>
</SOURCE>
<DRUG1>
<CLASS name="TYPE 5 PHOSPHODIESTERASE INHIBITORS" code="G04BE" /></DRUG1>
<DRUG2>
<DRUG name="TELITHROMYCIN" rxcui="274786">
<ATC code="J01FA15" />
</DRUG>
</DRUG2>
<DESCRIPTION>Increase of the plasma concentrations of the type 5 inhibiter of phosphodiesterase with risk of severe hypotension</DESCRIPTION>
<SEVERITY>Contraindication</SEVERITY>
<COMMENT>--with the avanafil</COMMENT>
</INTERACTION>
</INTERACTIONS>
