<?xml version="1.0" encoding="utf-8" ?>
<INTERACTIONS>
<INTERACTION>
<SOURCE>
<CLINICAL_SOURCE>ANSM</CLINICAL_SOURCE>
<SOURCE_FILE>282-XANTHINE-OXYDASE-INHIBITORS.html
</SOURCE_FILE>
</SOURCE>
<DRUG1>
<CLASS name="XANTHINE OXYDASE INHIBITORS" code="M04AA0" /></DRUG1>
<DRUG2>
<DRUG name="AZATHIOPRINE" rxcui="1256">
<ATC code="L04AX01" />
</DRUG>
</DRUG2>
<DESCRIPTION>Bone marrow suppression, possibly serious</DESCRIPTION>
<SEVERITY>Contraindication</SEVERITY>
</INTERACTION>
<INTERACTION>
<SOURCE>
<CLINICAL_SOURCE>ANSM</CLINICAL_SOURCE>
<SOURCE_FILE>282-XANTHINE-OXYDASE-INHIBITORS.html
</SOURCE_FILE>
</SOURCE>
<DRUG1>
<CLASS name="XANTHINE OXYDASE INHIBITORS" code="M04AA0" /></DRUG1>
<DRUG2>
<DRUG name="MERCAPTOPURINE" rxcui="103">
<ATC code="L01BB02" />
</DRUG>
</DRUG2>
<DESCRIPTION>Bone marrow suppression, reversible but possibly serious (overdose due to decrease of the hepatic metabolism of the mercaptopurine).</DESCRIPTION>
<SEVERITY>Not recommended</SEVERITY>
<COMMENT>Reinforced hematological monitoring and adjustment of the dosage of the mercaptopurine. </COMMENT>
</INTERACTION>
<INTERACTION>
<SOURCE>
<CLINICAL_SOURCE>ANSM</CLINICAL_SOURCE>
<SOURCE_FILE>282-XANTHINE-OXYDASE-INHIBITORS.html
</SOURCE_FILE>
</SOURCE>
<DRUG1>
<CLASS name="XANTHINE OXYDASE INHIBITORS" code="M04AA0" /></DRUG1>
<DRUG2>
<CLASS name="THEOPHYLLINE (AND, BY EXTRAPOLATION, AMINOPHYLLINE)" code="R03DA" /></DRUG2>
<DESCRIPTION>With large doses of the inhibitor, increase of the plasma concentrations of theophylline due to inhibition of its metabolism. </DESCRIPTION>
<SEVERITY>Precaution for use</SEVERITY>
<COMMENT>Clinical monitoring and testing of the theohyllinemia up to two or three weeks after the beginning of the treatment with the inhibitor; if there is reason for it, adjustment of the dosage during the treatment with these substances together. </COMMENT>
</INTERACTION>
</INTERACTIONS>
