<?xml version="1.0" encoding="utf-8" ?>
<INTERACTIONS>
<INTERACTION>
<SOURCE>
<CLINICAL_SOURCE>ANSM</CLINICAL_SOURCE>
<SOURCE_FILE>287-STRONG-INHIBITORS-OF-CYP3A4.html
</SOURCE_FILE>
</SOURCE>
<DRUG1>
<CLASS name="STRONG INHIBITORS OF CYP3A4" code="J02-J05" /></DRUG1>
<DRUG2>
<DRUG name="ALFENTANIL" rxcui="480">
<ATC code="N01AH02" />
</DRUG>
</DRUG2>
<DESCRIPTION>Increase of the opioid analgesic&#39;s effect of respiratory depression due to decrease of its hepatic metabolism

.</DESCRIPTION>
<SEVERITY>Precaution for use:</SEVERITY>
<COMMENT>Clinical monitoring and adjustment of the dosage of the opioid analgesic when administered with a strong inhibitor of CYP3A4</COMMENT>
</INTERACTION>
<INTERACTION>
<SOURCE>
<CLINICAL_SOURCE>ANSM</CLINICAL_SOURCE>
<SOURCE_FILE>287-STRONG-INHIBITORS-OF-CYP3A4.html
</SOURCE_FILE>
</SOURCE>
<DRUG1>
<CLASS name="STRONG INHIBITORS OF CYP3A4" code="J02-J05" /></DRUG1>
<DRUG2>
<DRUG name="ALFUZOSIN" rxcui="17300">
<ATC code="G04CA01" />
<ATC code="G04CA51" />
</DRUG>
</DRUG2>
<DESCRIPTION>Risk of increase of the plasma concentrations of the alfuzosin and of its undesirable effects</DESCRIPTION>
<SEVERITY>Contraindication</SEVERITY>
</INTERACTION>
<INTERACTION>
<SOURCE>
<CLINICAL_SOURCE>ANSM</CLINICAL_SOURCE>
<SOURCE_FILE>287-STRONG-INHIBITORS-OF-CYP3A4.html
</SOURCE_FILE>
</SOURCE>
<DRUG1>
<CLASS name="STRONG INHIBITORS OF CYP3A4" code="J02-J05" /></DRUG1>
<DRUG2>
<CLASS name="CALCIUM CHANNEL BLOCKERS" code="CO8CA-001" /></DRUG2>
<DESCRIPTION>Increase of the undesirable effects of the calcium channel blockers, most often of the hypotension type, especially in older patients.</DESCRIPTION>
<SEVERITY>Precaution for use</SEVERITY>
<COMMENT>Clinical monitoring and dosage adjustment during the treatment with the enzyme inhibitor and after it is stopped</COMMENT>
</INTERACTION>
<INTERACTION>
<SOURCE>
<CLINICAL_SOURCE>ANSM</CLINICAL_SOURCE>
<SOURCE_FILE>287-STRONG-INHIBITORS-OF-CYP3A4.html
</SOURCE_FILE>
</SOURCE>
<DRUG1>
<CLASS name="STRONG INHIBITORS OF CYP3A4" code="J02-J05" /></DRUG1>
<DRUG2>
<DRUG name="APIXABAN" rxcui="1364430">
<ATC code="B01AF02" />
</DRUG>
</DRUG2>
<DESCRIPTION>Increase of the plasma concentrations of the apixaban by the inhibitor, with increased risk of bleeding</DESCRIPTION>
<SEVERITY>Not recommended</SEVERITY>
</INTERACTION>
<INTERACTION>
<SOURCE>
<CLINICAL_SOURCE>ANSM</CLINICAL_SOURCE>
<SOURCE_FILE>287-STRONG-INHIBITORS-OF-CYP3A4.html
</SOURCE_FILE>
</SOURCE>
<DRUG1>
<CLASS name="STRONG INHIBITORS OF CYP3A4" code="J02-J05" /></DRUG1>
<DRUG2>
<DRUG name="BEDAQUILINE" rxcui="1364504">
<ATC code="J04AK05" />
</DRUG>
</DRUG2>
<DESCRIPTION>Increase of the plasma concentrations of bedaquiline due to decrease of its hepatic metabolism by the inhibitor.</DESCRIPTION>
<SEVERITY>Not recommended</SEVERITY>
<COMMENT>If taking these medications together is necessary, more frequent EKG and monitoring of the transaminases are recommended.</COMMENT>
</INTERACTION>
<INTERACTION>
<SOURCE>
<CLINICAL_SOURCE>ANSM</CLINICAL_SOURCE>
<SOURCE_FILE>287-STRONG-INHIBITORS-OF-CYP3A4.html
</SOURCE_FILE>
</SOURCE>
<DRUG1>
<CLASS name="STRONG INHIBITORS OF CYP3A4" code="J02-J05" /></DRUG1>
<DRUG2>
<DRUG name="BORTEZOMIB" rxcui="358258">
<ATC code="L01XX32" />
</DRUG>
</DRUG2>
<DESCRIPTION>Risk of increase of the undesirable effects, especially neurological, of the bortezomib due to decrease of its metabolism.</DESCRIPTION>
<SEVERITY>Precaution for use</SEVERITY>
<COMMENT>Clinical monitoring and possible adjustment of the dosage of the bortezomib during the length of the treatment with the enzyme inhibitor.</COMMENT>
</INTERACTION>
<INTERACTION>
<SOURCE>
<CLINICAL_SOURCE>ANSM</CLINICAL_SOURCE>
<SOURCE_FILE>287-STRONG-INHIBITORS-OF-CYP3A4.html
</SOURCE_FILE>
</SOURCE>
<DRUG1>
<CLASS name="STRONG INHIBITORS OF CYP3A4" code="J02-J05" /></DRUG1>
<DRUG2>
<DRUG name="CABAZITAXEL" rxcui="996051">
<ATC code="L01CD04" />
</DRUG>
</DRUG2>
<DESCRIPTION>Risk of increase of the undesirable dose dependent effects of the cabazitaxel due to inhibition of its metabolism by the enzyme inhibitor</DESCRIPTION>
<SEVERITY>Precaution for use</SEVERITY>
<COMMENT>Clinical monitoring and possible adjustment of the dosage of the cabazitaxel during the treatment with the enzyme inhibitor</COMMENT>
</INTERACTION>
<INTERACTION>
<SOURCE>
<CLINICAL_SOURCE>ANSM</CLINICAL_SOURCE>
<SOURCE_FILE>287-STRONG-INHIBITORS-OF-CYP3A4.html
</SOURCE_FILE>
</SOURCE>
<DRUG1>
<CLASS name="STRONG INHIBITORS OF CYP3A4" code="J02-J05" /></DRUG1>
<DRUG2>
<DRUG name="DACLATASVIR" rxcui="1606218">
<ATC code="J05AX14" />
</DRUG>
</DRUG2>
<DESCRIPTION>Increase of the concentrations of daclatasvir by the inhibitor</DESCRIPTION>
<SEVERITY>Precaution for use</SEVERITY>
<COMMENT>The dose of daclatasvir should be decreased to 30mg once a day when it is administered with the inhibitor. </COMMENT>
</INTERACTION>
<INTERACTION>
<SOURCE>
<CLINICAL_SOURCE>ANSM</CLINICAL_SOURCE>
<SOURCE_FILE>287-STRONG-INHIBITORS-OF-CYP3A4.html
</SOURCE_FILE>
</SOURCE>
<DRUG1>
<CLASS name="STRONG INHIBITORS OF CYP3A4" code="J02-J05" /></DRUG1>
<DRUG2>
<DRUG name="DAPOXETINE" rxcui="69394">
<ATC code="G04BX14" />
</DRUG>
</DRUG2>
<DESCRIPTION>Risk of increase of the undesirable effects, especially of the vertigo or syncope type. </DESCRIPTION>
<SEVERITY>Contraindication</SEVERITY>
</INTERACTION>
<INTERACTION>
<SOURCE>
<CLINICAL_SOURCE>ANSM</CLINICAL_SOURCE>
<SOURCE_FILE>287-STRONG-INHIBITORS-OF-CYP3A4.html
</SOURCE_FILE>
</SOURCE>
<DRUG1>
<CLASS name="STRONG INHIBITORS OF CYP3A4" code="J02-J05" /></DRUG1>
<DRUG2>
<DRUG name="DOCETAXEL" rxcui="72962">
<ATC code="L01CD02" />
</DRUG>
</DRUG2>
<DESCRIPTION>Risk of increase of the undesirable dose-dependent effects of the docetaxel due to inhibition of its metabolism by the enzyme inhibitor</DESCRIPTION>
<SEVERITY>Precaution for use</SEVERITY>
<COMMENT>Clinical monitoring and possible adjustment of the dosage of the docetaxel during the treatment with the enzyme inhibitor.</COMMENT>
</INTERACTION>
<INTERACTION>
<SOURCE>
<CLINICAL_SOURCE>ANSM</CLINICAL_SOURCE>
<SOURCE_FILE>287-STRONG-INHIBITORS-OF-CYP3A4.html
</SOURCE_FILE>
</SOURCE>
<DRUG1>
<CLASS name="STRONG INHIBITORS OF CYP3A4" code="J02-J05" /></DRUG1>
<DRUG2>
<DRUG name="DRONEDARONE" rxcui="233698">
<ATC code="C01BD07" />
</DRUG>
</DRUG2>
<DESCRIPTION>Large increase of the concentrations of dronedarone due to decrease of its metabolism</DESCRIPTION>
<SEVERITY>Contraindication</SEVERITY>
</INTERACTION>
<INTERACTION>
<SOURCE>
<CLINICAL_SOURCE>ANSM</CLINICAL_SOURCE>
<SOURCE_FILE>287-STRONG-INHIBITORS-OF-CYP3A4.html
</SOURCE_FILE>
</SOURCE>
<DRUG1>
<CLASS name="STRONG INHIBITORS OF CYP3A4" code="J02-J05" /></DRUG1>
<DRUG2>
<DRUG name="EPLERENONE" rxcui="298869">
<ATC code="C03DA04" />
</DRUG>
</DRUG2>
<DESCRIPTION>Risk of increase of the plasma concentrations of the eplerenone by the inhibitor and of its undesirable effects, especially hyperkalemia</DESCRIPTION>
<SEVERITY>Contraindication</SEVERITY>
</INTERACTION>
<INTERACTION>
<SOURCE>
<CLINICAL_SOURCE>ANSM</CLINICAL_SOURCE>
<SOURCE_FILE>287-STRONG-INHIBITORS-OF-CYP3A4.html
</SOURCE_FILE>
</SOURCE>
<DRUG1>
<CLASS name="STRONG INHIBITORS OF CYP3A4" code="J02-J05" /></DRUG1>
<DRUG2>
<DRUG name="FENTANYL" rxcui="4337">
<ATC code="N01AH01" />
<ATC code="N01AH51" />
<ATC code="N02AB03" />
</DRUG>
</DRUG2>
<DESCRIPTION>Increase of the opioid analgesic&#39;s effect of respiratory depression due to decrease of its hepatic metabolism</DESCRIPTION>
<SEVERITY>Precaution for use</SEVERITY>
<COMMENT>Clinical monitoring and adjustment of the dosage of the opioid analgesic when there is also treatment with a strong inhibitor of CYP3A4.</COMMENT>
</INTERACTION>
<INTERACTION>
<SOURCE>
<CLINICAL_SOURCE>ANSM</CLINICAL_SOURCE>
<SOURCE_FILE>287-STRONG-INHIBITORS-OF-CYP3A4.html
</SOURCE_FILE>
</SOURCE>
<DRUG1>
<CLASS name="STRONG INHIBITORS OF CYP3A4" code="J02-J05" /></DRUG1>
<DRUG2>
<DRUG name="IDELALISIB" rxcui="1544460">
<ATC code="L01XX47" />
</DRUG>
</DRUG2>
<DESCRIPTION>Increaese of the plasma concentrations of idelalisib due to decrease of its hepatic metabolism by the inhibitor</DESCRIPTION>
<SEVERITY>Take into account</SEVERITY>
</INTERACTION>
<INTERACTION>
<SOURCE>
<CLINICAL_SOURCE>ANSM</CLINICAL_SOURCE>
<SOURCE_FILE>287-STRONG-INHIBITORS-OF-CYP3A4.html
</SOURCE_FILE>
</SOURCE>
<DRUG1>
<CLASS name="STRONG INHIBITORS OF CYP3A4" code="J02-J05" /></DRUG1>
<DRUG2>
<CLASS name="METABOLIZED TYROSINE-KINASE INHIBITORS" code="L01XE" /></DRUG2>
<DESCRIPTION>Risk of increase of the undesirable effects of the tyrosine kinase inhibitor due to decrease of its metabolism</DESCRIPTION>
<SEVERITY>Not recommended</SEVERITY>
<COMMENT>-with the bosutinib</COMMENT>
</INTERACTION>
<INTERACTION>
<SOURCE>
<CLINICAL_SOURCE>ANSM</CLINICAL_SOURCE>
<SOURCE_FILE>287-STRONG-INHIBITORS-OF-CYP3A4.html
</SOURCE_FILE>
</SOURCE>
<DRUG1>
<CLASS name="STRONG INHIBITORS OF CYP3A4" code="J02-J05" /></DRUG1>
<DRUG2>
<DRUG name="IRINOTECAN" rxcui="51499">
<ATC code="L01XX19" />
</DRUG>
</DRUG2>
<DESCRIPTION>Risk of increase of the undesirable effects of the irinotecan due to increase of the plasma concentrations of its active metabolite</DESCRIPTION>
<SEVERITY>Not recommended</SEVERITY>
</INTERACTION>
<INTERACTION>
<SOURCE>
<CLINICAL_SOURCE>ANSM</CLINICAL_SOURCE>
<SOURCE_FILE>287-STRONG-INHIBITORS-OF-CYP3A4.html
</SOURCE_FILE>
</SOURCE>
<DRUG1>
<CLASS name="STRONG INHIBITORS OF CYP3A4" code="J02-J05" /></DRUG1>
<DRUG2>
<DRUG name="IVABRADINE" rxcui="77417">
<ATC code="C01EB17" />
</DRUG>
</DRUG2>
<DESCRIPTION>Increase of the plasma concentrations of the ivabradine and consequently of its undesirable effects (inhibition of its hepatic metabolism by the inhibitor).</DESCRIPTION>
<SEVERITY>Contraindication</SEVERITY>
</INTERACTION>
<INTERACTION>
<SOURCE>
<CLINICAL_SOURCE>ANSM</CLINICAL_SOURCE>
<SOURCE_FILE>287-STRONG-INHIBITORS-OF-CYP3A4.html
</SOURCE_FILE>
</SOURCE>
<DRUG1>
<CLASS name="STRONG INHIBITORS OF CYP3A4" code="J02-J05" /></DRUG1>
<DRUG2>
<DRUG name="IVACAFTOR" rxcui="1243041">
<ATC code="R07AX02" />
</DRUG>
</DRUG2>
<DESCRIPTION>Large increase of the concentrations of ivacaftor, with risks of increase of its undesirable effects</DESCRIPTION>
<SEVERITY>Precaution for use</SEVERITY>
<COMMENT>Reduce the dose by a fourth, that is 150 mg every other day. </COMMENT>
</INTERACTION>
<INTERACTION>
<SOURCE>
<CLINICAL_SOURCE>ANSM</CLINICAL_SOURCE>
<SOURCE_FILE>287-STRONG-INHIBITORS-OF-CYP3A4.html
</SOURCE_FILE>
</SOURCE>
<DRUG1>
<CLASS name="STRONG INHIBITORS OF CYP3A4" code="J02-J05" /></DRUG1>
<DRUG2>
<DRUG name="LOMITAPIDE" rxcui="1364479">
<ATC code="C10AX12" />
</DRUG>
</DRUG2>
<DESCRIPTION>Increase of the plasma concentrations of the lomitapide due to decrease of its hepatic metabolism by the inhibitor</DESCRIPTION>
<SEVERITY>Contraindication</SEVERITY>
</INTERACTION>
<INTERACTION>
<SOURCE>
<CLINICAL_SOURCE>ANSM</CLINICAL_SOURCE>
<SOURCE_FILE>287-STRONG-INHIBITORS-OF-CYP3A4.html
</SOURCE_FILE>
</SOURCE>
<DRUG1>
<CLASS name="STRONG INHIBITORS OF CYP3A4" code="J02-J05" /></DRUG1>
<DRUG2>
<DRUG name="MARAVIROC" rxcui="620216">
<ATC code="J05AX09" />
</DRUG>
</DRUG2>
<DESCRIPTION>Increase of the concentrations of maraviroc by the inhibitor.</DESCRIPTION>
<SEVERITY>Precaution for use</SEVERITY>
<COMMENT>The dose of maravirocmust be decreased to 150 mg twice a day when administered with this inhibitor.</COMMENT>
</INTERACTION>
<INTERACTION>
<SOURCE>
<CLINICAL_SOURCE>ANSM</CLINICAL_SOURCE>
<SOURCE_FILE>287-STRONG-INHIBITORS-OF-CYP3A4.html
</SOURCE_FILE>
</SOURCE>
<DRUG1>
<CLASS name="STRONG INHIBITORS OF CYP3A4" code="J02-J05" /></DRUG1>
<DRUG2>
<CLASS name="OMBITASVIR + PARITAPREVIR" code="OMPA" /></DRUG2>
<DESCRIPTION>Increase of the plasma concentrations of the ombitsavir + paritaprevir due to decrease of the hepatic metabolism by the inhibitor.</DESCRIPTION>
<SEVERITY>Contraindication</SEVERITY>
<COMMENT>--except with ritonavir</COMMENT>
</INTERACTION>
<INTERACTION>
<SOURCE>
<CLINICAL_SOURCE>ANSM</CLINICAL_SOURCE>
<SOURCE_FILE>287-STRONG-INHIBITORS-OF-CYP3A4.html
</SOURCE_FILE>
</SOURCE>
<DRUG1>
<CLASS name="STRONG INHIBITORS OF CYP3A4" code="J02-J05" /></DRUG1>
<DRUG2>
<DRUG name="OXYCODONE" rxcui="7804">
<ATC code="N02AA05" />
<ATC code="N02AA55" />
</DRUG>
</DRUG2>
<DESCRIPTION>Increase of the plasma concentrations of the oxycodone</DESCRIPTION>
<SEVERITY>Not recommended</SEVERITY>
<COMMENT>Clinical monitoring and possible adjustment of the dosage of oxycodone during the length of the treatment with the enzyme inhibitor.</COMMENT>
</INTERACTION>
<INTERACTION>
<SOURCE>
<CLINICAL_SOURCE>ANSM</CLINICAL_SOURCE>
<SOURCE_FILE>287-STRONG-INHIBITORS-OF-CYP3A4.html
</SOURCE_FILE>
</SOURCE>
<DRUG1>
<CLASS name="STRONG INHIBITORS OF CYP3A4" code="J02-J05" /></DRUG1>
<DRUG2>
<DRUG name="PIMOZIDE" rxcui="8331">
<ATC code="N05AG02" />
</DRUG>
</DRUG2>
<DESCRIPTION>Risk of increased difficulty with ventricular rhythm, especially of torsades de pointes</DESCRIPTION>
<SEVERITY>Contraindication</SEVERITY>
</INTERACTION>
<INTERACTION>
<SOURCE>
<CLINICAL_SOURCE>ANSM</CLINICAL_SOURCE>
<SOURCE_FILE>287-STRONG-INHIBITORS-OF-CYP3A4.html
</SOURCE_FILE>
</SOURCE>
<DRUG1>
<CLASS name="STRONG INHIBITORS OF CYP3A4" code="J02-J05" /></DRUG1>
<DRUG2>
<DRUG name="QUETIAPINE" rxcui="51272">
<ATC code="N05AH04" />
</DRUG>
</DRUG2>
<DESCRIPTION>Large increase of the concentrations of quetiapine, with risk of overdose</DESCRIPTION>
<SEVERITY>Contraindication</SEVERITY>
</INTERACTION>
<INTERACTION>
<SOURCE>
<CLINICAL_SOURCE>ANSM</CLINICAL_SOURCE>
<SOURCE_FILE>287-STRONG-INHIBITORS-OF-CYP3A4.html
</SOURCE_FILE>
</SOURCE>
<DRUG1>
<CLASS name="STRONG INHIBITORS OF CYP3A4" code="J02-J05" /></DRUG1>
<DRUG2>
<DRUG name="QUININE" rxcui="9071">
<ATC code="P01BC01" />
<ATC code="M09AA72" />
<ATC code="M09AA" />
</DRUG>
</DRUG2>
<DESCRIPTION>Risk of increase of the undesirable effects of the quinine, especially ventricular arrhythmias and neurosensory disorders (cinchonism).</DESCRIPTION>
<SEVERITY>Not recommended</SEVERITY>
<COMMENT>-with the protease inhibitors</COMMENT>
</INTERACTION>
<INTERACTION>
<SOURCE>
<CLINICAL_SOURCE>ANSM</CLINICAL_SOURCE>
<SOURCE_FILE>287-STRONG-INHIBITORS-OF-CYP3A4.html
</SOURCE_FILE>
</SOURCE>
<DRUG1>
<CLASS name="STRONG INHIBITORS OF CYP3A4" code="J02-J05" /></DRUG1>
<DRUG2>
<DRUG name="RANOLAZINE" rxcui="35829">
<ATC code="C01EB18" />
</DRUG>
</DRUG2>
<DESCRIPTION>Increase of the concentrations of ranolazine due to decrease of its metabolism by the inhibitor</DESCRIPTION>
<SEVERITY>Contraindication</SEVERITY>
</INTERACTION>
<INTERACTION>
<SOURCE>
<CLINICAL_SOURCE>ANSM</CLINICAL_SOURCE>
<SOURCE_FILE>287-STRONG-INHIBITORS-OF-CYP3A4.html
</SOURCE_FILE>
</SOURCE>
<DRUG1>
<CLASS name="STRONG INHIBITORS OF CYP3A4" code="J02-J05" /></DRUG1>
<DRUG2>
<DRUG name="REGORAFENIB" rxcui="1312397">
<ATC code="L01XE21" />
</DRUG>
</DRUG2>
<DESCRIPTION>Increase of the plasma concentrations of regorafenib due to decrease of its hepatic metabolism by the inhibitor</DESCRIPTION>
<SEVERITY>Not recommended</SEVERITY>
</INTERACTION>
<INTERACTION>
<SOURCE>
<CLINICAL_SOURCE>ANSM</CLINICAL_SOURCE>
<SOURCE_FILE>287-STRONG-INHIBITORS-OF-CYP3A4.html
</SOURCE_FILE>
</SOURCE>
<DRUG1>
<CLASS name="STRONG INHIBITORS OF CYP3A4" code="J02-J05" /></DRUG1>
<DRUG2>
<DRUG name="RIOCIGUAT" rxcui="1439816">
<ATC code="C02KX05" />
</DRUG>
</DRUG2>
<DESCRIPTION>Increase of the plasma concentrations of riociquat due to decrease of its hepatic metabolism by the inhibitor</DESCRIPTION>
<SEVERITY>Not recommended</SEVERITY>
</INTERACTION>
<INTERACTION>
<SOURCE>
<CLINICAL_SOURCE>ANSM</CLINICAL_SOURCE>
<SOURCE_FILE>287-STRONG-INHIBITORS-OF-CYP3A4.html
</SOURCE_FILE>
</SOURCE>
<DRUG1>
<CLASS name="STRONG INHIBITORS OF CYP3A4" code="J02-J05" /></DRUG1>
<DRUG2>
<DRUG name="RIVAROXABAN" rxcui="1114195">
<ATC code="B01AF01" />
</DRUG>
</DRUG2>
<DESCRIPTION>Increase of the plasma concentrations of rivaroxaban, with increase of the risk of bleeding</DESCRIPTION>
<SEVERITY>Not recommended</SEVERITY>
</INTERACTION>
<INTERACTION>
<SOURCE>
<CLINICAL_SOURCE>ANSM</CLINICAL_SOURCE>
<SOURCE_FILE>287-STRONG-INHIBITORS-OF-CYP3A4.html
</SOURCE_FILE>
</SOURCE>
<DRUG1>
<CLASS name="STRONG INHIBITORS OF CYP3A4" code="J02-J05" /></DRUG1>
<DRUG2>
<DRUG name="SIMEPREVIR" rxcui="1482790">
<ATC code="J05AE14" />
</DRUG>
</DRUG2>
<DESCRIPTION>Risk of increase of the plasma concentrations of simeprevir due to decrease of its hepatic metabolism by the inhibitor</DESCRIPTION>
<SEVERITY>Not recommended</SEVERITY>
</INTERACTION>
<INTERACTION>
<SOURCE>
<CLINICAL_SOURCE>ANSM</CLINICAL_SOURCE>
<SOURCE_FILE>287-STRONG-INHIBITORS-OF-CYP3A4.html
</SOURCE_FILE>
</SOURCE>
<DRUG1>
<CLASS name="STRONG INHIBITORS OF CYP3A4" code="J02-J05" /></DRUG1>
<DRUG2>
<CLASS name="SUBSTRATES AT RISK OF CYP3A4" code="L01N01" /></DRUG2>
<DESCRIPTION>Increase of the undesirable effects specific to each substrate, with frequently severe consequences</DESCRIPTION>
<SEVERITY>Take into account</SEVERITY>
</INTERACTION>
<INTERACTION>
<SOURCE>
<CLINICAL_SOURCE>ANSM</CLINICAL_SOURCE>
<SOURCE_FILE>287-STRONG-INHIBITORS-OF-CYP3A4.html
</SOURCE_FILE>
</SOURCE>
<DRUG1>
<CLASS name="STRONG INHIBITORS OF CYP3A4" code="J02-J05" /></DRUG1>
<DRUG2>
<DRUG name="SUFENTANIL" rxcui="56795">
<ATC code="N01AH03" />
</DRUG>
</DRUG2>
<DESCRIPTION>Increase of the opioid analgesic&#39;s effect of respiratory depression due to decrease of its hepatic metabolism</DESCRIPTION>
<SEVERITY>Precaution for use</SEVERITY>
<COMMENT>Clinical monitoring and adjustment of the dosage of the opioid analgesic when there is also treatment with a strong inhibitor of CYP3A4.</COMMENT>
</INTERACTION>
<INTERACTION>
<SOURCE>
<CLINICAL_SOURCE>ANSM</CLINICAL_SOURCE>
<SOURCE_FILE>287-STRONG-INHIBITORS-OF-CYP3A4.html
</SOURCE_FILE>
</SOURCE>
<DRUG1>
<CLASS name="STRONG INHIBITORS OF CYP3A4" code="J02-J05" /></DRUG1>
<DRUG2>
<DRUG name="TAMSULOSINE" rxcui="77492">
<ATC code="G04CA02" />
<ATC code="G04CA52" />
<ATC code="G04CA53" />
</DRUG>
</DRUG2>
<DESCRIPTION>Risk of increase of the undesirable effects of the tamsulosine, due to inhibition of its hepatic metabolism </DESCRIPTION>
<SEVERITY>Not recommended</SEVERITY>
</INTERACTION>
<INTERACTION>
<SOURCE>
<CLINICAL_SOURCE>ANSM</CLINICAL_SOURCE>
<SOURCE_FILE>287-STRONG-INHIBITORS-OF-CYP3A4.html
</SOURCE_FILE>
</SOURCE>
<DRUG1>
<CLASS name="STRONG INHIBITORS OF CYP3A4" code="J02-J05" /></DRUG1>
<DRUG2>
<DRUG name="TICAGRELOR" rxcui="1116632">
<ATC code="B01AC24" />
</DRUG>
</DRUG2>
<DESCRIPTION>Increase of the plasma concentrations of ticagrelor due to decrease of its hepatic metabolism by the inhibitor</DESCRIPTION>
<SEVERITY>Contraindication</SEVERITY>
</INTERACTION>
<INTERACTION>
<SOURCE>
<CLINICAL_SOURCE>ANSM</CLINICAL_SOURCE>
<SOURCE_FILE>287-STRONG-INHIBITORS-OF-CYP3A4.html
</SOURCE_FILE>
</SOURCE>
<DRUG1>
<CLASS name="STRONG INHIBITORS OF CYP3A4" code="J02-J05" /></DRUG1>
<DRUG2>
<DRUG name="VERAPAMIL" rxcui="11170">
<ATC code="C08DA01" />
<ATC code="C08DA51" />
<ATC code="C09BB10" />
</DRUG>
</DRUG2>
<DESCRIPTION>Bradycardia and/or disorders of atrioventricular conduction, due to decrease of the hepatic metabolism of the verapamil by the inhibitor</DESCRIPTION>
<SEVERITY>Precaution for use</SEVERITY>
<COMMENT>Clinical monitoring and EKG. If there is reason for it, adjustment of the dosage of the verapamil during the treatment with the inhibitor, and after it is stopped, as the situation requires. </COMMENT>
</INTERACTION>
</INTERACTIONS>
