<?xml version="1.0" encoding="utf-8" ?>
<INTERACTIONS>
<INTERACTION>
<SOURCE>
<CLINICAL_SOURCE>ANSM</CLINICAL_SOURCE>
<SOURCE_FILE>29-AMBRISENTAN.html
</SOURCE_FILE>
</SOURCE>
<DRUG1>
<DRUG name="AMBRISENTAN" rxcui="358274">
<ATC code="C02KX02" />
</DRUG>
</DRUG1>
<DRUG2>
<DRUG name="CICLOSPORIN" rxcui="3008">
<ATC code="L04AD01" />
<ATC code="S01XA18" />
</DRUG>
</DRUG2>
<DESCRIPTION>Doubling of the concentrations of ambrisentan, with increase of its vasodilator effect (severe headaches )

</DESCRIPTION>
<SEVERITY>Take into account</SEVERITY>
</INTERACTION>
</INTERACTIONS>
