<?xml version="1.0" encoding="utf-8" ?>
<INTERACTIONS>
<INTERACTION>
<SOURCE>
<CLINICAL_SOURCE>ANSM</CLINICAL_SOURCE>
<SOURCE_FILE>296-IVACAFTOR.html
</SOURCE_FILE>
</SOURCE>
<DRUG1>
<DRUG name="IVACAFTOR" rxcui="1243041">
<ATC code="R07AX02" />
</DRUG>
</DRUG1>
<DRUG2>
<DRUG name="FLUCONAZOLE" rxcui="4450">
<ATC code="D01AC15" />
<ATC code="J02AC01" />
</DRUG>
</DRUG2>
<DESCRIPTION>Increase of the concentrations of ivacaftor, with risks of increase of its undesirable effects</DESCRIPTION>
<SEVERITY>Precaution for use</SEVERITY>
<COMMENT>Reduce the dose by half, that is 150 mg/day.</COMMENT>
</INTERACTION>
<INTERACTION>
<SOURCE>
<CLINICAL_SOURCE>ANSM</CLINICAL_SOURCE>
<SOURCE_FILE>296-IVACAFTOR.html
</SOURCE_FILE>
</SOURCE>
<DRUG1>
<DRUG name="IVACAFTOR" rxcui="1243041">
<ATC code="R07AX02" />
</DRUG>
</DRUG1>
<DRUG2>
<CLASS name="ENZYMATIC INDUCERS" code="N03-J05-001" /></DRUG2>
<DESCRIPTION>Large decrease of the concentrations of the ivacaftor, with risk of loss of effectiveness</DESCRIPTION>
<SEVERITY>Not recommended</SEVERITY>
</INTERACTION>
<INTERACTION>
<SOURCE>
<CLINICAL_SOURCE>ANSM</CLINICAL_SOURCE>
<SOURCE_FILE>296-IVACAFTOR.html
</SOURCE_FILE>
</SOURCE>
<DRUG1>
<DRUG name="IVACAFTOR" rxcui="1243041">
<ATC code="R07AX02" />
</DRUG>
</DRUG1>
<DRUG2>
<CLASS name="STRONG INHIBITORS OF CYP3A4" code="J02-J05" /></DRUG2>
<DESCRIPTION>Large increase of the concentrations of ivacaftor, with risks of increase of its undesirable effects</DESCRIPTION>
<SEVERITY>Precaution for use</SEVERITY>
<COMMENT>Reduce the dose by a fourth, that is 150 mg every other day. </COMMENT>
</INTERACTION>
</INTERACTIONS>
