<?xml version="1.0" encoding="utf-8" ?>
<INTERACTIONS>
<INTERACTION>
<SOURCE>
<CLINICAL_SOURCE>ANSM</CLINICAL_SOURCE>
<SOURCE_FILE>304-LERCANIDIPINE.html
</SOURCE_FILE>
</SOURCE>
<DRUG1>
<DRUG name="LERCANIDIPINE" rxcui="135056">
<ATC code="C09BB02" />
<ATC code="C08CA13" />
</DRUG>
</DRUG1>
<DRUG2>
<DRUG name="GRAPEFRUIT JUICE" >
</DRUG>
</DRUG2>
<DESCRIPTION>Increased risk of undesirable effects, especially edema, due to decrease of the intestinal metabolism of the dihyropyridine</DESCRIPTION>
<SEVERITY>Take into account</SEVERITY>
</INTERACTION>
<INTERACTION>
<SOURCE>
<CLINICAL_SOURCE>ANSM</CLINICAL_SOURCE>
<SOURCE_FILE>304-LERCANIDIPINE.html
</SOURCE_FILE>
</SOURCE>
<DRUG1>
<DRUG name="LERCANIDIPINE" rxcui="135056">
<ATC code="C09BB02" />
<ATC code="C08CA13" />
</DRUG>
</DRUG1>
<DRUG2>
<DRUG name="CICLOSPORIN" rxcui="3008">
<ATC code="L04AD01" />
<ATC code="S01XA18" />
</DRUG>
</DRUG2>
<DESCRIPTION>Moderate increase of the blood concentrations of the immunosuppressant and more notable increase of the concentrations of the lercanidipine</DESCRIPTION>
<SEVERITY>Precaution for use</SEVERITY>
<COMMENT>Separate the time when the two medications are taken. Blood concentration dosage of the immunosuppressant, and adjustment if necessary of its dosage during the administration of the medications together and after it is stopped</COMMENT>
</INTERACTION>
<INTERACTION>
<SOURCE>
<CLINICAL_SOURCE>ANSM</CLINICAL_SOURCE>
<SOURCE_FILE>304-LERCANIDIPINE.html
</SOURCE_FILE>
</SOURCE>
<DRUG1>
<DRUG name="LERCANIDIPINE" rxcui="135056">
<ATC code="C09BB02" />
<ATC code="C08CA13" />
</DRUG>
</DRUG1>
<DRUG2>
<DRUG name="ITRACONAZOLE" rxcui="28031">
<ATC code="J02AC02" />
</DRUG>
</DRUG2>
<DESCRIPTION>Increased risk of undesirable effects, especially edema, due to decrease of the hepatic metabolism of the dihydorpyridine</DESCRIPTION>
<SEVERITY>Not recommended</SEVERITY>
</INTERACTION>
<INTERACTION>
<SOURCE>
<CLINICAL_SOURCE>ANSM</CLINICAL_SOURCE>
<SOURCE_FILE>304-LERCANIDIPINE.html
</SOURCE_FILE>
</SOURCE>
<DRUG1>
<DRUG name="LERCANIDIPINE" rxcui="135056">
<ATC code="C09BB02" />
<ATC code="C08CA13" />
</DRUG>
</DRUG1>
<DRUG2>
<DRUG name="KETOCONAZOLE" rxcui="6135">
<ATC code="D01AC08" />
<ATC code="G01AF11" />
<ATC code="J02AB02" />
</DRUG>
</DRUG2>
<DESCRIPTION>Increased risk of undesirable effects, especially edema, due to decrease of the hepatic metabolism of the dihydropyridine</DESCRIPTION>
<SEVERITY>Not recommended</SEVERITY>
</INTERACTION>
</INTERACTIONS>
