<?xml version="1.0" encoding="utf-8" ?>
<INTERACTIONS>
<INTERACTION>
<SOURCE>
<CLINICAL_SOURCE>ANSM</CLINICAL_SOURCE>
<SOURCE_FILE>317-MANNITOL.html
</SOURCE_FILE>
</SOURCE>
<DRUG1>
<DRUG name="MANNITOL" rxcui="6628">
<ATC code="A06AD16" />
<ATC code="B05BC01" />
<ATC code="B05CX04" />
<ATC code="R05CB16" />
</DRUG>
</DRUG1>
<DRUG2>
<DRUG name="LITHIUM" rxcui="6448">
<ATC code="D11AX04" />
</DRUG>
</DRUG2>
<DESCRIPTION>Decrease of the lithemia with risk of reduction of the therapeutic effectiveness</DESCRIPTION>
<SEVERITY>Precaution for use</SEVERITY>
<COMMENT>Strict monitoring of the lithemia and possible adjustment of the dosage of the lithium. </COMMENT>
</INTERACTION>
</INTERACTIONS>
