<?xml version="1.0" encoding="utf-8" ?>
<INTERACTIONS>
<INTERACTION>
<SOURCE>
<CLINICAL_SOURCE>ANSM</CLINICAL_SOURCE>
<SOURCE_FILE>322-MEDICATIONS-THAT-LOWER-BLOOD-PRESSURE.html
</SOURCE_FILE>
</SOURCE>
<DRUG1>
<CLASS name="MEDICATIONS THAT LOWER BLOOD PRESSURE " code="MLBP" /></DRUG1>
<DRUG2>
<CLASS name="NITRATE DERIVATIVES AND RELATED" code="C01D-001" /></DRUG2>
<DESCRIPTION>Increase of the risk of hypotension, especially orthostatic</DESCRIPTION>
<SEVERITY>Take into account</SEVERITY>
</INTERACTION>
<INTERACTION>
<SOURCE>
<CLINICAL_SOURCE>ANSM</CLINICAL_SOURCE>
<SOURCE_FILE>322-MEDICATIONS-THAT-LOWER-BLOOD-PRESSURE.html
</SOURCE_FILE>
</SOURCE>
<DRUG1>
<CLASS name="MEDICATIONS THAT LOWER BLOOD PRESSURE " code="MLBP" /></DRUG1>
<DRUG2>
<CLASS name="MEDICATIONS LEADING TO ORTHOSTATIC HYPOTENSION" code="N05AA-001" /></DRUG2>
<DESCRIPTION>Risk of increase of hypotension, especially orthostatic</DESCRIPTION>
<SEVERITY>Take into account</SEVERITY>
</INTERACTION>
</INTERACTIONS>
