<?xml version="1.0" encoding="utf-8" ?>
<INTERACTIONS>
<INTERACTION>
<SOURCE>
<CLINICAL_SOURCE>ANSM</CLINICAL_SOURCE>
<SOURCE_FILE>323-MEDICATIONS-THAT-LOWER-THE-EPILEPTIC-THRESHOLD.html
</SOURCE_FILE>
</SOURCE>
<DRUG1>
<CLASS name="MEDICATIONS THAT LOWER THE EPILEPTIC THRESHOLD" code="N05AA-002" /></DRUG1>
<DRUG2>
<CLASS name="MEDICATIONS THAT LOWER THE EPILEPTIC THRESHOLD" code="N05AA-002" /></DRUG2>
<DESCRIPTION>Accrued risk of convulsions</DESCRIPTION>
<SEVERITY>Take into account</SEVERITY>
</INTERACTION>
</INTERACTIONS>
