<?xml version="1.0" encoding="utf-8" ?>
<INTERACTIONS>
<INTERACTION>
<SOURCE>
<CLINICAL_SOURCE>ANSM</CLINICAL_SOURCE>
<SOURCE_FILE>325-METHEMOGLOBINIZING-MEDICATIONS.html
</SOURCE_FILE>
</SOURCE>
<DRUG1>
<CLASS name="METHEMOGLOBINIZING MEDICATIONS " code="METGL" /></DRUG1>
<DRUG2>
<CLASS name="METHEMOGLOBINIZING MEDICATIONS " code="METGL" /></DRUG2>
<DESCRIPTION>Risk of addition of the effects of the methomoglobinizing agents.</DESCRIPTION>
<SEVERITY>Take into account</SEVERITY>
</INTERACTION>
</INTERACTIONS>
