<?xml version="1.0" encoding="utf-8" ?>
<INTERACTIONS>
<INTERACTION>
<SOURCE>
<CLINICAL_SOURCE>ANSM</CLINICAL_SOURCE>
<SOURCE_FILE>329-SEDATIVE-MEDICATIONS.html
</SOURCE_FILE>
</SOURCE>
<DRUG1>
<CLASS name="SEDATIVE MEDICATIONS" code="N04-N05-N06" /></DRUG1>
<DRUG2>
<DRUG name="ALCHOHO (DRINK OR INGREDIENT)" >
</DRUG>
</DRUG2>
<DESCRIPTION>Increase by the alcohol of the sedative effect of these substances. The alteration of alertness can make driving vehicles or using machines dangerous</DESCRIPTION>
<SEVERITY>Not recommended</SEVERITY>
<COMMENT>Avoid taking alcoholic beverages or medications containing alcohol.</COMMENT>
</INTERACTION>
<INTERACTION>
<SOURCE>
<CLINICAL_SOURCE>ANSM</CLINICAL_SOURCE>
<SOURCE_FILE>329-SEDATIVE-MEDICATIONS.html
</SOURCE_FILE>
</SOURCE>
<DRUG1>
<CLASS name="SEDATIVE MEDICATIONS" code="N04-N05-N06" /></DRUG1>
<DRUG2>
<CLASS name="SEDATIVE MEDICATIONS" code="N04-N05-N06" /></DRUG2>
<DESCRIPTION>Increase of central nervous center depression. The alteration of alertness can make driving vehicles or using machines dangerous</DESCRIPTION>
<SEVERITY>Take into account</SEVERITY>
</INTERACTION>
<INTERACTION>
<SOURCE>
<CLINICAL_SOURCE>ANSM</CLINICAL_SOURCE>
<SOURCE_FILE>329-SEDATIVE-MEDICATIONS.html
</SOURCE_FILE>
</SOURCE>
<DRUG1>
<CLASS name="SEDATIVE MEDICATIONS" code="N04-N05-N06" /></DRUG1>
<DRUG2>
<DRUG name="Sodium Oxybate" rxcui="9899">
<ATC code="N01AX11" />
<ATC code="N07XX04" />
</DRUG>
</DRUG2>
<DESCRIPTION>Increase of central nervous center depression. The alteration of alertness can made driving vehicles or using machines dangerous</DESCRIPTION>
<SEVERITY>Not recommended</SEVERITY>
</INTERACTION>
</INTERACTIONS>
