<?xml version="1.0" encoding="utf-8" ?>
<INTERACTIONS>
<INTERACTION>
<SOURCE>
<CLINICAL_SOURCE>ANSM</CLINICAL_SOURCE>
<SOURCE_FILE>330-MEDICATIONS-THAT-TEND-TO-INDUCE-TORSADES-DE-POINTES.html
</SOURCE_FILE>
</SOURCE>
<DRUG1>
<CLASS name="MEDICATIONS THAT TEND TO INDUCE TORSADES DE POINTES" code="C01-N05" /></DRUG1>
<DRUG2>
<DRUG name="ANAGRELIDE" rxcui="596724">
<ATC code="L01XX35" />
</DRUG>
</DRUG2>
<DESCRIPTION>Increased risk of ventricular arrhythmias, especially of torsades de pointes</DESCRIPTION>
<SEVERITY>Precaution for use</SEVERITY>
<COMMENT>Clinical monitoring and EKG during the administration of these medications together.</COMMENT>
</INTERACTION>
<INTERACTION>
<SOURCE>
<CLINICAL_SOURCE>ANSM</CLINICAL_SOURCE>
<SOURCE_FILE>330-MEDICATIONS-THAT-TEND-TO-INDUCE-TORSADES-DE-POINTES.html
</SOURCE_FILE>
</SOURCE>
<DRUG1>
<CLASS name="MEDICATIONS THAT TEND TO INDUCE TORSADES DE POINTES" code="C01-N05" /></DRUG1>
<DRUG2>
<CLASS name="ANTIPARASITICS THAT TEND TO INDUCE TORSADES DE POINTES" code="P01B-001" /></DRUG2>
<DESCRIPTION>Increased risk of ventricular arrhythmias, especially of torsades de pointes</DESCRIPTION>
<SEVERITY>Contraindication</SEVERITY>
<COMMENT>- with domperidone, citalopram, escitalopram, and hydroxyzine</COMMENT>
</INTERACTION>
<INTERACTION>
<SOURCE>
<CLINICAL_SOURCE>ANSM</CLINICAL_SOURCE>
<SOURCE_FILE>330-MEDICATIONS-THAT-TEND-TO-INDUCE-TORSADES-DE-POINTES.html
</SOURCE_FILE>
</SOURCE>
<DRUG1>
<CLASS name="MEDICATIONS THAT TEND TO INDUCE TORSADES DE POINTES" code="C01-N05" /></DRUG1>
<DRUG2>
<DRUG name="AZITHROMYCIN " rxcui="18631">
<ATC code="J01FA10" />
</DRUG>
</DRUG2>
<DESCRIPTION>Increased risk of ventricular arrhythmias, especially of torsades de pointes</DESCRIPTION>
<SEVERITY>Precaution for use</SEVERITY>
<COMMENT>Clinical monitoring and EKG during the administration of the substances together. </COMMENT>
</INTERACTION>
<INTERACTION>
<SOURCE>
<CLINICAL_SOURCE>ANSM</CLINICAL_SOURCE>
<SOURCE_FILE>330-MEDICATIONS-THAT-TEND-TO-INDUCE-TORSADES-DE-POINTES.html
</SOURCE_FILE>
</SOURCE>
<DRUG1>
<CLASS name="MEDICATIONS THAT TEND TO INDUCE TORSADES DE POINTES" code="C01-N05" /></DRUG1>
<DRUG2>
<CLASS name="BETA-BLOCKING AGENTS IN HEART FAILURE" code="C07AB-003" /></DRUG2>
<DESCRIPTION>Increased risk of ventricular arrhythmias, especially of torsades de pointes</DESCRIPTION>
<SEVERITY>Precaution for use</SEVERITY>
<COMMENT>Clinical monitoring and EKG.</COMMENT>
</INTERACTION>
<INTERACTION>
<SOURCE>
<CLINICAL_SOURCE>ANSM</CLINICAL_SOURCE>
<SOURCE_FILE>330-MEDICATIONS-THAT-TEND-TO-INDUCE-TORSADES-DE-POINTES.html
</SOURCE_FILE>
</SOURCE>
<DRUG1>
<CLASS name="MEDICATIONS THAT TEND TO INDUCE TORSADES DE POINTES" code="C01-N05" /></DRUG1>
<DRUG2>
<CLASS name="BRADYCARIA INDUCING DRUGS" code="C0N0S0" /></DRUG2>
<DESCRIPTION>Increased risk of ventricular arrhythmias, especially of torsades de pointes</DESCRIPTION>
<SEVERITY>Precaution for use</SEVERITY>
<COMMENT>Clinical monitoring and EKG.</COMMENT>
</INTERACTION>
<INTERACTION>
<SOURCE>
<CLINICAL_SOURCE>ANSM</CLINICAL_SOURCE>
<SOURCE_FILE>330-MEDICATIONS-THAT-TEND-TO-INDUCE-TORSADES-DE-POINTES.html
</SOURCE_FILE>
</SOURCE>
<DRUG1>
<CLASS name="MEDICATIONS THAT TEND TO INDUCE TORSADES DE POINTES" code="C01-N05" /></DRUG1>
<DRUG2>
<DRUG name="CIPROFLOXACIN" rxcui="2551">
<ATC code="J01MA02" />
<ATC code="S01AE03" />
<ATC code="S02AA15" />
<ATC code="S03AA07" />
</DRUG>
</DRUG2>
<DESCRIPTION>Increased risk of ventricular arrhythmias, especially of torsades de pointes</DESCRIPTION>
<SEVERITY>Precaution for use</SEVERITY>
<COMMENT>Clinical monitoring and EKG during the administration of these substances together.</COMMENT>
</INTERACTION>
<INTERACTION>
<SOURCE>
<CLINICAL_SOURCE>ANSM</CLINICAL_SOURCE>
<SOURCE_FILE>330-MEDICATIONS-THAT-TEND-TO-INDUCE-TORSADES-DE-POINTES.html
</SOURCE_FILE>
</SOURCE>
<DRUG1>
<CLASS name="MEDICATIONS THAT TEND TO INDUCE TORSADES DE POINTES" code="C01-N05" /></DRUG1>
<DRUG2>
<DRUG name="CLARITHROMYCIN" rxcui="21212">
<ATC code="J01FA09" />
<ATC code="J01FA09" />
<ATC code="A02BD04" />
<ATC code="A02BD05" />
<ATC code="A02BD06" />
<ATC code="A02BD07" />
</DRUG>
</DRUG2>
<DESCRIPTION>Increased risk of ventricular arrhythmias, especially of torsades de pointes </DESCRIPTION>
<SEVERITY>Precaution for use</SEVERITY>
<COMMENT>Clinical monitoring and EKG during the administration of the substances together. </COMMENT>
</INTERACTION>
<INTERACTION>
<SOURCE>
<CLINICAL_SOURCE>ANSM</CLINICAL_SOURCE>
<SOURCE_FILE>330-MEDICATIONS-THAT-TEND-TO-INDUCE-TORSADES-DE-POINTES.html
</SOURCE_FILE>
</SOURCE>
<DRUG1>
<CLASS name="MEDICATIONS THAT TEND TO INDUCE TORSADES DE POINTES" code="C01-N05" /></DRUG1>
<DRUG2>
<CLASS name="POTASSIUM LOWERING AGENTS" code="C03-001" /></DRUG2>
<DESCRIPTION>Increased risk of ventricular arrhythmias, especially of torsades de pointes</DESCRIPTION>
<SEVERITY>Precaution for use</SEVERITY>
<COMMENT>Correct any hypokalemia before administering the product and do clinical monitoring, electrolyte monitoring and electrocardiographic monitoring. </COMMENT>
</INTERACTION>
<INTERACTION>
<SOURCE>
<CLINICAL_SOURCE>ANSM</CLINICAL_SOURCE>
<SOURCE_FILE>330-MEDICATIONS-THAT-TEND-TO-INDUCE-TORSADES-DE-POINTES.html
</SOURCE_FILE>
</SOURCE>
<DRUG1>
<CLASS name="MEDICATIONS THAT TEND TO INDUCE TORSADES DE POINTES" code="C01-N05" /></DRUG1>
<DRUG2>
<DRUG name="LEVOFLOXACINE" rxcui="82122">
<ATC code="J01MA12" />
<ATC code="S01AE05" />
</DRUG>
</DRUG2>
<DESCRIPTION>Increased risk of ventricular arrhythmias, especially of torsades de pointes</DESCRIPTION>
<SEVERITY>Precaution for use</SEVERITY>
<COMMENT>Clinical monitoring and EKG during the administration of these medications together. </COMMENT>
</INTERACTION>
<INTERACTION>
<SOURCE>
<CLINICAL_SOURCE>ANSM</CLINICAL_SOURCE>
<SOURCE_FILE>330-MEDICATIONS-THAT-TEND-TO-INDUCE-TORSADES-DE-POINTES.html
</SOURCE_FILE>
</SOURCE>
<DRUG1>
<CLASS name="MEDICATIONS THAT TEND TO INDUCE TORSADES DE POINTES" code="C01-N05" /></DRUG1>
<DRUG2>
<DRUG name="METHADONE" rxcui="6813">
<ATC code="N02AC52" />
<ATC code="N07BC02" />
</DRUG>
</DRUG2>
<DESCRIPTION>Increased risk of ventricular arrhythmias, especially of torsades de pointes</DESCRIPTION>
<SEVERITY>Contraindication</SEVERITY>
<COMMENT>-with citalopram, escitalopram, domperidone, or hydroxyzine</COMMENT>
</INTERACTION>
<INTERACTION>
<SOURCE>
<CLINICAL_SOURCE>ANSM</CLINICAL_SOURCE>
<SOURCE_FILE>330-MEDICATIONS-THAT-TEND-TO-INDUCE-TORSADES-DE-POINTES.html
</SOURCE_FILE>
</SOURCE>
<DRUG1>
<CLASS name="MEDICATIONS THAT TEND TO INDUCE TORSADES DE POINTES" code="C01-N05" /></DRUG1>
<DRUG2>
<CLASS name="NEUROLEPTICS THAT TEND TO INDUCE TORSADES DE POINTES" code="N05A-002" /></DRUG2>
<DESCRIPTION>Increased risk of ventricular arrhythmias, especially of torsades de pointes</DESCRIPTION>
<SEVERITY>Contraindication</SEVERITY>
<COMMENT>-with the citalopram, escitalopram, domperidone or hydroxyzine</COMMENT>
</INTERACTION>
<INTERACTION>
<SOURCE>
<CLINICAL_SOURCE>ANSM</CLINICAL_SOURCE>
<SOURCE_FILE>330-MEDICATIONS-THAT-TEND-TO-INDUCE-TORSADES-DE-POINTES.html
</SOURCE_FILE>
</SOURCE>
<DRUG1>
<CLASS name="MEDICATIONS THAT TEND TO INDUCE TORSADES DE POINTES" code="C01-N05" /></DRUG1>
<DRUG2>
<DRUG name="NORFLOXACIN" rxcui="7517">
<ATC code="J01MA06" />
<ATC code="S01AE02" />
</DRUG>
</DRUG2>
<DESCRIPTION>Increased risk of ventricular arrhythmias, especially of torsades de pointes</DESCRIPTION>
<SEVERITY>Precaution for use</SEVERITY>
<COMMENT>Clinical monitoring and EKG during the administration of these medications together. </COMMENT>
</INTERACTION>
<INTERACTION>
<SOURCE>
<CLINICAL_SOURCE>ANSM</CLINICAL_SOURCE>
<SOURCE_FILE>330-MEDICATIONS-THAT-TEND-TO-INDUCE-TORSADES-DE-POINTES.html
</SOURCE_FILE>
</SOURCE>
<DRUG1>
<CLASS name="MEDICATIONS THAT TEND TO INDUCE TORSADES DE POINTES" code="C01-N05" /></DRUG1>
<DRUG2>
<DRUG name="ONDANSETRON" rxcui="26225">
<ATC code="A04AA01" />
</DRUG>
</DRUG2>
<DESCRIPTION>Increased risk of ventricular arrhythmias, especially of torsades de pointes</DESCRIPTION>
<SEVERITY>Precaution for use</SEVERITY>
<COMMENT>Clinical monitoring and EKG during the administration of these medications together</COMMENT>
</INTERACTION>
<INTERACTION>
<SOURCE>
<CLINICAL_SOURCE>ANSM</CLINICAL_SOURCE>
<SOURCE_FILE>330-MEDICATIONS-THAT-TEND-TO-INDUCE-TORSADES-DE-POINTES.html
</SOURCE_FILE>
</SOURCE>
<DRUG1>
<CLASS name="MEDICATIONS THAT TEND TO INDUCE TORSADES DE POINTES" code="C01-N05" /></DRUG1>
<DRUG2>
<DRUG name="ROXITHROMYCIN" rxcui="9478">
<ATC code="J01FA06" />
</DRUG>
</DRUG2>
<DESCRIPTION>Increased risk of ventricular arrhythmias, especially of torsades de pointes</DESCRIPTION>
<SEVERITY>Precaution for use</SEVERITY>
<COMMENT>Clinical monitoring and EKG during the administration of these substances together. </COMMENT>
</INTERACTION>
<INTERACTION>
<SOURCE>
<CLINICAL_SOURCE>ANSM</CLINICAL_SOURCE>
<SOURCE_FILE>330-MEDICATIONS-THAT-TEND-TO-INDUCE-TORSADES-DE-POINTES.html
</SOURCE_FILE>
</SOURCE>
<DRUG1>
<CLASS name="MEDICATIONS THAT TEND TO INDUCE TORSADES DE POINTES" code="C01-N05" /></DRUG1>
<DRUG2>
<CLASS name="TORSADES DE POINTES INDUCING MEDICATIONS (EXCEPT ANTIPARASITICS, NEUROLEPTICS, METHADONE)" code="C01B" /></DRUG2>
<DESCRIPTION>Increased risk of ventricular arrhythmias, especially of torsades de pointes</DESCRIPTION>
<SEVERITY>Contraindication</SEVERITY>
<COMMENT>For dolasetron, erythromycin, spiramycin, and vincamine, only the forms administered via IV route are concerned in this interaction. </COMMENT>
</INTERACTION>
</INTERACTIONS>
