<?xml version="1.0" encoding="utf-8" ?>
<INTERACTIONS>
<INTERACTION>
<SOURCE>
<CLINICAL_SOURCE>ANSM</CLINICAL_SOURCE>
<SOURCE_FILE>333-MERCAPTOPURINE.html
</SOURCE_FILE>
</SOURCE>
<DRUG1>
<DRUG name="MERCAPTOPURINE" rxcui="103">
<ATC code="L01BB02" />
</DRUG>
</DRUG1>
<DRUG2>
<CLASS name="VITAMIN K ANTAGONISTS" code="B01AA-001" /></DRUG2>
<DESCRIPTION>Decrease of the effect of the vitamin K antagonist due to increase of its hepatic metabolism</DESCRIPTION>
<SEVERITY>Precaution for use</SEVERITY>
<COMMENT>More frequent testing of the INR. Possible adjustment of the dosage of the vitamin K antagonist at the beginning of the treatment with the immunosuppressant (or the cytotoxic) and after it is stopped</COMMENT>
</INTERACTION>
<INTERACTION>
<SOURCE>
<CLINICAL_SOURCE>ANSM</CLINICAL_SOURCE>
<SOURCE_FILE>333-MERCAPTOPURINE.html
</SOURCE_FILE>
</SOURCE>
<DRUG1>
<DRUG name="MERCAPTOPURINE" rxcui="103">
<ATC code="L01BB02" />
</DRUG>
</DRUG1>
<DRUG2>
<CLASS name="DERIVATIVES OF AMINOSALICYLIC ACID (ASA)" code="A07EC-001" /></DRUG2>
<DESCRIPTION>Risk of increase of the myelosuppressor effect of the mercatopurine due to inhibition of its hepatic metabolism by the ASA derivative, especially with patients presenting a partial deficit of thiopurine methyltransferase (TPMT)</DESCRIPTION>
<SEVERITY>Take into account</SEVERITY>
</INTERACTION>
<INTERACTION>
<SOURCE>
<CLINICAL_SOURCE>ANSM</CLINICAL_SOURCE>
<SOURCE_FILE>333-MERCAPTOPURINE.html
</SOURCE_FILE>
</SOURCE>
<DRUG1>
<DRUG name="MERCAPTOPURINE" rxcui="103">
<ATC code="L01BB02" />
</DRUG>
</DRUG1>
<DRUG2>
<CLASS name="XANTHINE OXYDASE INHIBITORS" code="M04AA0" /></DRUG2>
<DESCRIPTION>Bone marrow suppression, reversible but possibly serious (overdose due to decrease of the hepatic metabolism of the mercaptopurine).</DESCRIPTION>
<SEVERITY>Not recommended</SEVERITY>
<COMMENT>Reinforced hematological monitoring and adjustment of the dosage of the mercaptopurine. </COMMENT>
</INTERACTION>
</INTERACTIONS>
