<?xml version="1.0" encoding="utf-8" ?>
<INTERACTIONS>
<INTERACTION>
<SOURCE>
<CLINICAL_SOURCE>ANSM</CLINICAL_SOURCE>
<SOURCE_FILE>35-AMPRENAVIR-(AND-BY-EXTRAPOLATION-FOSAMPRENAVIR).html
</SOURCE_FILE>
</SOURCE>
<DRUG1>
<CLASS name="AMPRENAVIR (AND, BY EXTRAPOLATION, FOSAMPRENAVIR)" code="J05AE0-001" /></DRUG1>
<DRUG2>
<DRUG name="BUPRENORPHINE" rxcui="1819">
<ATC code="N02AE01" />
<ATC code="N07BC01" />
<ATC code="N07BC51" />
</DRUG>
</DRUG2>
<DESCRIPTION>Risk of increase or decrease of the effects of the buprenorphine, due to the simultaneous inhibition and acceleration of its metabolism by the protease inhibitor.</DESCRIPTION>
<SEVERITY>Take into account</SEVERITY>
</INTERACTION>
<INTERACTION>
<SOURCE>
<CLINICAL_SOURCE>ANSM</CLINICAL_SOURCE>
<SOURCE_FILE>35-AMPRENAVIR-(AND-BY-EXTRAPOLATION-FOSAMPRENAVIR).html
</SOURCE_FILE>
</SOURCE>
<DRUG1>
<CLASS name="AMPRENAVIR (AND, BY EXTRAPOLATION, FOSAMPRENAVIR)" code="J05AE0-001" /></DRUG1>
<DRUG2>
<DRUG name="EFAVIRENZ" rxcui="195085">
<ATC code="J05AG03" />
<ATC code="J05AR06" />
</DRUG>
</DRUG2>
<DESCRIPTION>Risk of reduction of the effectiveness of the amprenavir</DESCRIPTION>
<SEVERITY>Precaution for use</SEVERITY>
<COMMENT>Regular clinical monitoring and laboratory tests, especially at the beginning of the administration of the substances together.</COMMENT>
</INTERACTION>
<INTERACTION>
<SOURCE>
<CLINICAL_SOURCE>ANSM</CLINICAL_SOURCE>
<SOURCE_FILE>35-AMPRENAVIR-(AND-BY-EXTRAPOLATION-FOSAMPRENAVIR).html
</SOURCE_FILE>
</SOURCE>
<DRUG1>
<CLASS name="AMPRENAVIR (AND, BY EXTRAPOLATION, FOSAMPRENAVIR)" code="J05AE0-001" /></DRUG1>
<DRUG2>
<DRUG name="METHADONE" rxcui="6813">
<ATC code="N02AC52" />
<ATC code="N07BC02" />
</DRUG>
</DRUG2>
<DESCRIPTION>Decrease of the plasma concentrations of methadone with risk of appearance of a withdrawal syndrome due to increase of its hepatic metabolism by the amprenavir.</DESCRIPTION>
<SEVERITY>Precaution for use</SEVERITY>
<COMMENT>Regular clinical monitoring and possible adjustment of the dosage of methadone.</COMMENT>
</INTERACTION>
<INTERACTION>
<SOURCE>
<CLINICAL_SOURCE>ANSM</CLINICAL_SOURCE>
<SOURCE_FILE>35-AMPRENAVIR-(AND-BY-EXTRAPOLATION-FOSAMPRENAVIR).html
</SOURCE_FILE>
</SOURCE>
<DRUG1>
<CLASS name="AMPRENAVIR (AND, BY EXTRAPOLATION, FOSAMPRENAVIR)" code="J05AE0-001" /></DRUG1>
<DRUG2>
<DRUG name="NEVIRAPINE" rxcui="53654">
<ATC code="J05AG01" />
<ATC code="J05AR07" />
<ATC code="J05AR05" />
</DRUG>
</DRUG2>
<DESCRIPTION>Risk of reduction of the effectiveness of the amprenavir</DESCRIPTION>
<SEVERITY>Precaution for use</SEVERITY>
<COMMENT>Regular clinical monitoring and laboratory tests, especially at the beginning of the administration of the substances together. </COMMENT>
</INTERACTION>
</INTERACTIONS>
