<?xml version="1.0" encoding="utf-8" ?>
<INTERACTIONS>
<INTERACTION>
<SOURCE>
<CLINICAL_SOURCE>ANSM</CLINICAL_SOURCE>
<SOURCE_FILE>354-MIZOLASTINE.html
</SOURCE_FILE>
</SOURCE>
<DRUG1>
<DRUG name="MIZOLASTINE" rxcui="61455">
<ATC code="R06AX25" />
</DRUG>
</DRUG1>
<DRUG2>
<DRUG name="CLARITHROMYCIN" rxcui="21212">
<ATC code="J01FA09" />
</DRUG>
</DRUG2>
<DESCRIPTION>Risk of ventricular arrhythmias, especially of torsades de pointes</DESCRIPTION>
<SEVERITY>Contraindication</SEVERITY>
</INTERACTION>
<INTERACTION>
<SOURCE>
<CLINICAL_SOURCE>ANSM</CLINICAL_SOURCE>
<SOURCE_FILE>354-MIZOLASTINE.html
</SOURCE_FILE>
</SOURCE>
<DRUG1>
<DRUG name="MIZOLASTINE" rxcui="61455">
<ATC code="R06AX25" />
</DRUG>
</DRUG1>
<DRUG2>
<DRUG name="ERYTHROMYCIN" rxcui="4053">
<ATC code="D10AF02" />
<ATC code="D10AF52" />
<ATC code="J01FA01" />
<ATC code="S01AA17" />
</DRUG>
</DRUG2>
<DESCRIPTION>Risk of ventricular arrhythmias, especially of torsades de pointes</DESCRIPTION>
<SEVERITY>Contraindication</SEVERITY>
</INTERACTION>
<INTERACTION>
<SOURCE>
<CLINICAL_SOURCE>ANSM</CLINICAL_SOURCE>
<SOURCE_FILE>354-MIZOLASTINE.html
</SOURCE_FILE>
</SOURCE>
<DRUG1>
<DRUG name="MIZOLASTINE" rxcui="61455">
<ATC code="R06AX25" />
</DRUG>
</DRUG1>
<DRUG2>
<CLASS name="RITONAVIR BOOSTED PROTEASE INHIBITORS" code="J05AE-002" /></DRUG2>
<DESCRIPTION>Risk of ventricular arrhythmias, especially of torsades de pointes</DESCRIPTION>
<SEVERITY>Contraindication</SEVERITY>
</INTERACTION>
<INTERACTION>
<SOURCE>
<CLINICAL_SOURCE>ANSM</CLINICAL_SOURCE>
<SOURCE_FILE>354-MIZOLASTINE.html
</SOURCE_FILE>
</SOURCE>
<DRUG1>
<DRUG name="MIZOLASTINE" rxcui="61455">
<ATC code="R06AX25" />
</DRUG>
</DRUG1>
<DRUG2>
<DRUG name="ITRACONAZOLE" rxcui="28031">
<ATC code="J02AC02" />
</DRUG>
</DRUG2>
<DESCRIPTION>Risk of ventricular arrhythmias, especially of torsades de pointes</DESCRIPTION>
<SEVERITY>Contraindication</SEVERITY>
</INTERACTION>
<INTERACTION>
<SOURCE>
<CLINICAL_SOURCE>ANSM</CLINICAL_SOURCE>
<SOURCE_FILE>354-MIZOLASTINE.html
</SOURCE_FILE>
</SOURCE>
<DRUG1>
<DRUG name="MIZOLASTINE" rxcui="61455">
<ATC code="R06AX25" />
</DRUG>
</DRUG1>
<DRUG2>
<DRUG name="KETOCONAZOLE" rxcui="6135">
<ATC code="D01AC08" />
<ATC code="G01AF11" />
<ATC code="J02AB02" />
</DRUG>
</DRUG2>
<DESCRIPTION>Risk of ventricular arrhythmias, especially of torsades de pointes</DESCRIPTION>
<SEVERITY>Contraindication</SEVERITY>
</INTERACTION>
<INTERACTION>
<SOURCE>
<CLINICAL_SOURCE>ANSM</CLINICAL_SOURCE>
<SOURCE_FILE>354-MIZOLASTINE.html
</SOURCE_FILE>
</SOURCE>
<DRUG1>
<DRUG name="MIZOLASTINE" rxcui="61455">
<ATC code="R06AX25" />
</DRUG>
</DRUG1>
<DRUG2>
<DRUG name="TELITHROMYCIN" rxcui="274786">
<ATC code="J01FA15" />
</DRUG>
</DRUG2>
<DESCRIPTION>Increased risk of ventricular arrhythmias, especially of torsades de pointes</DESCRIPTION>
<SEVERITY>Contraindication</SEVERITY>
</INTERACTION>
</INTERACTIONS>
