<?xml version="1.0" encoding="utf-8" ?>
<INTERACTIONS>
<INTERACTION>
<SOURCE>
<CLINICAL_SOURCE>ANSM</CLINICAL_SOURCE>
<SOURCE_FILE>355-MOCLOBEMIDE.html
</SOURCE_FILE>
</SOURCE>
<DRUG1>
<DRUG name="MOCLOBEMIDE" rxcui="30121">
<ATC code="N06AG02" />
</DRUG>
</DRUG1>
<DRUG2>
<DRUG name="CIMETIDINE" rxcui="2541">
<ATC code="A02BA01" />
<ATC code="A02BA51" />
</DRUG>
</DRUG2>
<DESCRIPTION>With the cimetidine used in doses greater than or equal to 800 mg/day: increase of the concentrations of the moclobemide, due to decrease of its hepatic metabolism</DESCRIPTION>
<SEVERITY>Precaution for use</SEVERITY>
<COMMENT>Clinical monitoring with possible adjustment of the dosage of moclobemide</COMMENT>
</INTERACTION>
</INTERACTIONS>
