<?xml version="1.0" encoding="utf-8" ?>
<INTERACTIONS>
<INTERACTION>
<SOURCE>
<CLINICAL_SOURCE>ANSM</CLINICAL_SOURCE>
<SOURCE_FILE>382-ONDANSÉTRON.html
</SOURCE_FILE>
</SOURCE>
<DRUG1>
<DRUG name="ONDANSETRON" rxcui="26225">
<ATC code="A04AA01" />
</DRUG>
</DRUG1>
<DRUG2>
<CLASS name="MEDICATIONS THAT TEND TO INDUCE TORSADES DE POINTES" code="C01-N05" /></DRUG2>
<DESCRIPTION>Increased risk of ventricular arrhythmias, especially of torsades de pointes </DESCRIPTION>
<SEVERITY>Precaution for use</SEVERITY>
<COMMENT>Clinical monitoring and EKG during the administration of these medications together. </COMMENT>
</INTERACTION>
</INTERACTIONS>
