<?xml version="1.0" encoding="utf-8" ?>
<INTERACTIONS>
<INTERACTION>
<SOURCE>
<CLINICAL_SOURCE>ANSM</CLINICAL_SOURCE>
<SOURCE_FILE>383-GOLD.html
</SOURCE_FILE>
</SOURCE>
<DRUG1>
<DRUG name="GOLD" rxcui="691572">
<ATC code="M01CB" />
<ATC code="M01CB01" />
<ATC code="M01CB02" />
<ATC code="M01CB03" />
<ATC code="M01CB04" />
<ATC code="M01CB05" />
<ATC code="V10AX06" />
</DRUG>
</DRUG1>
<DRUG2>
<CLASS name="ANGIOTENSIN CONVERTING ENZYME INHIBITORS (ACE INHIBITORS)" code="C09AA" /></DRUG2>
<DESCRIPTION>With the gold salts administered by IV route: risk of &quot;nitritoid&quot; reaction when the ACE inhibitor is introduced (nausea, vomiting, vasomotor effects of the flushing type, hypotension, possibly sudden drop in blood pressure)</DESCRIPTION>
<SEVERITY>Take into account</SEVERITY>
</INTERACTION>
</INTERACTIONS>
