<?xml version="1.0" encoding="utf-8" ?>
<INTERACTIONS>
<INTERACTION>
<SOURCE>
<CLINICAL_SOURCE>ANSM</CLINICAL_SOURCE>
<SOURCE_FILE>388-OXPRENOLOL.html
</SOURCE_FILE>
</SOURCE>
<DRUG1>
<DRUG name="OXPRENOLOL" rxcui="7801">
<ATC code="C07AA02" />
</DRUG>
</DRUG1>
<DRUG2>
<DRUG name="ERGOTAMINE" rxcui="4025">
<ATC code="N02CA02" />
<ATC code="N02CA51" />
<ATC code="N02CA52" />
<ATC code="N02CA72" />
</DRUG>
</DRUG2>
<DESCRIPTION>Ergotism: some cases of arterial spasm with ischemia of the extremities have been observed (addition of vascular effects)</DESCRIPTION>
<SEVERITY>Precaution for use</SEVERITY>
<COMMENT>Reinforce clinical monitoring, in particular during the first weeks of the administration of these substances together. </COMMENT>
</INTERACTION>
</INTERACTIONS>
