<?xml version="1.0" encoding="utf-8" ?>
<INTERACTIONS>
<INTERACTION>
<SOURCE>
<CLINICAL_SOURCE>ANSM</CLINICAL_SOURCE>
<SOURCE_FILE>389-OXYCODONE.html
</SOURCE_FILE>
</SOURCE>
<DRUG1>
<DRUG name="OXYCODONE" rxcui="7804">
<ATC code="N02AA05" />
<ATC code="N02AA55" />
</DRUG>
</DRUG1>
<DRUG2>
<CLASS name="STRONG INHIBITORS OF CYP3A4" code="J02-J05" /></DRUG2>
<DESCRIPTION>Increase of the plasma concentrations of the oxycodone</DESCRIPTION>
<SEVERITY>Not recommended</SEVERITY>
<COMMENT>Clinical monitoring and possible adjustment of the dosage of oxycodone during the length of the treatment with the enzyme inhibitor.</COMMENT>
</INTERACTION>
</INTERACTIONS>
