<?xml version="1.0" encoding="utf-8" ?>
<INTERACTIONS>
<INTERACTION>
<SOURCE>
<CLINICAL_SOURCE>ANSM</CLINICAL_SOURCE>
<SOURCE_FILE>39-STEP-II-OPIOID-ANALGESICS.html
</SOURCE_FILE>
</SOURCE>
<DRUG1>
<CLASS name="STEP II OPIOID ANALGESICS" code="N02A-003" /></DRUG1>
<DRUG2>
<CLASS name="AGONIST-ANTAGONIST OPIOIDS " code="NO2A-001" /></DRUG2>
<DESCRIPTION>Decrease of the antalgic effect due to competitive blocking of the receptors, with risk of appearance of a withdrawal syndrome</DESCRIPTION>
<SEVERITY>Not recommended</SEVERITY>
</INTERACTION>
<INTERACTION>
<SOURCE>
<CLINICAL_SOURCE>ANSM</CLINICAL_SOURCE>
<SOURCE_FILE>39-STEP-II-OPIOID-ANALGESICS.html
</SOURCE_FILE>
</SOURCE>
<DRUG1>
<CLASS name="STEP II OPIOID ANALGESICS" code="N02A-003" /></DRUG1>
<DRUG2>
<CLASS name="PARTIAL AGONIST OPIOIDS" code="PARAG" /></DRUG2>
<DESCRIPTION>Risk of decrease of the antalgic effect</DESCRIPTION>
<SEVERITY>Not recommended</SEVERITY>
</INTERACTION>
</INTERACTIONS>
