<?xml version="1.0" encoding="utf-8" ?>
<INTERACTIONS>
<INTERACTION>
<SOURCE>
<CLINICAL_SOURCE>ANSM</CLINICAL_SOURCE>
<SOURCE_FILE>394-PEMETREXED.html
</SOURCE_FILE>
</SOURCE>
<DRUG1>
<DRUG name="PEMETREXED" rxcui="68446">
<ATC code="L01BA04" />
</DRUG>
</DRUG1>
<DRUG2>
<DRUG name="ACETYLSALICYLIC ACID" rxcui="1191">
<ATC code="A01AD05" />
<ATC code="B01AC06" />
<ATC code="B01AC56" />
<ATC code="C10BX01" />
<ATC code="C10BX02" />
<ATC code="C10BX04" />
<ATC code="M01BA03" />
<ATC code="N02BA01" />
<ATC code="N02BA51" />
<ATC code="N02BA71" />
</DRUG>
</DRUG2>
<DESCRIPTION>Risk of increase of the toxicity of the pemetrexed (decrease of its renal clearance by the acetylsalicylic acid in anti-inflammatory doses).</DESCRIPTION>
<SEVERITY>Not recommended</SEVERITY>
<COMMENT>-with patients having weak to moderate renal function (clearance of the creatinine between 45 ml/min and 80 ml/min).</COMMENT>
</INTERACTION>
<INTERACTION>
<SOURCE>
<CLINICAL_SOURCE>ANSM</CLINICAL_SOURCE>
<SOURCE_FILE>394-PEMETREXED.html
</SOURCE_FILE>
</SOURCE>
<DRUG1>
<DRUG name="PEMETREXED" rxcui="68446">
<ATC code="L01BA04" />
</DRUG>
</DRUG1>
<DRUG2>
<CLASS name="NON STEROIDAL ANTI-INFLAMMATORY DRUGS" code="M01A-002" /></DRUG2>
<DESCRIPTION>Risk of increase of the toxicity of the pemetrexed (decrease of its renal clearance by the NSAIs)</DESCRIPTION>
<SEVERITY>Not recommended</SEVERITY>
<COMMENT>with patients having weak to moderate renal function (clearance of the creatinine between 45 ml/min and 80 ml.min)</COMMENT>
</INTERACTION>
</INTERACTIONS>
