<?xml version="1.0" encoding="utf-8" ?>
<INTERACTIONS>
<INTERACTION>
<SOURCE>
<CLINICAL_SOURCE>ANSM</CLINICAL_SOURCE>
<SOURCE_FILE>406-PHENYLBUTAZONE.html
</SOURCE_FILE>
</SOURCE>
<DRUG1>
<DRUG name="PHENYLBUTAZONE" rxcui="8160">
<ATC code="M01AA01" />
<ATC code="M02AA01" />
<ATC code="M01BA01" />
</DRUG>
</DRUG1>
<DRUG2>
<CLASS name="VITAMIN K ANTAGONISTS" code="B01AA-001" /></DRUG2>
<DESCRIPTION>For all the forms of phenylbutazone, including topical: increase of the risk of hemorrhage (inhibition of the platelet function and irritation of the gastroduodenal mucosa by the NSAI)</DESCRIPTION>
<SEVERITY>Contraindication</SEVERITY>
</INTERACTION>
<INTERACTION>
<SOURCE>
<CLINICAL_SOURCE>ANSM</CLINICAL_SOURCE>
<SOURCE_FILE>406-PHENYLBUTAZONE.html
</SOURCE_FILE>
</SOURCE>
<DRUG1>
<DRUG name="PHENYLBUTAZONE" rxcui="8160">
<ATC code="M01AA01" />
<ATC code="M02AA01" />
<ATC code="M01BA01" />
</DRUG>
</DRUG1>
<DRUG2>
<DRUG name="SODIUM AUROTHIOPROPANOL-SULFONATE" >
<ATC code="AUROTIOP" />
<ATC code="46680" />
<ATC code="M01CB05" />
</DRUG>
</DRUG2>
<DESCRIPTION>For all the forms of phenylbutazone, including topical: increase of the risk of aplastic anemia. </DESCRIPTION>
<SEVERITY>Not recommended</SEVERITY>
<COMMENT>Another NSAI that is less interactive should be used. </COMMENT>
</INTERACTION>
<INTERACTION>
<SOURCE>
<CLINICAL_SOURCE>ANSM</CLINICAL_SOURCE>
<SOURCE_FILE>406-PHENYLBUTAZONE.html
</SOURCE_FILE>
</SOURCE>
<DRUG1>
<DRUG name="PHENYLBUTAZONE" rxcui="8160">
<ATC code="M01AA01" />
<ATC code="M02AA01" />
<ATC code="M01BA01" />
</DRUG>
</DRUG1>
<DRUG2>
<CLASS name="BLOOD GLUCOSE LOWERING SULFONAMIDES" code="A10BB" /></DRUG2>
<DESCRIPTION>For all the forms of phenylbutazone, including topical: increase of the hypoglycemic effect of the sulfonamides due to decrease of their hepatic metabolism</DESCRIPTION>
<SEVERITY>Not recommended</SEVERITY>
<COMMENT>Another anti-inflammatory that is less interactive should be used: if not, inform the patient and reinforce self-monitoring of blood glucose; possibly adjust the dosage during the treatment with the anti-inflammatory and after it is stopped. </COMMENT>
</INTERACTION>
</INTERACTIONS>
