<?xml version="1.0" encoding="utf-8" ?>
<INTERACTIONS>
<INTERACTION>
<SOURCE>
<CLINICAL_SOURCE>ANSM</CLINICAL_SOURCE>
<SOURCE_FILE>413-POSACONAZOLE.html
</SOURCE_FILE>
</SOURCE>
<DRUG1>
<DRUG name="POSACONAZOLE" rxcui="282446">
<ATC code="J02AC04" />
</DRUG>
</DRUG1>
<DRUG2>
<CLASS name="VASOCONSTRICTOR ALKALOIDS OF ERGOT OF RYE" code="N02CA0-001" /></DRUG2>
<DESCRIPTION>Risk of constriction of coronary blood vessels or those of the extremities (ergotism), or of rapid elevation of blood pressure</DESCRIPTION>
<SEVERITY>Contraindication</SEVERITY>
</INTERACTION>
<INTERACTION>
<SOURCE>
<CLINICAL_SOURCE>ANSM</CLINICAL_SOURCE>
<SOURCE_FILE>413-POSACONAZOLE.html
</SOURCE_FILE>
</SOURCE>
<DRUG1>
<DRUG name="POSACONAZOLE" rxcui="282446">
<ATC code="J02AC04" />
</DRUG>
</DRUG1>
<DRUG2>
<CLASS name="ANTICONVULSANT ENZYMATIC INDUCERS" code="N03A-001" /></DRUG2>
<DESCRIPTION>Decrease of the plasma concentrations and of the effectiveness of the posaconazole

</DESCRIPTION>
<SEVERITY>Precaution for use</SEVERITY>
<COMMENT>Clinical monitoring. If possible, plasma dosages of the posaconazole and possible adjustment of its dosage.</COMMENT>
</INTERACTION>
<INTERACTION>
<SOURCE>
<CLINICAL_SOURCE>ANSM</CLINICAL_SOURCE>
<SOURCE_FILE>413-POSACONAZOLE.html
</SOURCE_FILE>
</SOURCE>
<DRUG1>
<DRUG name="POSACONAZOLE" rxcui="282446">
<ATC code="J02AC04" />
</DRUG>
</DRUG1>
<DRUG2>
<CLASS name="H2 RECEPTOR ANTAGONISTS" code="A02BA-001" /></DRUG2>
<DESCRIPTION>Decrease of the absorption of the azole antifungal due to increase of the gastric pH by the H2 receptor antagonist</DESCRIPTION>
<SEVERITY>Not recommended</SEVERITY>
</INTERACTION>
<INTERACTION>
<SOURCE>
<CLINICAL_SOURCE>ANSM</CLINICAL_SOURCE>
<SOURCE_FILE>413-POSACONAZOLE.html
</SOURCE_FILE>
</SOURCE>
<DRUG1>
<DRUG name="POSACONAZOLE" rxcui="282446">
<ATC code="J02AC04" />
</DRUG>
</DRUG1>
<DRUG2>
<CLASS name="PROTON PUMP INHIBITORS" code="A02BC-001" /></DRUG2>
<DESCRIPTION>Decrease of the absorption of the azole antifungal, due to increase of the gastric pH by the inhibitor</DESCRIPTION>
<SEVERITY>Not recommended</SEVERITY>
</INTERACTION>
<INTERACTION>
<SOURCE>
<CLINICAL_SOURCE>ANSM</CLINICAL_SOURCE>
<SOURCE_FILE>413-POSACONAZOLE.html
</SOURCE_FILE>
</SOURCE>
<DRUG1>
<DRUG name="POSACONAZOLE" rxcui="282446">
<ATC code="J02AC04" />
</DRUG>
</DRUG1>
<DRUG2>
<DRUG name="ATORVASTATIN" rxcui="83367">
<ATC code="C10AA05" />
</DRUG>
</DRUG2>
<DESCRIPTION>Increased risk of undesirable effects (concentration-dependant) of the rhabodmyolysis type (decrease of the hepatic metabolism of the HMG-CoA reductase inhibitor)</DESCRIPTION>
<SEVERITY>Contraindication</SEVERITY>
</INTERACTION>
<INTERACTION>
<SOURCE>
<CLINICAL_SOURCE>ANSM</CLINICAL_SOURCE>
<SOURCE_FILE>413-POSACONAZOLE.html
</SOURCE_FILE>
</SOURCE>
<DRUG1>
<DRUG name="POSACONAZOLE" rxcui="282446">
<ATC code="J02AC04" />
</DRUG>
</DRUG1>
<DRUG2>
<DRUG name="DARIFENACIN" rxcui="136198">
<ATC code="G04BD10" />
</DRUG>
</DRUG2>
<DESCRIPTION>Increase of the concentrations of darifenacin, with risk of increase of its undesirable effects</DESCRIPTION>
<SEVERITY>Precaution for use</SEVERITY>
<COMMENT>Clinical monitoring and possible adjustment of the dosage of darifenacin.</COMMENT>
</INTERACTION>
<INTERACTION>
<SOURCE>
<CLINICAL_SOURCE>ANSM</CLINICAL_SOURCE>
<SOURCE_FILE>413-POSACONAZOLE.html
</SOURCE_FILE>
</SOURCE>
<DRUG1>
<DRUG name="POSACONAZOLE" rxcui="282446">
<ATC code="J02AC04" />
</DRUG>
</DRUG1>
<DRUG2>
<DRUG name="DEXAMETHASONE" rxcui="3264">
<ATC code="A01AC02" />
<ATC code="C05AA09" />
<ATC code="D07AB19" />
<ATC code="D07XB05" />
<ATC code="D10AA03" />
<ATC code="H02AB02" />
<ATC code="R01AD03" />
<ATC code="S01BA01" />
<ATC code="S01CB01" />
<ATC code="S02BA06" />
<ATC code="S03BA01" />
<ATC code="D07CB04" />
<ATC code="S01CA01" />
<ATC code="S02CA06" />
<ATC code="S03CA01" />
<ATC code="R01AD53" />
</DRUG>
</DRUG2>
<DESCRIPTION>Increase of the plasma concentrations of the dexamethasone due to decrease of its hepatic metabolism by the enzyme inhibitor, with risk of appearance of Cushing&#39;s syndrome</DESCRIPTION>
<SEVERITY>Take into account</SEVERITY>
</INTERACTION>
<INTERACTION>
<SOURCE>
<CLINICAL_SOURCE>ANSM</CLINICAL_SOURCE>
<SOURCE_FILE>413-POSACONAZOLE.html
</SOURCE_FILE>
</SOURCE>
<DRUG1>
<DRUG name="POSACONAZOLE" rxcui="282446">
<ATC code="J02AC04" />
</DRUG>
</DRUG1>
<DRUG2>
<DRUG name="DIGOXIN " rxcui="3407">
<ATC code="C01AA05" />
</DRUG>
</DRUG2>
<DESCRIPTION>Increase of the digoxinemia with nausea, vomiting, arrhythmias.</DESCRIPTION>
<SEVERITY>Precaution for use</SEVERITY>
<COMMENT>Clinical monitoring, and, if there is reason for them, EKG and monitoring of the digoxinemia, with adjustment of the dosage of the digoxin during the treatment with the posaconazole and after it is stopped.</COMMENT>
</INTERACTION>
<INTERACTION>
<SOURCE>
<CLINICAL_SOURCE>ANSM</CLINICAL_SOURCE>
<SOURCE_FILE>413-POSACONAZOLE.html
</SOURCE_FILE>
</SOURCE>
<DRUG1>
<DRUG name="POSACONAZOLE" rxcui="282446">
<ATC code="J02AC04" />
</DRUG>
</DRUG1>
<DRUG2>
<CLASS name="IMMUNOSUPPRESSANTS" code="L04A" /></DRUG2>
<DESCRIPTION>Very large increase of the blood concentrations of the immunosuppressant due to inhibition of its hepatic metabolism</DESCRIPTION>
<SEVERITY>Not recommended</SEVERITY>
<COMMENT>If these medications are administered together, strict testing of renal function, blood concentration dosages of the immunosuppressant, and possible adjustment of the dosage.</COMMENT>
</INTERACTION>
<INTERACTION>
<SOURCE>
<CLINICAL_SOURCE>ANSM</CLINICAL_SOURCE>
<SOURCE_FILE>413-POSACONAZOLE.html
</SOURCE_FILE>
</SOURCE>
<DRUG1>
<DRUG name="POSACONAZOLE" rxcui="282446">
<ATC code="J02AC04" />
</DRUG>
</DRUG1>
<DRUG2>
<DRUG name="RIFABUTIN" rxcui="55672">
<ATC code="J04AB04" />
</DRUG>
</DRUG2>
<DESCRIPTION>Risk of increase of the undesirable effects of the rifabutin (uveitis), due to increase of its concentrations and of those of its active metabolite</DESCRIPTION>
<SEVERITY>Not recommended</SEVERITY>
<COMMENT>Regular clinical monitoring and laboratory tests, especially at the beginning of the administration of the medications together. </COMMENT>
</INTERACTION>
<INTERACTION>
<SOURCE>
<CLINICAL_SOURCE>ANSM</CLINICAL_SOURCE>
<SOURCE_FILE>413-POSACONAZOLE.html
</SOURCE_FILE>
</SOURCE>
<DRUG1>
<DRUG name="POSACONAZOLE" rxcui="282446">
<ATC code="J02AC04" />
</DRUG>
</DRUG1>
<DRUG2>
<DRUG name="RIFAMPICIN" rxcui="9384">
<ATC code="J04AB02" />
<ATC code="J04AM02" />
<ATC code="J04AM05" />
<ATC code="J04AM06" />
</DRUG>
</DRUG2>
<DESCRIPTION>Decrease of the plasma concentrations and of the effectiveness of the two anti-infectives (enzymatic induction by the rifampicin and decrease of the intestinal absorption by the azole antifungal)</DESCRIPTION>
<SEVERITY>Not recommended</SEVERITY>
</INTERACTION>
<INTERACTION>
<SOURCE>
<CLINICAL_SOURCE>ANSM</CLINICAL_SOURCE>
<SOURCE_FILE>413-POSACONAZOLE.html
</SOURCE_FILE>
</SOURCE>
<DRUG1>
<DRUG name="POSACONAZOLE" rxcui="282446">
<ATC code="J02AC04" />
</DRUG>
</DRUG1>
<DRUG2>
<DRUG name="SIMVASTATIN" rxcui="36567">
<ATC code="C10AA01" />
</DRUG>
</DRUG2>
<DESCRIPTION>Increased risk of undesirable effects (concentration-dependent) of the rhabdomyolysis type (decrease of the hepatic metabolism of the HMG-CoA reductase inhibitor)</DESCRIPTION>
<SEVERITY>Contraindication</SEVERITY>
</INTERACTION>
<INTERACTION>
<SOURCE>
<CLINICAL_SOURCE>ANSM</CLINICAL_SOURCE>
<SOURCE_FILE>413-POSACONAZOLE.html
</SOURCE_FILE>
</SOURCE>
<DRUG1>
<DRUG name="POSACONAZOLE" rxcui="282446">
<ATC code="J02AC04" />
</DRUG>
</DRUG1>
<DRUG2>
<DRUG name="SOLIFENACIN" rxcui="322167">
<ATC code="G04BD08" />
<ATC code="G04CA53" />
</DRUG>
</DRUG2>
<DESCRIPTION>Increase of the concentrations of solifenacin, with risk of overdose</DESCRIPTION>
<SEVERITY>Precaution for use</SEVERITY>
<COMMENT>Clinical monitoring and possible adjustment of the dosage of solifenacin.</COMMENT>
</INTERACTION>
<INTERACTION>
<SOURCE>
<CLINICAL_SOURCE>ANSM</CLINICAL_SOURCE>
<SOURCE_FILE>413-POSACONAZOLE.html
</SOURCE_FILE>
</SOURCE>
<DRUG1>
<DRUG name="POSACONAZOLE" rxcui="282446">
<ATC code="J02AC04" />
</DRUG>
</DRUG1>
<DRUG2>
<CLASS name="VINCA ALKALOIDS" code="L01CA" /></DRUG2>
<DESCRIPTION>Increase of the neurotoxicity of the antimitotic, due to decrease of its hepatic metabolism by the posaconazole</DESCRIPTION>
<SEVERITY>Not recommended</SEVERITY>
</INTERACTION>
</INTERACTIONS>
