<?xml version="1.0" encoding="utf-8" ?>
<INTERACTIONS>
<INTERACTION>
<SOURCE>
<CLINICAL_SOURCE>ANSM</CLINICAL_SOURCE>
<SOURCE_FILE>43-HALOGENATED-HYDROCARBON-ANESTHETICS.html
</SOURCE_FILE>
</SOURCE>
<DRUG1>
<CLASS name="HALOGENATED HYDROCARBON ANESTHETICS" code="N01AB0-001" /></DRUG1>
<DRUG2>
<CLASS name="ADRENALINE (ORAL-DENTAL OR SUB-CUTANEOUS)" code="A01AD" /></DRUG2>
<DESCRIPTION>Serious ventricular arrhythmias due to increased cardiac sensitization

</DESCRIPTION>
<SEVERITY>Precaution for use</SEVERITY>
<COMMENT>Limit the amount of adrenaline, for example: less then 0.1 mg of adrenaline in 10 minutes or 0.3 mg per hour for an adult</COMMENT>
</INTERACTION>
<INTERACTION>
<SOURCE>
<CLINICAL_SOURCE>ANSM</CLINICAL_SOURCE>
<SOURCE_FILE>43-HALOGENATED-HYDROCARBON-ANESTHETICS.html
</SOURCE_FILE>
</SOURCE>
<DRUG1>
<CLASS name="HALOGENATED HYDROCARBON ANESTHETICS" code="N01AB0-001" /></DRUG1>
<DRUG2>
<CLASS name="BETA BLOCKING AGENTS (EXCEPT ESMOLOL)" code="C07AB-002" /></DRUG2>
<DESCRIPTION>Reduction of the compensatory cardiovascular reactions by the beta blocking agents. The beta-andrenergic inhibition can be elevated by the beta-mimetics during surgery. </DESCRIPTION>
<SEVERITY>Precaution for use</SEVERITY>
<COMMENT>As a general rule, do not stop the treatment with the beta-blocking agent and, in any event, avoid stopping it abruptly. Inform the anesthesiologist of this treatment. </COMMENT>
</INTERACTION>
<INTERACTION>
<SOURCE>
<CLINICAL_SOURCE>ANSM</CLINICAL_SOURCE>
<SOURCE_FILE>43-HALOGENATED-HYDROCARBON-ANESTHETICS.html
</SOURCE_FILE>
</SOURCE>
<DRUG1>
<CLASS name="HALOGENATED HYDROCARBON ANESTHETICS" code="N01AB0-001" /></DRUG1>
<DRUG2>
<CLASS name="BETA-BLOCKING AGENTS IN HEART FAILURE" code="C07AB-003" /></DRUG2>
<DESCRIPTION>Reduction of the compensatory cardiovascular reactions by the beta blocking agents. The beta-adrenergic inhibition can be elevated during the surgery by the beta-stimulants.</DESCRIPTION>
<SEVERITY>Precaution for use</SEVERITY>
<COMMENT>As a general rule, do not stop the treatment with the beta blocking agent and, in any case, avoid stopping it abruptly. Inform the anesthesiologist of this treatment.</COMMENT>
</INTERACTION>
<INTERACTION>
<SOURCE>
<CLINICAL_SOURCE>ANSM</CLINICAL_SOURCE>
<SOURCE_FILE>43-HALOGENATED-HYDROCARBON-ANESTHETICS.html
</SOURCE_FILE>
</SOURCE>
<DRUG1>
<CLASS name="HALOGENATED HYDROCARBON ANESTHETICS" code="N01AB0-001" /></DRUG1>
<DRUG2>
<DRUG name="ISONIAZID" rxcui="6038">
<ATC code="J04AM03" />
<ATC code="J04AC01" />
<ATC code="J04AC51" />
<ATC code="J04AM02" />
<ATC code="J04AM05" />
<ATC code="J04AM06" />
<ATC code="J04AM01" />
<ATC code="J04AM04" />
</DRUG>
</DRUG2>
<DESCRIPTION>Increase of the hepatotoxic effect of the isoniazid, with increased formation of its toxic metabolites.

.

</DESCRIPTION>
<SEVERITY>Precaution for use</SEVERITY>
<COMMENT>In case of a scheduled intervention, it is prudent to stop the treatment with the isoniazid a week before the surgery and only restart it two weeks after. </COMMENT>
</INTERACTION>
<INTERACTION>
<SOURCE>
<CLINICAL_SOURCE>ANSM</CLINICAL_SOURCE>
<SOURCE_FILE>43-HALOGENATED-HYDROCARBON-ANESTHETICS.html
</SOURCE_FILE>
</SOURCE>
<DRUG1>
<CLASS name="HALOGENATED HYDROCARBON ANESTHETICS" code="N01AB0-001" /></DRUG1>
<DRUG2>
<DRUG name="ISOPRENALINE" rxcui="6054">
<ATC code="C01CA02" />
<ATC code="R03AB02" />
<ATC code="R03CB01" />
<ATC code="R03AK02" />
<ATC code="R03CB51" />
</DRUG>
</DRUG2>
<DESCRIPTION>Serious ventricular arrhythmias due to increase of cardiac sensitization </DESCRIPTION>
<SEVERITY>Not recommended</SEVERITY>
</INTERACTION>
<INTERACTION>
<SOURCE>
<CLINICAL_SOURCE>ANSM</CLINICAL_SOURCE>
<SOURCE_FILE>43-HALOGENATED-HYDROCARBON-ANESTHETICS.html
</SOURCE_FILE>
</SOURCE>
<DRUG1>
<CLASS name="HALOGENATED HYDROCARBON ANESTHETICS" code="N01AB0-001" /></DRUG1>
<DRUG2>
<CLASS name="ALPHA AND BETA SYMPATHOMIMETICS (IM AND IV ROUTES)" code="C01CA" /></DRUG2>
<DESCRIPTION>Serious ventricular arrhythmias due to increase of cardiac sensitization</DESCRIPTION>
<SEVERITY>Not recommended</SEVERITY>
</INTERACTION>
<INTERACTION>
<SOURCE>
<CLINICAL_SOURCE>ANSM</CLINICAL_SOURCE>
<SOURCE_FILE>43-HALOGENATED-HYDROCARBON-ANESTHETICS.html
</SOURCE_FILE>
</SOURCE>
<DRUG1>
<CLASS name="HALOGENATED HYDROCARBON ANESTHETICS" code="N01AB0-001" /></DRUG1>
<DRUG2>
<CLASS name="INDIRECT SYMPATHOMIMETICS" code="C01CA-R01BA" /></DRUG2>
<DESCRIPTION>Perioperative hypertension 

</DESCRIPTION>
<SEVERITY>Precaution for use</SEVERITY>
<COMMENT>In the case of scheduled surgery, it is preferable to stop the treatment several days before surgery. </COMMENT>
</INTERACTION>
</INTERACTIONS>
