<?xml version="1.0" encoding="utf-8" ?>
<INTERACTIONS>
<INTERACTION>
<SOURCE>
<CLINICAL_SOURCE>ANSM</CLINICAL_SOURCE>
<SOURCE_FILE>438-REGORAFENIB.html
</SOURCE_FILE>
</SOURCE>
<DRUG1>
<DRUG name="REGORAFENIB" rxcui="1312397">
<ATC code="L01XE21" />
</DRUG>
</DRUG1>
<DRUG2>
<DRUG name="GRAPEFRUIT JUICE" >
</DRUG>
</DRUG2>
<DESCRIPTION>Increase of the plasma concentrations of regorafenib due to decrease of its hepatic metabolism by the grapefruit juice</DESCRIPTION>
<SEVERITY>Not recommended</SEVERITY>
</INTERACTION>
<INTERACTION>
<SOURCE>
<CLINICAL_SOURCE>ANSM</CLINICAL_SOURCE>
<SOURCE_FILE>438-REGORAFENIB.html
</SOURCE_FILE>
</SOURCE>
<DRUG1>
<DRUG name="REGORAFENIB" rxcui="1312397">
<ATC code="L01XE21" />
</DRUG>
</DRUG1>
<DRUG2>
<CLASS name="ENZYMATIC INDUCERS" code="N03-J05-001" /></DRUG2>
<DESCRIPTION>Decrease of the plasma concentrations of regorafenib due to increase of its metabolism by the inducer </DESCRIPTION>
<SEVERITY>Not recommended</SEVERITY>
</INTERACTION>
<INTERACTION>
<SOURCE>
<CLINICAL_SOURCE>ANSM</CLINICAL_SOURCE>
<SOURCE_FILE>438-REGORAFENIB.html
</SOURCE_FILE>
</SOURCE>
<DRUG1>
<DRUG name="REGORAFENIB" rxcui="1312397">
<ATC code="L01XE21" />
</DRUG>
</DRUG1>
<DRUG2>
<CLASS name="STRONG INHIBITORS OF CYP3A4" code="J02-J05" /></DRUG2>
<DESCRIPTION>Increase of the plasma concentrations of regorafenib due to decrease of its hepatic metabolism by the inhibitor</DESCRIPTION>
<SEVERITY>Not recommended</SEVERITY>
</INTERACTION>
<INTERACTION>
<SOURCE>
<CLINICAL_SOURCE>ANSM</CLINICAL_SOURCE>
<SOURCE_FILE>438-REGORAFENIB.html
</SOURCE_FILE>
</SOURCE>
<DRUG1>
<DRUG name="REGORAFENIB" rxcui="1312397">
<ATC code="L01XE21" />
</DRUG>
</DRUG1>
<DRUG2>
<DRUG name="ST JOHNS WORT" rxcui="258326">
</DRUG>
</DRUG2>
<DESCRIPTION>Decrease of the plasma concentrations of regorafenib due to increase of its metabolism by the St Johns wort</DESCRIPTION>
<SEVERITY>Not recommended</SEVERITY>
</INTERACTION>
</INTERACTIONS>
