<?xml version="1.0" encoding="utf-8" ?>
<INTERACTIONS>
<INTERACTION>
<SOURCE>
<CLINICAL_SOURCE>ANSM</CLINICAL_SOURCE>
<SOURCE_FILE>449-RITONAVIR.html
</SOURCE_FILE>
</SOURCE>
<DRUG1>
<DRUG name="RITONAVIR" rxcui="85762">
<ATC code="J05AE03" />
</DRUG>
</DRUG1>
<DRUG2>
<DRUG name="MARAVIROC" rxcui="620216">
<ATC code="J05AX09" />
</DRUG>
</DRUG2>
<DESCRIPTION>In the case of administration with fosamprenavir, significant decrease of the concentrations of ritonavir which can lead to a loss of the virological response</DESCRIPTION>
<SEVERITY>Not recommended</SEVERITY>
</INTERACTION>
</INTERACTIONS>
