<?xml version="1.0" encoding="utf-8" ?>
<INTERACTIONS>
<INTERACTION>
<SOURCE>
<CLINICAL_SOURCE>ANSM</CLINICAL_SOURCE>
<SOURCE_FILE>458-SIMEPREVIR.html
</SOURCE_FILE>
</SOURCE>
<DRUG1>
<DRUG name="SIMEPREVIR" rxcui="1482790">
<ATC code="J05AE14" />
</DRUG>
</DRUG1>
<DRUG2>
<DRUG name="DEXAMETHASONE" rxcui="3264">
<ATC code="A01AC02" />
<ATC code="C05AA09" />
<ATC code="D07AB19" />
<ATC code="D07XB05" />
<ATC code="D10AA03" />
<ATC code="H02AB02" />
<ATC code="R01AD03" />
<ATC code="S01BA01" />
<ATC code="S01CB01" />
<ATC code="S02BA06" />
<ATC code="S03BA01" />
<ATC code="D07CB04" />
<ATC code="S01CA01" />
<ATC code="S02CA06" />
<ATC code="S03CA01" />
<ATC code="R01AD53" />
</DRUG>
</DRUG2>
<DESCRIPTION>With the dexamethasone for systemic use, risk of decrease of the plasma concentrations of simeprevir due to increase of its hepatic metabolism by the dexamethasone</DESCRIPTION>
<SEVERITY>Not recommended</SEVERITY>
<COMMENT>With the exception of dexamethasone administered in a single dose</COMMENT>
</INTERACTION>
<INTERACTION>
<SOURCE>
<CLINICAL_SOURCE>ANSM</CLINICAL_SOURCE>
<SOURCE_FILE>458-SIMEPREVIR.html
</SOURCE_FILE>
</SOURCE>
<DRUG1>
<DRUG name="SIMEPREVIR" rxcui="1482790">
<ATC code="J05AE14" />
</DRUG>
</DRUG1>
<DRUG2>
<CLASS name="ENZYMATIC INDUCERS" code="N03-J05-001" /></DRUG2>
<DESCRIPTION>Decrease of he plasma concentrations of simeprevir due to increase of its hepatic metabolism by the inducer</DESCRIPTION>
<SEVERITY>Not recommended</SEVERITY>
</INTERACTION>
<INTERACTION>
<SOURCE>
<CLINICAL_SOURCE>ANSM</CLINICAL_SOURCE>
<SOURCE_FILE>458-SIMEPREVIR.html
</SOURCE_FILE>
</SOURCE>
<DRUG1>
<DRUG name="SIMEPREVIR" rxcui="1482790">
<ATC code="J05AE14" />
</DRUG>
</DRUG1>
<DRUG2>
<CLASS name="STRONG INHIBITORS OF CYP3A4" code="J02-J05" /></DRUG2>
<DESCRIPTION>Risk of increase of the plasma concentrations of simeprevir due to decrease of its heptatic metabolism by the inhibitor</DESCRIPTION>
<SEVERITY>Not recommended</SEVERITY>
</INTERACTION>
<INTERACTION>
<SOURCE>
<CLINICAL_SOURCE>ANSM</CLINICAL_SOURCE>
<SOURCE_FILE>458-SIMEPREVIR.html
</SOURCE_FILE>
</SOURCE>
<DRUG1>
<DRUG name="SIMEPREVIR" rxcui="1482790">
<ATC code="J05AE14" />
</DRUG>
</DRUG1>
<DRUG2>
<DRUG name="ST JOHNS WORT" rxcui="258326">
</DRUG>
</DRUG2>
<DESCRIPTION>Risk of decrease of the plasma concentrations of simeprevir due to increase of its hepatic metabolism by the St Johns wort</DESCRIPTION>
<SEVERITY>Not recommended</SEVERITY>
</INTERACTION>
</INTERACTIONS>
