<?xml version="1.0" encoding="utf-8" ?>
<INTERACTIONS>
<INTERACTION>
<SOURCE>
<CLINICAL_SOURCE>ANSM</CLINICAL_SOURCE>
<SOURCE_FILE>459-SIMVASTATIN.html
</SOURCE_FILE>
</SOURCE>
<DRUG1>
<DRUG name="SIMVASTATIN" rxcui="36567">
<ATC code="C10AA01" />
</DRUG>
</DRUG1>
<DRUG2>
<DRUG name="GRAPEFRUIT JUICE" >
</DRUG>
</DRUG2>
<DESCRIPTION>Significant increase of the plasma concentrations of the cholesterol lowering agent, with risk of onset of undesirable effects, especially muscular</DESCRIPTION>
<SEVERITY>Not recommended</SEVERITY>
</INTERACTION>
<INTERACTION>
<SOURCE>
<CLINICAL_SOURCE>ANSM</CLINICAL_SOURCE>
<SOURCE_FILE>459-SIMVASTATIN.html
</SOURCE_FILE>
</SOURCE>
<DRUG1>
<DRUG name="SIMVASTATIN" rxcui="36567">
<ATC code="C10AA01" />
</DRUG>
</DRUG1>
<DRUG2>
<DRUG name="AMIODARONE" rxcui="703">
<ATC code="C01BD01" />
</DRUG>
</DRUG2>
<DESCRIPTION>Increased risk of undesirable effects (concentration-dependant) of the rhabdomyolysis type (decrease of the hepatic metabolism of the simvastatin)</DESCRIPTION>
<SEVERITY>Precaution for use</SEVERITY>
<COMMENT>Do not exceed the dosage of 20mg/day of simvastatin or use another statin not affected by this type of interaction</COMMENT>
</INTERACTION>
<INTERACTION>
<SOURCE>
<CLINICAL_SOURCE>ANSM</CLINICAL_SOURCE>
<SOURCE_FILE>459-SIMVASTATIN.html
</SOURCE_FILE>
</SOURCE>
<DRUG1>
<DRUG name="SIMVASTATIN" rxcui="36567">
<ATC code="C10AA01" />
</DRUG>
</DRUG1>
<DRUG2>
<DRUG name="AMLODIPINE" rxcui="17767">
<ATC code="C08CA01" />
<ATC code="C09BB04" />
<ATC code="C09DB01" />
<ATC code="C09DB02" />
<ATC code="C10BX03" />
<ATC code="C09BB03" />
<ATC code="C09DB04" />
<ATC code="C09DX01" />
<ATC code="C08GA02" />
<ATC code="C09BX01" />
<ATC code="C09DB07" />
</DRUG>
</DRUG2>
<DESCRIPTION>Increased risk of undesirable effects (dose dependant) of the rhabdomyolysis type (decrease of the hepatic metabolism of the cholesterol lowering agent). </DESCRIPTION>
<SEVERITY>Precaution for use</SEVERITY>
<COMMENT>Do not exceed the dosage of 40 mg/day of simvastatin or use another statin not affected by this type of interaction</COMMENT>
</INTERACTION>
<INTERACTION>
<SOURCE>
<CLINICAL_SOURCE>ANSM</CLINICAL_SOURCE>
<SOURCE_FILE>459-SIMVASTATIN.html
</SOURCE_FILE>
</SOURCE>
<DRUG1>
<DRUG name="SIMVASTATIN" rxcui="36567">
<ATC code="C10AA01" />
</DRUG>
</DRUG1>
<DRUG2>
<DRUG name="AZITHROMYCIN " rxcui="18631">
<ATC code="J01FA10" />
</DRUG>
</DRUG2>
<DESCRIPTION>Increased risk of undesirable effects (concentration-dependant) of the rhabdomyolysis type, due to decrease of the hepatic metabolism of the cholesterol lowering agent. </DESCRIPTION>
<SEVERITY>Precaution for use</SEVERITY>
<COMMENT>Use weaker doses of the cholesterol lowering agent or another statin not affected by this type of interaction</COMMENT>
</INTERACTION>
<INTERACTION>
<SOURCE>
<CLINICAL_SOURCE>ANSM</CLINICAL_SOURCE>
<SOURCE_FILE>459-SIMVASTATIN.html
</SOURCE_FILE>
</SOURCE>
<DRUG1>
<DRUG name="SIMVASTATIN" rxcui="36567">
<ATC code="C10AA01" />
</DRUG>
</DRUG1>
<DRUG2>
<DRUG name="CARBAMAZEPINE" rxcui="2002">
<ATC code="N03AF01" />
</DRUG>
</DRUG2>
<DESCRIPTION>Large decrease of the plasma concentrations of simvastatin, due to increase of its hepatic metabolism</DESCRIPTION>
<SEVERITY>Not recommended</SEVERITY>
</INTERACTION>
<INTERACTION>
<SOURCE>
<CLINICAL_SOURCE>ANSM</CLINICAL_SOURCE>
<SOURCE_FILE>459-SIMVASTATIN.html
</SOURCE_FILE>
</SOURCE>
<DRUG1>
<DRUG name="SIMVASTATIN" rxcui="36567">
<ATC code="C10AA01" />
</DRUG>
</DRUG1>
<DRUG2>
<DRUG name="CICLOSPORIN" rxcui="3008">
<ATC code="L04AD01" />
<ATC code="S01XA18" />
</DRUG>
</DRUG2>
<DESCRIPTION>Increased risk of undesirable effects (concentration-dependant) of the rhabdomyolysis type due to decrease of the metabolism of the simvastatin</DESCRIPTION>
<SEVERITY>Precaution for use</SEVERITY>
<COMMENT>Do not exceed the dosage of 10 mg/day of simvastatin. If the therapeutic objective is not reached at this dosage, use another statin not affected by this type of interaction.</COMMENT>
</INTERACTION>
<INTERACTION>
<SOURCE>
<CLINICAL_SOURCE>ANSM</CLINICAL_SOURCE>
<SOURCE_FILE>459-SIMVASTATIN.html
</SOURCE_FILE>
</SOURCE>
<DRUG1>
<DRUG name="SIMVASTATIN" rxcui="36567">
<ATC code="C10AA01" />
</DRUG>
</DRUG1>
<DRUG2>
<DRUG name="CLARITHROMYCIN" rxcui="21212">
<ATC code="J01FA09" />
<ATC code="A02BD04" />
<ATC code="A02BD05" />
<ATC code="A02BD06" />
<ATC code="A02BD07" />
</DRUG>
</DRUG2>
<DESCRIPTION>Increased risk of undesirable effects (concentration-dependant) of the rhabdomyolysis type, due to decrease of the hepatic metabolism of the cholesterol lowering agent. </DESCRIPTION>
<SEVERITY>Contraindication</SEVERITY>
</INTERACTION>
<INTERACTION>
<SOURCE>
<CLINICAL_SOURCE>ANSM</CLINICAL_SOURCE>
<SOURCE_FILE>459-SIMVASTATIN.html
</SOURCE_FILE>
</SOURCE>
<DRUG1>
<DRUG name="SIMVASTATIN" rxcui="36567">
<ATC code="C10AA01" />
</DRUG>
</DRUG1>
<DRUG2>
<DRUG name="DANAZOL" rxcui="3102">
<ATC code="G03XA01" />
</DRUG>
</DRUG2>
<DESCRIPTION>Increased risk of onset of rhabdomyolysis</DESCRIPTION>
<SEVERITY>Not recommended</SEVERITY>
<COMMENT>If administering these medications together is deemed necessary, do not exceed the dose of 10 mg of simvastatin. </COMMENT>
</INTERACTION>
<INTERACTION>
<SOURCE>
<CLINICAL_SOURCE>ANSM</CLINICAL_SOURCE>
<SOURCE_FILE>459-SIMVASTATIN.html
</SOURCE_FILE>
</SOURCE>
<DRUG1>
<DRUG name="SIMVASTATIN" rxcui="36567">
<ATC code="C10AA01" />
</DRUG>
</DRUG1>
<DRUG2>
<DRUG name="DILTIAZEM" rxcui="3443">
<ATC code="C08DB01" />
</DRUG>
</DRUG2>
<DESCRIPTION>Increased risk of undesirable effects (concentration-dependant) of the rhabdomyolysis type, due to decrease of the hepatic metabolism of the cholesterol lowering agent. </DESCRIPTION>
<SEVERITY>Precaution for use</SEVERITY>
<COMMENT>Do not exceed the dosage of 20mg/day of simvastatin. If the therapeutic objective is not reached at this dosage, use another statin not affected by this type of interaction. </COMMENT>
</INTERACTION>
<INTERACTION>
<SOURCE>
<CLINICAL_SOURCE>ANSM</CLINICAL_SOURCE>
<SOURCE_FILE>459-SIMVASTATIN.html
</SOURCE_FILE>
</SOURCE>
<DRUG1>
<DRUG name="SIMVASTATIN" rxcui="36567">
<ATC code="C10AA01" />
</DRUG>
</DRUG1>
<DRUG2>
<DRUG name="DRONEDARONE" rxcui="233698">
<ATC code="C01BD07" />
</DRUG>
</DRUG2>
<DESCRIPTION>Increased risk of undesirable effects (concentration-dependant) of the rhabdomyolysis type (decrease of the hepatic metabolism of the simvastatin)</DESCRIPTION>
<SEVERITY>Not recommended</SEVERITY>
</INTERACTION>
<INTERACTION>
<SOURCE>
<CLINICAL_SOURCE>ANSM</CLINICAL_SOURCE>
<SOURCE_FILE>459-SIMVASTATIN.html
</SOURCE_FILE>
</SOURCE>
<DRUG1>
<DRUG name="SIMVASTATIN" rxcui="36567">
<ATC code="C10AA01" />
</DRUG>
</DRUG1>
<DRUG2>
<DRUG name="ERYTHROMYCIN" rxcui="4053">
<ATC code="D10AF02" />
<ATC code="D10AF52" />
<ATC code="J01FA01" />
<ATC code="S01AA17" />
</DRUG>
</DRUG2>
<DESCRIPTION>Increased risk of undesirable effects (concentration-dependant) of the rhabdomyolysis type (decrease of the hepatic metabolism of the cholesterol lowering agent)</DESCRIPTION>
<SEVERITY>Contraindication</SEVERITY>
</INTERACTION>
<INTERACTION>
<SOURCE>
<CLINICAL_SOURCE>ANSM</CLINICAL_SOURCE>
<SOURCE_FILE>459-SIMVASTATIN.html
</SOURCE_FILE>
</SOURCE>
<DRUG1>
<DRUG name="SIMVASTATIN" rxcui="36567">
<ATC code="C10AA01" />
</DRUG>
</DRUG1>
<DRUG2>
<CLASS name="RITONAVIR BOOSTED PROTEASE INHIBITORS" code="J05AE-002" /></DRUG2>
<DESCRIPTION>Increased risk of undesirable effects (concentration-dependant) of the rhabdomyolysis type (decrease of the hepatic metabolism of the simvastatin)</DESCRIPTION>
<SEVERITY>Contraindication</SEVERITY>
</INTERACTION>
<INTERACTION>
<SOURCE>
<CLINICAL_SOURCE>ANSM</CLINICAL_SOURCE>
<SOURCE_FILE>459-SIMVASTATIN.html
</SOURCE_FILE>
</SOURCE>
<DRUG1>
<DRUG name="SIMVASTATIN" rxcui="36567">
<ATC code="C10AA01" />
</DRUG>
</DRUG1>
<DRUG2>
<DRUG name="ITRACONAZOLE" rxcui="28031">
<ATC code="J02AC02" />
</DRUG>
</DRUG2>
<DESCRIPTION>Increased risk of undesirable effects (concentration-dependant) of the rhabdomyolysis type (decrease of the hepatic metabolism of the simvastatin)</DESCRIPTION>
<SEVERITY>Contraindication</SEVERITY>
</INTERACTION>
<INTERACTION>
<SOURCE>
<CLINICAL_SOURCE>ANSM</CLINICAL_SOURCE>
<SOURCE_FILE>459-SIMVASTATIN.html
</SOURCE_FILE>
</SOURCE>
<DRUG1>
<DRUG name="SIMVASTATIN" rxcui="36567">
<ATC code="C10AA01" />
</DRUG>
</DRUG1>
<DRUG2>
<DRUG name="KETOCONAZOLE" rxcui="6135">
<ATC code="D01AC08" />
<ATC code="G01AF11" />
<ATC code="J02AB02" />
</DRUG>
</DRUG2>
<DESCRIPTION>Increased risk of undesirable effects (concentration-dependant) of the rhabdomyolysis type (decrease of the hepatic metabolism of the cholesterol lowering agent)</DESCRIPTION>
<SEVERITY>Contraindication </SEVERITY>
<COMMENT>Use a statin not affected by this type of interaction</COMMENT>
</INTERACTION>
<INTERACTION>
<SOURCE>
<CLINICAL_SOURCE>ANSM</CLINICAL_SOURCE>
<SOURCE_FILE>459-SIMVASTATIN.html
</SOURCE_FILE>
</SOURCE>
<DRUG1>
<DRUG name="SIMVASTATIN" rxcui="36567">
<ATC code="C10AA01" />
</DRUG>
</DRUG1>
<DRUG2>
<DRUG name="ST JOHNS WORT" rxcui="258326">
</DRUG>
</DRUG2>
<DESCRIPTION>Decrease of the effectiveness of the cholesterol lowering agent due to increase of its hepatic metabolism by the St Johns wort</DESCRIPTION>
<SEVERITY>Not recommended</SEVERITY>
</INTERACTION>
<INTERACTION>
<SOURCE>
<CLINICAL_SOURCE>ANSM</CLINICAL_SOURCE>
<SOURCE_FILE>459-SIMVASTATIN.html
</SOURCE_FILE>
</SOURCE>
<DRUG1>
<DRUG name="SIMVASTATIN" rxcui="36567">
<ATC code="C10AA01" />
</DRUG>
</DRUG1>
<DRUG2>
<CLASS name="OMBITASVIR + PARITAPREVIR" code="OMPA" /></DRUG2>
<DESCRIPTION>Increase of the plasma concentrations of simvastatin due to decrease of its hepatic metabolism by the therapy with ombitavir+paritaprevir</DESCRIPTION>
<SEVERITY>Not recommended</SEVERITY>
</INTERACTION>
<INTERACTION>
<SOURCE>
<CLINICAL_SOURCE>ANSM</CLINICAL_SOURCE>
<SOURCE_FILE>459-SIMVASTATIN.html
</SOURCE_FILE>
</SOURCE>
<DRUG1>
<DRUG name="SIMVASTATIN" rxcui="36567">
<ATC code="C10AA01" />
</DRUG>
</DRUG1>
<DRUG2>
<DRUG name="POSACONAZOLE" rxcui="282446">
<ATC code="J02AC04" />
</DRUG>
</DRUG2>
<DESCRIPTION>Increased risk of undesirable effects (concentration dependant) of the rhabdomyolysis type (decrease of the hepatic metabolism of the HMG-CoA reductase inhibitor).</DESCRIPTION>
<SEVERITY>Contraindication</SEVERITY>
</INTERACTION>
<INTERACTION>
<SOURCE>
<CLINICAL_SOURCE>ANSM</CLINICAL_SOURCE>
<SOURCE_FILE>459-SIMVASTATIN.html
</SOURCE_FILE>
</SOURCE>
<DRUG1>
<DRUG name="SIMVASTATIN" rxcui="36567">
<ATC code="C10AA01" />
</DRUG>
</DRUG1>
<DRUG2>
<DRUG name="RANOLAZINE" rxcui="35829">
<ATC code="C01EB18" />
</DRUG>
</DRUG2>
<DESCRIPTION>Increased risk of undesirable effects (concentration-dependant) of the rhabdomyolysis type due to inhibition of the metabolism of the simvastatin by the ranolazine</DESCRIPTION>
<SEVERITY>Precaution for use</SEVERITY>
<COMMENT>Do not exceed the dosage of 20 mg/day of simvastatin or use another statin not affected by this type of interaction</COMMENT>
</INTERACTION>
<INTERACTION>
<SOURCE>
<CLINICAL_SOURCE>ANSM</CLINICAL_SOURCE>
<SOURCE_FILE>459-SIMVASTATIN.html
</SOURCE_FILE>
</SOURCE>
<DRUG1>
<DRUG name="SIMVASTATIN" rxcui="36567">
<ATC code="C10AA01" />
</DRUG>
</DRUG1>
<DRUG2>
<DRUG name="RIFAMPICIN" rxcui="9384">
<ATC code="J04AB02" />
<ATC code="J04AM02" />
<ATC code="J04AM05" />
<ATC code="J04AM06" />
</DRUG>
</DRUG2>
<DESCRIPTION>Very large decrease of the plasma concentrations of simvastatin due to increase of its hepatic metabolism by the rifampicin.</DESCRIPTION>
<SEVERITY>Not recommended</SEVERITY>
</INTERACTION>
<INTERACTION>
<SOURCE>
<CLINICAL_SOURCE>ANSM</CLINICAL_SOURCE>
<SOURCE_FILE>459-SIMVASTATIN.html
</SOURCE_FILE>
</SOURCE>
<DRUG1>
<DRUG name="SIMVASTATIN" rxcui="36567">
<ATC code="C10AA01" />
</DRUG>
</DRUG1>
<DRUG2>
<DRUG name="ROXITHROMYCIN" rxcui="9478">
<ATC code="J01FA06" />
</DRUG>
</DRUG2>
<DESCRIPTION>Increased risk of undesirable effects (concentration dependent) of the rhabdomyolysis type</DESCRIPTION>
<SEVERITY>Precaution for use</SEVERITY>
<COMMENT>Use weaker doses of the cholesterol lowering agent.</COMMENT>
</INTERACTION>
<INTERACTION>
<SOURCE>
<CLINICAL_SOURCE>ANSM</CLINICAL_SOURCE>
<SOURCE_FILE>459-SIMVASTATIN.html
</SOURCE_FILE>
</SOURCE>
<DRUG1>
<DRUG name="SIMVASTATIN" rxcui="36567">
<ATC code="C10AA01" />
</DRUG>
</DRUG1>
<DRUG2>
<DRUG name="STIRIPENTOL" rxcui="37119">
<ATC code="N03AX17" />
</DRUG>
</DRUG2>
<DESCRIPTION>Increased risk of undesirable effects (dose-dependant) of the rhabdomyolysis type (decrease of the hepatic metabolism of the cholesterol lowering agent)</DESCRIPTION>
<SEVERITY>Contraindication</SEVERITY>
</INTERACTION>
<INTERACTION>
<SOURCE>
<CLINICAL_SOURCE>ANSM</CLINICAL_SOURCE>
<SOURCE_FILE>459-SIMVASTATIN.html
</SOURCE_FILE>
</SOURCE>
<DRUG1>
<DRUG name="SIMVASTATIN" rxcui="36567">
<ATC code="C10AA01" />
</DRUG>
</DRUG1>
<DRUG2>
<DRUG name="TELAPREVIR" rxcui="1102261">
<ATC code="J05AE11" />
</DRUG>
</DRUG2>
<DESCRIPTION>Increased risk of undesirable effects (concentration-dependant) of the rhabdomyolysis type (decrease of the hepatic metabolism of the simvastatin)</DESCRIPTION>
<SEVERITY>Contraindication</SEVERITY>
</INTERACTION>
<INTERACTION>
<SOURCE>
<CLINICAL_SOURCE>ANSM</CLINICAL_SOURCE>
<SOURCE_FILE>459-SIMVASTATIN.html
</SOURCE_FILE>
</SOURCE>
<DRUG1>
<DRUG name="SIMVASTATIN" rxcui="36567">
<ATC code="C10AA01" />
</DRUG>
</DRUG1>
<DRUG2>
<DRUG name="TELITHROMYCIN" rxcui="274786">
<ATC code="J01FA15" />
</DRUG>
</DRUG2>
<DESCRIPTION>Increased risk of undesirable effects (dose-dependant) of the rhabdomyolysis type (decrease of the hepatic metabolism of the cholesterol lowering medication)</DESCRIPTION>
<SEVERITY>Contraindication</SEVERITY>
</INTERACTION>
<INTERACTION>
<SOURCE>
<CLINICAL_SOURCE>ANSM</CLINICAL_SOURCE>
<SOURCE_FILE>459-SIMVASTATIN.html
</SOURCE_FILE>
</SOURCE>
<DRUG1>
<DRUG name="SIMVASTATIN" rxcui="36567">
<ATC code="C10AA01" />
</DRUG>
</DRUG1>
<DRUG2>
<DRUG name="VERAPAMIL" rxcui="11170">
<ATC code="C08DA01" />
<ATC code="C08DA51" />
<ATC code="C09BB10" />
</DRUG>
</DRUG2>
<DESCRIPTION>Increased risk of undesirable effects (dose-dependant) of the rhabdomyolysis type (decrease of the hepatic metabolism of the cholesterol lowering agent)</DESCRIPTION>
<SEVERITY>Precaution for use</SEVERITY>
<COMMENT>Do not exceed the dosage of 20mg/day of simvastatin or use another statin not affected by this type of interaction</COMMENT>
</INTERACTION>
<INTERACTION>
<SOURCE>
<CLINICAL_SOURCE>ANSM</CLINICAL_SOURCE>
<SOURCE_FILE>459-SIMVASTATIN.html
</SOURCE_FILE>
</SOURCE>
<DRUG1>
<DRUG name="SIMVASTATIN" rxcui="36567">
<ATC code="C10AA01" />
</DRUG>
</DRUG1>
<DRUG2>
<DRUG name="VORICONAZOLE" rxcui="121243">
<ATC code="J02AC03" />
</DRUG>
</DRUG2>
<DESCRIPTION>Increased risk of undesirable effects (concentration-dependant) of the rhabdomyolysis type due to decrease of the hepatic metabolism of the simvastatin</DESCRIPTION>
<SEVERITY>Contraindication</SEVERITY>
</INTERACTION>
</INTERACTIONS>
