<?xml version="1.0" encoding="utf-8" ?>
<INTERACTIONS>
<INTERACTION>
<SOURCE>
<CLINICAL_SOURCE>ANSM</CLINICAL_SOURCE>
<SOURCE_FILE>461-SODIUM-AUROTHIOPROPANOLSULFONATE.html
</SOURCE_FILE>
</SOURCE>
<DRUG1>
<DRUG name="SODIUM AUROTHIO-PROPANOL-SULFONATE" >
<ATC code="AUROTIOP" />
<ATC code="46680" />
<ATC code="M01CB05" />
</DRUG>
</DRUG1>
<DRUG2>
<DRUG name="PHENYLBUTAZONE" rxcui="8160">
<ATC code="M01AA01" />
<ATC code="M02AA01" />
<ATC code="M01BA01" />
</DRUG>
</DRUG2>
<DESCRIPTION>For all the forms of phenylbutazone, including topical: increase of the risk of aplastic anemia</DESCRIPTION>
<SEVERITY>Not recommended</SEVERITY>
<COMMENT>Choose another NSAI that is less interactive.</COMMENT>
</INTERACTION>
</INTERACTIONS>
