<?xml version="1.0" encoding="utf-8" ?>
<INTERACTIONS>
<INTERACTION>
<SOURCE>
<CLINICAL_SOURCE>ANSM</CLINICAL_SOURCE>
<SOURCE_FILE>466-SOLIFENACIN.html
</SOURCE_FILE>
</SOURCE>
<DRUG1>
<DRUG name="SOLIFENACIN" rxcui="322167">
<ATC code="G04BD08" />
<ATC code="G04CA53" />
</DRUG>
</DRUG1>
<DRUG2>
<DRUG name="CLARITHROMYCIN" rxcui="21212">
<ATC code="J01FA09" />
<ATC code="A02BD04" />
<ATC code="A02BD05" />
<ATC code="A02BD06" />
<ATC code="A02BD07" />
</DRUG>
</DRUG2>
<DESCRIPTION>Increase of the concentrations of solifenacin, with risk of overdose.</DESCRIPTION>
<SEVERITY>Precaution for use</SEVERITY>
<COMMENT>Clinical monitoring and possible adjustment of the dosage of the solifenacin.</COMMENT>
</INTERACTION>
<INTERACTION>
<SOURCE>
<CLINICAL_SOURCE>ANSM</CLINICAL_SOURCE>
<SOURCE_FILE>466-SOLIFENACIN.html
</SOURCE_FILE>
</SOURCE>
<DRUG1>
<DRUG name="SOLIFENACIN" rxcui="322167">
<ATC code="G04BD08" />
<ATC code="G04CA53" />
</DRUG>
</DRUG1>
<DRUG2>
<DRUG name="ERYTHROMYCIN" rxcui="4053">
<ATC code="D10AF02" />
<ATC code="D10AF52" />
<ATC code="J01FA01" />
<ATC code="S01AA17" />
</DRUG>
</DRUG2>
<DESCRIPTION>Increase of the concentrations of solifenacin, with risk of overdose.</DESCRIPTION>
<SEVERITY>Precaution for use</SEVERITY>
<COMMENT>Clinical monitoring and possible adjustment of the dosage of solifenacin.</COMMENT>
</INTERACTION>
<INTERACTION>
<SOURCE>
<CLINICAL_SOURCE>ANSM</CLINICAL_SOURCE>
<SOURCE_FILE>466-SOLIFENACIN.html
</SOURCE_FILE>
</SOURCE>
<DRUG1>
<DRUG name="SOLIFENACIN" rxcui="322167">
<ATC code="G04BD08" />
<ATC code="G04CA53" />
</DRUG>
</DRUG1>
<DRUG2>
<CLASS name="RITONAVIR BOOSTED PROTEASE INHIBITORS" code="J05AE-002" /></DRUG2>
<DESCRIPTION>Increase of the concentrations of solifenacin, with risk of overdose.</DESCRIPTION>
<SEVERITY>Precaution for use</SEVERITY>
<COMMENT>Clinical monitoring and possible adjustment of the dosage of solifenacin.</COMMENT>
</INTERACTION>
<INTERACTION>
<SOURCE>
<CLINICAL_SOURCE>ANSM</CLINICAL_SOURCE>
<SOURCE_FILE>466-SOLIFENACIN.html
</SOURCE_FILE>
</SOURCE>
<DRUG1>
<DRUG name="SOLIFENACIN" rxcui="322167">
<ATC code="G04BD08" />
<ATC code="G04CA53" />
</DRUG>
</DRUG1>
<DRUG2>
<DRUG name="ITRACONAZOLE" rxcui="28031">
<ATC code="J02AC02" />
</DRUG>
</DRUG2>
<DESCRIPTION>Increase of the concentrations of solifenacin, with risk of overdose.</DESCRIPTION>
<SEVERITY>Precaution for use</SEVERITY>
<COMMENT>Clinical monitoring and possible adjustment of the dosage of solifenacin.</COMMENT>
</INTERACTION>
<INTERACTION>
<SOURCE>
<CLINICAL_SOURCE>ANSM</CLINICAL_SOURCE>
<SOURCE_FILE>466-SOLIFENACIN.html
</SOURCE_FILE>
</SOURCE>
<DRUG1>
<DRUG name="SOLIFENACIN" rxcui="322167">
<ATC code="G04BD08" />
<ATC code="G04CA53" />
</DRUG>
</DRUG1>
<DRUG2>
<DRUG name="KETOCONAZOLE" rxcui="6135">
<ATC code="D01AC08" />
<ATC code="G01AF11" />
<ATC code="J02AB02" />
</DRUG>
</DRUG2>
<DESCRIPTION>Increase of the concentrations of solifenacin, with risk of overdose.</DESCRIPTION>
<SEVERITY>Precaution for use</SEVERITY>
<COMMENT>Clinical monitoring and possible adjustment of the dosage of solifenacin.</COMMENT>
</INTERACTION>
<INTERACTION>
<SOURCE>
<CLINICAL_SOURCE>ANSM</CLINICAL_SOURCE>
<SOURCE_FILE>466-SOLIFENACIN.html
</SOURCE_FILE>
</SOURCE>
<DRUG1>
<DRUG name="SOLIFENACIN" rxcui="322167">
<ATC code="G04BD08" />
<ATC code="G04CA53" />
</DRUG>
</DRUG1>
<DRUG2>
<DRUG name="NELFINAVIR" rxcui="134527">
<ATC code="J05AE04" />
</DRUG>
</DRUG2>
<DESCRIPTION>Increase of the concentrations of solifenacin, with risk of overdose.</DESCRIPTION>
<SEVERITY>Precaution for use</SEVERITY>
<COMMENT>Clinical monitoring and possible adjustment of the dosage of solifenacin.</COMMENT>
</INTERACTION>
<INTERACTION>
<SOURCE>
<CLINICAL_SOURCE>ANSM</CLINICAL_SOURCE>
<SOURCE_FILE>466-SOLIFENACIN.html
</SOURCE_FILE>
</SOURCE>
<DRUG1>
<DRUG name="SOLIFENACIN" rxcui="322167">
<ATC code="G04BD08" />
<ATC code="G04CA53" />
</DRUG>
</DRUG1>
<DRUG2>
<DRUG name="POSACONAZOLE" rxcui="282446">
<ATC code="J02AC04" />
</DRUG>
</DRUG2>
<DESCRIPTION>Increase of the concentrations of solifenacin, with risk of overdose.</DESCRIPTION>
<SEVERITY>Precaution for use</SEVERITY>
<COMMENT>Clinical monitoring and possible adjustment of the dosage of solifenacin.</COMMENT>
</INTERACTION>
<INTERACTION>
<SOURCE>
<CLINICAL_SOURCE>ANSM</CLINICAL_SOURCE>
<SOURCE_FILE>466-SOLIFENACIN.html
</SOURCE_FILE>
</SOURCE>
<DRUG1>
<DRUG name="SOLIFENACIN" rxcui="322167">
<ATC code="G04BD08" />
<ATC code="G04CA53" />
</DRUG>
</DRUG1>
<DRUG2>
<DRUG name="TELITHROMYCIN" rxcui="274786">
<ATC code="J01FA15" />
</DRUG>
</DRUG2>
<DESCRIPTION>Increase of the concentrations of solifenacin, with risk of overdose.</DESCRIPTION>
<SEVERITY>Precaution for use</SEVERITY>
<COMMENT>Clinical monitoring and possible adjustment of the dosage of solifenacin.</COMMENT>
</INTERACTION>
<INTERACTION>
<SOURCE>
<CLINICAL_SOURCE>ANSM</CLINICAL_SOURCE>
<SOURCE_FILE>466-SOLIFENACIN.html
</SOURCE_FILE>
</SOURCE>
<DRUG1>
<DRUG name="SOLIFENACIN" rxcui="322167">
<ATC code="G04BD08" />
<ATC code="G04CA53" />
</DRUG>
</DRUG1>
<DRUG2>
<DRUG name="VORICONAZOLE" rxcui="121243">
<ATC code="J02AC03" />
</DRUG>
</DRUG2>
<DESCRIPTION>Increase of the concentrations of solifenacin, with risk of overdose.</DESCRIPTION>
<SEVERITY>Precaution for use</SEVERITY>
<COMMENT>Clinical monitoring and possible adjustment of the dosage of solifenacin.</COMMENT>
</INTERACTION>
</INTERACTIONS>
