<?xml version="1.0" encoding="utf-8" ?>
<INTERACTIONS>
<INTERACTION>
<SOURCE>
<CLINICAL_SOURCE>ANSM</CLINICAL_SOURCE>
<SOURCE_FILE>485-SULPROSTONE.html
</SOURCE_FILE>
</SOURCE>
<DRUG1>
<DRUG name="SULPROSTONE" rxcui="37414">
<ATC code="G02AD05" />
</DRUG>
</DRUG1>
<DRUG2>
<DRUG name="METHYLERGOMETRINE" rxcui="6883">
<ATC code="N02CA02" />
<ATC code="N02CA51" />
<ATC code="N02CA52" />
<ATC code="N02CA72" />
</DRUG>
</DRUG2>
<DESCRIPTION>Risk of constriction of coronary blood vessels which can be fatal</DESCRIPTION>
<SEVERITY>Contraindication</SEVERITY>
</INTERACTION>
</INTERACTIONS>
