<?xml version="1.0" encoding="utf-8" ?>
<INTERACTIONS>
<INTERACTION>
<SOURCE>
<CLINICAL_SOURCE>ANSM</CLINICAL_SOURCE>
<SOURCE_FILE>489-ALPHA-AND-BETA-SYMPATHOMIMETICS-(IM-AND-IV-ROUTES).html
</SOURCE_FILE>
</SOURCE>
<DRUG1>
<CLASS name="ALPHA AND BETA SYMPATHOMIMETICS (IM AND IV ROUTES)" code="C01CA" /></DRUG1>
<DRUG2>
<CLASS name="HALOGENATED HYDROCARBON ANESTHETICS" code="N01AB0-001" /></DRUG2>
<DESCRIPTION>Serious ventricular arrhythmias due to increase of cardiac sensitization</DESCRIPTION>
<SEVERITY>Not recommended</SEVERITY>
</INTERACTION>
<INTERACTION>
<SOURCE>
<CLINICAL_SOURCE>ANSM</CLINICAL_SOURCE>
<SOURCE_FILE>489-ALPHA-AND-BETA-SYMPATHOMIMETICS-(IM-AND-IV-ROUTES).html
</SOURCE_FILE>
</SOURCE>
<DRUG1>
<CLASS name="ALPHA AND BETA SYMPATHOMIMETICS (IM AND IV ROUTES)" code="C01CA" /></DRUG1>
<DRUG2>
<CLASS name="TRICYCLIC ANTIDEPRESSANTS" code="N06AA-001" /></DRUG2>
<DESCRIPTION>Paroxysmal hypertension with the possibility of arrhythmias (inhibition of the entry of the sympathomimetic into the sympathic fiber)</DESCRIPTION>
<SEVERITY>Not recommended</SEVERITY>
</INTERACTION>
<INTERACTION>
<SOURCE>
<CLINICAL_SOURCE>ANSM</CLINICAL_SOURCE>
<SOURCE_FILE>489-ALPHA-AND-BETA-SYMPATHOMIMETICS-(IM-AND-IV-ROUTES).html
</SOURCE_FILE>
</SOURCE>
<DRUG1>
<CLASS name="ALPHA AND BETA SYMPATHOMIMETICS (IM AND IV ROUTES)" code="C01CA" /></DRUG1>
<DRUG2>
<CLASS name="IRREVERSIBLE MONOAMINE OXIDASE INHIBITORS (MAOI)" code="N06AF0" /></DRUG2>
<DESCRIPTION>Increase of the pressor action of the sympathomimetic, most often moderate. </DESCRIPTION>
<SEVERITY>Precaution for use</SEVERITY>
<COMMENT>Only use under strict medical monitoring.</COMMENT>
</INTERACTION>
<INTERACTION>
<SOURCE>
<CLINICAL_SOURCE>ANSM</CLINICAL_SOURCE>
<SOURCE_FILE>489-ALPHA-AND-BETA-SYMPATHOMIMETICS-(IM-AND-IV-ROUTES).html
</SOURCE_FILE>
</SOURCE>
<DRUG1>
<CLASS name="ALPHA AND BETA SYMPATHOMIMETICS (IM AND IV ROUTES)" code="C01CA" /></DRUG1>
<DRUG2>
<CLASS name="REVERSIBLE MAOI-A, INCLUDING LINEZOLIDE AND METHYLENE BLUE" code="NO6AG-001" /></DRUG2>
<DESCRIPTION>By extrapolation from the non selective MAOIs: risk of increase of heart activation. </DESCRIPTION>
<SEVERITY>Precaution for use</SEVERITY>
<COMMENT>To be used only under strict medical monitoring.</COMMENT>
</INTERACTION>
<INTERACTION>
<SOURCE>
<CLINICAL_SOURCE>ANSM</CLINICAL_SOURCE>
<SOURCE_FILE>489-ALPHA-AND-BETA-SYMPATHOMIMETICS-(IM-AND-IV-ROUTES).html
</SOURCE_FILE>
</SOURCE>
<DRUG1>
<CLASS name="ALPHA AND BETA SYMPATHOMIMETICS (IM AND IV ROUTES)" code="C01CA" /></DRUG1>
<DRUG2>
<CLASS name="MIXED ADRENERGIC-SEROTONINERGIC MEDICATIONS" code="N06A" /></DRUG2>
<DESCRIPTION>Paroxysmal hypertension with possibility of arrhythmias (inhibition of the entry of the sympathomimetic into the sympathic fiber)</DESCRIPTION>
<SEVERITY>Not recommended</SEVERITY>
</INTERACTION>
</INTERACTIONS>
