<?xml version="1.0" encoding="utf-8" ?>
<INTERACTIONS>
<INTERACTION>
<SOURCE>
<CLINICAL_SOURCE>ANSM</CLINICAL_SOURCE>
<SOURCE_FILE>494-TELAPREVIR.html
</SOURCE_FILE>
</SOURCE>
<DRUG1>
<DRUG name="TELAPREVIR" rxcui="1102261">
<ATC code="J05AE11" />
</DRUG>
</DRUG1>
<DRUG2>
<CLASS name="VASOCONSTRICTOR ALKALOIDS OF ERGOT OF RYE" code="N02CA0-001" /></DRUG2>
<DESCRIPTION>Ergotism with possibility of necrosis of the extremities (inhibition of the hepatic metabolism of the alkaloid of ergot of rye)</DESCRIPTION>
<SEVERITY>Contraindication</SEVERITY>
</INTERACTION>
<INTERACTION>
<SOURCE>
<CLINICAL_SOURCE>ANSM</CLINICAL_SOURCE>
<SOURCE_FILE>494-TELAPREVIR.html
</SOURCE_FILE>
</SOURCE>
<DRUG1>
<DRUG name="TELAPREVIR" rxcui="1102261">
<ATC code="J05AE11" />
</DRUG>
</DRUG1>
<DRUG2>
<DRUG name="AMIODARONE" rxcui="703">
<ATC code="C01BD01" />
</DRUG>
</DRUG2>
<DESCRIPTION>Disorders of autoregulation and of cardiac conduction with risk of excessive bradycardia</DESCRIPTION>
<SEVERITY>Contraindication</SEVERITY>
</INTERACTION>
<INTERACTION>
<SOURCE>
<CLINICAL_SOURCE>ANSM</CLINICAL_SOURCE>
<SOURCE_FILE>494-TELAPREVIR.html
</SOURCE_FILE>
</SOURCE>
<DRUG1>
<DRUG name="TELAPREVIR" rxcui="1102261">
<ATC code="J05AE11" />
</DRUG>
</DRUG1>
<DRUG2>
<CLASS name="ANTICONVULSANT ENZYMATIC INDUCERS" code="N03A-001" /></DRUG2>
<DESCRIPTION>Risk of very large decrease of the concentrations of telaprevir.</DESCRIPTION>
<SEVERITY>Contraindication</SEVERITY>
</INTERACTION>
<INTERACTION>
<SOURCE>
<CLINICAL_SOURCE>ANSM</CLINICAL_SOURCE>
<SOURCE_FILE>494-TELAPREVIR.html
</SOURCE_FILE>
</SOURCE>
<DRUG1>
<DRUG name="TELAPREVIR" rxcui="1102261">
<ATC code="J05AE11" />
</DRUG>
</DRUG1>
<DRUG2>
<DRUG name="ATORVASTATIN" rxcui="83367">
<ATC code="C10AA05" />
</DRUG>
</DRUG2>
<DESCRIPTION>Increased risk of undesirable effects (concentration dependant) of the rhabdomyolysis type (decrease of the hepatic metabolism of the atorvastatin)</DESCRIPTION>
<SEVERITY>Contraindication</SEVERITY>
</INTERACTION>
<INTERACTION>
<SOURCE>
<CLINICAL_SOURCE>ANSM</CLINICAL_SOURCE>
<SOURCE_FILE>494-TELAPREVIR.html
</SOURCE_FILE>
</SOURCE>
<DRUG1>
<DRUG name="TELAPREVIR" rxcui="1102261">
<ATC code="J05AE11" />
</DRUG>
</DRUG1>
<DRUG2>
<DRUG name="COLCHICINE" rxcui="2683">
<ATC code="M04AC01" />
</DRUG>
</DRUG2>
<DESCRIPTION>Risk of increase of the undesirable effects of the colchicine, due to decrease of its metabolism</DESCRIPTION>
<SEVERITY>Not recommended</SEVERITY>
<COMMENT>In particular with renal and hepatic insufficiency.</COMMENT>
</INTERACTION>
<INTERACTION>
<SOURCE>
<CLINICAL_SOURCE>ANSM</CLINICAL_SOURCE>
<SOURCE_FILE>494-TELAPREVIR.html
</SOURCE_FILE>
</SOURCE>
<DRUG1>
<DRUG name="TELAPREVIR" rxcui="1102261">
<ATC code="J05AE11" />
</DRUG>
</DRUG1>
<DRUG2>
<DRUG name="DIGOXIN " rxcui="3407">
<ATC code="C01AA05" />
</DRUG>
</DRUG2>
<DESCRIPTION>Increase of the digoxinemia</DESCRIPTION>
<SEVERITY>Precaution for use</SEVERITY>
<COMMENT>Clinical monitoring, laboratory tests, and adjustment, if needed, of the dosage of the digoxin during the treatment with the telaprevir and after it is stopped. </COMMENT>
</INTERACTION>
<INTERACTION>
<SOURCE>
<CLINICAL_SOURCE>ANSM</CLINICAL_SOURCE>
<SOURCE_FILE>494-TELAPREVIR.html
</SOURCE_FILE>
</SOURCE>
<DRUG1>
<DRUG name="TELAPREVIR" rxcui="1102261">
<ATC code="J05AE11" />
</DRUG>
</DRUG1>
<DRUG2>
<CLASS name="NON-CONTRACEPTIVE ESTROGENS" code="G03C-001" /></DRUG2>
<DESCRIPTION>Decrease of the effectiveness of the estrogen</DESCRIPTION>
<SEVERITY>Precaution for use</SEVERITY>
<COMMENT>Clinical monitoring and possible adjustment of the dosage of the hormonal treatment during the administration of the telaprevir and after it is stopped. </COMMENT>
</INTERACTION>
<INTERACTION>
<SOURCE>
<CLINICAL_SOURCE>ANSM</CLINICAL_SOURCE>
<SOURCE_FILE>494-TELAPREVIR.html
</SOURCE_FILE>
</SOURCE>
<DRUG1>
<DRUG name="TELAPREVIR" rxcui="1102261">
<ATC code="J05AE11" />
</DRUG>
</DRUG1>
<DRUG2>
<CLASS name="COMBINED ESTROGEN-PROGESTIN CONTRACEPTIVES" code="G03AB-001" /></DRUG2>
<DESCRIPTION>Risk of decrease of the contraceptive effectiveness due to increase of the hepatic metabolism of the hormonal contraceptive by the telaprevir</DESCRIPTION>
<SEVERITY>Precaution for use</SEVERITY>
<COMMENT>Use an additional or alternative, reliable contraceptive method during the administration of the substances together and two cycles after. </COMMENT>
</INTERACTION>
<INTERACTION>
<SOURCE>
<CLINICAL_SOURCE>ANSM</CLINICAL_SOURCE>
<SOURCE_FILE>494-TELAPREVIR.html
</SOURCE_FILE>
</SOURCE>
<DRUG1>
<DRUG name="TELAPREVIR" rxcui="1102261">
<ATC code="J05AE11" />
</DRUG>
</DRUG1>
<DRUG2>
<CLASS name="IMMUNOSUPPRESSANTS" code="L04A" /></DRUG2>
<DESCRIPTION>Increase of the plasma concentrations of the immunosuppressant due to inhibition of its hepatic metabolism by the telaprevir</DESCRIPTION>
<SEVERITY>Precaution for use</SEVERITY>
<COMMENT>Blood concentration dosage of the immunosuppressant, testing of the renal function, and adjustment of its dosage during the administration of the substances together and afterit is stopped.</COMMENT>
</INTERACTION>
<INTERACTION>
<SOURCE>
<CLINICAL_SOURCE>ANSM</CLINICAL_SOURCE>
<SOURCE_FILE>494-TELAPREVIR.html
</SOURCE_FILE>
</SOURCE>
<DRUG1>
<DRUG name="TELAPREVIR" rxcui="1102261">
<ATC code="J05AE11" />
</DRUG>
</DRUG1>
<DRUG2>
<CLASS name="TYPE 5 PHOSPHODIESTERASE INHIBITORS" code="G04BE" /></DRUG2>
<DESCRIPTION>Large increase of the plasma concentrations of the PDE5 inhibitor, with risk of severe hypotension</DESCRIPTION>
<SEVERITY>Contraindication</SEVERITY>
<COMMENT>-in cases of pulmonary artery hypertension</COMMENT>
</INTERACTION>
<INTERACTION>
<SOURCE>
<CLINICAL_SOURCE>ANSM</CLINICAL_SOURCE>
<SOURCE_FILE>494-TELAPREVIR.html
</SOURCE_FILE>
</SOURCE>
<DRUG1>
<DRUG name="TELAPREVIR" rxcui="1102261">
<ATC code="J05AE11" />
</DRUG>
</DRUG1>
<DRUG2>
<CLASS name="RITONAVIR BOOSTED PROTEASE INHIBITORS" code="J05AE-002" /></DRUG2>
<DESCRIPTION>Decrease of the concentrations of the telaprevir and of the darunavir or of the fosamprenavir, with risk of therapeutic failure</DESCRIPTION>
<SEVERITY>Not recommended</SEVERITY>
</INTERACTION>
<INTERACTION>
<SOURCE>
<CLINICAL_SOURCE>ANSM</CLINICAL_SOURCE>
<SOURCE_FILE>494-TELAPREVIR.html
</SOURCE_FILE>
</SOURCE>
<DRUG1>
<DRUG name="TELAPREVIR" rxcui="1102261">
<ATC code="J05AE11" />
</DRUG>
</DRUG1>
<DRUG2>
<DRUG name="MIDAZOLAM" rxcui="6960">
<ATC code="N05CD08" />
</DRUG>
</DRUG2>
<DESCRIPTION>Increase of the plasma concentrations of medazolam due to decrease of its hepatic metabolism, with increase of sedation</DESCRIPTION>
<SEVERITY>Contraindication</SEVERITY>
<COMMENT>-with the midazolam by mouth</COMMENT>
</INTERACTION>
<INTERACTION>
<SOURCE>
<CLINICAL_SOURCE>ANSM</CLINICAL_SOURCE>
<SOURCE_FILE>494-TELAPREVIR.html
</SOURCE_FILE>
</SOURCE>
<DRUG1>
<DRUG name="TELAPREVIR" rxcui="1102261">
<ATC code="J05AE11" />
</DRUG>
</DRUG1>
<DRUG2>
<DRUG name="ST JOHNS WORT" rxcui="258326">
</DRUG>
</DRUG2>
<DESCRIPTION>Risk of very large decrease of the concentrations of telaprevir</DESCRIPTION>
<SEVERITY>Contraindication</SEVERITY>
</INTERACTION>
<INTERACTION>
<SOURCE>
<CLINICAL_SOURCE>ANSM</CLINICAL_SOURCE>
<SOURCE_FILE>494-TELAPREVIR.html
</SOURCE_FILE>
</SOURCE>
<DRUG1>
<DRUG name="TELAPREVIR" rxcui="1102261">
<ATC code="J05AE11" />
</DRUG>
</DRUG1>
<DRUG2>
<DRUG name="RIFAMPICIN" rxcui="9384">
<ATC code="J04AB02" />
<ATC code="J04AM02" />
<ATC code="J04AM05" />
<ATC code="J04AM06" />
</DRUG>
</DRUG2>
<DESCRIPTION>Very large decrease of the concentrations of telaprevir</DESCRIPTION>
<SEVERITY>Contraindication</SEVERITY>
</INTERACTION>
<INTERACTION>
<SOURCE>
<CLINICAL_SOURCE>ANSM</CLINICAL_SOURCE>
<SOURCE_FILE>494-TELAPREVIR.html
</SOURCE_FILE>
</SOURCE>
<DRUG1>
<DRUG name="TELAPREVIR" rxcui="1102261">
<ATC code="J05AE11" />
</DRUG>
</DRUG1>
<DRUG2>
<DRUG name="SIMVASTATIN" rxcui="36567">
<ATC code="C10AA01" />
</DRUG>
</DRUG2>
<DESCRIPTION>Increased risk of undesirable effects (concentration dependant) of the rhabdomyolysis type (decrease of the hepatic metabolism of the simvastatin</DESCRIPTION>
<SEVERITY>Contraindication</SEVERITY>
</INTERACTION>
</INTERACTIONS>
