<?xml version="1.0" encoding="utf-8" ?>
<INTERACTIONS>
<INTERACTION>
<SOURCE>
<CLINICAL_SOURCE>ANSM</CLINICAL_SOURCE>
<SOURCE_FILE>511-TOLTERODINE.html
</SOURCE_FILE>
</SOURCE>
<DRUG1>
<DRUG name="TOLTERODINE" rxcui="119565">
<ATC code="G04BD07" />
</DRUG>
</DRUG1>
<DRUG2>
<DRUG name="CLARITHROMYCIN" rxcui="21212">
<ATC code="J01FA09" />
<ATC code="A02BD04" />
<ATC code="A02BD05" />
<ATC code="A02BD06" />
<ATC code="A02BD07" />
</DRUG>
</DRUG2>
<DESCRIPTION>Increase of the concentrations of tolterodine in patients who are slow metabolisers, with risk of overdose</DESCRIPTION>
<SEVERITY>Not recommended</SEVERITY>
</INTERACTION>
<INTERACTION>
<SOURCE>
<CLINICAL_SOURCE>ANSM</CLINICAL_SOURCE>
<SOURCE_FILE>511-TOLTERODINE.html
</SOURCE_FILE>
</SOURCE>
<DRUG1>
<DRUG name="TOLTERODINE" rxcui="119565">
<ATC code="G04BD07" />
</DRUG>
</DRUG1>
<DRUG2>
<DRUG name="ERYTHROMYCIN" rxcui="4053">
<ATC code="D10AF02" />
<ATC code="D10AF52" />
<ATC code="J01FA01" />
<ATC code="S01AA17" />
</DRUG>
</DRUG2>
<DESCRIPTION>Increase of the concentrations of tolterodine in patients who are slow metabolisers, with risk of overdose</DESCRIPTION>
<SEVERITY>Not recommended</SEVERITY>
</INTERACTION>
<INTERACTION>
<SOURCE>
<CLINICAL_SOURCE>ANSM</CLINICAL_SOURCE>
<SOURCE_FILE>511-TOLTERODINE.html
</SOURCE_FILE>
</SOURCE>
<DRUG1>
<DRUG name="TOLTERODINE" rxcui="119565">
<ATC code="G04BD07" />
</DRUG>
</DRUG1>
<DRUG2>
<CLASS name="RITONAVIR BOOSTED PROTEASE INHIBITORS" code="J05AE-002" /></DRUG2>
<DESCRIPTION>Increase of the concentrations of tolterodine in patients who are slow metabolisers, with risk of overdose

</DESCRIPTION>
<SEVERITY>Not recommended</SEVERITY>
</INTERACTION>
<INTERACTION>
<SOURCE>
<CLINICAL_SOURCE>ANSM</CLINICAL_SOURCE>
<SOURCE_FILE>511-TOLTERODINE.html
</SOURCE_FILE>
</SOURCE>
<DRUG1>
<DRUG name="TOLTERODINE" rxcui="119565">
<ATC code="G04BD07" />
</DRUG>
</DRUG1>
<DRUG2>
<DRUG name="ITRACONAZOLE" rxcui="28031">
<ATC code="J02AC02" />
</DRUG>
</DRUG2>
<DESCRIPTION>Increase of the concentrations of tolterodine in patients who are slow metabolisers, with risk of overdose</DESCRIPTION>
<SEVERITY>Not recommended</SEVERITY>
</INTERACTION>
<INTERACTION>
<SOURCE>
<CLINICAL_SOURCE>ANSM</CLINICAL_SOURCE>
<SOURCE_FILE>511-TOLTERODINE.html
</SOURCE_FILE>
</SOURCE>
<DRUG1>
<DRUG name="TOLTERODINE" rxcui="119565">
<ATC code="G04BD07" />
</DRUG>
</DRUG1>
<DRUG2>
<DRUG name="KETOCONAZOLE" rxcui="6135">
<ATC code="D01AC08" />
<ATC code="G01AF11" />
<ATC code="J02AB02" />
</DRUG>
</DRUG2>
<DESCRIPTION>Increase of the concentrations of tolterodine in patients who are slow metabolisers, with risk of overdose</DESCRIPTION>
<SEVERITY>Not recommended</SEVERITY>
</INTERACTION>
</INTERACTIONS>
