<?xml version="1.0" encoding="utf-8" ?>
<INTERACTIONS>
<INTERACTION>
<SOURCE>
<CLINICAL_SOURCE>ANSM</CLINICAL_SOURCE>
<SOURCE_FILE>516-NICOTINE-SUBSTITUTION-TREATMENT.html
</SOURCE_FILE>
</SOURCE>
<DRUG1>
<CLASS name="NICOTINE SUBSTITUION TREATMENT" code="N07BA" /></DRUG1>
<DRUG2>
<CLASS name="MEDICATIONS AT RISK WHEN WITHDRAWING FROM TOBACCO" code="N0-R0-002" /></DRUG2>
<DESCRIPTION>Risk of overdose when replacing tobacco due to the replacement therapy</DESCRIPTION>
<SEVERITY>Take into account</SEVERITY>
</INTERACTION>
</INTERACTIONS>
