<?xml version="1.0" encoding="utf-8" ?>
<INTERACTIONS>
<INTERACTION>
<SOURCE>
<CLINICAL_SOURCE>ANSM</CLINICAL_SOURCE>
<SOURCE_FILE>524-URICOSURICS.html
</SOURCE_FILE>
</SOURCE>
<DRUG1>
<CLASS name="URICOSURICS" code="M04AB0" /></DRUG1>
<DRUG2>
<DRUG name="ACETYLSALICYLIC ACID" rxcui="1191">
<ATC code="A01AD05" />
<ATC code="B01AC06" />
<ATC code="B01AC56" />
<ATC code="C10BX01" />
<ATC code="C10BX02" />
<ATC code="C10BX04" />
<ATC code="M01BA03" />
<ATC code="N02BA01" />
<ATC code="N02BA51" />
<ATC code="N02BA71" />
</DRUG>
</DRUG2>
<DESCRIPTION>Decrease of the effect of the uricosuric due to competition of the elimination of the uric acid at the level of the renal tubules</DESCRIPTION>
<SEVERITY>Not recommended</SEVERITY>
</INTERACTION>
</INTERACTIONS>
