<?xml version="1.0" encoding="utf-8" ?>
<INTERACTIONS>
<INTERACTION>
<SOURCE>
<CLINICAL_SOURCE>ANSM</CLINICAL_SOURCE>
<SOURCE_FILE>530-VERAPAMIL.html
</SOURCE_FILE>
</SOURCE>
<DRUG1>
<DRUG name="VERAPAMIL" rxcui="11170">
<ATC code="C08DA01" />
<ATC code="C08DA51" />
<ATC code="C09BB10" />
</DRUG>
</DRUG1>
<DRUG2>
<DRUG name="GRAPEFRUIT JUICE" >
</DRUG>
</DRUG2>
<DESCRIPTION>Increase of the plasma concentrations of verapamil, with risk of onset of undesirable effects</DESCRIPTION>
<SEVERITY>Take into account</SEVERITY>
</INTERACTION>
<INTERACTION>
<SOURCE>
<CLINICAL_SOURCE>ANSM</CLINICAL_SOURCE>
<SOURCE_FILE>530-VERAPAMIL.html
</SOURCE_FILE>
</SOURCE>
<DRUG1>
<DRUG name="VERAPAMIL" rxcui="11170">
<ATC code="C08DA01" />
<ATC code="C08DA51" />
<ATC code="C09BB10" />
</DRUG>
</DRUG1>
<DRUG2>
<DRUG name="AFATINIB" rxcui="1430438">
<ATC code="L01XE13" />
</DRUG>
</DRUG2>
<DESCRIPTION>Increase of the plasma concentrations of afatinib due to increase of its absorption by the verapamil</DESCRIPTION>
<SEVERITY>Precaution for use</SEVERITY>
<COMMENT>It is recommended that the verapamil be administered as far as possible from the afatinib, preferably at an interval of 6 to 12 hours distant from the afatinib.</COMMENT>
</INTERACTION>
<INTERACTION>
<SOURCE>
<CLINICAL_SOURCE>ANSM</CLINICAL_SOURCE>
<SOURCE_FILE>530-VERAPAMIL.html
</SOURCE_FILE>
</SOURCE>
<DRUG1>
<DRUG name="VERAPAMIL" rxcui="11170">
<ATC code="C08DA01" />
<ATC code="C08DA51" />
<ATC code="C09BB10" />
</DRUG>
</DRUG1>
<DRUG2>
<DRUG name="ALISKIREN" rxcui="325646">
<ATC code="C09XA02" />
<ATC code="C09XA52" />
<ATC code="C09DX02" />
</DRUG>
</DRUG2>
<DESCRIPTION>Increase of the plasma concentrations of aliskiren and increase of the risk of its undesirable effects</DESCRIPTION>
<SEVERITY>Precaution for use</SEVERITY>
<COMMENT>Clinical monitoring.</COMMENT>
</INTERACTION>
<INTERACTION>
<SOURCE>
<CLINICAL_SOURCE>ANSM</CLINICAL_SOURCE>
<SOURCE_FILE>530-VERAPAMIL.html
</SOURCE_FILE>
</SOURCE>
<DRUG1>
<DRUG name="VERAPAMIL" rxcui="11170">
<ATC code="C08DA01" />
<ATC code="C08DA51" />
<ATC code="C09BB10" />
</DRUG>
</DRUG1>
<DRUG2>
<DRUG name="AMIODARONE" rxcui="703">
<ATC code="C01BD01" />
</DRUG>
</DRUG2>
<DESCRIPTION>For verapamil by injection:

-risk of bradycardia or of atrioventricular block

For verapamil by mouth:

-risk of bradycardia or of atrioventricular block, especially with older persons

</DESCRIPTION>
<SEVERITY>Not recommended with</SEVERITY>
<COMMENT>-the verapamil via IV</COMMENT>
</INTERACTION>
<INTERACTION>
<SOURCE>
<CLINICAL_SOURCE>ANSM</CLINICAL_SOURCE>
<SOURCE_FILE>530-VERAPAMIL.html
</SOURCE_FILE>
</SOURCE>
<DRUG1>
<DRUG name="VERAPAMIL" rxcui="11170">
<ATC code="C08DA01" />
<ATC code="C08DA51" />
<ATC code="C09BB10" />
</DRUG>
</DRUG1>
<DRUG2>
<DRUG name="ATORVASTATIN" rxcui="83367">
<ATC code="C10AA05" />
</DRUG>
</DRUG2>
<DESCRIPTION>Increased risk of undesirable effects (concentration dependant) of the rhabdomyolysis type, due to decrease of the hepatic metabolism of the cholesterol lowering medication</DESCRIPTION>
<SEVERITY>Precaution for use</SEVERITY>
<COMMENT>Use weaker doses of the cholesterol lowering medication. If the therapeutic objective is not reached, use another statin not affected by this type of interaction.</COMMENT>
</INTERACTION>
<INTERACTION>
<SOURCE>
<CLINICAL_SOURCE>ANSM</CLINICAL_SOURCE>
<SOURCE_FILE>530-VERAPAMIL.html
</SOURCE_FILE>
</SOURCE>
<DRUG1>
<DRUG name="VERAPAMIL" rxcui="11170">
<ATC code="C08DA01" />
<ATC code="C08DA51" />
<ATC code="C09BB10" />
</DRUG>
</DRUG1>
<DRUG2>
<CLASS name="BETA BLOCKING AGENTS (EXCEPT ESMOLOL)" code="C07AB-002" /></DRUG2>
<DESCRIPTION>Disorders of autoregulation (excessive bradycardia, sinus arrest), disorders of sinoatrial and atrioventricular conduction, and cardiac failure </DESCRIPTION>
<SEVERITY>Not recommended</SEVERITY>
<COMMENT>The administration of these medications together should only be undertaken under clinical monitoring and strict EKG, in particular with older patients or at the beginning of treatment. </COMMENT>
</INTERACTION>
<INTERACTION>
<SOURCE>
<CLINICAL_SOURCE>ANSM</CLINICAL_SOURCE>
<SOURCE_FILE>530-VERAPAMIL.html
</SOURCE_FILE>
</SOURCE>
<DRUG1>
<DRUG name="VERAPAMIL" rxcui="11170">
<ATC code="C08DA01" />
<ATC code="C08DA51" />
<ATC code="C09BB10" />
</DRUG>
</DRUG1>
<DRUG2>
<CLASS name="BETA-BLOCKING AGENTS IN HEART FAILURE" code="C07AB-003" /></DRUG2>
<DESCRIPTION>Negative inotropic effect with risk of acute decompensated heart failure, disorders of autoregulation (bradycardia, sinus arrest) and disorders of sinoatrial and atrioventricular conduction</DESCRIPTION>
<SEVERITY>Not recommended</SEVERITY>
</INTERACTION>
<INTERACTION>
<SOURCE>
<CLINICAL_SOURCE>ANSM</CLINICAL_SOURCE>
<SOURCE_FILE>530-VERAPAMIL.html
</SOURCE_FILE>
</SOURCE>
<DRUG1>
<DRUG name="VERAPAMIL" rxcui="11170">
<ATC code="C08DA01" />
<ATC code="C08DA51" />
<ATC code="C09BB10" />
</DRUG>
</DRUG1>
<DRUG2>
<DRUG name="BUSPIRONE" rxcui="1827">
<ATC code="N05BE01" />
</DRUG>
</DRUG2>
<DESCRIPTION>Increase of the plasma concentrations of the buspirone due to decrease of its hepatic metabolism by the verapamil, with increase of its undesirable effects</DESCRIPTION>
<SEVERITY>Precaution for use</SEVERITY>
<COMMENT>Clinical monitoring and adjustment of the dosage of the buspirone if necessary.</COMMENT>
</INTERACTION>
<INTERACTION>
<SOURCE>
<CLINICAL_SOURCE>ANSM</CLINICAL_SOURCE>
<SOURCE_FILE>530-VERAPAMIL.html
</SOURCE_FILE>
</SOURCE>
<DRUG1>
<DRUG name="VERAPAMIL" rxcui="11170">
<ATC code="C08DA01" />
<ATC code="C08DA51" />
<ATC code="C09BB10" />
</DRUG>
</DRUG1>
<DRUG2>
<DRUG name="CICLOSPORIN" rxcui="3008">
<ATC code="L04AD01" />
<ATC code="S01XA18" />
</DRUG>
</DRUG2>
<DESCRIPTION>Increase of the blood concentrations of the ciclosporin (decrease of its hepatic metabolism), and increase of the risk of gum disorders. </DESCRIPTION>
<SEVERITY>Precaution for use</SEVERITY>
<COMMENT>Blood concentration dosage of the ciclosporin, testing of the renal function, and adjustment of the dosage during the administration of the medications together and after it is stopped. </COMMENT>
</INTERACTION>
<INTERACTION>
<SOURCE>
<CLINICAL_SOURCE>ANSM</CLINICAL_SOURCE>
<SOURCE_FILE>530-VERAPAMIL.html
</SOURCE_FILE>
</SOURCE>
<DRUG1>
<DRUG name="VERAPAMIL" rxcui="11170">
<ATC code="C08DA01" />
<ATC code="C08DA51" />
<ATC code="C09BB10" />
</DRUG>
</DRUG1>
<DRUG2>
<DRUG name="CLONIDINE" rxcui="2599">
<ATC code="C02AC01" />
<ATC code="N02CX02" />
<ATC code="S01EA04" />
<ATC code="C02LC01" />
<ATC code="C02LC51" />
</DRUG>
</DRUG2>
<DESCRIPTION>Disorders of autoregulation (disorders of atrioventricular conduction due to addition of the negative effects on conduction)</DESCRIPTION>
<SEVERITY>Take into account</SEVERITY>
</INTERACTION>
<INTERACTION>
<SOURCE>
<CLINICAL_SOURCE>ANSM</CLINICAL_SOURCE>
<SOURCE_FILE>530-VERAPAMIL.html
</SOURCE_FILE>
</SOURCE>
<DRUG1>
<DRUG name="VERAPAMIL" rxcui="11170">
<ATC code="C08DA01" />
<ATC code="C08DA51" />
<ATC code="C09BB10" />
</DRUG>
</DRUG1>
<DRUG2>
<DRUG name="COLCHICINE" rxcui="2683">
<ATC code="M04AC01" />
</DRUG>
</DRUG2>
<DESCRIPTION>Risk of increase of the undesirable effects of the colchicine, due to increase of its plasma concentrations by the verapamil</DESCRIPTION>
<SEVERITY>Not recommended</SEVERITY>
</INTERACTION>
<INTERACTION>
<SOURCE>
<CLINICAL_SOURCE>ANSM</CLINICAL_SOURCE>
<SOURCE_FILE>530-VERAPAMIL.html
</SOURCE_FILE>
</SOURCE>
<DRUG1>
<DRUG name="VERAPAMIL" rxcui="11170">
<ATC code="C08DA01" />
<ATC code="C08DA51" />
<ATC code="C09BB10" />
</DRUG>
</DRUG1>
<DRUG2>
<DRUG name="DABIGATRAN" rxcui="">
<ATC code="1037042" />
</DRUG>
</DRUG2>
<DESCRIPTION>Increase of the plasma concentrations of dabigatran, with increase of the risk of bleeding</DESCRIPTION>
<SEVERITY>Precaution for use</SEVERITY>
<COMMENT>In a post surgical indication: clinical monitoring and adjustment of the dosage of the dabigatran to 150 mg/day in one dose, or even 75 mg/day in case of moderate renal insufficiency</COMMENT>
</INTERACTION>
<INTERACTION>
<SOURCE>
<CLINICAL_SOURCE>ANSM</CLINICAL_SOURCE>
<SOURCE_FILE>530-VERAPAMIL.html
</SOURCE_FILE>
</SOURCE>
<DRUG1>
<DRUG name="VERAPAMIL" rxcui="11170">
<ATC code="C08DA01" />
<ATC code="C08DA51" />
<ATC code="C09BB10" />
</DRUG>
</DRUG1>
<DRUG2>
<DRUG name="DANTROLENE" rxcui="3105">
<ATC code="M03CA" />
<ATC code="M03CA01" />
</DRUG>
</DRUG2>
<DESCRIPTION>With the dantrolene administered by IV: with animals, fatal cases of ventricular fibrillations are constantly observed when verapamil and dantrolene are administered by IV route. The administration of a calcium channel blocker and dantrolene together is thus potentially dangerous. However, some patients have received nifedipine and dantrolene together without incident.</DESCRIPTION>
<SEVERITY>Contraindication</SEVERITY>
</INTERACTION>
<INTERACTION>
<SOURCE>
<CLINICAL_SOURCE>ANSM</CLINICAL_SOURCE>
<SOURCE_FILE>530-VERAPAMIL.html
</SOURCE_FILE>
</SOURCE>
<DRUG1>
<DRUG name="VERAPAMIL" rxcui="11170">
<ATC code="C08DA01" />
<ATC code="C08DA51" />
<ATC code="C09BB10" />
</DRUG>
</DRUG1>
<DRUG2>
<DRUG name="DIGOXIN " rxcui="3407">
<ATC code="C01AA05" />
</DRUG>
</DRUG2>
<DESCRIPTION>Excessive bradycardia and atrioventricular block due to increase of the effects of the digoxin on autoregulation and conduction and due to decrease of the renal and extrarenal elimination of the digoxin</DESCRIPTION>
<SEVERITY>Precaution for use</SEVERITY>
<COMMENT>Clinical monitoring, EKG and, possibly, testing of the digoxinemia. If there is reason for it, adjustment of the dosage of the digoxin during the treatment with the verapamil and after it is stopped. </COMMENT>
</INTERACTION>
<INTERACTION>
<SOURCE>
<CLINICAL_SOURCE>ANSM</CLINICAL_SOURCE>
<SOURCE_FILE>530-VERAPAMIL.html
</SOURCE_FILE>
</SOURCE>
<DRUG1>
<DRUG name="VERAPAMIL" rxcui="11170">
<ATC code="C08DA01" />
<ATC code="C08DA51" />
<ATC code="C09BB10" />
</DRUG>
</DRUG1>
<DRUG2>
<DRUG name="DOXORUBICIN" rxcui="3639">
<ATC code="L01DB01" />
</DRUG>
</DRUG2>
<DESCRIPTION>Risk of increase of the toxicity of the doxorubicin due to increase of its plasma concentrations</DESCRIPTION>
<SEVERITY>Take into account</SEVERITY>
</INTERACTION>
<INTERACTION>
<SOURCE>
<CLINICAL_SOURCE>ANSM</CLINICAL_SOURCE>
<SOURCE_FILE>530-VERAPAMIL.html
</SOURCE_FILE>
</SOURCE>
<DRUG1>
<DRUG name="VERAPAMIL" rxcui="11170">
<ATC code="C08DA01" />
<ATC code="C08DA51" />
<ATC code="C09BB10" />
</DRUG>
</DRUG1>
<DRUG2>
<DRUG name="DRONEDARONE" rxcui="233698">
<ATC code="C01BD07" />
</DRUG>
</DRUG2>
<DESCRIPTION>Risk of bradycardia or of atrioventricular block, especially with older patients. Furthermore, slight increase of the concentrations of dronedarone due to decrease of its metabolism by the calcium channel blocker</DESCRIPTION>
<SEVERITY>Precaution for use</SEVERITY>
<COMMENT>Start the treatment by the calcium channel blocker with the lowest recommended dosages, and adjust the doses according to the EKG.</COMMENT>
</INTERACTION>
<INTERACTION>
<SOURCE>
<CLINICAL_SOURCE>ANSM</CLINICAL_SOURCE>
<SOURCE_FILE>530-VERAPAMIL.html
</SOURCE_FILE>
</SOURCE>
<DRUG1>
<DRUG name="VERAPAMIL" rxcui="11170">
<ATC code="C08DA01" />
<ATC code="C08DA51" />
<ATC code="C09BB10" />
</DRUG>
</DRUG1>
<DRUG2>
<DRUG name="ERIBULINE" rxcui="1045453">
<ATC code="L01XX41" />
</DRUG>
</DRUG2>
<DESCRIPTION>Increase of the plasma concentrations of eribuline by the verapamil.</DESCRIPTION>
<SEVERITY>Not recommended</SEVERITY>
</INTERACTION>
<INTERACTION>
<SOURCE>
<CLINICAL_SOURCE>ANSM</CLINICAL_SOURCE>
<SOURCE_FILE>530-VERAPAMIL.html
</SOURCE_FILE>
</SOURCE>
<DRUG1>
<DRUG name="VERAPAMIL" rxcui="11170">
<ATC code="C08DA01" />
<ATC code="C08DA51" />
<ATC code="C09BB10" />
</DRUG>
</DRUG1>
<DRUG2>
<DRUG name="ERYTHROMYCIN" rxcui="4053">
<ATC code="D10AF02" />
<ATC code="D10AF52" />
<ATC code="J01FA01" />
<ATC code="S01AA17" />
</DRUG>
</DRUG2>
<DESCRIPTION>Bradycardia and/or disorders of atrioventricular conduction, due to decrease of the hepatic metabolism of the verapamil by the erythromycin</DESCRIPTION>
<SEVERITY>Precaution for use</SEVERITY>
<COMMENT>Clinical monitoring and EKG, if there is reason for it, adjustment of the dosage of the verapamil during the treatment with the erythromycin and after it is stopped. </COMMENT>
</INTERACTION>
<INTERACTION>
<SOURCE>
<CLINICAL_SOURCE>ANSM</CLINICAL_SOURCE>
<SOURCE_FILE>530-VERAPAMIL.html
</SOURCE_FILE>
</SOURCE>
<DRUG1>
<DRUG name="VERAPAMIL" rxcui="11170">
<ATC code="C08DA01" />
<ATC code="C08DA51" />
<ATC code="C09BB10" />
</DRUG>
</DRUG1>
<DRUG2>
<DRUG name="ESMOLOL" rxcui="49737">
<ATC code="C07AB09" />
</DRUG>
</DRUG2>
<DESCRIPTION>Disorders of autoregulation (excessive bradycardia, sinus arrest), disorders of sinoatrial and atrioventricular conduction, and cardiac failure</DESCRIPTION>
<SEVERITY>Not recommended</SEVERITY>
<COMMENT>-in case of alteration of the left ventricular function.</COMMENT>
</INTERACTION>
<INTERACTION>
<SOURCE>
<CLINICAL_SOURCE>ANSM</CLINICAL_SOURCE>
<SOURCE_FILE>530-VERAPAMIL.html
</SOURCE_FILE>
</SOURCE>
<DRUG1>
<DRUG name="VERAPAMIL" rxcui="11170">
<ATC code="C08DA01" />
<ATC code="C08DA51" />
<ATC code="C09BB10" />
</DRUG>
</DRUG1>
<DRUG2>
<DRUG name="EVEROLIMUS" rxcui="141704">
<ATC code="L01XE10" />
<ATC code="L04AA18" />
</DRUG>
</DRUG2>
<DESCRIPTION>Increase of the blood concentrations of the everolimus due to decrease of its hepatic metabolism by the verapamil</DESCRIPTION>
<SEVERITY>Precaution for use</SEVERITY>
<COMMENT>Blood concentration dosage of the immunosuppressant, testing of the renal function and adjustment of the dosage during the administration of the two medications together and after it is stopped.</COMMENT>
</INTERACTION>
<INTERACTION>
<SOURCE>
<CLINICAL_SOURCE>ANSM</CLINICAL_SOURCE>
<SOURCE_FILE>530-VERAPAMIL.html
</SOURCE_FILE>
</SOURCE>
<DRUG1>
<DRUG name="VERAPAMIL" rxcui="11170">
<ATC code="C08DA01" />
<ATC code="C08DA51" />
<ATC code="C09BB10" />
</DRUG>
</DRUG1>
<DRUG2>
<DRUG name="FIDAXOMICIN" rxcui="1111103">
<ATC code="A07AA12" />
</DRUG>
</DRUG2>
<DESCRIPTION>Increase of the plasma concentrations of the fidaxomicin</DESCRIPTION>
<SEVERITY>Not recommended</SEVERITY>
</INTERACTION>
<INTERACTION>
<SOURCE>
<CLINICAL_SOURCE>ANSM</CLINICAL_SOURCE>
<SOURCE_FILE>530-VERAPAMIL.html
</SOURCE_FILE>
</SOURCE>
<DRUG1>
<DRUG name="VERAPAMIL" rxcui="11170">
<ATC code="C08DA01" />
<ATC code="C08DA51" />
<ATC code="C09BB10" />
</DRUG>
</DRUG1>
<DRUG2>
<DRUG name="IBRUTINIB" rxcui="1442981">
<ATC code="L01XE27" />
</DRUG>
</DRUG2>
<DESCRIPTION>Increase of the plasma concentrations of ibrutinib due to decrease of its hepatic metabolism by the verapamil</DESCRIPTION>
<SEVERITY>Precaution for use</SEVERITY>
<COMMENT>Strict clinicalmonitoring and reduction of the dose of ibrutinib to 140 mg per day during the length of the administration of the two medications together.</COMMENT>
</INTERACTION>
<INTERACTION>
<SOURCE>
<CLINICAL_SOURCE>ANSM</CLINICAL_SOURCE>
<SOURCE_FILE>530-VERAPAMIL.html
</SOURCE_FILE>
</SOURCE>
<DRUG1>
<DRUG name="VERAPAMIL" rxcui="11170">
<ATC code="C08DA01" />
<ATC code="C08DA51" />
<ATC code="C09BB10" />
</DRUG>
</DRUG1>
<DRUG2>
<CLASS name="STRONG INHIBITORS OF CYP3A4" code="J02-J05" /></DRUG2>
<DESCRIPTION>Bradycardia and/or disorders of atrioventricular conduction, due to decrease of the hepatic metabolism of the verapamil by the inhibitor</DESCRIPTION>
<SEVERITY>Precaution for use</SEVERITY>
<COMMENT>Clinical monitoring and EKG. If there is reason for it, adjustment of the dosage of the verapamil during the treatment with the inhibitor, and after it is stopped, as the situation requires.</COMMENT>
</INTERACTION>
<INTERACTION>
<SOURCE>
<CLINICAL_SOURCE>ANSM</CLINICAL_SOURCE>
<SOURCE_FILE>530-VERAPAMIL.html
</SOURCE_FILE>
</SOURCE>
<DRUG1>
<DRUG name="VERAPAMIL" rxcui="11170">
<ATC code="C08DA01" />
<ATC code="C08DA51" />
<ATC code="C09BB10" />
</DRUG>
</DRUG1>
<DRUG2>
<DRUG name="IVABRADINE" rxcui="77417">
<ATC code="C01EB17" />
</DRUG>
</DRUG2>
<DESCRIPTION>Increase of the plasma concentrations of the ivabradine and of its undesirable effects, especially cardiac ones (inhibition of its hepatic metabolism by the verapamil), that add to the bradycardia inducing effects of these molecules.</DESCRIPTION>
<SEVERITY>Contraindication</SEVERITY>
</INTERACTION>
<INTERACTION>
<SOURCE>
<CLINICAL_SOURCE>ANSM</CLINICAL_SOURCE>
<SOURCE_FILE>530-VERAPAMIL.html
</SOURCE_FILE>
</SOURCE>
<DRUG1>
<DRUG name="VERAPAMIL" rxcui="11170">
<ATC code="C08DA01" />
<ATC code="C08DA51" />
<ATC code="C09BB10" />
</DRUG>
</DRUG1>
<DRUG2>
<DRUG name="MIDAZOLAM" rxcui="6960">
<ATC code="N05CD08" />
</DRUG>
</DRUG2>
<DESCRIPTION>Increase of the plasma concentrations of midazolam (decrease of its hepatic metabolism with increase of sedation). </DESCRIPTION>
<SEVERITY>Precaution for use</SEVERITY>
<COMMENT>Clinical monitoring and reduction of the dosage of midazolam during the treatment with the verapamil.</COMMENT>
</INTERACTION>
<INTERACTION>
<SOURCE>
<CLINICAL_SOURCE>ANSM</CLINICAL_SOURCE>
<SOURCE_FILE>530-VERAPAMIL.html
</SOURCE_FILE>
</SOURCE>
<DRUG1>
<DRUG name="VERAPAMIL" rxcui="11170">
<ATC code="C08DA01" />
<ATC code="C08DA51" />
<ATC code="C09BB10" />
</DRUG>
</DRUG1>
<DRUG2>
<DRUG name="ST JOHNS WORT" rxcui="258326">
</DRUG>
</DRUG2>
<DESCRIPTION>Large reduction of the concentrations of verapamil, with risk of loss of its therapeutic effect.</DESCRIPTION>
<SEVERITY>Contraindication</SEVERITY>
</INTERACTION>
<INTERACTION>
<SOURCE>
<CLINICAL_SOURCE>ANSM</CLINICAL_SOURCE>
<SOURCE_FILE>530-VERAPAMIL.html
</SOURCE_FILE>
</SOURCE>
<DRUG1>
<DRUG name="VERAPAMIL" rxcui="11170">
<ATC code="C08DA01" />
<ATC code="C08DA51" />
<ATC code="C09BB10" />
</DRUG>
</DRUG1>
<DRUG2>
<DRUG name="QUINIDINE" rxcui="9068">
<ATC code="C01BA01" />
<ATC code="C01BA51" />
<ATC code="C01BA71" />
</DRUG>
</DRUG2>
<DESCRIPTION>Risk of large increase of the hemodynamic effects of the verapamil, with severe hypotension and bradycardia</DESCRIPTION>
<SEVERITY>Not recommended</SEVERITY>
</INTERACTION>
<INTERACTION>
<SOURCE>
<CLINICAL_SOURCE>ANSM</CLINICAL_SOURCE>
<SOURCE_FILE>530-VERAPAMIL.html
</SOURCE_FILE>
</SOURCE>
<DRUG1>
<DRUG name="VERAPAMIL" rxcui="11170">
<ATC code="C08DA01" />
<ATC code="C08DA51" />
<ATC code="C09BB10" />
</DRUG>
</DRUG1>
<DRUG2>
<DRUG name="SIMVASTATIN" rxcui="36567">
<ATC code="C10AA01" />
</DRUG>
</DRUG2>
<DESCRIPTION>Increased risk of undesirable effects (dose dependent) of the rhabdomyolysis type (decrease of the hepatic metabolism of the cholesterol lowering agent</DESCRIPTION>
<SEVERITY>Precaution for use</SEVERITY>
<COMMENT>Do not exceed the dosage of 20mg/day of simvastatin or use another statin not affected by this type of interaction.</COMMENT>
</INTERACTION>
<INTERACTION>
<SOURCE>
<CLINICAL_SOURCE>ANSM</CLINICAL_SOURCE>
<SOURCE_FILE>530-VERAPAMIL.html
</SOURCE_FILE>
</SOURCE>
<DRUG1>
<DRUG name="VERAPAMIL" rxcui="11170">
<ATC code="C08DA01" />
<ATC code="C08DA51" />
<ATC code="C09BB10" />
</DRUG>
</DRUG1>
<DRUG2>
<DRUG name="SIROLIMUS" rxcui="35302">
<ATC code="L04AA10" />
</DRUG>
</DRUG2>
<DESCRIPTION>Increase of the blood concentrations of the sirolimus (decrease of its hepatic metabolism by the verapamil).</DESCRIPTION>
<SEVERITY>Precaution for use</SEVERITY>
<COMMENT>Blood concentration dosage of the immunosuppressant, testing of the renal function, and adjustment of the dosage during the administration of the medications together and after it is stopped. </COMMENT>
</INTERACTION>
<INTERACTION>
<SOURCE>
<CLINICAL_SOURCE>ANSM</CLINICAL_SOURCE>
<SOURCE_FILE>530-VERAPAMIL.html
</SOURCE_FILE>
</SOURCE>
<DRUG1>
<DRUG name="VERAPAMIL" rxcui="11170">
<ATC code="C08DA01" />
<ATC code="C08DA51" />
<ATC code="C09BB10" />
</DRUG>
</DRUG1>
<DRUG2>
<DRUG name="TACROLIMUS" rxcui="42316">
<ATC code="D11AH01" />
<ATC code="L04AD02" />
</DRUG>
</DRUG2>
<DESCRIPTION>Increase of the blood concentrations of the tacrolimus (decrease of its hepatic metabolism by the verapamil)</DESCRIPTION>
<SEVERITY>Precaution for use</SEVERITY>
<COMMENT>Blood concentration dosage of the immunosuppressant, testing of the renal function, and adjustment of the dosage during the administration of the medications together and after it is stopped.</COMMENT>
</INTERACTION>
<INTERACTION>
<SOURCE>
<CLINICAL_SOURCE>ANSM</CLINICAL_SOURCE>
<SOURCE_FILE>530-VERAPAMIL.html
</SOURCE_FILE>
</SOURCE>
<DRUG1>
<DRUG name="VERAPAMIL" rxcui="11170">
<ATC code="C08DA01" />
<ATC code="C08DA51" />
<ATC code="C09BB10" />
</DRUG>
</DRUG1>
<DRUG2>
<DRUG name="TAMSULOSINE" rxcui="77492">
<ATC code="G04CA02" />
<ATC code="G04CA52" />
<ATC code="G04CA53" />
</DRUG>
</DRUG2>
<DESCRIPTION>Risk of increase of the undesirable effects of the tamsulosine, due to inhibition of its hepatic metabolism</DESCRIPTION>
<SEVERITY>Precaution for use</SEVERITY>
<COMMENT>Clinical monitoring and adjustment of the dosage of the tamsulosine during the treatment with the enzyme inhibitor and after it is stopped, as the situation requires. </COMMENT>
</INTERACTION>
<INTERACTION>
<SOURCE>
<CLINICAL_SOURCE>ANSM</CLINICAL_SOURCE>
<SOURCE_FILE>530-VERAPAMIL.html
</SOURCE_FILE>
</SOURCE>
<DRUG1>
<DRUG name="VERAPAMIL" rxcui="11170">
<ATC code="C08DA01" />
<ATC code="C08DA51" />
<ATC code="C09BB10" />
</DRUG>
</DRUG1>
<DRUG2>
<DRUG name="TICAGRELOR" rxcui="1116632">
<ATC code="B01AC24" />
</DRUG>
</DRUG2>
<DESCRIPTION>Risk of increase of the plasma concentrations of ticagrelor due to decrease of its hepatic metabolism</DESCRIPTION>
<SEVERITY>Take into account</SEVERITY>
</INTERACTION>
</INTERACTIONS>
