<?xml version="1.0" encoding="utf-8" ?>
<INTERACTIONS>
<INTERACTION>
<SOURCE>
<CLINICAL_SOURCE>ANSM</CLINICAL_SOURCE>
<SOURCE_FILE>537-YOHIMBINE.html
</SOURCE_FILE>
</SOURCE>
<DRUG1>
<DRUG name="YOHIMBINE" rxcui="220982">
<ATC code="G04BE04" />
</DRUG>
</DRUG1>
<DRUG2>
<DRUG name="CLONIDINE" rxcui="2599">
<ATC code="C02AC01" />
<ATC code="N02CX02" />
<ATC code="S01EA04" />
<ATC code="C02LC01" />
<ATC code="C02LC51" />
</DRUG>
</DRUG2>
<DESCRIPTION>Possible inhibition of the antihypertensive activity due to antagonism at the level of the receptors</DESCRIPTION>
<SEVERITY>Not recommended</SEVERITY>
</INTERACTION>
</INTERACTIONS>
