<?xml version="1.0" encoding="utf-8" ?>
<INTERACTIONS>
<INTERACTION>
<SOURCE>
<CLINICAL_SOURCE>ANSM</CLINICAL_SOURCE>
<SOURCE_FILE>541-ZOLPIDEM.html
</SOURCE_FILE>
</SOURCE>
<DRUG1>
<DRUG name="ZOLPIDEM" rxcui="39993">
<ATC code="N05CF02" />
</DRUG>
</DRUG1>
<DRUG2>
<DRUG name="CLARITHROMYCIN" rxcui="21212">
<ATC code="J01FA09" />
<ATC code="A02BD04" />
<ATC code="A02BD05" />
<ATC code="A02BD06" />
<ATC code="A02BD07" />
</DRUG>
</DRUG2>
<DESCRIPTION>Slight increase of the sedative effects of the zolpidem.</DESCRIPTION>
<SEVERITY>Take into account</SEVERITY>
</INTERACTION>
<INTERACTION>
<SOURCE>
<CLINICAL_SOURCE>ANSM</CLINICAL_SOURCE>
<SOURCE_FILE>541-ZOLPIDEM.html
</SOURCE_FILE>
</SOURCE>
<DRUG1>
<DRUG name="ZOLPIDEM" rxcui="39993">
<ATC code="N05CF02" />
</DRUG>
</DRUG1>
<DRUG2>
<DRUG name="ERYTHROMYCIN" rxcui="4053">
<ATC code="D10AF02" />
<ATC code="D10AF52" />
<ATC code="J01FA01" />
<ATC code="S01AA17" />
</DRUG>
</DRUG2>
<DESCRIPTION>Slight increase of the sedative effects of the zolpidem.</DESCRIPTION>
<SEVERITY>Take into account</SEVERITY>
</INTERACTION>
<INTERACTION>
<SOURCE>
<CLINICAL_SOURCE>ANSM</CLINICAL_SOURCE>
<SOURCE_FILE>541-ZOLPIDEM.html
</SOURCE_FILE>
</SOURCE>
<DRUG1>
<DRUG name="ZOLPIDEM" rxcui="39993">
<ATC code="N05CF02" />
</DRUG>
</DRUG1>
<DRUG2>
<CLASS name="RITONAVIR BOOSTED PROTEASE INHIBITORS" code="J05AE-002" /></DRUG2>
<DESCRIPTION>Slight increase of the sedative effects of the zolpidem.</DESCRIPTION>
<SEVERITY>Take into account</SEVERITY>
</INTERACTION>
<INTERACTION>
<SOURCE>
<CLINICAL_SOURCE>ANSM</CLINICAL_SOURCE>
<SOURCE_FILE>541-ZOLPIDEM.html
</SOURCE_FILE>
</SOURCE>
<DRUG1>
<DRUG name="ZOLPIDEM" rxcui="39993">
<ATC code="N05CF02" />
</DRUG>
</DRUG1>
<DRUG2>
<DRUG name="ITRACONAZOLE" rxcui="28031">
<ATC code="J02AC02" />
</DRUG>
</DRUG2>
<DESCRIPTION>Slight increase of the sedative effects of the zolpidem.</DESCRIPTION>
<SEVERITY>Take into account</SEVERITY>
</INTERACTION>
<INTERACTION>
<SOURCE>
<CLINICAL_SOURCE>ANSM</CLINICAL_SOURCE>
<SOURCE_FILE>541-ZOLPIDEM.html
</SOURCE_FILE>
</SOURCE>
<DRUG1>
<DRUG name="ZOLPIDEM" rxcui="39993">
<ATC code="N05CF02" />
</DRUG>
</DRUG1>
<DRUG2>
<DRUG name="KETOCONAZOLE" rxcui="6135">
<ATC code="D01AC08" />
<ATC code="G01AF11" />
<ATC code="J02AB02" />
</DRUG>
</DRUG2>
<DESCRIPTION>Slight increase of the sedative effects of the zolpidem.</DESCRIPTION>
<SEVERITY>Take into account</SEVERITY>
</INTERACTION>
<INTERACTION>
<SOURCE>
<CLINICAL_SOURCE>ANSM</CLINICAL_SOURCE>
<SOURCE_FILE>541-ZOLPIDEM.html
</SOURCE_FILE>
</SOURCE>
<DRUG1>
<DRUG name="ZOLPIDEM" rxcui="39993">
<ATC code="N05CF02" />
</DRUG>
</DRUG1>
<DRUG2>
<DRUG name="NELFINAVIR" rxcui="134527">
<ATC code="J05AE04" />
</DRUG>
</DRUG2>
<DESCRIPTION>Slight increase of the sedative effects of the zolpidem.</DESCRIPTION>
<SEVERITY>Take into account</SEVERITY>
</INTERACTION>
<INTERACTION>
<SOURCE>
<CLINICAL_SOURCE>ANSM</CLINICAL_SOURCE>
<SOURCE_FILE>541-ZOLPIDEM.html
</SOURCE_FILE>
</SOURCE>
<DRUG1>
<DRUG name="ZOLPIDEM" rxcui="39993">
<ATC code="N05CF02" />
</DRUG>
</DRUG1>
<DRUG2>
<DRUG name="RIFAMPICIN" rxcui="9384">
<ATC code="J04AB02" />
<ATC code="J04AM02" />
<ATC code="J04AM05" />
<ATC code="J04AM06" />
</DRUG>
</DRUG2>
<DESCRIPTION>Decrease of the plasma concentrations and of the effectiveness of the zolpidem due to increase of its hepatic metabolism by the rifampicin</DESCRIPTION>
<SEVERITY>Precaution for use</SEVERITY>
<COMMENT>Clinical monitoring. Possibly use another hypnotic.</COMMENT>
</INTERACTION>
<INTERACTION>
<SOURCE>
<CLINICAL_SOURCE>ANSM</CLINICAL_SOURCE>
<SOURCE_FILE>541-ZOLPIDEM.html
</SOURCE_FILE>
</SOURCE>
<DRUG1>
<DRUG name="ZOLPIDEM" rxcui="39993">
<ATC code="N05CF02" />
</DRUG>
</DRUG1>
<DRUG2>
<DRUG name="TELITHROMYCIN" rxcui="274786">
<ATC code="J01FA15" />
</DRUG>
</DRUG2>
<DESCRIPTION>Slight increase of the sedative effects of the zolpidem.</DESCRIPTION>
<SEVERITY>Take into account</SEVERITY>
</INTERACTION>
<INTERACTION>
<SOURCE>
<CLINICAL_SOURCE>ANSM</CLINICAL_SOURCE>
<SOURCE_FILE>541-ZOLPIDEM.html
</SOURCE_FILE>
</SOURCE>
<DRUG1>
<DRUG name="ZOLPIDEM" rxcui="39993">
<ATC code="N05CF02" />
</DRUG>
</DRUG1>
<DRUG2>
<DRUG name="VORICONAZOLE" rxcui="121243">
<ATC code="J02AC03" />
</DRUG>
</DRUG2>
<DESCRIPTION>Slight increase of the sedative effects of the zolpidem.</DESCRIPTION>
<SEVERITY>Take into account</SEVERITY>
</INTERACTION>
</INTERACTIONS>
